dataset,candidate_id,batch,position,emotion,wav_path,f0_median_hz,f0_iqr_hz,voiced_fraction,rms_dbfs,duration_sec,spectral_centroid_hz
development,b00p00,0,0,normal,outputs/study1_35f100_v1/normal/b00p00.wav,210.67220719096719,51.531625013252096,0.6021150033046927,-21.299624477715575,15.12,2995.290514499314
development,b00p00,0,0,happy,outputs/study1_35f100_v1/happy/b00p00.wav,321.1691527453505,79.2865267198622,0.6270667483159829,-21.904245043967645,16.32,2890.425218176633
development,b00p00,0,0,sad,outputs/study1_35f100_v1/sad/b00p00.wav,225.79288096122622,47.58349232871407,0.57843696520251,-22.681691821629485,17.52,2582.44771892831
development,b00p00,0,0,calm,outputs/study1_35f100_v1/calm/b00p00.wav,203.49593842053727,32.382135343095854,0.5704615384615385,-18.558750581229717,16.24,2817.8994424717557
development,b00p00,0,0,angry,outputs/study1_35f100_v1/angry/b00p00.wav,286.12918648705164,97.38557720039336,0.643793369313801,-19.94584147232272,12.96,3133.1734706645057
development,b00p00,0,0,surprise,outputs/study1_35f100_v1/surprise/b00p00.wav,246.2288826689832,55.715296726379336,0.6007220216606498,-18.991160445842542,13.84,2552.7853507124696
development,b00p01,0,1,normal,outputs/study1_35f100_v1/normal/b00p01.wav,301.3973362949152,63.24577736660251,0.6246153846153846,-20.355906579041342,16.24,3057.4460664881535
development,b00p01,0,1,happy,outputs/study1_35f100_v1/happy/b00p01.wav,312.0260904053494,72.0730202152319,0.6576576576576577,-19.627744852797345,16.64,2950.046690047254
development,b00p01,0,1,sad,outputs/study1_35f100_v1/sad/b00p01.wav,172.11028744886602,36.87194103764509,0.5013638843426077,-19.882638749858597,18.32,2604.9749992687603
development,b00p01,0,1,calm,outputs/study1_35f100_v1/calm/b00p01.wav,158.74010519681997,19.434764042713567,0.4682658670664668,-20.869437246118686,20.0,3113.166693885902
development,b00p01,0,1,angry,outputs/study1_35f100_v1/angry/b00p01.wav,324.9009585424942,69.42984540611417,0.681376215407629,-18.73923202028756,13.36,3074.205766772222
development,b00p01,0,1,surprise,outputs/study1_35f100_v1/surprise/b00p01.wav,340.26686438034227,88.09587758460174,0.6820440028388929,-18.53742653420005,14.08,2838.9287869313316
development,b00p02,0,2,normal,outputs/study1_35f100_v1/normal/b00p02.wav,240.60500721642333,43.01662494856458,0.6733698964046313,-21.01539609498768,16.4,2685.813400523121
development,b00p02,0,2,happy,outputs/study1_35f100_v1/happy/b00p02.wav,268.51450055605267,70.8346068103651,0.5869442881260551,-18.252108351140844,17.76,2870.5965651875817
development,b00p02,0,2,sad,outputs/study1_35f100_v1/sad/b00p02.wav,200.0,42.7019660311785,0.5788856304985337,-23.426081916476647,17.04,2697.4061837214545
development,b00p02,0,2,calm,outputs/study1_35f100_v1/calm/b00p02.wav,241.99881784385852,68.52481940434205,0.6584188292094146,-19.22028858686941,16.56,2548.801610492261
development,b00p02,0,2,angry,outputs/study1_35f100_v1/angry/b00p02.wav,277.98364396846745,89.59318793399763,0.6422912858013407,-18.28097969856001,16.4,2877.711059796862
development,b00p02,0,2,surprise,outputs/study1_35f100_v1/surprise/b00p02.wav,273.20805135087915,74.68671536933903,0.561178731582319,-18.44216060595224,15.6,2854.8033252010914
development,b00p03,0,3,normal,outputs/study1_35f100_v1/normal/b00p03.wav,218.10154653305153,42.16516897470845,0.6117192530585963,-18.799998011949423,15.52,2480.6159057391683
development,b00p03,0,3,happy,outputs/study1_35f100_v1/happy/b00p03.wav,235.10958125672175,31.34844554622535,0.581446311176041,-21.191210242048363,13.68,2901.357129772798
development,b00p03,0,3,sad,outputs/study1_35f100_v1/sad/b00p03.wav,216.8453740602837,29.080671312894168,0.6364912280701754,-18.83984129529447,14.24,2635.004079031567
development,b00p03,0,3,calm,outputs/study1_35f100_v1/calm/b00p03.wav,235.10958125672175,57.04402286981741,0.7430801987224982,-20.580248975443745,14.08,2180.3983003143635
development,b00p03,0,3,angry,outputs/study1_35f100_v1/angry/b00p03.wav,254.91212546385245,68.81808305532633,0.5348516218081435,-19.958507375741934,14.48,2973.195203837825
development,b00p03,0,3,surprise,outputs/study1_35f100_v1/surprise/b00p03.wav,231.7398283830113,54.06492832376131,0.6506899055918663,-21.038868126520143,13.76,2838.3035230983814
development,b00p04,0,4,normal,outputs/study1_35f100_v1/normal/b00p04.wav,254.91212546385245,72.59951720653612,0.6476002629848784,-21.61896132540674,15.2,2961.2831972762783
development,b00p04,0,4,happy,outputs/study1_35f100_v1/happy/b00p04.wav,266.96797083400685,37.039262015286994,0.7201469687691365,-20.721342759477754,16.32,2493.1870072560405
development,b00p04,0,4,sad,outputs/study1_35f100_v1/sad/b00p04.wav,253.44393965741244,78.16793407526407,0.563615428900403,-23.043702920099562,17.36,3001.854715484953
development,b00p04,0,4,calm,outputs/study1_35f100_v1/calm/b00p04.wav,209.4588245641254,66.93029820597886,0.5829351535836177,-20.975256153678647,14.64,2361.492117629323
development,b00p04,0,4,angry,outputs/study1_35f100_v1/angry/b00p04.wav,229.73967099940702,35.351884096805634,0.5942238267148015,-19.06466243392571,13.84,3197.6119660063164
development,b00p04,0,4,surprise,outputs/study1_35f100_v1/surprise/b00p04.wav,211.89261887185907,44.396968195228794,0.7203551046290425,-19.869691617130222,15.76,2567.710752942636
development,b00p05,0,5,normal,outputs/study1_35f100_v1/normal/b00p05.wav,292.81713918912504,76.36528222576345,0.6860986547085202,-17.501867804731116,15.6,3158.7639795225327
development,b00p05,0,5,happy,outputs/study1_35f100_v1/happy/b00p05.wav,354.3070076409443,78.37681498435904,0.7111517367458866,-19.357911145821372,16.4,2812.706167462883
development,b00p05,0,5,sad,outputs/study1_35f100_v1/sad/b00p05.wav,171.11900513652043,25.7533282049113,0.49414389291689903,-19.67414123469823,17.92,2894.864673361635
development,b00p05,0,5,calm,outputs/study1_35f100_v1/calm/b00p05.wav,176.1331747192297,36.397605492262386,0.5586277521761392,-19.331981772841363,19.52,2630.292057888345
development,b00p05,0,5,angry,outputs/study1_35f100_v1/angry/b00p05.wav,373.21319661472296,47.185382822708846,0.6756383712905452,-18.561405495093577,14.48,3147.8105282187294
development,b00p05,0,5,surprise,outputs/study1_35f100_v1/surprise/b00p05.wav,346.21462440245716,83.37951773580903,0.6791098348887293,-18.00905405874226,13.92,2784.941036153874
development,b00p06,0,6,normal,outputs/study1_35f100_v1/normal/b00p06.wav,263.9015821545788,78.24920107176578,0.6571825121443442,-26.051304326469978,14.4,3015.147904070835
development,b00p06,0,6,happy,outputs/study1_35f100_v1/happy/b00p06.wav,289.4538474880756,84.3512445927015,0.6732307692307692,-21.097599655068343,16.24,3123.6062223752806
development,b00p06,0,6,sad,outputs/study1_35f100_v1/sad/b00p06.wav,194.30638823072118,30.59834818623699,0.5015290519877675,-20.655657474452738,22.88,2386.2919915620582
development,b00p06,0,6,calm,outputs/study1_35f100_v1/calm/b00p06.wav,198.8480847635095,29.891453790070784,0.5642391947898164,-18.97482621311599,16.88,2847.4505918613077
development,b00p06,0,6,angry,outputs/study1_35f100_v1/angry/b00p06.wav,380.8367449721871,71.27169054372155,0.6534932956951306,-17.39504553549867,14.16,3216.3024360156824
development,b00p06,0,6,surprise,outputs/study1_35f100_v1/surprise/b00p06.wav,231.07053937445463,63.83972215669772,0.6664451827242525,-21.227120559712333,15.04,3051.8261920363043
development,b00p07,0,7,normal,outputs/study1_35f100_v1/normal/b00p07.wav,157.8258294677283,47.93876652715679,0.5737473535638673,-16.848259238861807,14.16,2341.408858925581
development,b00p07,0,7,happy,outputs/study1_35f100_v1/happy/b00p07.wav,279.5939868358039,76.35844408441949,0.6867692307692308,-18.113950574204075,16.24,2456.8850638879417
development,b00p07,0,7,sad,outputs/study1_35f100_v1/sad/b00p07.wav,215.59643660857103,31.250529177997237,0.5723076923076923,-19.790038203315255,16.24,2954.146368188011
development,b00p07,0,7,calm,outputs/study1_35f100_v1/calm/b00p07.wav,166.24757922855756,46.464247374578946,0.5583203732503889,-20.67857739515441,19.28,2355.0297744164263
development,b00p07,0,7,angry,outputs/study1_35f100_v1/angry/b00p07.wav,285.30519506325396,79.12781857273197,0.5591866376180101,-18.33868874579702,13.76,3208.754417510015
development,b00p07,0,7,surprise,outputs/study1_35f100_v1/surprise/b00p07.wav,254.91212546385245,104.36924590404345,0.5920959774170783,-19.97761293814856,14.16,2629.321633027701
development,b00p08,0,8,normal,outputs/study1_35f100_v1/normal/b00p08.wav,198.8480847635095,40.729866732882044,0.6164290563475899,-18.466771159252286,14.72,2757.9654109311164
development,b00p08,0,8,happy,outputs/study1_35f100_v1/happy/b00p08.wav,308.44216508158814,76.99065517128389,0.633934535738143,-19.78550930979401,14.96,3128.4614223249846
development,b00p08,0,8,sad,outputs/study1_35f100_v1/sad/b00p08.wav,184.46323871718783,57.10705512302218,0.5318262938726949,-18.02845185853325,16.8,2573.6585959738163
development,b00p08,0,8,calm,outputs/study1_35f100_v1/calm/b00p08.wav,182.34449771164336,48.31287957145551,0.5659305993690852,-19.327729580653333,15.84,2300.173524035704
development,b00p08,0,8,angry,outputs/study1_35f100_v1/angry/b00p08.wav,187.14709882079507,47.14405084955672,0.6016755521706016,-21.218750199699063,13.12,2961.9096831943475
development,b00p08,0,8,surprise,outputs/study1_35f100_v1/surprise/b00p08.wav,183.40080864093423,41.2795415133825,0.6008328375966686,-20.512798707589756,16.8,2465.5040857151625
development,b00p09,0,9,normal,outputs/study1_35f100_v1/normal/b00p09.wav,289.4538474880756,54.51516616396418,0.6523463317911434,-18.232818934632135,15.12,2747.0117634008107
development,b00p09,0,9,happy,outputs/study1_35f100_v1/happy/b00p09.wav,274.79072949161787,47.03977433617766,0.6666666666666666,-21.991274365428268,15.92,3057.092623499945
development,b00p09,0,9,sad,outputs/study1_35f100_v1/sad/b00p09.wav,180.25009252216606,40.574011840895395,0.5624629958555358,-21.08061356760352,16.88,2556.761943929009
development,b00p09,0,9,calm,outputs/study1_35f100_v1/calm/b00p09.wav,181.29427068562208,51.33561092761113,0.5611985779583545,-21.605862054327957,19.68,2770.122339626631
development,b00p09,0,9,angry,outputs/study1_35f100_v1/angry/b00p09.wav,301.3973362949152,55.772035361719134,0.6974262397991211,-19.031129712976014,15.92,2837.8710843274966
development,b00p09,0,9,surprise,outputs/study1_35f100_v1/surprise/b00p09.wav,319.31935454265994,73.85486856879879,0.6610664718772827,-20.916293679912307,13.68,3097.514269509956
development,b01p00,1,0,normal,outputs/study1_35f100_v1/normal/b01p00.wav,224.49240966187455,55.4200902699244,0.6282527881040892,-16.99401094095498,13.44,2663.364185718837
development,b01p00,1,0,happy,outputs/study1_35f100_v1/happy/b01p00.wav,390.8639873736984,56.98362046184968,0.7419354838709677,-20.67663103333457,14.56,3040.2917816276977
development,b01p00,1,0,sad,outputs/study1_35f100_v1/sad/b01p00.wav,213.12010032569688,52.61262604011927,0.594269340974212,-20.80954409998471,17.44,2936.772391101146
development,b01p00,1,0,calm,outputs/study1_35f100_v1/calm/b01p00.wav,197.70280407057922,42.98282425187449,0.6091527520098948,-22.098215455724443,16.16,2442.39306819303
development,b01p00,1,0,angry,outputs/study1_35f100_v1/angry/b01p00.wav,283.6619580570376,80.04723953685908,0.6115810019518543,-21.60782728324342,15.36,3264.002608082193
development,b01p00,1,0,surprise,outputs/study1_35f100_v1/surprise/b01p00.wav,301.3973362949152,117.50113698054139,0.6552154903185509,-20.395977071223545,16.0,3000.2348176429173
development,b01p01,1,1,normal,outputs/study1_35f100_v1/normal/b01p01.wav,225.79288096122622,95.13074811861605,0.6610279765777488,-20.142274598712255,15.36,2781.346359604286
development,b01p01,1,1,happy,outputs/study1_35f100_v1/happy/b01p01.wav,266.96797083400685,88.55077312128114,0.7170462387853692,-16.427958719629295,14.48,2739.7891368591618
development,b01p01,1,1,sad,outputs/study1_35f100_v1/sad/b01p01.wav,198.8480847635095,41.4238360503588,0.4898183819482664,-22.385535956622903,18.16,3092.729881866241
development,b01p01,1,1,calm,outputs/study1_35f100_v1/calm/b01p01.wav,247.65527207548806,46.600606142483684,0.6410557184750734,-19.875780062017007,17.04,3215.1987702551896
development,b01p01,1,1,angry,outputs/study1_35f100_v1/angry/b01p01.wav,263.9015821545788,46.35294402818445,0.6080402010050251,-21.168968639033203,13.92,3167.8716133980524
development,b01p01,1,1,surprise,outputs/study1_35f100_v1/surprise/b01p01.wav,339.28696791646087,113.53425258229657,0.6359119943222143,-20.134398821071777,14.08,3117.839909482951
development,b01p02,1,2,normal,outputs/study1_35f100_v1/normal/b01p02.wav,265.4303484677136,39.90030381806844,0.6600128783000644,-20.05470491675883,15.52,2789.8141651561164
development,b01p02,1,2,happy,outputs/study1_35f100_v1/happy/b01p02.wav,277.98364396846745,128.11307786940563,0.59804605722261,-20.02116415102233,14.32,3275.5658961630675
development,b01p02,1,2,sad,outputs/study1_35f100_v1/sad/b01p02.wav,220.63576443274928,34.34548458000694,0.6079012345679012,-21.83210870422224,20.24,2856.6357907235447
development,b01p02,1,2,calm,outputs/study1_35f100_v1/calm/b01p02.wav,256.3888163841458,71.31398309406049,0.7127338563669282,-20.53935225334337,16.56,2196.084871445034
development,b01p02,1,2,angry,outputs/study1_35f100_v1/angry/b01p02.wav,312.0260904053494,46.63456731323981,0.6666666666666666,-20.21802693507488,13.04,3194.904883782589
development,b01p02,1,2,surprise,outputs/study1_35f100_v1/surprise/b01p02.wav,246.2288826689832,35.89743145955222,0.6328502415458938,-21.200976525306526,14.48,2811.3179835464603
development,b01p03,1,3,normal,outputs/study1_35f100_v1/normal/b01p03.wav,235.10958125672175,49.5468896473202,0.6312625250501002,-15.876021921343144,14.96,3155.754623687437
development,b01p03,1,3,happy,outputs/study1_35f100_v1/happy/b01p03.wav,250.53288772482563,37.66087184207004,0.567472009428403,-17.92534852119744,16.96,3005.824385489831
development,b01p03,1,3,sad,outputs/study1_35f100_v1/sad/b01p03.wav,194.30638823072118,30.59834818623699,0.5624678663239074,-20.39953033405744,19.44,2578.2585334624537
development,b01p03,1,3,calm,outputs/study1_35f100_v1/calm/b01p03.wav,216.8453740602837,63.20934744263593,0.642375995101041,-17.39328563069365,16.32,2985.367731668574
development,b01p03,1,3,angry,outputs/study1_35f100_v1/angry/b01p03.wav,209.4588245641254,57.36719271770883,0.5594684385382059,-21.093198257854265,15.04,3237.825362454695
development,b01p03,1,3,surprise,outputs/study1_35f100_v1/surprise/b01p03.wav,299.66141537533633,78.9391605223775,0.6149622512010982,-14.58620953240814,14.56,3404.607619653475
development,b01p04,1,4,normal,outputs/study1_35f100_v1/normal/b01p04.wav,295.36646103870896,67.60475648971703,0.65569774527727,-20.237435999333172,16.4,2625.991288033454
development,b01p04,1,4,happy,outputs/study1_35f100_v1/happy/b01p04.wav,276.38257599355524,90.15542083478232,0.6401703335699077,-20.227142170007234,14.08,2688.1757104690037
development,b01p04,1,4,sad,outputs/study1_35f100_v1/sad/b01p04.wav,181.29427068562208,35.049286349041836,0.5464445868033312,-18.717236181933302,15.6,2722.3362199084977
development,b01p04,1,4,calm,outputs/study1_35f100_v1/calm/b01p04.wav,251.98420997897463,49.11131122418925,0.6739269698910955,-20.231395417521277,15.6,2870.537546070221
development,b01p04,1,4,angry,outputs/study1_35f100_v1/angry/b01p04.wav,279.5939868358039,76.03304769002023,0.6955631399317406,-19.56279457127204,14.64,2853.6870109678675
development,b01p04,1,4,surprise,outputs/study1_35f100_v1/surprise/b01p04.wav,348.2202253184496,114.01824447709839,0.6585522101217168,-19.605025881525076,15.6,2985.838424548075
development,b01p05,1,5,normal,outputs/study1_35f100_v1/normal/b01p05.wav,265.4303484677136,82.49650455600306,0.6203076923076923,-25.304805910501393,16.24,2726.8126920558398
development,b01p05,1,5,happy,outputs/study1_35f100_v1/happy/b01p05.wav,279.5939868358039,86.55810951458722,0.5923217550274223,-22.87907020134679,16.4,3283.814239848353
development,b01p05,1,5,sad,outputs/study1_35f100_v1/sad/b01p05.wav,242.69976028898833,61.315432479020075,0.5413618458075408,-26.29420482379768,17.76,2990.8937274044642
development,b01p05,1,5,calm,outputs/study1_35f100_v1/calm/b01p05.wav,225.79288096122622,77.71771990393265,0.6127755794234031,-22.68384018631084,17.68,2612.405594274235
development,b01p05,1,5,angry,outputs/study1_35f100_v1/angry/b01p05.wav,251.98420997897463,78.32789143803859,0.6540679051889814,-20.760414871965224,15.6,2827.454938393209
development,b01p05,1,5,surprise,outputs/study1_35f100_v1/surprise/b01p05.wav,237.8414230005442,50.111200282036435,0.6150474799123448,-20.80415598129974,13.68,2937.81609690174
development,b01p06,1,6,normal,outputs/study1_35f100_v1/normal/b01p06.wav,260.87041395311286,76.90492663304065,0.6969930609097919,-19.61899782421756,12.96,2443.2902638155033
development,b01p06,1,6,happy,outputs/study1_35f100_v1/happy/b01p06.wav,284.4812036394563,81.96649478739701,0.6744890234670704,-19.451252161035683,13.2,2802.849569427436
development,b01p06,1,6,sad,outputs/study1_35f100_v1/sad/b01p06.wav,156.91681957935012,20.80207206313935,0.4494441503440974,-20.995281196715005,18.88,3159.860354806163
development,b01p06,1,6,calm,outputs/study1_35f100_v1/calm/b01p06.wav,225.79288096122622,63.567673457194616,0.5692558392178164,-22.59571552037629,18.4,2980.888707708023
development,b01p06,1,6,angry,outputs/study1_35f100_v1/angry/b01p06.wav,259.3679109302019,79.48344188134621,0.57083084279737,-20.78568802008872,16.72,3595.6789543068962
development,b01p06,1,6,surprise,outputs/study1_35f100_v1/surprise/b01p06.wav,232.40911739156792,66.95971036610936,0.6168559473998805,-19.52872708709185,16.72,2320.367141207933
development,b01p07,1,7,normal,outputs/study1_35f100_v1/normal/b01p07.wav,211.89261887185907,50.939733817167735,0.6607508532423209,-19.277063887171366,14.64,2335.386171619486
development,b01p07,1,7,happy,outputs/study1_35f100_v1/happy/b01p07.wav,201.15858821357068,41.90515784042253,0.6234158117079058,-20.389742635248567,16.56,2799.0324621273808
development,b01p07,1,7,sad,outputs/study1_35f100_v1/sad/b01p07.wav,185.5318233882619,49.064628876416265,0.5681681681681682,-20.490655564963497,16.64,2469.9627245387187
development,b01p07,1,7,calm,outputs/study1_35f100_v1/calm/b01p07.wav,205.86044732869837,48.16637533998829,0.5697042848521424,-18.27015479930147,16.56,2683.350485372815
development,b01p07,1,7,angry,outputs/study1_35f100_v1/angry/b01p07.wav,231.07053937445463,72.66158260328567,0.5511022044088176,-23.05504157373609,14.96,3047.580681624809
development,b01p07,1,7,surprise,outputs/study1_35f100_v1/surprise/b01p07.wav,237.8414230005442,64.11852230065068,0.538082191780822,-19.38530677345942,18.24,3414.959973154238
development,b01p08,1,8,normal,outputs/study1_35f100_v1/normal/b01p08.wav,243.40070273411817,56.98714601645179,0.6444749485243652,-18.55314716324607,14.56,2911.6783695587947
development,b01p08,1,8,happy,outputs/study1_35f100_v1/happy/b01p08.wav,301.3973362949152,67.80571188120325,0.6282754418037781,-17.454224284889527,16.4,2690.201276020374
development,b01p08,1,8,sad,outputs/study1_35f100_v1/sad/b01p08.wav,219.36499593892518,41.99881784385852,0.5063674954517889,-22.355333301732024,16.48,2809.4427774212236
development,b01p08,1,8,calm,outputs/study1_35f100_v1/calm/b01p08.wav,277.98364396846745,95.47054600496296,0.705456936226167,-18.76294554702597,15.2,2753.3756117568632
development,b01p08,1,8,angry,outputs/study1_35f100_v1/angry/b01p08.wav,271.6344887654643,86.23320944412319,0.5991531404375441,-19.820302000973147,14.16,2953.9252321363147
development,b01p08,1,8,surprise,outputs/study1_35f100_v1/surprise/b01p08.wav,317.4802103936399,83.15143590525662,0.688086642599278,-17.64385939408512,13.84,2913.7709246386307
development,b01p09,1,9,normal,outputs/study1_35f100_v1/normal/b01p09.wav,291.13063656843747,107.4556407775284,0.6807095343680709,-19.343786516660536,13.52,2917.1028647861635
development,b01p09,1,9,happy,outputs/study1_35f100_v1/happy/b01p09.wav,292.81713918912504,91.17693990857762,0.6286201022146508,-18.8191763239479,17.6,2872.486099697653
development,b01p09,1,9,sad,outputs/study1_35f100_v1/sad/b01p09.wav,223.1994285260446,62.02232918960337,0.6094488188976378,-18.44076842397028,19.04,2684.3289185957183
development,b01p09,1,9,calm,outputs/study1_35f100_v1/calm/b01p09.wav,277.98364396846745,46.858139544617046,0.564381806534273,-18.37495218022378,15.6,2861.407710215016
development,b01p09,1,9,angry,outputs/study1_35f100_v1/angry/b01p09.wav,368.92647743437567,128.79134346941498,0.7358987875593042,-23.084082262388034,18.96,3018.9531350840657
development,b01p09,1,9,surprise,outputs/study1_35f100_v1/surprise/b01p09.wav,241.99881784385852,71.31398309406049,0.6398826979472141,-19.774746397654134,17.04,2951.5061368606994
development,b02p00,2,0,normal,outputs/study1_35f100_v1/normal/b02p00.wav,255.65047092399914,87.18968143499438,0.6428027418126429,-16.375362132018278,13.12,2070.5431573482915
development,b02p00,2,0,happy,outputs/study1_35f100_v1/happy/b02p00.wav,220.63576443274928,65.4303484677136,0.7018708509354254,-28.13371147884393,16.56,2670.8748430472997
development,b02p00,2,0,sad,outputs/study1_35f100_v1/sad/b02p00.wav,216.8453740602837,71.68031159597325,0.5863607393244105,-18.538818882762648,15.68,2189.0394837189046
development,b02p00,2,0,calm,outputs/study1_35f100_v1/calm/b02p00.wav,225.14264531155038,52.58823740346796,0.5496286293045239,-16.90062251326468,14.8,2078.241474971882
development,b02p00,2,0,angry,outputs/study1_35f100_v1/angry/b02p00.wav,254.91212546385245,75.16900571346179,0.6326681448632668,-18.223968130693788,13.52,3146.8641071704005
development,b02p00,2,0,surprise,outputs/study1_35f100_v1/surprise/b02p00.wav,253.44393965741244,59.299763910900936,0.5945753033547466,-16.62382919725654,14.0,2320.192613907789
development,b02p01,2,1,normal,outputs/study1_35f100_v1/normal/b02p01.wav,186.60659830736148,52.33272510335158,0.6294508147254073,-18.348101074195252,16.56,2442.5900900766746
development,b02p01,2,1,happy,outputs/study1_35f100_v1/happy/b02p01.wav,228.41646786215435,63.567673457194616,0.6104890984089569,-18.976649567491606,16.96,2610.6765348204212
development,b02p01,2,1,sad,outputs/study1_35f100_v1/sad/b02p01.wav,180.25009252216606,54.97579929250895,0.4491948917268184,-22.728918418416995,18.0,3224.6902112681337
development,b02p01,2,1,calm,outputs/study1_35f100_v1/calm/b02p01.wav,194.30638823072118,46.66041195295821,0.575015309246785,-21.020290862714795,16.32,2805.3783975820406
development,b02p01,2,1,angry,outputs/study1_35f100_v1/angry/b02p01.wav,246.2288826689832,62.53584415991196,0.6015037593984962,-20.14274911071814,17.28,2572.960958398759
development,b02p01,2,1,surprise,outputs/study1_35f100_v1/surprise/b02p01.wav,233.75544971224912,80.28083989788823,0.6097170315002669,-18.715017100513826,18.72,2663.158469972579
development,b02p02,2,2,normal,outputs/study1_35f100_v1/normal/b02p02.wav,241.30191253014092,65.33190492749247,0.6842435655994978,-17.288259407183165,15.92,2806.405933547074
development,b02p02,2,2,happy,outputs/study1_35f100_v1/happy/b02p02.wav,313.83363915870024,63.00691657326212,0.644622578490314,-19.4777102568993,14.96,2794.8957164039316
development,b02p02,2,2,sad,outputs/study1_35f100_v1/sad/b02p02.wav,205.86044732869837,27.448498647780184,0.574785100286533,-19.41870144060726,17.44,2625.030095155924
development,b02p02,2,2,calm,outputs/study1_35f100_v1/calm/b02p02.wav,197.70280407057922,38.070725253303095,0.5326027397260275,-19.097463855170183,18.24,2584.8536463823293
development,b02p02,2,2,angry,outputs/study1_35f100_v1/angry/b02p02.wav,232.40911739156792,72.88663757301796,0.6447280053727333,-17.484922464568427,14.88,3036.1003355818284
development,b02p02,2,2,surprise,outputs/study1_35f100_v1/surprise/b02p02.wav,260.87041395311286,80.29641943641116,0.6326647564469914,-17.792705918400337,17.44,2800.5969640029307
development,b02p03,2,3,normal,outputs/study1_35f100_v1/normal/b02p03.wav,207.05298476827548,70.4715750262522,0.6056140350877193,-18.328101985586468,14.24,3183.110162990373
development,b02p03,2,3,happy,outputs/study1_35f100_v1/happy/b02p03.wav,247.65527207548806,53.4912343065929,0.6311719214753123,-16.89913615652481,16.8,2658.035492011116
development,b02p03,2,3,sad,outputs/study1_35f100_v1/sad/b02p03.wav,210.67220719096719,58.62949461815373,0.5302104548540394,-21.411239469692305,14.72,2838.165925769711
development,b02p03,2,3,calm,outputs/study1_35f100_v1/calm/b02p03.wav,214.35469250725862,58.20411035356955,0.6614069690992768,-19.892838092102007,15.2,2612.307717308257
development,b02p03,2,3,angry,outputs/study1_35f100_v1/angry/b02p03.wav,266.96797083400685,78.70249408218112,0.581805838424983,-18.725851556808152,14.72,3234.078637017286
development,b02p03,2,3,surprise,outputs/study1_35f100_v1/surprise/b02p03.wav,259.3679109302019,75.16900571346179,0.7530864197530864,-19.38036871952367,13.76,2807.3456373990593
development,b02p04,2,4,normal,outputs/study1_35f100_v1/normal/b02p04.wav,228.41646786215435,51.71403798479085,0.6677398583386993,-19.916807688461823,15.52,2424.7286407599754
development,b02p04,2,4,happy,outputs/study1_35f100_v1/happy/b02p04.wav,268.51450055605267,60.79232907849186,0.6462462462462463,-19.93055301279512,16.64,2721.3403591138945
development,b02p04,2,4,sad,outputs/study1_35f100_v1/sad/b02p04.wav,232.40911739156792,22.896814247362045,0.5182072829131653,-21.266927252039274,17.84,2742.6821882383833
development,b02p04,2,4,calm,outputs/study1_35f100_v1/calm/b02p04.wav,208.25243050696125,36.804810327645896,0.5909355026147589,-20.977862097723335,17.2,2510.310656126539
development,b02p04,2,4,angry,outputs/study1_35f100_v1/angry/b02p04.wav,360.5001850443321,123.45958460889824,0.5934959349593496,-18.360508404101875,13.52,3255.6010516579954
development,b02p04,2,4,surprise,outputs/study1_35f100_v1/surprise/b02p04.wav,443.82778882713797,57.09403431302712,0.7191087103308575,-18.168134289520058,14.8,3200.71486217458
development,b02p05,2,5,normal,outputs/study1_35f100_v1/normal/b02p05.wav,170.13343219017113,25.281225482947377,0.5423836838750796,-20.02553605688927,15.68,2736.451368544552
development,b02p05,2,5,happy,outputs/study1_35f100_v1/happy/b02p05.wav,289.4538474880756,62.15925276690399,0.6762749445676275,-16.516250370352946,13.52,2668.4111766784445
development,b02p05,2,5,sad,outputs/study1_35f100_v1/sad/b02p05.wav,211.89261887185907,42.16516897470845,0.5156157925751326,-18.75958229393201,16.96,2817.1508082917503
development,b02p05,2,5,calm,outputs/study1_35f100_v1/calm/b02p05.wav,192.07458901020084,42.2444050583926,0.5636363636363636,-22.56280404507866,17.04,2785.9587638890725
development,b02p05,2,5,angry,outputs/study1_35f100_v1/angry/b02p05.wav,213.12010032569688,72.53654979431101,0.6231983527796843,-20.023744120617057,14.56,2743.1499875806453
development,b02p05,2,5,surprise,outputs/study1_35f100_v1/surprise/b02p05.wav,294.5134116201051,56.283748005254665,0.7342123525329632,-19.86521560793138,14.4,3166.2901474997147
development,b02p06,2,6,normal,outputs/study1_35f100_v1/normal/b02p06.wav,220.63576443274928,75.41416544364859,0.6757475083056479,-22.337457835858157,15.04,2628.7845766595897
development,b02p06,2,6,happy,outputs/study1_35f100_v1/happy/b02p06.wav,262.38162088748976,49.37162238273453,0.682654768544339,-21.149683157530077,17.92,2552.702818792738
development,b02p06,2,6,sad,outputs/study1_35f100_v1/sad/b02p06.wav,210.67220719096719,44.05647420805184,0.5819885476314419,-23.348014546464555,19.2,3100.4339320352415
development,b02p06,2,6,calm,outputs/study1_35f100_v1/calm/b02p06.wav,208.25243050696125,48.16637533998829,0.6171003717472119,-20.553278292368347,13.44,2907.6930707925017
development,b02p06,2,6,angry,outputs/study1_35f100_v1/angry/b02p06.wav,197.70280407057922,51.982163532998385,0.535483870967742,-20.795593381219707,17.04,2801.7463799962156
development,b02p06,2,6,surprise,outputs/study1_35f100_v1/surprise/b02p06.wav,264.66596531114624,67.80304259515853,0.7118267629094948,-17.505020572441964,18.0,2681.425991417012
development,b02p07,2,7,normal,outputs/study1_35f100_v1/normal/b02p07.wav,207.05298476827548,58.54128333475455,0.6072144288577155,-21.025183862833483,14.96,2572.397316487373
development,b02p07,2,7,happy,outputs/study1_35f100_v1/happy/b02p07.wav,237.8414230005442,65.0185621355154,0.6188262638001162,-18.173129937877178,17.2,2860.9930130276985
development,b02p07,2,7,sad,outputs/study1_35f100_v1/sad/b02p07.wav,187.68759933422865,16.2200653044587,0.49019607843137253,-21.116488299181896,17.84,2353.9497689140267
development,b02p07,2,7,calm,outputs/study1_35f100_v1/calm/b02p07.wav,216.8453740602837,38.28111915603884,0.5954154727793697,-18.828416495711412,17.44,2391.5429073523037
development,b02p07,2,7,angry,outputs/study1_35f100_v1/angry/b02p07.wav,232.40911739156792,77.77605766402996,0.630418809698751,-19.07190453633891,13.6,3135.765888932577
development,b02p07,2,7,surprise,outputs/study1_35f100_v1/surprise/b02p07.wav,220.63576443274928,56.36045847887934,0.5825825825825826,-19.439129013639366,16.64,2582.7344248977497
development,b02p08,2,8,normal,outputs/study1_35f100_v1/normal/b02p08.wav,243.40070273411817,87.51939782560305,0.6271844660194175,-19.658828809143465,15.44,2943.837571087142
development,b02p08,2,8,happy,outputs/study1_35f100_v1/happy/b02p08.wav,232.40911739156792,49.62163118095455,0.6020226055919096,-23.06507421724929,16.8,3179.1486274363106
development,b02p08,2,8,sad,outputs/study1_35f100_v1/sad/b02p08.wav,181.29427068562208,42.17417053227169,0.5329186106791084,-19.66547168748204,19.28,2438.6826715798484
development,b02p08,2,8,calm,outputs/study1_35f100_v1/calm/b02p08.wav,233.75544971224912,53.19928328856085,0.6552462526766595,-19.7866777539442,14.0,3073.1034801086175
development,b02p08,2,8,angry,outputs/study1_35f100_v1/angry/b02p08.wav,254.91212546385245,43.72019011716324,0.5847400405131667,-19.147806850471895,14.8,2976.3214206819516
development,b02p08,2,8,surprise,outputs/study1_35f100_v1/surprise/b02p08.wav,211.89261887185907,36.34187885195351,0.5419515226848974,-20.554095326449445,16.08,2717.595205430732
development,b02p09,2,9,normal,outputs/study1_35f100_v1/normal/b02p09.wav,204.67477839935495,54.8594887345557,0.616044090630741,-20.74413062050633,16.32,2705.517814848184
development,b02p09,2,9,happy,outputs/study1_35f100_v1/happy/b02p09.wav,239.21922434748075,68.11988607049736,0.6490897677338355,-21.400194960078565,15.92,2797.384702999509
development,b02p09,2,9,sad,outputs/study1_35f100_v1/sad/b02p09.wav,194.30638823072118,66.13320368989622,0.6611456176673568,-22.198838345909607,14.48,2991.4559448683794
development,b02p09,2,9,calm,outputs/study1_35f100_v1/calm/b02p09.wav,186.60659830736148,27.889712551133982,0.6561514195583596,-19.95543711805345,15.84,2836.391993519878
development,b02p09,2,9,angry,outputs/study1_35f100_v1/angry/b02p09.wav,211.89261887185907,56.672983537362285,0.6040905770635501,-19.628571810300063,13.68,2860.338222979975
development,b02p09,2,9,surprise,outputs/study1_35f100_v1/surprise/b02p09.wav,235.10958125672175,83.11445300968228,0.6159885795860099,-19.565836791370156,14.0,2679.934132250936
development,b03p00,3,0,normal,outputs/study1_35f100_v1/normal/b03p00.wav,277.98364396846745,77.81023593491236,0.644789867587795,-18.284394802510068,17.36,3033.946270716266
development,b03p00,3,0,happy,outputs/study1_35f100_v1/happy/b03p00.wav,319.31935454265994,90.94283346590822,0.6127200454287337,-20.239093792016952,17.6,3062.246126929233
development,b03p00,3,0,sad,outputs/study1_35f100_v1/sad/b03p00.wav,244.81070866093103,39.86708501983142,0.55883877656817,-20.762453559833904,19.28,2697.5691269712174
development,b03p00,3,0,calm,outputs/study1_35f100_v1/calm/b03p00.wav,291.13063656843747,54.78124498234371,0.6306852637962401,-19.74315103487423,16.48,3069.3552579113025
development,b03p00,3,0,angry,outputs/study1_35f100_v1/angry/b03p00.wav,299.66141537533633,53.2664697770299,0.6239316239316239,-20.761185516021136,15.2,3274.136414217559
development,b03p00,3,0,surprise,outputs/study1_35f100_v1/surprise/b03p00.wav,281.2136583244699,60.041880426374775,0.628158844765343,-20.238849903219208,13.84,2832.2672044001324
development,b03p01,3,1,normal,outputs/study1_35f100_v1/normal/b03p01.wav,231.07053937445463,59.015401761717044,0.6449546182594768,-20.6132652411928,18.72,2477.421109309979
development,b03p01,3,1,happy,outputs/study1_35f100_v1/happy/b03p01.wav,266.96797083400685,70.1941117284905,0.7209169054441261,-17.34569490473674,17.44,2186.3197511375624
development,b03p01,3,1,sad,outputs/study1_35f100_v1/sad/b03p01.wav,236.47155720542963,62.17566420133892,0.5472938796155792,-19.17850090540877,19.76,2312.7796718242316
development,b03p01,3,1,calm,outputs/study1_35f100_v1/calm/b03p01.wav,246.2288826689832,67.70136796394482,0.7085463842220598,-18.542652045320292,13.68,2232.534063245474
development,b03p01,3,1,angry,outputs/study1_35f100_v1/angry/b03p01.wav,349.22883494040184,95.24389500150085,0.68860450944546,-20.42730577425365,16.4,3143.685732712825
development,b03p01,3,1,surprise,outputs/study1_35f100_v1/surprise/b03p01.wav,397.696169527019,89.50115693744851,0.6782334384858044,-20.603719977529224,15.84,3064.5962908235947
development,b03p02,3,2,normal,outputs/study1_35f100_v1/normal/b03p02.wav,227.10088581417543,50.82562176540395,0.5640535372848948,-17.656075396863585,15.68,2256.7606945437187
development,b03p02,3,2,happy,outputs/study1_35f100_v1/happy/b03p02.wav,397.696169527019,66.12084364327308,0.7061143984220908,-21.48482505856927,15.2,3251.5591824834873
development,b03p02,3,2,sad,outputs/study1_35f100_v1/sad/b03p02.wav,236.47155720542963,89.77597768619376,0.627230667547918,-21.67923175453957,15.12,2721.057528214109
development,b03p02,3,2,calm,outputs/study1_35f100_v1/calm/b03p02.wav,221.27482942315913,38.28111915603884,0.6322498406628426,-21.747229121928306,15.68,2494.2538994546035
development,b03p02,3,2,angry,outputs/study1_35f100_v1/angry/b03p02.wav,308.44216508158814,65.14977879397111,0.6194174757281553,-20.17302537816508,15.44,2959.5293200792376
development,b03p02,3,2,surprise,outputs/study1_35f100_v1/surprise/b03p02.wav,352.26634943845943,77.03034821499818,0.6291690220463538,-22.82757132994828,17.68,3148.653645750161
development,b03p03,3,3,normal,outputs/study1_35f100_v1/normal/b03p03.wav,291.13063656843747,76.547221627488,0.6928525434642627,-22.747343761489933,15.52,3066.1664820744477
development,b03p03,3,3,happy,outputs/study1_35f100_v1/happy/b03p03.wav,251.98420997897463,34.9604079769162,0.6351771286513362,-24.72039083083461,16.08,3086.3910457875995
development,b03p03,3,3,sad,outputs/study1_35f100_v1/sad/b03p03.wav,192.07458901020084,58.00562414232343,0.6089139987445072,-20.50185826367933,15.92,2506.4542826927445
development,b03p03,3,3,calm,outputs/study1_35f100_v1/calm/b03p03.wav,205.86044732869837,54.543521329858635,0.591337099811676,-18.507255705166706,15.92,2972.7784078417108
development,b03p03,3,3,angry,outputs/study1_35f100_v1/angry/b03p03.wav,286.12918648705164,147.3277309886397,0.5210958904109589,-20.164206539005892,18.24,3569.2373423569557
development,b03p03,3,3,surprise,outputs/study1_35f100_v1/surprise/b03p03.wav,319.31935454265994,107.78284814700936,0.6630355846042121,-20.150268997815353,13.76,3130.4004982709084
development,b03p04,3,4,normal,outputs/study1_35f100_v1/normal/b03p04.wav,229.73967099940702,66.96797083400685,0.6364838070059484,-20.592392705611736,15.12,2603.806979204095
development,b03p04,3,4,happy,outputs/study1_35f100_v1/happy/b03p04.wav,237.8414230005442,56.31501132073413,0.5846958796599084,-17.548350437765734,15.28,3196.1830681431466
development,b03p04,3,4,sad,outputs/study1_35f100_v1/sad/b03p04.wav,247.65527207548806,79.34677405408175,0.6096401900882552,-18.48645335663307,14.72,2831.5743078089313
development,b03p04,3,4,calm,outputs/study1_35f100_v1/calm/b03p04.wav,224.49240966187455,45.07029445541252,0.5265259555048488,-18.167269698330188,17.52,2941.9440256583116
development,b03p04,3,4,angry,outputs/study1_35f100_v1/angry/b03p04.wav,282.842712474619,76.2502029233944,0.5533371363377068,-22.115297218494725,17.52,3072.3751323595334
development,b03p04,3,4,surprise,outputs/study1_35f100_v1/surprise/b03p04.wav,338.3070714525794,90.29108602179195,0.642068564787914,-18.862085081164707,17.2,3193.908569852179
development,b03p05,3,5,normal,outputs/study1_35f100_v1/normal/b03p05.wav,233.75544971224912,36.810578930800915,0.6838750796685787,-19.693187047209353,15.68,2672.985970916128
development,b03p05,3,5,happy,outputs/study1_35f100_v1/happy/b03p05.wav,266.96797083400685,53.5979148416443,0.7062766605728215,-19.865986451446243,16.4,2413.1070831206534
development,b03p05,3,5,sad,outputs/study1_35f100_v1/sad/b03p05.wav,192.07458901020084,37.20118868678651,0.5891923300406741,-24.441691201076814,17.2,2963.674622427962
development,b03p05,3,5,calm,outputs/study1_35f100_v1/calm/b03p05.wav,256.3888163841458,54.03126628991487,0.6184551581130119,-18.951476196313312,19.28,2857.101844569906
development,b03p05,3,5,angry,outputs/study1_35f100_v1/angry/b03p05.wav,414.10596953655096,50.11721541640799,0.6618618618618619,-22.361439237508527,16.64,3178.998252624797
development,b03p05,3,5,surprise,outputs/study1_35f100_v1/surprise/b03p05.wav,324.9009585424942,68.17782115389264,0.6664300922640171,-20.535008019773784,14.08,3218.709498279763
development,b03p06,3,6,normal,outputs/study1_35f100_v1/normal/b03p06.wav,273.20805135087915,48.5105882670066,0.7221108884435538,-26.081004218300478,14.96,2720.473803909169
development,b03p06,3,6,happy,outputs/study1_35f100_v1/happy/b03p06.wav,261.6260174203013,60.408021797557126,0.6357096141268803,-21.847692078159852,15.28,2811.4938972680125
development,b03p06,3,6,sad,outputs/study1_35f100_v1/sad/b03p06.wav,180.25009252216606,32.0404483627392,0.5699937225360954,-18.361414054148806,15.92,2328.997380317396
development,b03p06,3,6,calm,outputs/study1_35f100_v1/calm/b03p06.wav,225.79288096122622,73.08250686920348,0.6229600450196962,-22.05106991532866,17.76,2764.247662339544
development,b03p06,3,6,angry,outputs/study1_35f100_v1/angry/b03p06.wav,216.8453740602837,44.396968195228794,0.5674028941355674,-20.9250491543413,13.12,3011.8518285340724
development,b03p06,3,6,surprise,outputs/study1_35f100_v1/surprise/b03p06.wav,215.59643660857103,82.84234524320709,0.5294498381877023,-16.481446284747673,15.44,2767.012170662644
development,b03p07,3,7,normal,outputs/study1_35f100_v1/normal/b03p07.wav,257.8740616879158,50.14311895001529,0.6129266521423384,-18.719755260978626,13.76,2693.35368302648
development,b03p07,3,7,happy,outputs/study1_35f100_v1/happy/b03p07.wav,192.07458901020084,38.78530667063046,0.4804088586030664,-23.94778708403146,17.6,3007.8720907910333
development,b03p07,3,7,sad,outputs/study1_35f100_v1/sad/b03p07.wav,196.56411970905023,51.437656333286355,0.5272261370916079,-19.285208313401895,15.6,3309.955183517786
development,b03p07,3,7,calm,outputs/study1_35f100_v1/calm/b03p07.wav,194.30638823072118,52.21291821311968,0.5532421177870316,-21.28279249149064,16.8,2497.1375240260577
development,b03p07,3,7,angry,outputs/study1_35f100_v1/angry/b03p07.wav,214.35469250725862,46.60653452091057,0.4582651391162029,-20.799604740900044,18.32,3004.468165925288
development,b03p07,3,7,surprise,outputs/study1_35f100_v1/surprise/b03p07.wav,348.2202253184496,79.29460025940023,0.6962587190868738,-19.45596274547358,15.76,2953.7921872522297
development,b03p08,3,8,normal,outputs/study1_35f100_v1/normal/b03p08.wav,256.3888163841458,79.2380176965784,0.6388349514563106,-24.09975115171992,15.44,2934.761120688192
development,b03p08,3,8,happy,outputs/study1_35f100_v1/happy/b03p08.wav,232.40911739156792,67.64555939587467,0.6706746826987308,-17.694598993447247,14.96,2443.569361622985
development,b03p08,3,8,sad,outputs/study1_35f100_v1/sad/b03p08.wav,197.70280407057922,43.73415078550113,0.557204700061843,-20.01644187230813,16.16,2482.2237387416662
development,b03p08,3,8,calm,outputs/study1_35f100_v1/calm/b03p08.wav,233.75544971224912,36.810578930800915,0.6055646481178396,-18.225342383317546,18.32,2670.885181628399
development,b03p08,3,8,angry,outputs/study1_35f100_v1/angry/b03p08.wav,390.8639873736984,117.79803556980562,0.6378548895899053,-20.802019375650413,15.84,2977.0336419043374
development,b03p08,3,8,surprise,outputs/study1_35f100_v1/surprise/b03p08.wav,236.47155720542963,46.140095690126486,0.7249146757679181,-20.528061290419654,14.64,2936.1666221920755
development,b03p09,3,9,normal,outputs/study1_35f100_v1/normal/b03p09.wav,243.40070273411817,56.394558309759276,0.5968772178850248,-20.95946866189548,14.08,2899.3959179132135
development,b03p09,3,9,happy,outputs/study1_35f100_v1/happy/b03p09.wav,244.81070866093103,46.64290499414821,0.6310850439882698,-22.738509479059637,17.04,2716.851971373587
development,b03p09,3,9,sad,outputs/study1_35f100_v1/sad/b03p09.wav,225.79288096122622,30.280602408421288,0.5262303948080044,-21.213586634486322,18.48,2706.738188854773
development,b03p09,3,9,calm,outputs/study1_35f100_v1/calm/b03p09.wav,216.8453740602837,45.17301352957415,0.5787114845938376,-20.011056894168174,17.84,2830.210636471879
development,b03p09,3,9,angry,outputs/study1_35f100_v1/angry/b03p09.wav,247.65527207548806,60.78613938498421,0.6844050258684405,-20.345350843975602,13.52,2871.3428493639285
development,b03p09,3,9,surprise,outputs/study1_35f100_v1/surprise/b03p09.wav,336.3585661014858,91.99953829025304,0.6985350809560524,-19.08587473151651,12.96,2868.7628309517263
development,b04p00,4,0,normal,outputs/study1_35f100_v1/normal/b04p00.wav,205.86044732869837,56.02203880191149,0.5928979074191503,-16.8842674873354,15.76,2642.5924457127653
development,b04p00,4,0,happy,outputs/study1_35f100_v1/happy/b04p00.wav,215.59643660857103,51.531625013252096,0.6096954630205096,-19.23607980257366,16.08,2739.2723071770088
development,b04p00,4,0,sad,outputs/study1_35f100_v1/sad/b04p00.wav,192.07458901020084,46.52565177352446,0.5367292225201072,-20.345133249564377,18.64,2801.9061658070023
development,b04p00,4,0,calm,outputs/study1_35f100_v1/calm/b04p00.wav,203.49593842053727,54.49629854545361,0.6293279022403259,-18.008138512662804,14.72,2631.7089985431085
development,b04p00,4,0,angry,outputs/study1_35f100_v1/angry/b04p00.wav,279.5939868358039,102.16365939953036,0.6201648700063411,-18.120397509818353,15.76,2658.892004433802
development,b04p00,4,0,surprise,outputs/study1_35f100_v1/surprise/b04p00.wav,336.3585661014858,84.97719527502312,0.6673567977915804,-17.198547973988987,14.48,2698.376959367498
development,b04p01,4,1,normal,outputs/study1_35f100_v1/normal/b04p01.wav,236.47155720542963,84.3079869833544,0.6321406151914627,-21.81495603280084,15.92,3016.785884594567
development,b04p01,4,1,happy,outputs/study1_35f100_v1/happy/b04p01.wav,270.06998923363795,85.04176676902813,0.5505473277527366,-19.78195190909203,15.52,2725.5688613473294
development,b04p01,4,1,sad,outputs/study1_35f100_v1/sad/b04p01.wav,187.14709882079507,36.67315934151702,0.5358711566617862,-24.012769310930913,20.48,3296.6770839767883
development,b04p01,4,1,calm,outputs/study1_35f100_v1/calm/b04p01.wav,171.11900513652043,24.947247015586612,0.5073972602739726,-22.29993064798064,18.24,2486.5913038692133
development,b04p01,4,1,angry,outputs/study1_35f100_v1/angry/b04p01.wav,377.54972507267735,75.74521016040558,0.691900075700227,-18.17955282569281,13.2,3202.915320286011
development,b04p01,4,1,surprise,outputs/study1_35f100_v1/surprise/b04p01.wav,317.4802103936399,97.29198866891136,0.656149388280747,-21.270280839230047,15.52,3060.368243806401
development,b04p02,4,2,normal,outputs/study1_35f100_v1/normal/b04p02.wav,239.21922434748075,59.91498606573137,0.6411483253588517,-19.754928707265066,18.8,2218.1029856124815
development,b04p02,4,2,happy,outputs/study1_35f100_v1/happy/b04p02.wav,240.60500721642333,52.00896328271975,0.570441254651781,-21.165176598814092,18.8,1820.7243552544767
development,b04p02,4,2,sad,outputs/study1_35f100_v1/sad/b04p02.wav,198.8480847635095,27.588276937434983,0.5357357357357357,-18.817168383440713,16.64,2417.3399002511374
development,b04p02,4,2,calm,outputs/study1_35f100_v1/calm/b04p02.wav,197.70280407057922,45.01968489797676,0.490852064819655,-19.720962322974415,19.12,2414.6998447507876
development,b04p02,4,2,angry,outputs/study1_35f100_v1/angry/b04p02.wav,239.21922434748075,59.74186989360524,0.5370957514267597,-22.565691823098376,15.76,2280.100458417958
development,b04p02,4,2,surprise,outputs/study1_35f100_v1/surprise/b04p02.wav,265.4303484677136,57.00028610983213,0.5660377358490566,-22.22333413571436,15.36,2382.500980309712
development,b04p03,4,3,normal,outputs/study1_35f100_v1/normal/b04p03.wav,215.59643660857103,39.67492978347403,0.5732251521298174,-19.19037059077741,24.64,2330.3803907785823
development,b04p03,4,3,happy,outputs/study1_35f100_v1/happy/b04p03.wav,251.98420997897463,71.22368506561347,0.6258588382261087,-19.734090286132552,16.0,2610.674916583895
development,b04p03,4,3,sad,outputs/study1_35f100_v1/sad/b04p03.wav,236.47155720542963,49.26152056179288,0.5029967727063163,-22.912036112191238,21.68,2643.7584295947504
development,b04p03,4,3,calm,outputs/study1_35f100_v1/calm/b04p03.wav,200.0,47.528452231520674,0.43468339988590987,-17.663234305960287,17.52,2600.6392839750933
development,b04p03,4,3,angry,outputs/study1_35f100_v1/angry/b04p03.wav,462.14107874890925,88.47983654577052,0.7199091597274792,-22.983551156580564,13.2,3562.534559493157
development,b04p03,4,3,surprise,outputs/study1_35f100_v1/surprise/b04p03.wav,344.22057489773204,114.44455416121463,0.721083939193655,-21.001201451294406,15.12,3073.495309448026
development,b04p04,4,4,normal,outputs/study1_35f100_v1/normal/b04p04.wav,268.51450055605267,55.37759861059607,0.6036923076923076,-22.489852475557992,16.24,3069.847396263862
development,b04p04,4,4,happy,outputs/study1_35f100_v1/happy/b04p04.wav,317.4802103936399,66.13716295140779,0.61053276178812,-20.383353891201597,16.32,3108.601743577883
development,b04p04,4,4,sad,outputs/study1_35f100_v1/sad/b04p04.wav,179.21192838239048,31.274056078207877,0.5523287671232877,-20.680939981939556,18.24,2805.8131118543656
development,b04p04,4,4,calm,outputs/study1_35f100_v1/calm/b04p04.wav,270.06998923363795,54.22069261345436,0.5995218170950388,-22.41852005050633,16.72,3230.4381710673847
development,b04p04,4,4,angry,outputs/study1_35f100_v1/angry/b04p04.wav,290.2922420282565,102.16365939953036,0.6566383257030739,-23.115985009290267,15.28,2941.180763451386
development,b04p04,4,4,surprise,outputs/study1_35f100_v1/surprise/b04p04.wav,277.98364396846745,51.75354347006768,0.5454545454545454,-20.33288903886257,15.28,3058.5094521514975
development,b04p05,4,5,normal,outputs/study1_35f100_v1/normal/b04p05.wav,246.2288826689832,57.27979625820569,0.5871808799565453,-19.936706419198533,18.4,2759.76583256415
development,b04p05,4,5,happy,outputs/study1_35f100_v1/happy/b04p05.wav,274.79072949161787,54.053388830315015,0.6846100759144237,-19.935873103829557,14.48,2789.769709264065
development,b04p05,4,5,sad,outputs/study1_35f100_v1/sad/b04p05.wav,231.07053937445463,37.412787399128746,0.48416810592976395,-22.2896623645984,17.36,3361.6074931064513
development,b04p05,4,5,calm,outputs/study1_35f100_v1/calm/b04p05.wav,203.49593842053727,49.373687380697504,0.6756923076923077,-18.980681658117447,16.24,2419.215086659354
development,b04p05,4,5,angry,outputs/study1_35f100_v1/angry/b04p05.wav,287.786716002164,42.34497334110779,0.6129266521423384,-20.55409451657509,13.76,2820.5475976022417
development,b04p05,4,5,surprise,outputs/study1_35f100_v1/surprise/b04p05.wav,281.2136583244699,53.84013598260111,0.5655994978028877,-17.968910228995732,15.92,2558.501820743433
development,b04p06,4,6,normal,outputs/study1_35f100_v1/normal/b04p06.wav,235.10958125672175,53.53772959585453,0.6350769230769231,-18.81376119535485,16.24,2444.0437143417544
development,b04p06,4,6,happy,outputs/study1_35f100_v1/happy/b04p06.wav,352.26634943845943,91.34021790561798,0.7283276450511945,-19.63633156624176,14.64,2889.455377932648
development,b04p06,4,6,sad,outputs/study1_35f100_v1/sad/b04p06.wav,228.41646786215435,47.85914069557697,0.5639781685870224,-21.058536420221824,16.48,2929.0116552538266
development,b04p06,4,6,calm,outputs/study1_35f100_v1/calm/b04p06.wav,194.30638823072118,37.91286974263849,0.6220820189274447,-20.328195142953422,15.84,2792.0790769418154
development,b04p06,4,6,angry,outputs/study1_35f100_v1/angry/b04p06.wav,228.41646786215435,63.90158215457882,0.5751587861679605,-19.460710676981396,14.16,2814.019042254521
development,b04p06,4,6,surprise,outputs/study1_35f100_v1/surprise/b04p06.wav,249.08992447176465,55.74681156080595,0.6302757456387169,-21.713694236088926,17.76,2865.693644932318
development,b04p07,4,7,normal,outputs/study1_35f100_v1/normal/b04p07.wav,215.59643660857103,57.86887934585627,0.5735037768739105,-22.280756799717132,17.2,3085.306440980275
development,b04p07,4,7,happy,outputs/study1_35f100_v1/happy/b04p07.wav,281.2136583244699,42.517783763662635,0.6072118480360592,-20.916528189100873,15.52,2835.0920911136914
development,b04p07,4,7,sad,outputs/study1_35f100_v1/sad/b04p07.wav,254.91212546385245,45.83853712355477,0.5512431776834446,-19.089719212469387,16.48,2894.890750397921
development,b04p07,4,7,calm,outputs/study1_35f100_v1/calm/b04p07.wav,213.12010032569688,35.43328276868584,0.5922330097087378,-20.303674679712245,15.44,2813.6684639929645
development,b04p07,4,7,angry,outputs/study1_35f100_v1/angry/b04p07.wav,294.5134116201051,70.4913393032196,0.6162387231089521,-19.020399334299206,14.4,3098.6669878633197
development,b04p07,4,7,surprise,outputs/study1_35f100_v1/surprise/b04p07.wav,388.61277646144237,95.38367666798797,0.6778947368421052,-22.979840966634207,14.24,3277.718589673045
development,b04p08,4,8,normal,outputs/study1_35f100_v1/normal/b04p08.wav,257.8740616879158,76.03304769002023,0.5760517799352751,-22.801300077234792,15.44,2747.8888689747773
development,b04p08,4,8,happy,outputs/study1_35f100_v1/happy/b04p08.wav,253.44393965741244,43.72019011716324,0.6695768972464742,-20.2022765595747,14.88,2667.105395412949
development,b04p08,4,8,sad,outputs/study1_35f100_v1/sad/b04p08.wav,197.70280407057922,39.92180290498368,0.5448818897637795,-18.406548112855475,19.04,2468.6753341689687
development,b04p08,4,8,calm,outputs/study1_35f100_v1/calm/b04p08.wav,179.21192838239048,47.66785413428596,0.5112823335167859,-21.189159342423558,18.16,2719.801286390748
development,b04p08,4,8,angry,outputs/study1_35f100_v1/angry/b04p08.wav,332.4951584571151,64.96778673516218,0.5586942875078468,-21.123688098413005,15.92,2936.2169691475356
development,b04p08,4,8,surprise,outputs/study1_35f100_v1/surprise/b04p08.wav,354.3070076409443,92.92849474915789,0.653220559531555,-19.137766848400826,15.36,3021.0194430550314
development,b04p09,4,9,normal,outputs/study1_35f100_v1/normal/b04p09.wav,282.842712474619,102.16365939953036,0.7307425399028452,-20.759684535334415,14.4,2625.4966323785975
development,b04p09,4,9,happy,outputs/study1_35f100_v1/happy/b04p09.wav,241.99881784385852,50.70499329471278,0.6296296296296297,-21.465030545013192,13.76,2701.2163424166783
development,b04p09,4,9,sad,outputs/study1_35f100_v1/sad/b04p09.wav,235.10958125672175,33.49348786319362,0.5391868002357101,-20.07185456135943,16.96,3099.842880003984
development,b04p09,4,9,calm,outputs/study1_35f100_v1/calm/b04p09.wav,211.89261887185907,49.86495889806815,0.721027064538515,-19.640361127573968,14.4,2510.780788714757
development,b04p09,4,9,angry,outputs/study1_35f100_v1/angry/b04p09.wav,237.8414230005442,44.53658621565364,0.6340925789860397,-20.099964624363388,13.6,3122.3676373748744
development,b04p09,4,9,surprise,outputs/study1_35f100_v1/surprise/b04p09.wav,187.68759933422865,74.44617998467783,0.6412213740458015,-20.06982853254167,14.4,2624.646978965204
development,b05p00,5,0,normal,outputs/study1_35f100_v1/normal/b05p00.wav,241.99881784385852,56.038052156893286,0.6091527520098948,-20.080240197998233,16.16,2697.1921322119156
development,b05p00,5,0,happy,outputs/study1_35f100_v1/happy/b05p00.wav,254.91212546385245,78.24920107176578,0.6746739876458476,-18.988883244750756,14.56,2751.612119507771
development,b05p00,5,0,sad,outputs/study1_35f100_v1/sad/b05p00.wav,194.30638823072118,34.73911505138696,0.4551031790295594,-22.738349478430997,17.92,2686.3064683378257
development,b05p00,5,0,calm,outputs/study1_35f100_v1/calm/b05p00.wav,235.10958125672175,63.10646040732911,0.6280922431865829,-20.818220287106577,23.84,2025.549896414635
development,b05p00,5,0,angry,outputs/study1_35f100_v1/angry/b05p00.wav,246.2288826689832,57.48510620953505,0.5631848064280497,-22.991659030089764,13.68,3074.34387606577
development,b05p00,5,0,surprise,outputs/study1_35f100_v1/surprise/b05p00.wav,263.9015821545788,83.58080011728191,0.6742147552958364,-22.391135013276106,13.68,3163.434357601114
development,b05p01,5,1,normal,outputs/study1_35f100_v1/normal/b05p01.wav,232.40911739156792,67.70136796394482,0.7561461794019934,-23.614433565163896,15.04,2704.5213881256195
development,b05p01,5,1,happy,outputs/study1_35f100_v1/happy/b05p01.wav,254.91212546385245,43.72019011716324,0.6234957020057307,-21.106338004927334,17.44,2712.943974091289
development,b05p01,5,1,sad,outputs/study1_35f100_v1/sad/b05p01.wav,183.40080864093423,37.985825143226435,0.5358236374770361,-20.050088840578173,16.32,2913.0308164895478
development,b05p01,5,1,calm,outputs/study1_35f100_v1/calm/b05p01.wav,205.86044732869837,38.73618980885678,0.5521003818876159,-22.057401062169983,18.32,2850.7936956513363
development,b05p01,5,1,angry,outputs/study1_35f100_v1/angry/b05p01.wav,346.21462440245716,83.51733792289474,0.616600790513834,-19.287006884061654,12.64,3450.0460711868354
development,b05p01,5,1,surprise,outputs/study1_35f100_v1/surprise/b05p01.wav,317.4802103936399,91.39593548534657,0.6978939724037764,-18.318398851707045,13.76,2716.1064212998876
development,b05p02,5,2,normal,outputs/study1_35f100_v1/normal/b05p02.wav,257.8740616879158,71.54230976596591,0.5968199886428166,-20.483744952659656,17.6,2371.4853369490006
development,b05p02,5,2,happy,outputs/study1_35f100_v1/happy/b05p02.wav,233.75544971224912,37.629517471716014,0.7023255813953488,-18.080339357752663,15.04,2440.8555480113187
development,b05p02,5,2,sad,outputs/study1_35f100_v1/sad/b05p02.wav,195.43199368684918,39.46326188934134,0.518677281077771,-19.656829937583332,16.32,2888.169803132767
development,b05p02,5,2,calm,outputs/study1_35f100_v1/calm/b05p02.wav,166.24757922855756,49.58693156253085,0.5784903139612558,-20.595637249697436,14.96,2921.3039672502123
development,b05p02,5,2,angry,outputs/study1_35f100_v1/angry/b05p02.wav,213.12010032569688,49.86495889806815,0.5452631578947369,-20.531972893869728,14.24,2973.9831774561935
development,b05p02,5,2,surprise,outputs/study1_35f100_v1/surprise/b05p02.wav,273.20805135087915,91.68732943241366,0.6013651877133106,-21.746322545565,14.64,2911.240375591044
development,b05p03,5,3,normal,outputs/study1_35f100_v1/normal/b05p03.wav,254.91212546385245,78.74605016064527,0.741988496302383,-19.143883258671103,12.16,2680.3223379978845
development,b05p03,5,3,happy,outputs/study1_35f100_v1/happy/b05p03.wav,229.73967099940702,52.61798344615161,0.590006406149904,-19.519647590957288,15.6,2955.3209340807584
development,b05p03,5,3,sad,outputs/study1_35f100_v1/sad/b05p03.wav,240.60500721642333,83.02986712675366,0.6905829596412556,-18.187536292082072,15.6,2724.14709128178
development,b05p03,5,3,calm,outputs/study1_35f100_v1/calm/b05p03.wav,217.4734602966676,80.54986039913956,0.6483921982076963,-23.020625294951422,18.96,2616.4135074545716
development,b05p03,5,3,angry,outputs/study1_35f100_v1/angry/b05p03.wav,192.07458901020084,44.99423433182292,0.5605966438781852,-18.548615783199256,16.08,2734.831596738101
development,b05p03,5,3,surprise,outputs/study1_35f100_v1/surprise/b05p03.wav,207.05298476827548,73.6917035244106,0.6598447424135497,-19.086276478276567,14.16,2672.479491071597
development,b05p04,5,4,normal,outputs/study1_35f100_v1/normal/b05p04.wav,220.00038018583723,48.246588951880796,0.5494095711622126,-20.67917577781316,16.08,2967.3984099793624
development,b05p04,5,4,happy,outputs/study1_35f100_v1/happy/b05p04.wav,313.83363915870024,83.15143590525662,0.6897735072065889,-18.396850966548584,14.56,2716.3283426627177
development,b05p04,5,4,sad,outputs/study1_35f100_v1/sad/b05p04.wav,211.89261887185907,29.228761252175985,0.5692977004350528,-20.208189718072692,16.08,2767.0812508406657
development,b05p04,5,4,calm,outputs/study1_35f100_v1/calm/b05p04.wav,244.81070866093103,74.91920843644894,0.6051040967092008,-18.82981198078418,14.88,2675.8455255213116
development,b05p04,5,4,angry,outputs/study1_35f100_v1/angry/b05p04.wav,282.842712474619,67.86689474332428,0.5567402894135567,-19.671798602216814,13.12,3335.022300391948
development,b05p04,5,4,surprise,outputs/study1_35f100_v1/surprise/b05p04.wav,237.8414230005442,45.800035621527286,0.6528685548293391,-18.07060072882051,13.76,2732.891570299535
development,b05p05,5,5,normal,outputs/study1_35f100_v1/normal/b05p05.wav,286.12918648705164,93.56654457759436,0.6549672813801308,-22.7606818728647,16.8,2680.657702764507
development,b05p05,5,5,happy,outputs/study1_35f100_v1/happy/b05p05.wav,380.8367449721871,117.11956880979801,0.6887791107974595,-21.70614245745579,14.16,3176.346563441471
development,b05p05,5,5,sad,outputs/study1_35f100_v1/sad/b05p05.wav,266.96797083400685,49.128527650510705,0.5002375296912114,-19.83790105829697,21.04,2832.8721145812247
development,b05p05,5,5,calm,outputs/study1_35f100_v1/calm/b05p05.wav,284.4812036394563,46.59574193763581,0.6536412078152753,-17.69440936578573,16.88,3024.010867065024
development,b05p05,5,5,angry,outputs/study1_35f100_v1/angry/b05p05.wav,395.40560814115844,94.28810169911344,0.6232650363516193,-19.90337948392098,15.12,3436.1875783159862
development,b05p05,5,5,surprise,outputs/study1_35f100_v1/surprise/b05p05.wav,313.83363915870024,90.95583055939693,0.6523911491791577,-19.7375481875973,14.0,2935.8851580938317
development,b05p06,5,6,normal,outputs/study1_35f100_v1/normal/b05p06.wav,231.7398283830113,46.390954889136964,0.6189473684210526,-20.037704501707168,14.24,2535.484135763579
development,b05p06,5,6,happy,outputs/study1_35f100_v1/happy/b05p06.wav,228.41646786215435,73.35575945751276,0.652929813264649,-19.799577782278778,15.52,2568.710152874375
development,b05p06,5,6,sad,outputs/study1_35f100_v1/sad/b05p06.wav,241.99881784385852,34.674633161871185,0.5551200391964723,-24.377324357297347,20.4,2697.0204098613103
development,b05p06,5,6,calm,outputs/study1_35f100_v1/calm/b05p06.wav,211.89261887185907,28.65941907141149,0.5635044064282011,-21.77333741053055,19.28,2816.1179630322504
development,b05p06,5,6,angry,outputs/study1_35f100_v1/angry/b05p06.wav,334.4212833154038,89.84998845205388,0.695016611295681,-20.114092766821887,15.04,3337.9975175715017
development,b05p06,5,6,surprise,outputs/study1_35f100_v1/surprise/b05p06.wav,286.12918648705164,79.12781857273197,0.7245581962218159,-22.432916604164085,16.4,2432.525757879436
development,b05p07,5,7,normal,outputs/study1_35f100_v1/normal/b05p07.wav,211.89261887185907,62.828074028048974,0.6107480029048656,-18.182908594140855,13.76,2653.2009121730152
development,b05p07,5,7,happy,outputs/study1_35f100_v1/happy/b05p07.wav,237.8414230005442,34.875501268327355,0.6374829001367989,-21.561652060348774,21.92,2710.6886083566574
development,b05p07,5,7,sad,outputs/study1_35f100_v1/sad/b05p07.wav,192.07458901020084,34.34010228294835,0.4960957834461218,-23.710940534097837,19.2,2895.842053128487
development,b05p07,5,7,calm,outputs/study1_35f100_v1/calm/b05p07.wav,200.0,33.876407622784,0.5425467712733857,-20.393184263299588,16.56,2825.780512287064
development,b05p07,5,7,angry,outputs/study1_35f100_v1/angry/b05p07.wav,273.20805135087915,68.62538767123124,0.6194625998547567,-21.44397983578823,13.76,3058.3351507637726
development,b05p07,5,7,surprise,outputs/study1_35f100_v1/surprise/b05p07.wav,274.79072949161787,71.1338788697119,0.6357986326911125,-18.52787318977722,16.08,2374.9234501099118
development,b05p08,5,8,normal,outputs/study1_35f100_v1/normal/b05p08.wav,232.40911739156792,47.85914069557697,0.5959661678594665,-21.241862586321133,15.36,2382.562196063437
development,b05p08,5,8,happy,outputs/study1_35f100_v1/happy/b05p08.wav,296.2195104573129,72.49677899519122,0.6818477553675992,-17.00676829812337,15.36,2643.1380543773575
development,b05p08,5,8,sad,outputs/study1_35f100_v1/sad/b05p08.wav,233.75544971224912,34.07894371848727,0.5527114967462039,-19.99262731798799,23.04,2580.4752508450815
development,b05p08,5,8,calm,outputs/study1_35f100_v1/calm/b05p08.wav,240.60500721642333,59.53720193327155,0.6184935701163503,-21.07104019712436,16.32,3180.2899154653637
development,b05p08,5,8,angry,outputs/study1_35f100_v1/angry/b05p08.wav,263.9015821545788,50.23462314059486,0.6437816544738323,-22.49273689659997,17.76,2726.4664348604415
development,b05p08,5,8,surprise,outputs/study1_35f100_v1/surprise/b05p08.wav,259.3679109302019,92.31097642666151,0.6825938566552902,-19.763152522453446,14.64,2803.5037759654415
development,b05p09,5,9,normal,outputs/study1_35f100_v1/normal/b05p09.wav,239.21922434748075,42.768867420061326,0.6402877697841727,-22.830383083914526,15.28,2780.250907588583
development,b05p09,5,9,happy,outputs/study1_35f100_v1/happy/b05p09.wav,239.21922434748075,72.12319663976908,0.6263486655309484,-20.25246555170736,17.6,2576.8971377838698
development,b05p09,5,9,sad,outputs/study1_35f100_v1/sad/b05p09.wav,216.8453740602837,42.295676838115924,0.5685730149916713,-20.64022302336092,18.0,2974.616612760957
development,b05p09,5,9,calm,outputs/study1_35f100_v1/calm/b05p09.wav,200.0,56.29770151559123,0.5268817204301075,-22.627632853693246,19.52,2429.35952072054
development,b05p09,5,9,angry,outputs/study1_35f100_v1/angry/b05p09.wav,194.30638823072118,45.90945866799498,0.5699077359829666,-18.829757659080563,14.08,3300.9754170884344
development,b05p09,5,9,surprise,outputs/study1_35f100_v1/surprise/b05p09.wav,180.25009252216606,30.668801712766594,0.5441421432537479,-19.401403798700684,18.0,2534.578934030959
development,b06p00,6,0,normal,outputs/study1_35f100_v1/normal/b06p00.wav,254.91212546385245,75.14841568117993,0.6664415935178933,-20.61571386390891,14.8,2836.8251097358047
development,b06p00,6,0,happy,outputs/study1_35f100_v1/happy/b06p00.wav,350.237444562354,86.16636084129976,0.7446808510638298,-19.263857193985586,14.56,3241.1198088855854
development,b06p00,6,0,sad,outputs/study1_35f100_v1/sad/b06p00.wav,207.05298476827548,66.3381250152585,0.5718901453957996,-23.470645082934467,18.56,3101.950617894087
development,b06p00,6,0,calm,outputs/study1_35f100_v1/calm/b06p00.wav,205.86044732869837,60.6879191800721,0.6014277215942891,-16.914680785886436,16.8,2233.521368174146
development,b06p00,6,0,angry,outputs/study1_35f100_v1/angry/b06p00.wav,319.31935454265994,106.86069811240452,0.6717144402379664,-19.07762455302557,18.48,3239.1643605877093
development,b06p00,6,0,surprise,outputs/study1_35f100_v1/surprise/b06p00.wav,256.3888163841458,85.95790906753834,0.6537729866835764,-19.165501172350776,15.76,2811.897178888216
development,b06p01,6,1,normal,outputs/study1_35f100_v1/normal/b06p01.wav,265.4303484677136,66.47983945790585,0.6469708302169035,-17.753249676850174,13.36,2663.5964719550357
development,b06p01,6,1,happy,outputs/study1_35f100_v1/happy/b06p01.wav,282.842712474619,98.739708744866,0.5814257684761281,-20.316600944786263,15.28,2778.437762421798
development,b06p01,6,1,sad,outputs/study1_35f100_v1/sad/b06p01.wav,237.8414230005442,52.31024814201672,0.5116389548693586,-19.04911362805666,21.04,2706.0466605755037
development,b06p01,6,1,calm,outputs/study1_35f100_v1/calm/b06p01.wav,215.59643660857103,39.67758756987257,0.6509368494101319,-17.04696072551641,14.4,2496.7508942261156
development,b06p01,6,1,angry,outputs/study1_35f100_v1/angry/b06p01.wav,270.06998923363795,76.80078405103365,0.5508305647840531,-18.72484450966063,15.04,3081.604304798008
development,b06p01,6,1,surprise,outputs/study1_35f100_v1/surprise/b06p01.wav,301.3973362949152,94.93909671074238,0.698062792251169,-19.824014140630958,14.96,2862.6756286798995
development,b06p02,6,2,normal,outputs/study1_35f100_v1/normal/b06p02.wav,208.25243050696125,55.07318382816143,0.5546921697549313,-15.446507741175267,16.72,1319.3552768732454
development,b06p02,6,2,happy,outputs/study1_35f100_v1/happy/b06p02.wav,244.1057056975246,80.26873915835327,0.5592233009708738,-19.007275591112545,15.44,3006.5754074195884
development,b06p02,6,2,sad,outputs/study1_35f100_v1/sad/b06p02.wav,202.3238880603845,22.409170823601926,0.3991890895687431,-22.089634984327585,27.12,2643.23842916172
development,b06p02,6,2,calm,outputs/study1_35f100_v1/calm/b06p02.wav,173.1073122012286,25.8721461169319,0.5627876397107167,-18.742877402426032,15.2,1990.0619786996424
development,b06p02,6,2,angry,outputs/study1_35f100_v1/angry/b06p02.wav,324.9009585424942,60.13594834794833,0.7598513011152417,-16.23267763793386,13.44,2827.5002475779065
development,b06p02,6,2,surprise,outputs/study1_35f100_v1/surprise/b06p02.wav,229.73967099940702,58.54652589272837,0.5730337078651685,-20.870329135642823,15.12,2354.876263158802
development,b06p03,6,3,normal,outputs/study1_35f100_v1/normal/b06p03.wav,233.75544971224912,65.80938262043617,0.6980038634900193,-21.55754714332293,15.52,2669.1807747939692
development,b06p03,6,3,happy,outputs/study1_35f100_v1/happy/b06p03.wav,418.9176491282508,83.13812485182706,0.7099811676082862,-18.438833037562226,15.92,2897.584498176633
development,b06p03,6,3,sad,outputs/study1_35f100_v1/sad/b06p03.wav,194.30638823072118,34.10459998509256,0.5537742150968604,-17.69828370690016,14.96,3101.4234200397354
development,b06p03,6,3,calm,outputs/study1_35f100_v1/calm/b06p03.wav,177.1535038204721,64.0247799575312,0.551805802249852,-22.721734090859744,16.88,2281.689291128453
development,b06p03,6,3,angry,outputs/study1_35f100_v1/angry/b06p03.wav,297.93549262454053,74.40548929800059,0.6591362126245848,-17.75757965076028,15.04,3208.0762736857505
development,b06p03,6,3,surprise,outputs/study1_35f100_v1/surprise/b06p03.wav,190.9683207820833,49.92226348230864,0.7217885024840313,-22.14005676375027,14.08,2567.347400653901
development,b06p04,6,4,normal,outputs/study1_35f100_v1/normal/b06p04.wav,213.12010032569688,42.40942931369503,0.5716923076923077,-19.251122879844846,16.24,2775.4483255822424
development,b06p04,6,4,happy,outputs/study1_35f100_v1/happy/b06p04.wav,279.5939868358039,65.41824370581588,0.6863289382373352,-20.122254460631858,14.4,2840.5142982271395
development,b06p04,6,4,sad,outputs/study1_35f100_v1/sad/b06p04.wav,181.29427068562208,39.157875503379216,0.4572624028690974,-21.41662999778775,16.72,3070.057606433838
development,b06p04,6,4,calm,outputs/study1_35f100_v1/calm/b06p04.wav,220.63576443274928,57.67782174825345,0.6862521391899601,-24.79910068039665,17.52,2913.2130838332414
development,b06p04,6,4,angry,outputs/study1_35f100_v1/angry/b06p04.wav,314.74264904707843,104.4199963943787,0.6529453513129879,-22.190432031985182,14.08,3159.068625622229
development,b06p04,6,4,surprise,outputs/study1_35f100_v1/surprise/b06p04.wav,266.1991596508602,72.91021922167101,0.6886731391585761,-24.74232449933909,15.44,3110.3713420801137
development,b06p05,6,5,normal,outputs/study1_35f100_v1/normal/b06p05.wav,225.79288096122622,49.95246800490884,0.5768148564997186,-21.611821807572206,17.76,2851.69138020618
development,b06p05,6,5,happy,outputs/study1_35f100_v1/happy/b06p05.wav,232.40911739156792,49.62163118095455,0.5734024179620034,-19.17726183466156,17.36,2454.4991297912347
development,b06p05,6,5,sad,outputs/study1_35f100_v1/sad/b06p05.wav,192.07458901020084,52.76035868727928,0.5168738898756661,-20.976122982038575,16.88,2692.0277451455104
development,b06p05,6,5,calm,outputs/study1_35f100_v1/calm/b06p05.wav,218.10154653305153,84.27852893527978,0.6030085022890779,-21.33797018538404,15.28,2634.4203416259875
development,b06p05,6,5,angry,outputs/study1_35f100_v1/angry/b06p05.wav,332.4951584571151,72.71346904216813,0.6020605280103026,-24.06178001907938,15.52,3532.87530371688
development,b06p05,6,5,surprise,outputs/study1_35f100_v1/surprise/b06p05.wav,323.02966672001685,90.94283346590822,0.5929339477726574,-21.62498129350454,19.52,3170.434749512558
development,b06p06,6,6,normal,outputs/study1_35f100_v1/normal/b06p06.wav,227.10088581417543,30.280602408421288,0.6059057353776264,-19.546561953153716,17.6,2915.4325250788447
development,b06p06,6,6,happy,outputs/study1_35f100_v1/happy/b06p06.wav,268.51450055605267,83.72476068139076,0.6295162278015921,-21.417745843549405,16.32,2868.591720046934
development,b06p06,6,6,sad,outputs/study1_35f100_v1/sad/b06p06.wav,229.73967099940702,53.50746360150353,0.6308915388983533,-20.785019248589688,17.6,3006.846504508986
development,b06p06,6,6,calm,outputs/study1_35f100_v1/calm/b06p06.wav,205.86044732869837,51.11484670594584,0.6200130804447351,-19.468840068239366,15.28,2862.637663260025
development,b06p06,6,6,angry,outputs/study1_35f100_v1/angry/b06p06.wav,282.842712474619,64.37081832986135,0.6064472800537274,-21.9015727409176,14.88,3041.4836694895153
development,b06p06,6,6,surprise,outputs/study1_35f100_v1/surprise/b06p06.wav,297.93549262454053,67.3982081805209,0.6132492113564669,-19.568729525621674,15.84,3227.16121598252
development,b06p07,6,7,normal,outputs/study1_35f100_v1/normal/b06p07.wav,170.13343219017113,26.79171819144193,0.49701249321021185,-20.335778836767986,18.4,3109.874428758695
development,b06p07,6,7,happy,outputs/study1_35f100_v1/happy/b06p07.wav,328.6761258343161,117.08228667509297,0.6511805026656512,-20.713833806158767,13.12,3004.631636392991
development,b06p07,6,7,sad,outputs/study1_35f100_v1/sad/b06p07.wav,187.68759933422865,42.73908314556937,0.4499735309687665,-23.927843668531082,18.88,3318.8434659551826
development,b06p07,6,7,calm,outputs/study1_35f100_v1/calm/b06p07.wav,203.49593842053727,61.56038794866413,0.5200239091452481,-18.905563844726508,16.72,2884.1175593725875
development,b06p07,6,7,angry,outputs/study1_35f100_v1/angry/b06p07.wav,352.26634943845943,79.75394920570187,0.6436443791329904,-20.473216159654722,13.6,3552.7253684317866
development,b06p07,6,7,surprise,outputs/study1_35f100_v1/surprise/b06p07.wav,446.3988570520892,77.0057588466425,0.8111689540937056,-21.675941163395027,21.12,3278.8989862068993
development,b06p08,6,8,normal,outputs/study1_35f100_v1/normal/b06p08.wav,227.10088581417543,49.66032191859014,0.529786003470214,-19.951705876290422,17.28,2594.5411228918792
development,b06p08,6,8,happy,outputs/study1_35f100_v1/happy/b06p08.wav,421.34441438193437,77.9211725472253,0.7287784679089027,-20.379978295537352,14.48,3251.2752538721866
development,b06p08,6,8,sad,outputs/study1_35f100_v1/sad/b06p08.wav,198.8480847635095,34.7007378921173,0.6409290646578782,-22.712784376368404,15.92,2666.9232687584445
development,b06p08,6,8,calm,outputs/study1_35f100_v1/calm/b06p08.wav,184.46323871718783,30.741725047521328,0.5947793660658794,-19.062936792984317,16.08,2724.326969973756
development,b06p08,6,8,angry,outputs/study1_35f100_v1/angry/b06p08.wav,299.66141537533633,63.61215642767786,0.6109303838646715,-21.362254508011365,15.36,3495.9058553421532
development,b06p08,6,8,surprise,outputs/study1_35f100_v1/surprise/b06p08.wav,312.0260904053494,65.37751284383057,0.6710963455149501,-21.331246901057426,15.04,2990.462826857249
development,b06p09,6,9,normal,outputs/study1_35f100_v1/normal/b06p09.wav,211.89261887185907,66.72241786402378,0.6356538711776187,-20.284142225777142,15.36,2568.985403109759
development,b06p09,6,9,happy,outputs/study1_35f100_v1/happy/b06p09.wav,257.8740616879158,56.67198861956089,0.47314867156585644,-22.935659106768895,17.68,2921.2957590160972
development,b06p09,6,9,sad,outputs/study1_35f100_v1/sad/b06p09.wav,235.10958125672175,25.890495945720033,0.5328918322295806,-21.540543012953073,22.64,2471.3629989078113
development,b06p09,6,9,calm,outputs/study1_35f100_v1/calm/b06p09.wav,235.10958125672175,58.88568246695249,0.5550972304065999,-21.911671450431328,16.96,2681.8189019148085
development,b06p09,6,9,angry,outputs/study1_35f100_v1/angry/b06p09.wav,246.2288826689832,79.2008375671989,0.5258011950027159,-18.137311014049892,18.4,3043.008601548556
development,b06p09,6,9,surprise,outputs/study1_35f100_v1/surprise/b06p09.wav,213.12010032569688,67.1320790838914,0.5093432995194874,-22.193055270833106,18.72,2889.9352482780264
development,b07p00,7,0,normal,outputs/study1_35f100_v1/normal/b07p00.wav,174.11011265922482,33.96016673722207,0.5775016350555919,-18.858463900683063,15.28,1938.3587360598463
development,b07p00,7,0,happy,outputs/study1_35f100_v1/happy/b07p00.wav,279.5939868358039,73.81608190564614,0.7581139007960809,-16.594127337483012,16.32,2229.7219740359305
development,b07p00,7,0,sad,outputs/study1_35f100_v1/sad/b07p00.wav,201.15858821357068,18.8137120949757,0.5340971085651937,-18.91749303934485,18.32,2778.8774536610854
development,b07p00,7,0,calm,outputs/study1_35f100_v1/calm/b07p00.wav,239.21922434748075,74.05868793317075,0.6284036305392419,-21.158521458123598,18.72,2074.8241967906383
development,b07p00,7,0,angry,outputs/study1_35f100_v1/angry/b07p00.wav,276.38257599355524,81.81248450459256,0.6175908221797323,-19.54175232977326,15.68,2450.637372074289
development,b07p00,7,0,surprise,outputs/study1_35f100_v1/surprise/b07p00.wav,287.786716002164,43.26098153274006,0.6341463414634146,-18.104619946584364,16.8,2514.4214721430158
development,b07p01,7,1,normal,outputs/study1_35f100_v1/normal/b07p01.wav,218.10154653305153,46.03195856251165,0.6106071179344034,-19.23676516565296,14.32,2654.2872214866584
development,b07p01,7,1,happy,outputs/study1_35f100_v1/happy/b07p01.wav,232.40911739156792,41.55132078555337,0.6438923395445134,-19.182532513652962,14.48,2581.2696368728625
development,b07p01,7,1,sad,outputs/study1_35f100_v1/sad/b07p01.wav,216.8453740602837,46.8731022184609,0.5162523900573613,-19.516214629794348,15.68,2773.154078022673
development,b07p01,7,1,calm,outputs/study1_35f100_v1/calm/b07p01.wav,219.36499593892518,49.63668643434002,0.5699192044748291,-21.657967352100485,16.08,2583.543626846193
development,b07p01,7,1,angry,outputs/study1_35f100_v1/angry/b07p01.wav,268.51450055605267,62.57368029125885,0.5995165189363416,-21.08888647088286,12.4,3017.855418000094
development,b07p01,7,1,surprise,outputs/study1_35f100_v1/surprise/b07p01.wav,303.14331330207966,92.59919548229465,0.628391167192429,-21.153717575856163,15.84,2954.884952403162
development,b07p02,7,2,normal,outputs/study1_35f100_v1/normal/b07p02.wav,228.41646786215435,56.55221629212545,0.6080305927342257,-20.69386645419315,15.68,2852.518367809516
development,b07p02,7,2,happy,outputs/study1_35f100_v1/happy/b07p02.wav,273.20805135087915,57.11396494149696,0.6305647840531562,-24.043150903678125,15.04,2995.9741406024764
development,b07p02,7,2,sad,outputs/study1_35f100_v1/sad/b07p02.wav,164.33806291715806,35.03494165632165,0.5128205128205128,-22.7242949073189,15.2,2872.7003541601593
development,b07p02,7,2,calm,outputs/study1_35f100_v1/calm/b07p02.wav,225.79288096122622,62.83753645365161,0.6900198281559815,-20.468881251663007,15.12,2585.8540847977943
development,b07p02,7,2,angry,outputs/study1_35f100_v1/angry/b07p02.wav,259.3679109302019,47.18486944423597,0.6116819902650081,-20.527195286398097,18.48,2925.435586367021
development,b07p02,7,2,surprise,outputs/study1_35f100_v1/surprise/b07p02.wav,292.81713918912504,56.06169588601,0.6210964607911172,-15.598995549145066,14.4,2860.7919435914887
development,b07p03,7,3,normal,outputs/study1_35f100_v1/normal/b07p03.wav,207.05298476827548,69.87799608937416,0.5450472872075659,-17.750163795538402,20.08,2654.5851343423865
development,b07p03,7,3,happy,outputs/study1_35f100_v1/happy/b07p03.wav,254.91212546385245,73.85741087950458,0.5981970379909852,-21.427373800744345,15.52,3012.179807023489
development,b07p03,7,3,sad,outputs/study1_35f100_v1/sad/b07p03.wav,188.7748625363387,39.55320205444676,0.5130349237579931,-26.978405963255945,20.32,2387.834821783145
development,b07p03,7,3,calm,outputs/study1_35f100_v1/calm/b07p03.wav,214.35469250725862,33.367735303875406,0.5690851735015773,-19.850105933631056,15.84,2559.4411422204903
development,b07p03,7,3,angry,outputs/study1_35f100_v1/angry/b07p03.wav,304.8994046511524,82.789876850736,0.6197952218430034,-21.711071261888975,14.64,3098.787538188743
development,b07p03,7,3,surprise,outputs/study1_35f100_v1/surprise/b07p03.wav,323.02966672001685,65.2288506876983,0.6616785946649317,-21.26863121167655,15.36,3405.2653020093353
development,b07p04,7,4,normal,outputs/study1_35f100_v1/normal/b07p04.wav,224.49240966187455,62.84528839059698,0.5360201511335012,-21.108085614091646,19.84,2223.888002764243
development,b07p04,7,4,happy,outputs/study1_35f100_v1/happy/b07p04.wav,265.4303484677136,58.541483382453436,0.68310322156476,-20.121832550395776,15.2,2345.458786609473
development,b07p04,7,4,sad,outputs/study1_35f100_v1/sad/b07p04.wav,228.41646786215435,34.13850146996384,0.577213452299245,-22.137561428439113,14.56,2380.5089277794023
development,b07p04,7,4,calm,outputs/study1_35f100_v1/calm/b07p04.wav,181.29427068562208,43.91436758980319,0.5751325869180908,-21.92894019267278,16.96,2490.2674003012676
development,b07p04,7,4,angry,outputs/study1_35f100_v1/angry/b07p04.wav,279.5939868358039,68.78646681783431,0.6176641487507263,-25.611440484811062,17.2,2586.2620120155457
development,b07p04,7,4,surprise,outputs/study1_35f100_v1/surprise/b07p04.wav,304.8994046511524,71.7523638242896,0.6452217364147408,-25.233211062118034,16.0,2290.867770252085
development,b07p05,7,5,normal,outputs/study1_35f100_v1/normal/b07p05.wav,221.91389441356898,49.05167813515408,0.6633048875096974,-19.263915202967866,12.88,2457.9477742896065
development,b07p05,7,5,happy,outputs/study1_35f100_v1/happy/b07p05.wav,294.5134116201051,44.52862505104207,0.6975269499048827,-17.168133238873125,15.76,2661.1627759237667
development,b07p05,7,5,sad,outputs/study1_35f100_v1/sad/b07p05.wav,251.98420997897463,62.7486127755202,0.5705552725420275,-22.047950649203017,58.88,2171.730807888683
development,b07p05,7,5,calm,outputs/study1_35f100_v1/calm/b07p05.wav,244.81070866093103,46.332206401257565,0.6347495244134432,-18.036545388761173,15.76,2394.0307708568657
development,b07p05,7,5,angry,outputs/study1_35f100_v1/angry/b07p05.wav,397.696169527019,104.30870856244655,0.6538729937194696,-19.62488007101273,14.32,3287.272343744801
development,b07p05,7,5,surprise,outputs/study1_35f100_v1/surprise/b07p05.wav,279.5939868358039,60.041880426374775,0.5880398671096345,-19.13906190336022,15.04,3072.5026282734666
development,b07p06,7,6,normal,outputs/study1_35f100_v1/normal/b07p06.wav,171.11900513652043,53.59143040543745,0.5755983654407473,-20.346098057401335,17.12,2762.168181931142
development,b07p06,7,6,happy,outputs/study1_35f100_v1/happy/b07p06.wav,265.4303484677136,79.34334306604308,0.6329276105060858,-22.380519040199708,15.6,2702.22340042518
development,b07p06,7,6,sad,outputs/study1_35f100_v1/sad/b07p06.wav,195.43199368684918,32.382135343095854,0.5398618957940992,-21.331190067794104,15.92,2991.8471942329024
development,b07p06,7,6,calm,outputs/study1_35f100_v1/calm/b07p06.wav,220.63576443274928,27.73433899221297,0.6045733407696597,-18.42372627040757,17.92,2485.4101835001684
development,b07p06,7,6,angry,outputs/study1_35f100_v1/angry/b07p06.wav,323.02966672001685,71.36516371288161,0.7250538406317301,-20.685045586225623,13.92,2978.9037851855687
development,b07p06,7,6,surprise,outputs/study1_35f100_v1/surprise/b07p06.wav,324.9009585424942,95.16712851640415,0.6024268379728765,-20.962057766219555,14.0,3069.3192604281676
development,b07p07,7,7,normal,outputs/study1_35f100_v1/normal/b07p07.wav,246.2288826689832,80.26873915835327,0.6549047282992237,-18.58115678194738,14.16,3069.3496196030133
development,b07p07,7,7,happy,outputs/study1_35f100_v1/happy/b07p07.wav,268.51450055605267,75.97176512884135,0.5300372142477405,-22.087107177311186,18.8,2937.4946351384983
development,b07p07,7,7,sad,outputs/study1_35f100_v1/sad/b07p07.wav,203.49593842053727,28.070511523944987,0.541334966319657,-20.94125427342158,16.32,2611.8029848870697
development,b07p07,7,7,calm,outputs/study1_35f100_v1/calm/b07p07.wav,241.99881784385852,57.17791796075235,0.6435313714602998,-16.464404850118584,18.0,2660.226623680423
development,b07p07,7,7,angry,outputs/study1_35f100_v1/angry/b07p07.wav,344.22057489773204,59.72353973300062,0.7110609480812641,-19.504928923917326,13.28,2766.427978302704
development,b07p07,7,7,surprise,outputs/study1_35f100_v1/surprise/b07p07.wav,271.6344887654643,43.7272147173604,0.7043189368770764,-16.531202542613055,15.04,2472.2857140244814
development,b07p08,7,8,normal,outputs/study1_35f100_v1/normal/b07p08.wav,281.2136583244699,49.07425415138624,0.6265950302216252,-23.127674270043016,14.88,2516.922431015649
development,b07p08,7,8,happy,outputs/study1_35f100_v1/happy/b07p08.wav,282.842712474619,49.07425415138624,0.6772810777709737,-22.390064612322057,16.32,2140.3751062682977
development,b07p08,7,8,sad,outputs/study1_35f100_v1/sad/b07p08.wav,204.67477839935495,39.11490341675912,0.611266034578918,-22.35754651090053,17.92,2585.7113460708615
development,b07p08,7,8,calm,outputs/study1_35f100_v1/calm/b07p08.wav,228.41646786215435,90.33475692798481,0.6226537216828479,-22.240470867679065,15.44,3098.166923746328
development,b07p08,7,8,angry,outputs/study1_35f100_v1/angry/b07p08.wav,326.78309064822,87.08401012767132,0.5965541995692749,-17.576457427632704,13.92,3304.4944981463955
development,b07p08,7,8,surprise,outputs/study1_35f100_v1/surprise/b07p08.wav,231.07053937445463,72.76131262284042,0.5827338129496403,-20.494525970785126,15.28,2950.059882181675
development,b07p09,7,9,normal,outputs/study1_35f100_v1/normal/b07p09.wav,256.3888163841458,66.254418962031,0.7024482109227872,-21.88064363955208,15.92,2667.155084514739
development,b07p09,7,9,happy,outputs/study1_35f100_v1/happy/b07p09.wav,246.2288826689832,47.68984367744244,0.6277742549143944,-18.868020588494275,15.76,2341.136931257785
development,b07p09,7,9,sad,outputs/study1_35f100_v1/sad/b07p09.wav,198.8480847635095,37.63344567789321,0.5960132890365448,-20.458083476283534,15.04,2621.5680905486456
development,b07p09,7,9,calm,outputs/study1_35f100_v1/calm/b07p09.wav,195.43199368684918,41.18525231085732,0.5819361817198486,-20.630431330295895,18.48,2492.0253357488255
development,b07p09,7,9,angry,outputs/study1_35f100_v1/angry/b07p09.wav,233.75544971224912,70.93065920019197,0.5812016656751934,-18.429651041881943,16.8,2852.050686750723
development,b07p09,7,9,surprise,outputs/study1_35f100_v1/surprise/b07p09.wav,256.3888163841458,39.45260163863003,0.5984533016061868,-18.141368918944323,16.8,2202.9990528191697
development,b08p00,8,0,normal,outputs/study1_35f100_v1/normal/b08p00.wav,294.5134116201051,67.41517971801812,0.594628357276702,-22.68811012430629,16.0,2974.23666824107
development,b08p00,8,0,happy,outputs/study1_35f100_v1/happy/b08p00.wav,268.51450055605267,52.006143299848276,0.5710643722115998,-21.1780259622873,15.68,2996.7108218524977
development,b08p00,8,0,sad,outputs/study1_35f100_v1/sad/b08p00.wav,214.35469250725862,37.665081989206186,0.5200239091452481,-17.86874728974776,16.72,2299.6668790996955
development,b08p00,8,0,calm,outputs/study1_35f100_v1/calm/b08p00.wav,297.93549262454053,58.26859009216736,0.60261748958953,-19.56481998006996,16.8,2663.856459117402
development,b08p00,8,0,angry,outputs/study1_35f100_v1/angry/b08p00.wav,224.49240966187455,46.496683861917376,0.5850091407678245,-19.273649325851927,16.4,2454.5508558857046
development,b08p00,8,0,surprise,outputs/study1_35f100_v1/surprise/b08p00.wav,304.8994046511524,104.00856189337082,0.6522740356937248,-21.016248026431214,17.36,2794.3858515579564
development,b08p01,8,1,normal,outputs/study1_35f100_v1/normal/b08p01.wav,225.79288096122622,55.55017362753131,0.5891822279459111,-19.375586423834527,15.52,2252.6281894621598
development,b08p01,8,1,happy,outputs/study1_35f100_v1/happy/b08p01.wav,244.81070866093103,70.9413419418803,0.6960721184803605,-19.999471465967073,15.52,2578.444320720075
development,b08p01,8,1,sad,outputs/study1_35f100_v1/sad/b08p01.wav,215.59643660857103,38.102729160846735,0.62457798784605,-17.834109720607035,14.8,2672.3726502403906
development,b08p01,8,1,calm,outputs/study1_35f100_v1/calm/b08p01.wav,228.41646786215435,38.19644751136266,0.5204481792717087,-21.25308850254205,17.84,2705.734350982418
development,b08p01,8,1,angry,outputs/study1_35f100_v1/angry/b08p01.wav,202.3238880603845,50.674158680049175,0.48354600402955006,-17.80576475050818,14.88,2918.5962463689666
development,b08p01,8,1,surprise,outputs/study1_35f100_v1/surprise/b08p01.wav,205.86044732869837,62.999293807855736,0.5618193465727098,-17.656739188735212,15.6,2717.882825581413
development,b08p02,8,2,normal,outputs/study1_35f100_v1/normal/b08p02.wav,338.3070714525794,94.70701259805833,0.7119136571191366,-20.95893102274512,24.08,2436.430876177854
development,b08p02,8,2,happy,outputs/study1_35f100_v1/happy/b08p02.wav,270.06998923363795,64.74371468693559,0.592,-22.06315443088385,16.24,3357.6262859152357
development,b08p02,8,2,sad,outputs/study1_35f100_v1/sad/b08p02.wav,196.56411970905023,26.20896847377935,0.5661182205971969,-20.556984275089146,16.4,3073.004281326373
development,b08p02,8,2,calm,outputs/study1_35f100_v1/calm/b08p02.wav,219.36499593892518,27.574600953917354,0.5793143521208599,-19.833473899693278,17.2,2599.6947077608484
development,b08p02,8,2,angry,outputs/study1_35f100_v1/angry/b08p02.wav,344.22057489773204,96.85668669792034,0.6584837545126354,-20.520435071858863,13.84,3215.1874063187865
development,b08p02,8,2,surprise,outputs/study1_35f100_v1/surprise/b08p02.wav,292.81713918912504,85.33135884363915,0.6457304163726182,-21.399743486943823,14.16,3157.617908293685
development,b08p03,8,3,normal,outputs/study1_35f100_v1/normal/b08p03.wav,244.81070866093103,70.53274987848062,0.5943104514533086,-19.988343533022302,16.16,2906.187598666152
development,b08p03,8,3,happy,outputs/study1_35f100_v1/happy/b08p03.wav,227.10088581417543,77.64632747078556,0.6252465483234714,-18.33494230643858,15.2,2483.1560707198933
development,b08p03,8,3,sad,outputs/study1_35f100_v1/sad/b08p03.wav,200.0,33.6383078158637,0.5124349334875651,-20.664155810333714,17.28,2907.6472744062703
development,b08p03,8,3,calm,outputs/study1_35f100_v1/calm/b08p03.wav,205.86044732869837,41.663801891402926,0.6273661438615468,-20.71919469782813,18.48,2678.5473830870583
development,b08p03,8,3,angry,outputs/study1_35f100_v1/angry/b08p03.wav,299.66141537533633,69.79257089652674,0.6961512491559757,-17.964088317757113,14.8,3029.1081287922284
development,b08p03,8,3,surprise,outputs/study1_35f100_v1/surprise/b08p03.wav,257.8740616879158,99.83023819397224,0.6740253640206669,-19.776318386983995,21.28,2706.1487553296083
development,b08p04,8,4,normal,outputs/study1_35f100_v1/normal/b08p04.wav,200.0,61.329318040893696,0.6114613180515759,-21.23759378749998,17.44,2345.6524525971004
development,b08p04,8,4,happy,outputs/study1_35f100_v1/happy/b08p04.wav,336.3585661014858,88.62819783944207,0.5852311939268461,-21.36729724601118,14.48,2907.3667457685056
development,b08p04,8,4,sad,outputs/study1_35f100_v1/sad/b08p04.wav,192.07458901020084,37.41669298050317,0.4954296160877514,-20.86828157640476,16.4,2757.712739436817
development,b08p04,8,4,calm,outputs/study1_35f100_v1/calm/b08p04.wav,231.07053937445463,84.97059827348096,0.5564648117839607,-19.692143067777504,18.32,2366.194340642865
development,b08p04,8,4,angry,outputs/study1_35f100_v1/angry/b08p04.wav,266.96797083400685,61.094544988026286,0.6622320768662232,-19.668436508696242,13.52,3027.9635287335636
development,b08p04,8,4,surprise,outputs/study1_35f100_v1/surprise/b08p04.wav,304.8994046511524,98.2532345833794,0.5505335844318895,-20.237176030431772,15.92,3211.1320945376333
development,b08p05,8,5,normal,outputs/study1_35f100_v1/normal/b08p05.wav,294.5134116201051,116.4250389209225,0.6688902365069739,-19.23604981809876,16.48,3201.375237848157
development,b08p05,8,5,happy,outputs/study1_35f100_v1/happy/b08p05.wav,348.2202253184496,96.29883323210379,0.7073684210526315,-18.25748181518772,14.24,2972.291882388414
development,b08p05,8,5,sad,outputs/study1_35f100_v1/sad/b08p05.wav,179.21192838239048,47.1203421318784,0.5526167698368036,-19.30050760552781,17.76,2475.7171907832235
development,b08p05,8,5,calm,outputs/study1_35f100_v1/calm/b08p05.wav,287.786716002164,46.86566832469339,0.6119977985690699,-23.016625807331597,18.16,2731.3691733845767
development,b08p05,8,5,angry,outputs/study1_35f100_v1/angry/b08p05.wav,236.47155720542963,44.794584034964316,0.5647668393782384,-23.69919766017985,17.36,3094.6002214055306
development,b08p05,8,5,surprise,outputs/study1_35f100_v1/surprise/b08p05.wav,263.9015821545788,54.97571618858083,0.5638013881473571,-20.804319061062305,18.72,2995.9301908453044
development,b08p06,8,6,normal,outputs/study1_35f100_v1/normal/b08p06.wav,315.65165893545657,90.92913878842216,0.6873786407766991,-19.578945284328313,15.44,2642.0617343578488
development,b08p06,8,6,happy,outputs/study1_35f100_v1/happy/b08p06.wav,213.12010032569688,48.50298294936027,0.5660490137477585,-22.366917546169304,16.72,2634.158241302238
development,b08p06,8,6,sad,outputs/study1_35f100_v1/sad/b08p06.wav,221.91389441356898,41.99881784385852,0.5574543311726576,-21.349984163039274,16.96,2343.875560228346
development,b08p06,8,6,calm,outputs/study1_35f100_v1/calm/b08p06.wav,186.60659830736148,27.52127457888284,0.6032362459546926,-20.32584551819724,15.44,2465.6739548482747
development,b08p06,8,6,angry,outputs/study1_35f100_v1/angry/b08p06.wav,319.31935454265994,76.76550042033188,0.7300970873786408,-22.936192148957055,15.44,2741.3586609602585
development,b08p06,8,6,surprise,outputs/study1_35f100_v1/surprise/b08p06.wav,254.91212546385245,78.01053624274059,0.612369871402327,-18.080361773336907,16.32,2414.755370939097
development,b08p07,8,7,normal,outputs/study1_35f100_v1/normal/b08p07.wav,364.6889954232867,71.95908667274995,0.7289194253591506,-18.311446967311173,16.0,3230.502723881691
development,b08p07,8,7,happy,outputs/study1_35f100_v1/happy/b08p07.wav,300.52937583512573,74.78547961477284,0.6106870229007634,-23.923896988010664,14.4,3156.1962423269856
development,b08p07,8,7,sad,outputs/study1_35f100_v1/sad/b08p07.wav,195.43199368684918,48.80658221234037,0.44353518821603927,-26.339962042301885,18.32,3185.871489261119
development,b08p07,8,7,calm,outputs/study1_35f100_v1/calm/b08p07.wav,200.0,50.674158680049175,0.6005602240896358,-16.734119396875037,17.84,2372.6013343891354
development,b08p07,8,7,angry,outputs/study1_35f100_v1/angry/b08p07.wav,221.91389441356898,61.369350647211604,0.5241242564441507,-19.79652601420572,15.12,3006.618634299904
development,b08p07,8,7,surprise,outputs/study1_35f100_v1/surprise/b08p07.wav,262.38162088748976,83.29578976186366,0.6421600520494469,-19.873554826425483,15.36,2514.48960658551
development,b08p08,8,8,normal,outputs/study1_35f100_v1/normal/b08p08.wav,286.12918648705164,39.81268131272435,0.6664552948636652,-22.290740059405305,15.76,2866.157970842836
development,b08p08,8,8,happy,outputs/study1_35f100_v1/happy/b08p08.wav,301.3973362949152,81.83895401024228,0.6846846846846847,-22.057683693015168,16.64,2515.198385311684
development,b08p08,8,8,sad,outputs/study1_35f100_v1/sad/b08p08.wav,237.8414230005442,57.20439405409226,0.5574750830564784,-21.162713490415797,15.04,2771.476650846842
development,b08p08,8,8,calm,outputs/study1_35f100_v1/calm/b08p08.wav,214.97556455791482,34.7063133209887,0.5797453001819285,-18.539479803955533,16.48,2700.078181788186
development,b08p08,8,8,angry,outputs/study1_35f100_v1/angry/b08p08.wav,332.4951584571151,107.60448646604686,0.7047146401985112,-20.80259915990053,12.08,3294.692048133183
development,b08p08,8,8,surprise,outputs/study1_35f100_v1/surprise/b08p08.wav,346.21462440245716,115.51879636054372,0.6727391021470397,-19.420139085446067,15.36,3290.06881314118
development,b08p09,8,9,normal,outputs/study1_35f100_v1/normal/b08p09.wav,235.10958125672175,23.16286241361351,0.6613380698638247,-19.73909709686562,16.88,2589.7970719281516
development,b08p09,8,9,happy,outputs/study1_35f100_v1/happy/b08p09.wav,297.93549262454053,66.6725826871151,0.6226896112173359,-19.157400336106377,15.68,3095.744538107063
development,b08p09,8,9,sad,outputs/study1_35f100_v1/sad/b08p09.wav,188.7748625363387,33.55577326283452,0.5367264314632736,-20.085818363540714,17.28,2516.599669565904
development,b08p09,8,9,calm,outputs/study1_35f100_v1/calm/b08p09.wav,253.44393965741244,46.782283727401875,0.6781807714450202,-18.358901712330518,17.36,2478.932107802267
development,b08p09,8,9,angry,outputs/study1_35f100_v1/angry/b08p09.wav,312.0260904053494,86.78936799931671,0.6452533904354033,-19.878598459586666,14.0,2789.9513399740435
development,b08p09,8,9,surprise,outputs/study1_35f100_v1/surprise/b08p09.wav,216.8453740602837,80.72055786744369,0.6087851750171586,-18.795402422660352,14.56,2769.02443536897
development,b09p00,9,0,normal,outputs/study1_35f100_v1/normal/b09p00.wav,265.4303484677136,69.92174437592931,0.555068493150685,-20.788747126061725,18.24,2170.319642762232
development,b09p00,9,0,happy,outputs/study1_35f100_v1/happy/b09p00.wav,348.2202253184496,80.17061137985422,0.6910153396639883,-21.713620619215682,13.68,2988.357072726504
development,b09p00,9,0,sad,outputs/study1_35f100_v1/sad/b09p00.wav,199.42404238175476,53.06599633587348,0.5641025641025641,-19.98973159269965,15.2,2526.740522270707
development,b09p00,9,0,calm,outputs/study1_35f100_v1/calm/b09p00.wav,207.05298476827548,35.92445677112235,0.6949152542372882,-19.332037530111577,15.92,2284.219247106454
development,b09p00,9,0,angry,outputs/study1_35f100_v1/angry/b09p00.wav,228.41646786215435,83.71691013264075,0.5568114217727543,-21.598529133461682,16.8,2660.9338291730573
development,b09p00,9,0,surprise,outputs/study1_35f100_v1/surprise/b09p00.wav,225.79288096122622,43.47990295655015,0.6806825106642291,-21.648590496004235,16.4,2464.1809531090157
development,b09p01,9,1,normal,outputs/study1_35f100_v1/normal/b09p01.wav,277.98364396846745,96.26700844274819,0.6564939673527325,-16.211444218112725,14.08,2482.618826050623
development,b09p01,9,1,happy,outputs/study1_35f100_v1/happy/b09p01.wav,348.2202253184496,56.90038702902626,0.6680026720106881,-20.466452975481392,14.96,2740.895371774092
development,b09p01,9,1,sad,outputs/study1_35f100_v1/sad/b09p01.wav,240.60500721642333,41.17508987278063,0.5090063916327716,-20.10345400439865,17.2,2786.2550114865303
development,b09p01,9,1,calm,outputs/study1_35f100_v1/calm/b09p01.wav,241.99881784385852,53.84787050830997,0.6624203821656051,-20.32079262236195,20.4,2533.9882954414434
development,b09p01,9,1,angry,outputs/study1_35f100_v1/angry/b09p01.wav,266.96797083400685,47.45502964421709,0.6089992242048099,-20.435311681484638,12.88,2779.9255268496986
development,b09p01,9,1,surprise,outputs/study1_35f100_v1/surprise/b09p01.wav,253.44393965741244,49.28169017937981,0.6575342465753424,-18.959520174351884,18.24,2654.775844365374
development,b09p02,9,2,normal,outputs/study1_35f100_v1/normal/b09p02.wav,281.2136583244699,54.15202871743361,0.6439545758183033,-21.109031326377217,14.96,3004.4327894391035
development,b09p02,9,2,happy,outputs/study1_35f100_v1/happy/b09p02.wav,291.13063656843747,95.4890733030229,0.6602608098833219,-18.85148815885475,14.56,2923.4259547024935
development,b09p02,9,2,sad,outputs/study1_35f100_v1/sad/b09p02.wav,213.12010032569688,37.44814708007104,0.4893357708714199,-19.89731758859348,16.4,3424.0136157647985
development,b09p02,9,2,calm,outputs/study1_35f100_v1/calm/b09p02.wav,221.91389441356898,59.99989409318394,0.5927342256214149,-21.43668018336346,15.68,3159.018954345225
development,b09p02,9,2,angry,outputs/study1_35f100_v1/angry/b09p02.wav,227.10088581417543,51.12005159702795,0.5609460278956944,-20.611728974036794,16.48,3166.319188289424
development,b09p02,9,2,surprise,outputs/study1_35f100_v1/surprise/b09p02.wav,213.12010032569688,76.7323818357846,0.6177474402730375,-20.288309195459327,14.64,2422.457352842148
development,b09p03,9,3,normal,outputs/study1_35f100_v1/normal/b09p03.wav,296.2195104573129,101.40391574152613,0.731740614334471,-19.537563246507645,14.64,2743.038247766961
development,b09p03,9,3,happy,outputs/study1_35f100_v1/happy/b09p03.wav,306.66566893392013,87.35151886388815,0.6666666666666666,-20.65082796486305,15.2,2841.579437067502
development,b09p03,9,3,sad,outputs/study1_35f100_v1/sad/b09p03.wav,227.10088581417543,82.98267716779077,0.58664363845711,-19.83968436364646,17.36,2595.528031574473
development,b09p03,9,3,calm,outputs/study1_35f100_v1/calm/b09p03.wav,214.35469250725862,60.354914694257275,0.6209628275441804,-17.43955707793696,16.4,2534.8835657927025
development,b09p03,9,3,angry,outputs/study1_35f100_v1/angry/b09p03.wav,319.31935454265994,81.25225448444274,0.5957894736842105,-20.163104291595108,14.24,2986.0389702413217
development,b09p03,9,3,surprise,outputs/study1_35f100_v1/surprise/b09p03.wav,265.4303484677136,87.04264378765657,0.578809679529104,-19.12393002578672,15.28,3067.4346418294754
development,b09p04,9,4,normal,outputs/study1_35f100_v1/normal/b09p04.wav,216.8453740602837,75.41416544364859,0.6632722335369993,-18.49243604177141,14.72,2610.0798499741586
development,b09p04,9,4,happy,outputs/study1_35f100_v1/happy/b09p04.wav,266.96797083400685,72.49028725958448,0.6409872849663426,-23.643718457181713,13.36,2701.2741965026635
development,b09p04,9,4,sad,outputs/study1_35f100_v1/sad/b09p04.wav,212.50635959877798,62.09919654425738,0.5886200130804448,-20.62455537732839,15.28,2445.5631655029074
development,b09p04,9,4,calm,outputs/study1_35f100_v1/calm/b09p04.wav,219.36499593892518,54.154293658782365,0.6057328285559762,-19.5934901145831,18.48,2495.1307325375433
development,b09p04,9,4,angry,outputs/study1_35f100_v1/angry/b09p04.wav,301.3973362949152,75.0533723852019,0.6511945392491467,-17.844265678548407,14.64,3283.9024555704113
development,b09p04,9,4,surprise,outputs/study1_35f100_v1/surprise/b09p04.wav,301.3973362949152,103.36323626229424,0.6962127316680097,-19.16096524686678,12.4,2901.1497361112183
development,b09p05,9,5,normal,outputs/study1_35f100_v1/normal/b09p05.wav,240.60500721642333,61.784539318382315,0.6761107533805538,-24.83100380077061,15.52,3080.207049166959
development,b09p05,9,5,happy,outputs/study1_35f100_v1/happy/b09p05.wav,223.1994285260446,82.21440710972979,0.6421336934503714,-23.579674542572924,14.8,2848.477298340029
development,b09p05,9,5,sad,outputs/study1_35f100_v1/sad/b09p05.wav,225.79288096122622,34.13850146996384,0.4842355740630577,-21.616397735036642,16.8,3386.3692729944337
development,b09p05,9,5,calm,outputs/study1_35f100_v1/calm/b09p05.wav,228.41646786215435,54.64757824716821,0.5967460778617083,-20.19855930606687,17.2,2819.1856531830044
development,b09p05,9,5,angry,outputs/study1_35f100_v1/angry/b09p05.wav,371.0636467765238,131.53145784180572,0.6763662171753017,-19.978107835471878,14.08,3713.288185980865
development,b09p05,9,5,surprise,outputs/study1_35f100_v1/surprise/b09p05.wav,315.65165893545657,122.4729494153595,0.6092916984006093,-20.14662747928284,13.12,3167.8212877570027
development,b09p06,9,6,normal,outputs/study1_35f100_v1/normal/b09p06.wav,244.81070866093103,42.72161959482645,0.571358024691358,-23.232333690692588,20.24,3111.646432897006
development,b09p06,9,6,happy,outputs/study1_35f100_v1/happy/b09p06.wav,375.3751986684572,59.73313561965773,0.6847024102311854,-22.850470830795167,20.32,3089.0683993346256
development,b09p06,9,6,sad,outputs/study1_35f100_v1/sad/b09p06.wav,224.49240966187455,30.106198971999447,0.622286541244573,-18.534030811514533,20.72,3016.5525560390997
development,b09p06,9,6,calm,outputs/study1_35f100_v1/calm/b09p06.wav,213.12010032569688,35.63854568760544,0.4488660676080445,-20.826793042748054,23.36,2699.11133798645
development,b09p06,9,6,angry,outputs/study1_35f100_v1/angry/b09p06.wav,270.06998923363795,37.686696911025024,0.5827607745159276,-20.432045634971704,16.0,3275.0749225213794
development,b09p06,9,6,surprise,outputs/study1_35f100_v1/surprise/b09p06.wav,229.73967099940702,54.69313253084695,0.5752413401476434,-21.161954432897353,17.6,2831.2040017631602
development,b09p07,9,7,normal,outputs/study1_35f100_v1/normal/b09p07.wav,235.10958125672175,56.19563555375791,0.6561651276480174,-22.25955193179623,18.4,2053.4877876918413
development,b09p07,9,7,happy,outputs/study1_35f100_v1/happy/b09p07.wav,294.5134116201051,61.09139400949408,0.7209136331192005,-23.098744132535135,14.0,2510.592332562563
development,b09p07,9,7,sad,outputs/study1_35f100_v1/sad/b09p07.wav,188.7748625363387,38.339819427604965,0.6453851492019431,-24.492157249248226,14.4,2600.4909006615494
development,b09p07,9,7,calm,outputs/study1_35f100_v1/calm/b09p07.wav,195.43199368684918,37.20118868678651,0.5963590709353421,-26.335991269117024,15.92,2407.2292033675403
development,b09p07,9,7,angry,outputs/study1_35f100_v1/angry/b09p07.wav,214.35469250725862,40.92714103635589,0.5602365114560236,-20.015478675320004,13.52,2550.5979079092913
development,b09p07,9,7,surprise,outputs/study1_35f100_v1/surprise/b09p07.wav,291.13063656843747,59.26284255131077,0.7944682880305198,-22.006179756719067,20.96,2110.2962495882934
development,b09p08,9,8,normal,outputs/study1_35f100_v1/normal/b09p08.wav,210.0655158775463,45.87336049047104,0.544,-17.518222908765377,16.24,2659.9165363395787
development,b09p08,9,8,happy,outputs/study1_35f100_v1/happy/b09p08.wav,271.6344887654643,95.3762717841243,0.6137667304015296,-21.36846831475497,15.68,2860.9739479424948
development,b09p08,9,8,sad,outputs/study1_35f100_v1/sad/b09p08.wav,216.8453740602837,32.596861498678436,0.5464445868033312,-21.24435592409536,15.6,2792.801635817236
development,b09p08,9,8,calm,outputs/study1_35f100_v1/calm/b09p08.wav,221.91389441356898,33.358777018782376,0.5648762824381413,-23.10020615576953,16.56,2736.7731625176743
development,b09p08,9,8,angry,outputs/study1_35f100_v1/angry/b09p08.wav,352.26634943845943,89.9849261160208,0.636427076064201,-17.84263571844219,14.32,2950.724796088552
development,b09p08,9,8,surprise,outputs/study1_35f100_v1/surprise/b09p08.wav,276.38257599355524,73.40364230267264,0.5877133105802048,-19.90533593499447,14.64,2865.1983777538826
development,b09p09,9,9,normal,outputs/study1_35f100_v1/normal/b09p09.wav,183.40080864093423,40.805405539717924,0.5869410929737402,-17.962058964838825,14.08,2594.93595203899
development,b09p09,9,9,happy,outputs/study1_35f100_v1/happy/b09p09.wav,243.40070273411817,51.66912649576898,0.6807181889149102,-15.774636472260157,12.8,2308.2245289644375
development,b09p09,9,9,sad,outputs/study1_35f100_v1/sad/b09p09.wav,203.49593842053727,50.89832580271283,0.616382252559727,-19.81153186680809,14.64,2382.4205120318093
development,b09p09,9,9,calm,outputs/study1_35f100_v1/calm/b09p09.wav,193.1872657849691,25.90793279531789,0.6637407157326131,-19.755211297541322,14.8,3327.615769447432
development,b09p09,9,9,angry,outputs/study1_35f100_v1/angry/b09p09.wav,227.10088581417543,64.30629424406263,0.540974212034384,-20.093095939094706,17.44,2562.635453519345
development,b09p09,9,9,surprise,outputs/study1_35f100_v1/surprise/b09p09.wav,224.49240966187455,50.53288772482563,0.6890045543266102,-19.82283547609991,15.36,2698.832375552407
development,b10p00,10,0,normal,outputs/study1_35f300_extension_v1/normal/b10p00.wav,209.4588245641254,53.81531057109967,0.632120796156486,-19.586654029709297,14.56,2704.8983686096317
development,b10p00,10,0,happy,outputs/study1_35f300_extension_v1/happy/b10p00.wav,254.91212546385245,61.03737962592126,0.6904598490048044,-18.896151434954273,14.56,2798.7558855022207
development,b10p00,10,0,sad,outputs/study1_35f300_extension_v1/sad/b10p00.wav,214.35469250725862,55.07318382816143,0.49154391707583195,-22.094839204923833,18.32,2999.7416247316783
development,b10p00,10,0,calm,outputs/study1_35f300_extension_v1/calm/b10p00.wav,224.49240966187455,37.32403944450357,0.5664034458004307,-20.01376552895065,13.92,3046.243789582226
development,b10p00,10,0,angry,outputs/study1_35f300_extension_v1/angry/b10p00.wav,282.842712474619,73.09047187367673,0.7101335428122545,-21.008271356107553,12.72,2691.6390674124405
development,b10p00,10,0,surprise,outputs/study1_35f300_extension_v1/surprise/b10p00.wav,336.3585661014858,91.46965994071991,0.6736462093862816,-21.59343456071303,13.84,2825.6621979296046
development,b10p01,10,1,normal,outputs/study1_35f300_extension_v1/normal/b10p01.wav,196.56411970905023,59.46341514232188,0.5709112854556427,-24.179758254750872,16.56,2979.0517492388735
development,b10p01,10,1,happy,outputs/study1_35f300_extension_v1/happy/b10p01.wav,277.98364396846745,85.56390483041082,0.6486153846153846,-24.27136267876753,16.24,2753.7545486831086
development,b10p01,10,1,sad,outputs/study1_35f300_extension_v1/sad/b10p01.wav,193.1872657849691,48.94801080676183,0.48131622978248745,-22.20916674494675,17.92,3395.742717999107
development,b10p01,10,1,calm,outputs/study1_35f300_extension_v1/calm/b10p01.wav,173.1073122012286,44.733325539391615,0.5716923076923077,-21.889681776522224,16.24,2847.4987054846915
development,b10p01,10,1,angry,outputs/study1_35f300_extension_v1/angry/b10p01.wav,332.4951584571151,91.3036178202102,0.6197183098591549,-20.15132021658679,16.32,3314.411533812469
development,b10p01,10,1,surprise,outputs/study1_35f300_extension_v1/surprise/b10p01.wav,395.40560814115844,63.28505269938603,0.6446670595167944,-18.38963770301377,16.96,3061.058305717764
development,b10p02,10,2,normal,outputs/study1_35f300_extension_v1/normal/b10p02.wav,201.15858821357068,40.38567191058323,0.5790902919212492,-19.14178332030015,14.72,2802.735346923365
development,b10p02,10,2,happy,outputs/study1_35f300_extension_v1/happy/b10p02.wav,219.36499593892518,49.66476295993297,0.6239850093691443,-18.650335247913947,16.0,2158.3765331847308
development,b10p02,10,2,sad,outputs/study1_35f300_extension_v1/sad/b10p02.wav,204.67477839935495,36.804810327645896,0.5080687142113482,-19.848513860249366,19.2,2465.940137536014
development,b10p02,10,2,calm,outputs/study1_35f300_extension_v1/calm/b10p02.wav,220.63576443274928,29.760399783355354,0.6604740550928891,-16.796426186570347,15.6,2318.768561998895
development,b10p02,10,2,angry,outputs/study1_35f300_extension_v1/angry/b10p02.wav,249.08992447176465,65.71625337494962,0.6245733788395904,-19.347020748932636,14.64,3244.633212824438
development,b10p02,10,2,surprise,outputs/study1_35f300_extension_v1/surprise/b10p02.wav,348.2202253184496,123.43411779629906,0.6703071672354949,-21.305493254936515,14.64,3179.2405037557705
development,b10p03,10,3,normal,outputs/study1_35f300_extension_v1/normal/b10p03.wav,255.65047092399914,58.383308113620984,0.5941422594142259,-21.462871852852473,16.72,2401.4242121191232
development,b10p03,10,3,happy,outputs/study1_35f300_extension_v1/happy/b10p03.wav,273.20805135087915,57.00028610983213,0.5899524779361847,-18.875404826492424,14.72,3040.6196229080824
development,b10p03,10,3,sad,outputs/study1_35f300_extension_v1/sad/b10p03.wav,225.79288096122622,66.94962720064058,0.5466598674145844,-20.646601076862158,19.6,2832.089250564165
development,b10p03,10,3,calm,outputs/study1_35f300_extension_v1/calm/b10p03.wav,204.67477839935495,49.48957847724097,0.6334384858044164,-20.665983855940176,15.84,2451.825624696889
development,b10p03,10,3,angry,outputs/study1_35f300_extension_v1/angry/b10p03.wav,276.38257599355524,69.06617891484714,0.5579288025889968,-20.590060168197883,15.44,2913.2414500789278
development,b10p03,10,3,surprise,outputs/study1_35f300_extension_v1/surprise/b10p03.wav,436.20309306610307,57.49330262814027,0.6921255180580225,-21.85271640059608,16.88,3345.9288120666524
development,b10p04,10,4,normal,outputs/study1_35f300_extension_v1/normal/b10p04.wav,221.91389441356898,65.79947267771496,0.6004140786749482,-19.86267725685351,14.48,2467.054647021361
development,b10p04,10,4,happy,outputs/study1_35f300_extension_v1/happy/b10p04.wav,276.38257599355524,67.21538174441838,0.5672891178364456,-18.589208090058094,15.52,2627.735800531277
development,b10p04,10,4,sad,outputs/study1_35f300_extension_v1/sad/b10p04.wav,243.40070273411817,27.651058696186226,0.5490554539914686,-24.84427471483585,16.4,3018.9996560308628
development,b10p04,10,4,calm,outputs/study1_35f300_extension_v1/calm/b10p04.wav,236.47155720542963,65.06152269948072,0.5740863787375415,-17.10140098854225,15.04,2752.4920726982773
development,b10p04,10,4,angry,outputs/study1_35f300_extension_v1/angry/b10p04.wav,310.2289523667469,56.7645792656819,0.6276923076923077,-22.53814774930165,16.24,2638.238162370357
development,b10p04,10,4,surprise,outputs/study1_35f300_extension_v1/surprise/b10p04.wav,342.23801027304086,77.43970604391666,0.750733137829912,-21.705153198560147,17.04,2860.1741757111868
development,b10p05,10,5,normal,outputs/study1_35f300_extension_v1/normal/b10p05.wav,357.39167201045836,69.99916684510066,0.7306917394224312,-20.887702917811325,14.88,3174.533926322317
development,b10p05,10,5,happy,outputs/study1_35f300_extension_v1/happy/b10p05.wav,326.78309064822,79.2865267198622,0.6542707728065078,-22.247614573842487,17.2,3040.4118140517353
development,b10p05,10,5,sad,outputs/study1_35f300_extension_v1/sad/b10p05.wav,195.43199368684918,40.47771432739398,0.5265259555048488,-24.19014545459705,17.52,2829.513586110953
development,b10p05,10,5,calm,outputs/study1_35f300_extension_v1/calm/b10p05.wav,239.21922434748075,61.35567222085086,0.5172177879133409,-20.656408849917693,43.84,2730.7800693235536
development,b10p05,10,5,angry,outputs/study1_35f300_extension_v1/angry/b10p05.wav,330.5801272616847,121.10351810267144,0.6461739699149771,-23.977631988666005,15.28,3602.677728482874
development,b10p05,10,5,surprise,outputs/study1_35f300_extension_v1/surprise/b10p05.wav,306.66566893392013,54.82729647959991,0.6105209914011128,-21.932834128715957,19.76,3128.666126858535
development,b10p06,10,6,normal,outputs/study1_35f300_extension_v1/normal/b10p06.wav,186.60659830736148,55.33054070027529,0.6171927468099395,-20.690724820030248,14.88,2723.5862185680653
development,b10p06,10,6,happy,outputs/study1_35f300_extension_v1/happy/b10p06.wav,313.83363915870024,44.45094077463307,0.6955287437899219,-20.826900243503736,14.08,3034.653615760689
development,b10p06,10,6,sad,outputs/study1_35f300_extension_v1/sad/b10p06.wav,205.86044732869837,41.96837181382185,0.6365701306076094,-20.296009758414584,17.6,2827.7068606825014
development,b10p06,10,6,calm,outputs/study1_35f300_extension_v1/calm/b10p06.wav,198.8480847635095,56.9604267152298,0.6009104704097117,-21.542423456089033,19.76,2391.7213099834066
development,b10p06,10,6,angry,outputs/study1_35f300_extension_v1/angry/b10p06.wav,368.92647743437567,102.07987913120155,0.7227722772277227,-20.577143359863154,13.12,3228.8194525917006
development,b10p06,10,6,surprise,outputs/study1_35f300_extension_v1/surprise/b10p06.wav,221.91389441356898,56.189385728588206,0.5085407515861395,-21.275023779538536,20.48,2465.747075989044
development,b10p07,10,7,normal,outputs/study1_35f300_extension_v1/normal/b10p07.wav,218.10154653305153,71.73411745680858,0.563557010365521,-22.194582995977473,18.32,2916.0624165673803
development,b10p07,10,7,happy,outputs/study1_35f300_extension_v1/happy/b10p07.wav,296.2195104573129,95.32531909850158,0.6396396396396397,-20.684645276430903,16.64,2622.2138661826907
development,b10p07,10,7,sad,outputs/study1_35f300_extension_v1/sad/b10p07.wav,257.8740616879158,39.2148404806114,0.5292697646348823,-22.251149779986903,16.56,2807.976176108014
development,b10p07,10,7,calm,outputs/study1_35f300_extension_v1/calm/b10p07.wav,219.36499593892518,45.69789866353895,0.6391883322764743,-19.61254991006859,15.76,2192.336222870835
development,b10p07,10,7,angry,outputs/study1_35f300_extension_v1/angry/b10p07.wav,257.8740616879158,73.87764718735582,0.600813480534573,-21.8737890103767,17.2,3030.706651764044
development,b10p07,10,7,surprise,outputs/study1_35f300_extension_v1/surprise/b10p07.wav,321.1691527453505,73.51677478151674,0.668578712555768,-23.8883160239685,15.68,3075.896895478301
development,b10p08,10,8,normal,outputs/study1_35f300_extension_v1/normal/b10p08.wav,209.4588245641254,44.20784761114513,0.56664674237896,-22.94339261180413,16.72,2558.910008245419
development,b10p08,10,8,happy,outputs/study1_35f300_extension_v1/happy/b10p08.wav,282.842712474619,70.63626502052489,0.6295503211991434,-17.97315317580818,14.0,2450.074904239223
development,b10p08,10,8,sad,outputs/study1_35f300_extension_v1/sad/b10p08.wav,254.91212546385245,49.0872627623699,0.6326914044152184,-19.73217668692875,21.28,2426.537140628322
development,b10p08,10,8,calm,outputs/study1_35f300_extension_v1/calm/b10p08.wav,239.21922434748075,49.33583161587032,0.6581487791027825,-19.425844542665864,17.6,2274.4497738448426
development,b10p08,10,8,angry,outputs/study1_35f300_extension_v1/angry/b10p08.wav,348.2202253184496,77.79273125840984,0.6280875088214538,-18.69357263117829,14.16,3180.369425346048
development,b10p08,10,8,surprise,outputs/study1_35f300_extension_v1/surprise/b10p08.wav,284.4812036394563,77.78040754595324,0.5998588567395907,-19.05006236784249,14.16,3178.71897015105
development,b10p09,10,9,normal,outputs/study1_35f300_extension_v1/normal/b10p09.wav,244.81070866093103,88.42638241647242,0.6798373038930854,-17.917372968568284,17.2,2446.550585260523
development,b10p09,10,9,happy,outputs/study1_35f300_extension_v1/happy/b10p09.wav,262.38162088748976,80.89715523049571,0.6839590443686007,-19.791958991061577,14.64,2550.1417160056794
development,b10p09,10,9,sad,outputs/study1_35f300_extension_v1/sad/b10p09.wav,196.56411970905023,47.9681143428804,0.5450361604207759,-18.7123690535546,15.2,2674.0154812978258
development,b10p09,10,9,calm,outputs/study1_35f300_extension_v1/calm/b10p09.wav,185.5318233882619,55.93675933724103,0.6074025115664243,-16.75760040024832,15.12,2497.490037741294
development,b10p09,10,9,angry,outputs/study1_35f300_extension_v1/angry/b10p09.wav,259.3679109302019,51.91141222095672,0.5501706484641639,-19.31044674984504,14.64,3077.4151049804586
development,b10p09,10,9,surprise,outputs/study1_35f300_extension_v1/surprise/b10p09.wav,282.842712474619,67.95929999173006,0.6699232379623168,-17.841552603942073,14.32,2595.89551147142
development,b11p00,11,0,normal,outputs/study1_35f300_extension_v1/normal/b11p00.wav,213.12010032569688,52.80514104543201,0.6025384101536406,-19.273529258479822,14.96,2499.8843922426636
development,b11p00,11,0,happy,outputs/study1_35f300_extension_v1/happy/b11p00.wav,296.2195104573129,63.98065790106244,0.6575258988421694,-20.01879475074302,16.4,2637.1467069160876
development,b11p00,11,0,sad,outputs/study1_35f300_extension_v1/sad/b11p00.wav,197.70280407057922,48.08070624486757,0.582995951417004,-19.444243487992722,17.28,2372.43500777619
development,b11p00,11,0,calm,outputs/study1_35f300_extension_v1/calm/b11p00.wav,201.15858821357068,58.29181357736178,0.5611368142762723,-21.97837058697675,15.12,3117.0926480162902
development,b11p00,11,0,angry,outputs/study1_35f300_extension_v1/angry/b11p00.wav,431.19287321714205,100.12923935984912,0.6792051100070973,-18.90846902303506,14.08,3388.2932732264717
development,b11p00,11,0,surprise,outputs/study1_35f300_extension_v1/surprise/b11p00.wav,260.87041395311286,98.49224175698092,0.6264908976773383,-20.61805324177169,15.92,3051.7112356003745
development,b11p01,11,1,normal,outputs/study1_35f300_extension_v1/normal/b11p01.wav,200.0,49.803606964702965,0.6224703419399861,-19.55529061662193,14.32,2990.854279481164
development,b11p01,11,1,happy,outputs/study1_35f300_extension_v1/happy/b11p01.wav,214.35469250725862,88.6598998948896,0.591672753834916,-20.23546410591794,13.68,2931.2097577315385
development,b11p01,11,1,sad,outputs/study1_35f300_extension_v1/sad/b11p01.wav,202.3238880603845,38.73618980885678,0.6329565734681737,-16.978499288256344,16.8,2551.3610730883242
development,b11p01,11,1,calm,outputs/study1_35f300_extension_v1/calm/b11p01.wav,209.4588245641254,44.980587175910415,0.6102809324566647,-19.471993187663173,16.72,3233.5568248776976
development,b11p01,11,1,angry,outputs/study1_35f300_extension_v1/angry/b11p01.wav,246.2288826689832,67.31143677750026,0.6492985971943888,-20.480671619850636,14.96,2982.7541419332038
development,b11p01,11,1,surprise,outputs/study1_35f300_extension_v1/surprise/b11p01.wav,308.44216508158814,111.01822021487328,0.6287508722958828,-19.488704525746826,14.32,3256.279708326032
development,b11p02,11,2,normal,outputs/study1_35f300_extension_v1/normal/b11p02.wav,213.12010032569688,45.50323642334632,0.5085173501577287,-19.340416377328996,15.84,3016.075253773046
development,b11p02,11,2,happy,outputs/study1_35f300_extension_v1/happy/b11p02.wav,241.99881784385852,61.670629165920985,0.6754439681567667,-24.29817030431558,16.32,2548.1497128166043
development,b11p02,11,2,sad,outputs/study1_35f300_extension_v1/sad/b11p02.wav,297.93549262454053,52.293549840760875,0.5226824457593688,-24.221650111168657,15.2,2833.4637824614783
development,b11p02,11,2,calm,outputs/study1_35f300_extension_v1/calm/b11p02.wav,260.87041395311286,73.85741087950458,0.5894538606403014,-22.762335016305943,15.92,2809.115015813411
development,b11p02,11,2,angry,outputs/study1_35f300_extension_v1/angry/b11p02.wav,281.2136583244699,90.62054932844893,0.6346541302887844,-19.56236239409922,14.88,3035.70912305271
development,b11p02,11,2,surprise,outputs/study1_35f300_extension_v1/surprise/b11p02.wav,244.81070866093103,71.2947910710806,0.5850091407678245,-22.82171208773118,16.4,2717.8768323851873
development,b11p03,11,3,normal,outputs/study1_35f300_extension_v1/normal/b11p03.wav,270.06998923363795,55.61450324088955,0.6192384769539078,-20.379159274558717,14.96,2650.0494970022423
development,b11p03,11,3,happy,outputs/study1_35f300_extension_v1/happy/b11p03.wav,323.02966672001685,96.25271841903356,0.5970531710442024,-21.42776591812246,15.6,3488.109104464731
development,b11p03,11,3,sad,outputs/study1_35f300_extension_v1/sad/b11p03.wav,221.91389441356898,41.554104269628255,0.5315262227460223,-20.96753032740924,16.96,2793.681995019703
development,b11p03,11,3,calm,outputs/study1_35f300_extension_v1/calm/b11p03.wav,253.44393965741244,44.484405579082136,0.6592057761732852,-16.53462670053596,13.84,2514.182579524544
development,b11p03,11,3,angry,outputs/study1_35f300_extension_v1/angry/b11p03.wav,356.35948725613576,92.62168571541957,0.5624568668046929,-20.288015500633083,14.48,3112.2534186981607
development,b11p03,11,3,surprise,outputs/study1_35f300_extension_v1/surprise/b11p03.wav,291.13063656843747,80.55420797923682,0.6803820720058781,-20.481374757915237,13.6,3014.044404523174
development,b11p04,11,4,normal,outputs/study1_35f300_extension_v1/normal/b11p04.wav,299.66141537533633,85.27542310019794,0.6460791117279667,-18.365782551771574,14.4,3033.6095890311017
development,b11p04,11,4,happy,outputs/study1_35f300_extension_v1/happy/b11p04.wav,281.2136583244699,67.02689685457841,0.6026812918951858,-20.56767589347523,16.4,3118.8549847574172
development,b11p04,11,4,sad,outputs/study1_35f300_extension_v1/sad/b11p04.wav,213.12010032569688,48.25090356539744,0.5927545284197376,-19.355327800435806,16.0,2491.716764367433
development,b11p04,11,4,calm,outputs/study1_35f300_extension_v1/calm/b11p04.wav,166.24757922855756,37.41872186452767,0.47013698630136985,-17.83340690010369,18.24,2651.2133900395315
development,b11p04,11,4,angry,outputs/study1_35f300_extension_v1/angry/b11p04.wav,303.14331330207966,63.51634196096154,0.6777531411677753,-20.289092126343267,13.52,2612.44506414225
development,b11p04,11,4,surprise,outputs/study1_35f300_extension_v1/surprise/b11p04.wav,376.46246187056727,68.28921001928319,0.7509349289454001,-19.81573728669439,13.36,2992.87633196894
development,b11p05,11,5,normal,outputs/study1_35f300_extension_v1/normal/b11p05.wav,190.9683207820833,49.803606964702965,0.5532133676092545,-23.910996871097765,19.44,2732.143058765463
development,b11p05,11,5,happy,outputs/study1_35f300_extension_v1/happy/b11p05.wav,236.47155720542963,77.32810053474313,0.6347495244134432,-21.983529016956783,15.76,2749.63188493426
development,b11p05,11,5,sad,outputs/study1_35f300_extension_v1/sad/b11p05.wav,189.86842419010387,31.56746619812634,0.5441081777205409,-18.37961263985892,15.52,2950.3443235599525
development,b11p05,11,5,calm,outputs/study1_35f300_extension_v1/calm/b11p05.wav,173.1073122012286,30.034757339518734,0.6295764536970567,-21.597469193079096,13.92,3053.9372659031333
development,b11p05,11,5,angry,outputs/study1_35f300_extension_v1/angry/b11p05.wav,423.78523774371814,104.61919922456462,0.6785998408910103,-20.587319662856395,12.56,3431.627504384197
development,b11p05,11,5,surprise,outputs/study1_35f300_extension_v1/surprise/b11p05.wav,346.21462440245716,83.23121826785865,0.5376464026770775,-21.73427917405376,17.92,3044.7727669943
development,b11p06,11,6,normal,outputs/study1_35f300_extension_v1/normal/b11p06.wav,141.01409269977222,28.14187400262736,0.4997053624042428,-19.81033108327981,16.96,2431.6416772267003
development,b11p06,11,6,happy,outputs/study1_35f300_extension_v1/happy/b11p06.wav,265.4303484677136,82.28641940594238,0.6276849642004774,-17.98247790385765,12.56,2870.766784624427
development,b11p06,11,6,sad,outputs/study1_35f300_extension_v1/sad/b11p06.wav,165.29006363084235,28.286332457560775,0.4926644581164221,-20.3482587203532,21.12,2821.340953494374
development,b11p06,11,6,calm,outputs/study1_35f300_extension_v1/calm/b11p06.wav,203.49593842053727,45.25488327970035,0.6319018404907976,-22.333465408557608,17.92,2387.133176726838
development,b11p06,11,6,angry,outputs/study1_35f300_extension_v1/angry/b11p06.wav,246.2288826689832,77.17214170255963,0.5094833224329627,-21.659503831897954,15.28,3377.356509591054
development,b11p06,11,6,surprise,outputs/study1_35f300_extension_v1/surprise/b11p06.wav,219.36499593892518,61.043662038466834,0.5499081445192896,-19.12921939991538,16.32,2546.640041729139
development,b11p07,11,7,normal,outputs/study1_35f300_extension_v1/normal/b11p07.wav,219.36499593892518,49.36011937731064,0.5757392878696439,-18.654763650317967,16.56,2578.1161441266145
development,b11p07,11,7,happy,outputs/study1_35f300_extension_v1/happy/b11p07.wav,281.2136583244699,83.88839559057817,0.6578411405295316,-18.577137082942375,14.72,3087.0735276467576
development,b11p07,11,7,sad,outputs/study1_35f300_extension_v1/sad/b11p07.wav,235.10958125672175,59.91498606573137,0.6373687119955777,-22.045680233243097,18.08,2384.200252821619
development,b11p07,11,7,calm,outputs/study1_35f300_extension_v1/calm/b11p07.wav,209.4588245641254,25.058607708203994,0.6177317213586644,-19.375688156639782,17.36,2249.469381678946
development,b11p07,11,7,angry,outputs/study1_35f300_extension_v1/angry/b11p07.wav,208.25243050696125,62.3886239976423,0.565984474241355,-20.714809214377013,14.16,3091.274991261563
development,b11p07,11,7,surprise,outputs/study1_35f300_extension_v1/surprise/b11p07.wav,233.75544971224912,49.833911859142574,0.6632324533161623,-21.84880527809234,15.52,2893.7103924850353
development,b11p08,11,8,normal,outputs/study1_35f300_extension_v1/normal/b11p08.wav,188.7748625363387,41.51867146467748,0.6528599605522682,-21.816644910566367,15.2,2657.9831690410356
development,b11p08,11,8,happy,outputs/study1_35f300_extension_v1/happy/b11p08.wav,225.79288096122622,42.77173246644526,0.5961665565102445,-19.97883296742242,15.12,2833.7788214016587
development,b11p08,11,8,sad,outputs/study1_35f300_extension_v1/sad/b11p08.wav,221.91389441356898,21.736910200600732,0.4802319451765946,-20.485781715163164,18.96,3026.2087824108708
development,b11p08,11,8,calm,outputs/study1_35f300_extension_v1/calm/b11p08.wav,211.89261887185907,31.486492730505034,0.5327047731290513,-21.322026653221968,16.96,3115.8554770729493
development,b11p08,11,8,angry,outputs/study1_35f300_extension_v1/angry/b11p08.wav,281.2136583244699,76.69191585534148,0.7128309572301426,-19.741139054753553,14.72,2915.416345156067
development,b11p08,11,8,surprise,outputs/study1_35f300_extension_v1/surprise/b11p08.wav,256.3888163841458,77.56122861621654,0.6502301117685733,-16.747612472397513,15.2,2440.370167959557
development,b11p09,11,9,normal,outputs/study1_35f300_extension_v1/normal/b11p09.wav,284.4812036394563,70.08043494287887,0.6344925479063165,-19.914164206608053,14.08,2684.642276704276
development,b11p09,11,9,happy,outputs/study1_35f300_extension_v1/happy/b11p09.wav,379.7368483802076,63.13493239625274,0.7233592095977417,-17.686363527898603,14.16,2877.1457253844687
development,b11p09,11,9,sad,outputs/study1_35f300_extension_v1/sad/b11p09.wav,211.89261887185907,30.99833488195739,0.5237315875613748,-18.627571625521163,18.32,2856.399144479525
development,b11p09,11,9,calm,outputs/study1_35f300_extension_v1/calm/b11p09.wav,233.75544971224912,72.36718516305874,0.5848119233498935,-19.721690959809028,14.08,2547.628933025914
development,b11p09,11,9,angry,outputs/study1_35f300_extension_v1/angry/b11p09.wav,253.44393965741244,67.93120804239285,0.5936856554564173,-20.762345323357327,14.56,2977.5633355034574
development,b11p09,11,9,surprise,outputs/study1_35f300_extension_v1/surprise/b11p09.wav,303.14331330207966,70.11353756962535,0.6647847565278758,-19.53754802623679,14.16,2768.480410910374
development,b12p00,12,0,normal,outputs/study1_35f300_extension_v1/normal/b12p00.wav,237.8414230005442,88.5242488598764,0.6381156316916489,-19.911192406480442,14.0,2509.5205781460027
development,b12p00,12,0,happy,outputs/study1_35f300_extension_v1/happy/b12p00.wav,218.10154653305153,57.53557912667068,0.636101083032491,-20.57720880742651,13.84,2773.159163618521
development,b12p00,12,0,sad,outputs/study1_35f300_extension_v1/sad/b12p00.wav,231.07053937445463,45.235322952158214,0.6038920276208412,-18.75955619493227,15.92,2870.240918231121
development,b12p00,12,0,calm,outputs/study1_35f300_extension_v1/calm/b12p00.wav,201.15858821357068,36.59283021868313,0.6010958904109589,-18.96975997558625,18.24,2187.847697655705
development,b12p00,12,0,angry,outputs/study1_35f300_extension_v1/angry/b12p00.wav,220.63576443274928,39.21922434748075,0.6037473976405274,-19.310415102548756,14.4,2676.2965087611137
development,b12p00,12,0,surprise,outputs/study1_35f300_extension_v1/surprise/b12p00.wav,251.98420997897463,60.33630552582542,0.6863787375415282,-20.37573995124374,15.04,2510.8637270431695
development,b12p01,12,1,normal,outputs/study1_35f300_extension_v1/normal/b12p01.wav,270.06998923363795,66.67175609665003,0.6564885496183206,-20.598738827880876,14.4,2676.165307777243
development,b12p01,12,1,happy,outputs/study1_35f300_extension_v1/happy/b12p01.wav,306.66566893392013,79.05829808758028,0.6459671663097787,-22.114151714778245,14.0,3020.2075999274784
development,b12p01,12,1,sad,outputs/study1_35f300_extension_v1/sad/b12p01.wav,246.2288826689832,54.47355262506693,0.5066404328578455,-28.86487483229621,20.32,2741.7926307793155
development,b12p01,12,1,calm,outputs/study1_35f300_extension_v1/calm/b12p01.wav,178.69583600522918,47.209411877011036,0.5879428216283406,-22.621079255696614,16.08,2215.007717906205
development,b12p01,12,1,angry,outputs/study1_35f300_extension_v1/angry/b12p01.wav,284.4812036394563,77.78298624947408,0.5875085792724777,-22.722561190033147,14.56,3422.8087925178297
development,b12p01,12,1,surprise,outputs/study1_35f300_extension_v1/surprise/b12p01.wav,247.65527207548806,49.14950461712749,0.5241682360326428,-22.485244641764766,15.92,2635.530091598871
development,b12p02,12,2,normal,outputs/study1_35f300_extension_v1/normal/b12p02.wav,224.49240966187455,49.95246800490884,0.6127547666009204,-21.08121444807445,15.2,2923.173712516997
development,b12p02,12,2,happy,outputs/study1_35f300_extension_v1/happy/b12p02.wav,298.79845399993843,86.32286147360477,0.6941255908170155,-18.205061670156315,14.8,2897.6328570809496
development,b12p02,12,2,sad,outputs/study1_35f300_extension_v1/sad/b12p02.wav,205.86044732869837,45.60559910432198,0.4351103931071621,-21.115430930383248,18.56,2914.4018266829644
development,b12p02,12,2,calm,outputs/study1_35f300_extension_v1/calm/b12p02.wav,220.63576443274928,47.13796082001622,0.5940690325717064,-21.151841966010736,20.56,2416.7984796567066
development,b12p02,12,2,angry,outputs/study1_35f300_extension_v1/angry/b12p02.wav,279.5939868358039,101.57524002014068,0.5888285492629945,-22.51740873826781,12.88,3403.101282792247
development,b12p02,12,2,surprise,outputs/study1_35f300_extension_v1/surprise/b12p02.wav,251.98420997897463,58.958222403054606,0.686456400742115,-18.146189136437027,16.16,2581.5912292612443
development,b12p03,12,3,normal,outputs/study1_35f300_extension_v1/normal/b12p03.wav,245.51979566495712,84.5647086821638,0.6666666666666666,-23.011199870813975,16.16,2527.2979773867796
development,b12p03,12,3,happy,outputs/study1_35f300_extension_v1/happy/b12p03.wav,296.2195104573129,95.87753305431363,0.6331360946745562,-22.414682948927886,15.2,2765.8552279823916
development,b12p03,12,3,sad,outputs/study1_35f300_extension_v1/sad/b12p03.wav,196.56411970905023,34.926634648805276,0.4492753623188406,-18.778377286519813,14.48,2887.8857997342393
development,b12p03,12,3,calm,outputs/study1_35f300_extension_v1/calm/b12p03.wav,213.73739641647774,56.34538593987807,0.615678776290631,-17.611272648453664,15.68,2506.5510198233032
development,b12p03,12,3,angry,outputs/study1_35f300_extension_v1/angry/b12p03.wav,239.21922434748075,64.64408277362236,0.6580204778156996,-18.532019096639306,14.64,2797.8525334930946
development,b12p03,12,3,surprise,outputs/study1_35f300_extension_v1/surprise/b12p03.wav,282.842712474619,89.61057465447277,0.6982911019446081,-22.378834669163936,16.96,2754.434913589964
development,b12p04,12,4,normal,outputs/study1_35f300_extension_v1/normal/b12p04.wav,173.1073122012286,37.635486315123245,0.5213358070500927,-19.950446364743218,16.16,2642.320731738366
development,b12p04,12,4,happy,outputs/study1_35f300_extension_v1/happy/b12p04.wav,232.40911739156792,61.46151578777719,0.6369551073519844,-17.743491872401638,15.36,2784.386322861741
development,b12p04,12,4,sad,outputs/study1_35f300_extension_v1/sad/b12p04.wav,223.1994285260446,41.554104269628255,0.5551820728291317,-20.034290381193493,17.84,2788.8919281362696
development,b12p04,12,4,calm,outputs/study1_35f300_extension_v1/calm/b12p04.wav,194.30638823072118,42.4230270381307,0.5875077303648732,-17.21546899738876,16.16,2544.4186315407583
development,b12p04,12,4,angry,outputs/study1_35f300_extension_v1/angry/b12p04.wav,515.7481233758316,104.38152601448246,0.7110006215040398,-22.878488973776903,16.08,3823.050587637329
development,b12p04,12,4,surprise,outputs/study1_35f300_extension_v1/surprise/b12p04.wav,414.10596953655096,92.14394030102198,0.6968421052631579,-20.958698040145862,14.24,2865.731448621434
development,b12p05,12,5,normal,outputs/study1_35f300_extension_v1/normal/b12p05.wav,270.06998923363795,98.68359010991065,0.6899423446508648,-19.71934429844692,15.6,3044.3014295597804
development,b12p05,12,5,happy,outputs/study1_35f300_extension_v1/happy/b12p05.wav,250.53288772482563,59.988793977581736,0.7034700315457413,-17.64745273514293,15.84,2618.2268891025933
development,b12p05,12,5,sad,outputs/study1_35f300_extension_v1/sad/b12p05.wav,202.3238880603845,39.569396701925626,0.5171323141802847,-20.828753938476844,18.96,2414.3820250327212
development,b12p05,12,5,calm,outputs/study1_35f300_extension_v1/calm/b12p05.wav,173.1073122012286,46.044112030197226,0.5855221012171685,-19.595866058695087,15.6,2576.4254842381774
development,b12p05,12,5,angry,outputs/study1_35f300_extension_v1/angry/b12p05.wav,256.3888163841458,65.10454140501125,0.5809731299927379,-19.606341305294524,13.76,3196.5052544436335
development,b12p05,12,5,surprise,outputs/study1_35f300_extension_v1/surprise/b12p05.wav,167.2106416577019,47.48568804416021,0.5719108710330858,-19.072526242476822,14.8,2833.5799704163173
development,b12p06,12,6,normal,outputs/study1_35f300_extension_v1/normal/b12p06.wav,228.41646786215435,76.7323818357846,0.6932742054693274,-19.013655242031323,13.52,2332.877328513487
development,b12p06,12,6,happy,outputs/study1_35f300_extension_v1/happy/b12p06.wav,236.47155720542963,51.411589388987466,0.7110125646711013,-17.384535499452138,13.52,2474.5354787599376
development,b12p06,12,6,sad,outputs/study1_35f300_extension_v1/sad/b12p06.wav,228.41646786215435,37.412787399128746,0.5589182227945911,-20.143817727804645,15.52,2905.557963550903
development,b12p06,12,6,calm,outputs/study1_35f300_extension_v1/calm/b12p06.wav,224.49240966187455,43.98511509328705,0.5644211903204709,-18.988666863020182,15.28,2808.8770313499394
development,b12p06,12,6,angry,outputs/study1_35f300_extension_v1/angry/b12p06.wav,270.06998923363795,120.42174344123094,0.5737122557726465,-19.800518892261188,16.88,2973.202476065523
development,b12p06,12,6,surprise,outputs/study1_35f300_extension_v1/surprise/b12p06.wav,352.26634943845943,124.33353245867391,0.6238660153524075,-18.538883975123333,14.32,2957.218544785433
development,b12p07,12,7,normal,outputs/study1_35f300_extension_v1/normal/b12p07.wav,215.59643660857103,46.8731022184609,0.5997078159240321,-16.86550795450817,13.68,2489.8963729430884
development,b12p07,12,7,happy,outputs/study1_35f300_extension_v1/happy/b12p07.wav,271.6344887654643,72.72999581498135,0.6065879428216283,-19.4175681858879,16.08,2649.014996001079
development,b12p07,12,7,sad,outputs/study1_35f300_extension_v1/sad/b12p07.wav,214.35469250725862,64.48336259337597,0.6629798308392973,-19.182344148631326,15.36,2740.4530750391273
development,b12p07,12,7,calm,outputs/study1_35f300_extension_v1/calm/b12p07.wav,197.70280407057922,54.229373763500064,0.6411103767349636,-18.922172219068173,15.12,2238.9091577232844
development,b12p07,12,7,angry,outputs/study1_35f300_extension_v1/angry/b12p07.wav,304.8994046511524,79.24665356845031,0.5495384615384615,-18.727359418773162,16.24,2982.5191937627837
development,b12p07,12,7,surprise,outputs/study1_35f300_extension_v1/surprise/b12p07.wav,239.21922434748075,65.33190492749247,0.6205507051712559,-17.44798193080301,14.88,2673.6454648884237
development,b12p08,12,8,normal,outputs/study1_35f300_extension_v1/normal/b12p08.wav,235.10958125672175,67.74610117325346,0.5810526315789474,-20.489310584146438,14.24,2462.5653933108083
development,b12p08,12,8,happy,outputs/study1_35f300_extension_v1/happy/b12p08.wav,236.47155720542963,65.4303484677136,0.7189496096522356,-18.007304408494093,14.08,2498.5523524050554
development,b12p08,12,8,sad,outputs/study1_35f300_extension_v1/sad/b12p08.wav,250.53288772482563,66.47388651010701,0.52021726010863,-26.543387370031436,16.56,3230.397053562785
development,b12p08,12,8,calm,outputs/study1_35f300_extension_v1/calm/b12p08.wav,228.41646786215435,60.40564373404155,0.6671318911374738,-19.550805253215465,14.32,2599.6825319053805
development,b12p08,12,8,angry,outputs/study1_35f300_extension_v1/angry/b12p08.wav,368.92647743437567,84.00970255680738,0.6703071672354949,-25.25811275463211,14.64,3194.714889879051
development,b12p08,12,8,surprise,outputs/study1_35f300_extension_v1/surprise/b12p08.wav,214.35469250725862,67.26752801488848,0.5856107083100948,-23.32200895002501,17.92,2804.9378653358335
development,b12p09,12,9,normal,outputs/study1_35f300_extension_v1/normal/b12p09.wav,265.4303484677136,51.40880179638185,0.695338779432965,-17.56521689287665,20.8,2559.8422589243273
development,b12p09,12,9,happy,outputs/study1_35f300_extension_v1/happy/b12p09.wav,173.1073122012286,39.64730012970011,0.5536723163841808,-20.7622683107494,15.92,2604.429220598891
development,b12p09,12,9,sad,outputs/study1_35f300_extension_v1/sad/b12p09.wav,165.29006363084235,29.179726100140158,0.4166325276526014,-24.25572968402808,24.4,3066.120422908318
development,b12p09,12,9,calm,outputs/study1_35f300_extension_v1/calm/b12p09.wav,192.07458901020084,46.25768373769657,0.5723727693324521,-20.85776060397462,15.12,2398.5132899630376
development,b12p09,12,9,angry,outputs/study1_35f300_extension_v1/angry/b12p09.wav,234.43251548448544,55.971523903588206,0.5636923076923077,-21.537917932000838,16.24,3192.5904122943202
development,b12p09,12,9,surprise,outputs/study1_35f300_extension_v1/surprise/b12p09.wav,224.49240966187455,63.16760988253364,0.5973367152821814,-20.893604191736898,15.76,3456.7464888064937
development,b13p00,13,0,normal,outputs/study1_35f300_extension_v1/normal/b13p00.wav,303.14331330207966,96.00912760405765,0.7174721189591078,-21.051012949765283,13.44,2804.0628322766083
development,b13p00,13,0,happy,outputs/study1_35f300_extension_v1/happy/b13p00.wav,342.23801027304086,97.47011551661791,0.6833696441539578,-19.827751860268855,13.76,2860.5297759219065
development,b13p00,13,0,sad,outputs/study1_35f300_extension_v1/sad/b13p00.wav,161.5148333600084,23.54706563013721,0.3839541547277937,-22.02258683839122,17.44,2832.138106853625
development,b13p00,13,0,calm,outputs/study1_35f300_extension_v1/calm/b13p00.wav,276.38257599355524,50.864448570089564,0.672016748080949,-19.197180375529946,14.32,2875.6931524998186
development,b13p00,13,0,angry,outputs/study1_35f300_extension_v1/angry/b13p00.wav,443.82778882713797,84.97364120109307,0.730126920507682,-20.383656569189654,14.96,3652.5854802756107
development,b13p00,13,0,surprise,outputs/study1_35f300_extension_v1/surprise/b13p00.wav,299.66141537533633,58.03870732184856,0.6593059936908517,-20.49797870189365,15.84,2841.3912251454976
development,b13p01,13,1,normal,outputs/study1_35f300_extension_v1/normal/b13p01.wav,201.15858821357068,53.73461136282609,0.6054794520547945,-24.63206947289635,18.24,2554.808392208195
development,b13p01,13,1,happy,outputs/study1_35f300_extension_v1/happy/b13p01.wav,281.2136583244699,58.11229946343798,0.6806153846153846,-21.81060906496217,16.24,2235.274467082824
development,b13p01,13,1,sad,outputs/study1_35f300_extension_v1/sad/b13p01.wav,205.86044732869837,58.54128333475455,0.5718769617074702,-19.167486401123167,15.92,3225.134574698546
development,b13p01,13,1,calm,outputs/study1_35f300_extension_v1/calm/b13p01.wav,173.1073122012286,33.142491314355,0.5390769230769231,-19.8463782743042,16.24,2487.7819595768233
development,b13p01,13,1,angry,outputs/study1_35f300_extension_v1/angry/b13p01.wav,348.2202253184496,91.20257199836209,0.5739776951672863,-20.3119885200288,13.44,3206.005798217549
development,b13p01,13,1,surprise,outputs/study1_35f300_extension_v1/surprise/b13p01.wav,270.06998923363795,83.24254154388865,0.5893687707641196,-21.230125450194322,15.04,3033.097461904893
development,b13p02,13,2,normal,outputs/study1_35f300_extension_v1/normal/b13p02.wav,130.0595812208287,36.45510961083551,0.4895881536325775,-22.839515034314317,21.6,2712.6540975143193
development,b13p02,13,2,happy,outputs/study1_35f300_extension_v1/happy/b13p02.wav,321.1691527453505,88.22093430190478,0.6714610143830432,-18.3882098916848,13.2,3210.8764525204897
development,b13p02,13,2,sad,outputs/study1_35f300_extension_v1/sad/b13p02.wav,104.12621525348065,20.151603447220978,0.3901716992303138,-19.718727821168343,16.88,3290.4960570126004
development,b13p02,13,2,calm,outputs/study1_35f300_extension_v1/calm/b13p02.wav,90.64713534281104,25.043815409145935,0.3538640325392214,-20.470460725718315,17.2,2594.3780574166885
development,b13p02,13,2,angry,outputs/study1_35f300_extension_v1/angry/b13p02.wav,276.38257599355524,78.26098604615913,0.5679214402618658,-20.084148212306637,18.32,3424.360336923519
development,b13p02,13,2,surprise,outputs/study1_35f300_extension_v1/surprise/b13p02.wav,254.91212546385245,67.02425822789883,0.5885947046843177,-19.530608637076856,14.72,3045.0340395219478
development,b13p03,13,3,normal,outputs/study1_35f300_extension_v1/normal/b13p03.wav,239.21922434748075,45.800035621527286,0.6258298129149065,-16.95186628328962,16.56,2651.831282580311
development,b13p03,13,3,happy,outputs/study1_35f300_extension_v1/happy/b13p03.wav,250.53288772482563,53.18314746751062,0.6767546683837733,-23.29013474930698,15.52,2538.566104602781
development,b13p03,13,3,sad,outputs/study1_35f300_extension_v1/sad/b13p03.wav,210.0655158775463,38.440549433010545,0.5465465465465466,-18.325841324306168,16.64,2533.8499387669385
development,b13p03,13,3,calm,outputs/study1_35f300_extension_v1/calm/b13p03.wav,243.40070273411817,45.054076420437866,0.6335109532267614,-19.396737435260146,16.88,2512.179383918095
development,b13p03,13,3,angry,outputs/study1_35f300_extension_v1/angry/b13p03.wav,260.87041395311286,63.07746818971802,0.6004140786749482,-20.82106327360128,14.48,3087.629355245758
development,b13p03,13,3,surprise,outputs/study1_35f300_extension_v1/surprise/b13p03.wav,251.98420997897463,42.38161210004995,0.6771799628942486,-21.501758934208894,16.16,2339.501260025341
development,b13p04,13,4,normal,outputs/study1_35f300_extension_v1/normal/b13p04.wav,308.44216508158814,83.35016094461918,0.625236593059937,-20.637295784529357,15.84,2729.8074863044353
development,b13p04,13,4,happy,outputs/study1_35f300_extension_v1/happy/b13p04.wav,251.98420997897463,59.100318390128905,0.7110501029512697,-21.716938076387734,14.56,2869.579716478463
development,b13p04,13,4,sad,outputs/study1_35f300_extension_v1/sad/b13p04.wav,218.10154653305153,54.62584019777947,0.5053702656868287,-25.725797994612375,17.68,2670.537015779319
development,b13p04,13,4,calm,outputs/study1_35f300_extension_v1/calm/b13p04.wav,243.40070273411817,52.876835078048884,0.5930735930735931,-21.606978711442594,16.16,2795.0743647762893
development,b13p04,13,4,angry,outputs/study1_35f300_extension_v1/angry/b13p04.wav,345.2175996500946,152.22108728105997,0.669848846459825,-21.116461476582018,12.56,3150.3255352096717
development,b13p04,13,4,surprise,outputs/study1_35f300_extension_v1/surprise/b13p04.wav,203.49593842053727,37.45065569638115,0.6292585170340681,-24.140206918616617,14.96,2759.327279363472
development,b13p05,13,5,normal,outputs/study1_35f300_extension_v1/normal/b13p05.wav,213.12010032569688,52.61262604011927,0.7038280725319006,-21.258863398390815,14.88,2181.7187913327407
development,b13p05,13,5,happy,outputs/study1_35f300_extension_v1/happy/b13p05.wav,201.15858821357068,60.93710718428349,0.5317200784826684,-22.017890273480944,15.28,3196.5598772406784
development,b13p05,13,5,sad,outputs/study1_35f300_extension_v1/sad/b13p05.wav,195.43199368684918,42.211492118453066,0.560857908847185,-20.677854627869635,18.64,2613.0749790961763
development,b13p05,13,5,calm,outputs/study1_35f300_extension_v1/calm/b13p05.wav,196.56411970905023,54.703252755867084,0.5294863665187064,-22.517874867964007,15.76,3957.360560930075
development,b13p05,13,5,angry,outputs/study1_35f300_extension_v1/angry/b13p05.wav,313.83363915870024,84.23701840730632,0.5926809864757359,-21.543291734010026,12.56,3202.1653396676697
development,b13p05,13,5,surprise,outputs/study1_35f300_extension_v1/surprise/b13p05.wav,292.81713918912504,59.12808456543803,0.6415094339622641,-18.598602011615093,15.36,2625.6282294518687
development,b13p06,13,6,normal,outputs/study1_35f300_extension_v1/normal/b13p06.wav,251.98420997897463,34.55885344243893,0.6862289366647298,-19.12180401700381,17.2,2262.3329899379883
development,b13p06,13,6,happy,outputs/study1_35f300_extension_v1/happy/b13p06.wav,253.44393965741244,60.92881806105004,0.706842435655995,-18.383060211288978,15.92,2619.9072897787987
development,b13p06,13,6,sad,outputs/study1_35f300_extension_v1/sad/b13p06.wav,229.73967099940702,67.41602955914232,0.5275924802910855,-19.409595328031642,16.48,2930.3699908936705
development,b13p06,13,6,calm,outputs/study1_35f300_extension_v1/calm/b13p06.wav,254.91212546385245,35.57150514413712,0.6262680192205019,-18.736201351567775,18.72,3034.478207538497
development,b13p06,13,6,angry,outputs/study1_35f300_extension_v1/angry/b13p06.wav,296.2195104573129,64.77927149432452,0.6093862815884477,-19.924033956274876,13.84,3001.8114156231854
development,b13p06,13,6,surprise,outputs/study1_35f300_extension_v1/surprise/b13p06.wav,235.10958125672175,69.59519392385764,0.5763747454175153,-18.656907683375223,14.72,2786.0692299716357
development,b13p07,13,7,normal,outputs/study1_35f300_extension_v1/normal/b13p07.wav,236.47155720542963,52.61327832674823,0.6515054452274183,-20.14700551715675,15.6,2331.5874396746735
development,b13p07,13,7,happy,outputs/study1_35f300_extension_v1/happy/b13p07.wav,268.51450055605267,61.81999237479212,0.6050420168067226,-20.565470243913936,17.84,3232.5100858430546
development,b13p07,13,7,sad,outputs/study1_35f300_extension_v1/sad/b13p07.wav,216.8453740602837,43.284291420460534,0.5090345895715023,-22.221332045367706,19.36,3008.411065479647
development,b13p07,13,7,calm,outputs/study1_35f300_extension_v1/calm/b13p07.wav,260.87041395311286,73.82886527669777,0.5573573573573574,-19.531876693576258,16.64,2505.186780147392
development,b13p07,13,7,angry,outputs/study1_35f300_extension_v1/angry/b13p07.wav,247.65527207548806,32.83104278012419,0.6110753380553767,-18.987266949991316,15.52,2963.46246644902
development,b13p07,13,7,surprise,outputs/study1_35f300_extension_v1/surprise/b13p07.wav,338.3070714525794,90.8060049957291,0.690041249263406,-19.234726511703144,16.96,2953.934497757552
development,b13p08,13,8,normal,outputs/study1_35f300_extension_v1/normal/b13p08.wav,228.41646786215435,65.81277421093623,0.553837001784652,-21.178420381066687,16.8,2481.883842505663
development,b13p08,13,8,happy,outputs/study1_35f300_extension_v1/happy/b13p08.wav,317.4802103936399,56.43385889556805,0.6527220630372493,-18.1320838012008,17.44,3062.0812832569536
development,b13p08,13,8,sad,outputs/study1_35f300_extension_v1/sad/b13p08.wav,223.1994285260446,63.567673457194616,0.576271186440678,-20.396831551926567,15.92,2974.8383647844958
development,b13p08,13,8,calm,outputs/study1_35f300_extension_v1/calm/b13p08.wav,244.81070866093103,65.33190492749247,0.6004828002414001,-18.925240675778504,16.56,3025.1547942196385
development,b13p08,13,8,angry,outputs/study1_35f300_extension_v1/angry/b13p08.wav,278.7888154021357,88.94166764767581,0.7114731839782756,-24.159339763533655,14.72,2940.850758663414
development,b13p08,13,8,surprise,outputs/study1_35f300_extension_v1/surprise/b13p08.wav,257.8740616879158,64.02975075426204,0.6961285609934259,-22.190303638538722,13.68,3170.641241182435
development,b13p09,13,9,normal,outputs/study1_35f300_extension_v1/normal/b13p09.wav,235.10958125672175,55.07535196214778,0.6550161812297735,-20.314665821672165,15.44,2887.4680127925567
development,b13p09,13,9,happy,outputs/study1_35f300_extension_v1/happy/b13p09.wav,270.06998923363795,40.46799679054095,0.73224043715847,-16.669190808822755,12.8,2802.3942215720867
development,b13p09,13,9,sad,outputs/study1_35f300_extension_v1/sad/b13p09.wav,193.1872657849691,32.49246356289933,0.5033282130056324,-21.033277470532184,19.52,3028.4680350968683
development,b13p09,13,9,calm,outputs/study1_35f300_extension_v1/calm/b13p09.wav,213.12010032569688,53.223955307519816,0.5816485225505443,-18.898533571019538,19.28,2295.1668002363135
development,b13p09,13,9,angry,outputs/study1_35f300_extension_v1/angry/b13p09.wav,342.23801027304086,102.06450737545947,0.6386105544422178,-20.012323711133323,14.96,3009.3534253694843
development,b13p09,13,9,surprise,outputs/study1_35f300_extension_v1/surprise/b13p09.wav,268.51450055605267,93.02764093597091,0.5961138098542679,-22.56304908683314,14.4,3105.39146916284
development,b14p00,14,0,normal,outputs/study1_35f300_extension_v1/normal/b14p00.wav,294.5134116201051,92.42246547154528,0.628140703517588,-18.02004390590358,13.92,2605.3630649129777
development,b14p00,14,0,happy,outputs/study1_35f300_extension_v1/happy/b14p00.wav,294.5134116201051,74.62109676919931,0.6276923076923077,-18.875650968457048,16.24,2970.568179143754
development,b14p00,14,0,sad,outputs/study1_35f300_extension_v1/sad/b14p00.wav,215.59643660857103,56.79410442675669,0.5959661678594665,-18.384966404790482,15.36,2643.7676884801735
development,b14p00,14,0,calm,outputs/study1_35f300_extension_v1/calm/b14p00.wav,279.5939868358039,81.47793154211573,0.6669190007570023,-19.33752427280044,13.2,2739.184820130945
development,b14p00,14,0,angry,outputs/study1_35f300_extension_v1/angry/b14p00.wav,297.93549262454053,58.9456384962204,0.6909413854351687,-20.51225491303547,16.88,2969.026905769607
development,b14p00,14,0,surprise,outputs/study1_35f300_extension_v1/surprise/b14p00.wav,251.98420997897463,72.17050528365183,0.6408800567778566,-18.574769749609764,14.08,2604.0801018361626
development,b14p01,14,1,normal,outputs/study1_35f300_extension_v1/normal/b14p01.wav,276.38257599355524,72.07922827358587,0.5811390079608083,-18.856460920853706,16.32,3238.894089568296
development,b14p01,14,1,happy,outputs/study1_35f300_extension_v1/happy/b14p01.wav,284.4812036394563,71.56652200785805,0.6240772288472459,-19.18569351415273,17.6,3150.8745198894753
development,b14p01,14,1,sad,outputs/study1_35f300_extension_v1/sad/b14p01.wav,220.63576443274928,55.26056188689989,0.5070982396365701,-22.418343180293633,17.6,2748.4778413103013
development,b14p01,14,1,calm,outputs/study1_35f300_extension_v1/calm/b14p01.wav,207.05298476827548,31.486492730505034,0.5404637955513488,-20.66559797264869,21.12,2318.907054828774
development,b14p01,14,1,angry,outputs/study1_35f300_extension_v1/angry/b14p01.wav,274.79072949161787,83.24254154388865,0.6110080395794681,-17.351572298969028,16.16,2685.7051581738106
development,b14p01,14,1,surprise,outputs/study1_35f300_extension_v1/surprise/b14p01.wav,232.40911739156792,52.01361435921743,0.5926583777383067,-22.325527887148017,16.88,2800.646872689889
development,b14p02,14,2,normal,outputs/study1_35f300_extension_v1/normal/b14p02.wav,228.41646786215435,50.953810229334124,0.6103190767141887,-21.145303397136075,14.72,2603.778715212841
development,b14p02,14,2,happy,outputs/study1_35f300_extension_v1/happy/b14p02.wav,306.66566893392013,80.14770193868486,0.6856554564172959,-21.526595867423467,14.56,3118.278879825153
development,b14p02,14,2,sad,outputs/study1_35f300_extension_v1/sad/b14p02.wav,188.7748625363387,40.30528883783569,0.4695384615384615,-21.00250096215197,16.24,2563.6406049200873
development,b14p02,14,2,calm,outputs/study1_35f300_extension_v1/calm/b14p02.wav,223.1994285260446,31.15986758656186,0.5126694166175604,-20.99525283469124,16.96,2689.270664884285
development,b14p02,14,2,angry,outputs/study1_35f300_extension_v1/angry/b14p02.wav,287.786716002164,64.0000696977637,0.6082327892122072,-19.564560186991717,14.08,3190.8129321012602
development,b14p02,14,2,surprise,outputs/study1_35f300_extension_v1/surprise/b14p02.wav,259.3679109302019,82.87820606147622,0.6650383810188416,-19.130091149979425,14.32,2808.846684107764
development,b14p03,14,3,normal,outputs/study1_35f300_extension_v1/normal/b14p03.wav,304.8994046511524,65.09902010170026,0.6590730557737627,-22.373531274770905,12.72,2873.6764335259
development,b14p03,14,3,happy,outputs/study1_35f300_extension_v1/happy/b14p03.wav,286.12918648705164,64.40146976073027,0.7032385988103106,-23.75621822985692,15.12,2805.921601757118
development,b14p03,14,3,sad,outputs/study1_35f300_extension_v1/sad/b14p03.wav,218.10154653305153,32.352576709462085,0.36543466944299846,-22.2853162603729,19.2,2846.186588175597
development,b14p03,14,3,calm,outputs/study1_35f300_extension_v1/calm/b14p03.wav,207.05298476827548,35.717547125535845,0.5606153846153846,-22.15406400039989,16.24,2847.02059221495
development,b14p03,14,3,angry,outputs/study1_35f300_extension_v1/angry/b14p03.wav,308.44216508158814,84.60489740277671,0.6158650843222986,-21.716947280024694,16.0,2974.0414991454586
development,b14p03,14,3,surprise,outputs/study1_35f300_extension_v1/surprise/b14p03.wav,271.6344887654643,87.80640064883886,0.6024177300201478,-19.257780251063057,14.88,3000.8601196808395
development,b14p04,14,4,normal,outputs/study1_35f300_extension_v1/normal/b14p04.wav,246.2288826689832,56.038052156893286,0.6855926188786373,-19.65607256923638,14.08,2653.5339557053358
development,b14p04,14,4,happy,outputs/study1_35f300_extension_v1/happy/b14p04.wav,231.07053937445463,42.52538541484924,0.5556216537775134,-17.651102979967238,16.8,2954.824556882313
development,b14p04,14,4,sad,outputs/study1_35f300_extension_v1/sad/b14p04.wav,256.3888163841458,54.42624461246467,0.6537425955842757,-20.01749734277481,18.56,2706.9405461729375
development,b14p04,14,4,calm,outputs/study1_35f300_extension_v1/calm/b14p04.wav,257.8740616879158,52.29043332540874,0.6906474820143885,-21.165568863238853,15.28,2663.4123240267295
development,b14p04,14,4,angry,outputs/study1_35f300_extension_v1/angry/b14p04.wav,395.40560814115844,96.4919816048095,0.6455199476782211,-21.674923477868354,15.28,3408.10534547756
development,b14p04,14,4,surprise,outputs/study1_35f300_extension_v1/surprise/b14p04.wav,244.81070866093103,67.34760402218078,0.570079883805374,-18.655229934515912,13.76,3500.1124823597047
development,b14p05,14,5,normal,outputs/study1_35f300_extension_v1/normal/b14p05.wav,224.49240966187455,61.22303267391908,0.5648535564853556,-19.334044268246252,16.72,2571.779724474385
development,b14p05,14,5,happy,outputs/study1_35f300_extension_v1/happy/b14p05.wav,223.1994285260446,75.52956397627244,0.7108350586611456,-18.96119902665412,14.48,2620.2833550074897
development,b14p05,14,5,sad,outputs/study1_35f300_extension_v1/sad/b14p05.wav,194.30638823072118,49.65970624199653,0.5384234010907288,-19.660944832966095,20.16,2593.1994126044506
development,b14p05,14,5,calm,outputs/study1_35f300_extension_v1/calm/b14p05.wav,211.89261887185907,48.50298294936027,0.6565183450429352,-20.469719357778033,12.8,2433.7143235981252
development,b14p05,14,5,angry,outputs/study1_35f300_extension_v1/angry/b14p05.wav,274.79072949161787,55.31682690289446,0.5577889447236181,-18.59017691317884,13.92,3206.972893828537
development,b14p05,14,5,surprise,outputs/study1_35f300_extension_v1/surprise/b14p05.wav,257.13143903603077,82.14493199815786,0.7078066914498141,-15.068990010354579,13.44,2490.531934577006
development,b14p06,14,6,normal,outputs/study1_35f300_extension_v1/normal/b14p06.wav,172.11028744886602,41.02225529578118,0.4936986301369863,-19.582279532941655,18.24,2336.885677937553
development,b14p06,14,6,happy,outputs/study1_35f300_extension_v1/happy/b14p06.wav,209.4588245641254,41.20211518435076,0.5473277527366388,-17.205969634845523,15.52,2822.4737009826076
development,b14p06,14,6,sad,outputs/study1_35f300_extension_v1/sad/b14p06.wav,214.35469250725862,45.24115706661789,0.48892032060348894,-22.53887598198404,21.2,3069.404526380655
development,b14p06,14,6,calm,outputs/study1_35f300_extension_v1/calm/b14p06.wav,194.30638823072118,47.25470849005916,0.6458481192334989,-17.434053320138993,14.08,2380.027742909353
development,b14p06,14,6,angry,outputs/study1_35f300_extension_v1/angry/b14p06.wav,231.7398283830113,104.83491580142956,0.6144040790312301,-22.102895304978354,15.68,3139.179000653953
development,b14p06,14,6,surprise,outputs/study1_35f300_extension_v1/surprise/b14p06.wav,223.1994285260446,59.02597692440631,0.5847871598046057,-20.08633905621879,14.32,2820.973448752671
development,b14p07,14,7,normal,outputs/study1_35f300_extension_v1/normal/b14p07.wav,249.08992447176465,43.21802090330996,0.5813315030885381,-19.6403046235513,14.56,2866.6103910299735
development,b14p07,14,7,happy,outputs/study1_35f300_extension_v1/happy/b14p07.wav,241.99881784385852,60.087951025182264,0.6295764536970567,-19.321341536348513,13.92,2496.1388868750355
development,b14p07,14,7,sad,outputs/study1_35f300_extension_v1/sad/b14p07.wav,241.99881784385852,45.315072030008054,0.6080521018354056,-20.970628314182957,16.88,2390.2967971105827
development,b14p07,14,7,calm,outputs/study1_35f300_extension_v1/calm/b14p07.wav,231.07053937445463,59.71182573954218,0.6801831262262917,-19.073897594143478,15.28,2402.1817318135913
development,b14p07,14,7,angry,outputs/study1_35f300_extension_v1/angry/b14p07.wav,257.13143903603077,68.02763995400011,0.6760343481654957,-16.998053376012887,12.8,2569.1250976627193
development,b14p07,14,7,surprise,outputs/study1_35f300_extension_v1/surprise/b14p07.wav,246.2288826689832,72.19027939359296,0.6093105480259281,-18.135943322722127,16.96,2695.848512185302
development,b14p08,14,8,normal,outputs/study1_35f300_extension_v1/normal/b14p08.wav,225.79288096122622,91.38866715224643,0.5473747736873869,-17.945321329140423,16.56,2022.03655905738
development,b14p08,14,8,happy,outputs/study1_35f300_extension_v1/happy/b14p08.wav,336.3585661014858,85.92135118038158,0.6919555264879006,-18.02718476933341,15.28,3177.6060890991093
development,b14p08,14,8,sad,outputs/study1_35f300_extension_v1/sad/b14p08.wav,218.10154653305153,31.613642836184482,0.47069513857337575,-21.266465879012802,22.0,2840.731977113589
development,b14p08,14,8,calm,outputs/study1_35f300_extension_v1/calm/b14p08.wav,210.67220719096719,76.4227750656008,0.676686706746827,-17.670733938787645,14.96,2510.3452854220013
development,b14p08,14,8,angry,outputs/study1_35f300_extension_v1/angry/b14p08.wav,336.3585661014858,78.33951208529243,0.5668883961566888,-20.62061203816933,13.52,3163.8575843530925
development,b14p08,14,8,surprise,outputs/study1_35f300_extension_v1/surprise/b14p08.wav,282.842712474619,41.474194247581295,0.6635616438356164,-19.40270479158269,18.24,2842.293555620276
development,b14p09,14,9,normal,outputs/study1_35f300_extension_v1/normal/b14p09.wav,221.91389441356898,60.315061935425945,0.6202373516552155,-20.44888096709162,16.0,2799.5355438348256
development,b14p09,14,9,happy,outputs/study1_35f300_extension_v1/happy/b14p09.wav,210.67220719096719,42.54069320146405,0.5921921921921922,-17.675242089700678,16.64,2621.6679431052057
development,b14p09,14,9,sad,outputs/study1_35f300_extension_v1/sad/b14p09.wav,172.11028744886602,35.15776943085072,0.572118286059143,-20.868406739696972,16.56,2977.0818749938435
development,b14p09,14,9,calm,outputs/study1_35f300_extension_v1/calm/b14p09.wav,265.4303484677136,45.261979291975535,0.668769716088328,-18.665706662704174,15.84,2654.585276159006
development,b14p09,14,9,angry,outputs/study1_35f300_extension_v1/angry/b14p09.wav,315.65165893545657,93.43659368783142,0.6671652954375468,-22.518016499208912,13.36,3215.789144456571
development,b14p09,14,9,surprise,outputs/study1_35f300_extension_v1/surprise/b14p09.wav,321.1691527453505,95.22955264625551,0.7585345545378851,-19.219046101468994,12.0,2752.4891643281567
development,b15p00,15,0,normal,outputs/study1_35f300_extension_v1/normal/b15p00.wav,243.40070273411817,55.394400230355785,0.6581446311176041,-19.05984906628434,13.68,2300.440851104656
development,b15p00,15,0,happy,outputs/study1_35f300_extension_v1/happy/b15p00.wav,301.3973362949152,79.70572476239693,0.6447270007479432,-19.17404926010629,13.36,3088.0707375528877
development,b15p00,15,0,sad,outputs/study1_35f300_extension_v1/sad/b15p00.wav,187.68759933422865,39.81534060589496,0.496986301369863,-20.378110323849462,18.24,2685.9414397916285
development,b15p00,15,0,calm,outputs/study1_35f300_extension_v1/calm/b15p00.wav,185.5318233882619,44.68197721415717,0.5653958944281525,-22.147493866513784,17.04,2562.078950298782
development,b15p00,15,0,angry,outputs/study1_35f300_extension_v1/angry/b15p00.wav,262.38162088748976,46.20468102978336,0.6420097697138869,-15.345716244553746,14.32,2480.335067077777
development,b15p00,15,0,surprise,outputs/study1_35f300_extension_v1/surprise/b15p00.wav,218.10154653305153,36.47155720542963,0.6293515358361774,-19.968389610520838,14.64,2469.418172263936
development,b15p01,15,1,normal,outputs/study1_35f300_extension_v1/normal/b15p01.wav,250.53288772482563,77.1145088111968,0.6337828246983677,-20.146371057042476,14.08,2514.965870523129
development,b15p01,15,1,happy,outputs/study1_35f300_extension_v1/happy/b15p01.wav,243.40070273411817,49.72059435189533,0.6437189496096523,-21.989801517237048,14.08,2578.337850002512
development,b15p01,15,1,sad,outputs/study1_35f300_extension_v1/sad/b15p01.wav,244.81070866093103,40.09803269389832,0.6154317207593386,-20.619907473362616,16.32,2748.296714596432
development,b15p01,15,1,calm,outputs/study1_35f300_extension_v1/calm/b15p01.wav,218.10154653305153,60.70454715823644,0.6356923076923077,-22.778965233389638,16.24,2284.7132774486467
development,b15p01,15,1,angry,outputs/study1_35f300_extension_v1/angry/b15p01.wav,303.14331330207966,115.4667872248217,0.6515259048970902,-21.607147750507405,14.08,3048.0859307601395
development,b15p01,15,1,surprise,outputs/study1_35f300_extension_v1/surprise/b15p01.wav,393.12823941810046,112.52159537521686,0.7061371841155235,-18.135425585266272,13.84,2861.631355553844
development,b15p02,15,2,normal,outputs/study1_35f300_extension_v1/normal/b15p02.wav,263.9015821545788,69.92174437592931,0.655624568668047,-20.128090389972243,14.48,2594.412578990097
development,b15p02,15,2,happy,outputs/study1_35f300_extension_v1/happy/b15p02.wav,271.6344887654643,76.35844408441949,0.7094932191291934,-17.392120187010146,14.0,2563.567515539272
development,b15p02,15,2,sad,outputs/study1_35f300_extension_v1/sad/b15p02.wav,175.11872228117704,38.04312679924922,0.536699635606455,-23.826860525729224,19.2,2752.2492411193125
development,b15p02,15,2,calm,outputs/study1_35f300_extension_v1/calm/b15p02.wav,229.73967099940702,23.759633156139643,0.7050578915295551,-20.386382076741008,16.4,2716.801906090464
development,b15p02,15,2,angry,outputs/study1_35f300_extension_v1/angry/b15p02.wav,232.40911739156792,41.31200278800745,0.6779533483822423,-15.819280041552002,13.28,2869.168848160565
development,b15p02,15,2,surprise,outputs/study1_35f300_extension_v1/surprise/b15p02.wav,235.10958125672175,74.69402155326111,0.5980582524271845,-18.653858722281353,15.44,3151.0492482568147
development,b15p03,15,3,normal,outputs/study1_35f300_extension_v1/normal/b15p03.wav,299.66141537533633,115.75448003971243,0.7062464828362408,-17.63186762327319,17.76,2860.7509030093443
development,b15p03,15,3,happy,outputs/study1_35f300_extension_v1/happy/b15p03.wav,227.10088581417543,55.4200902699244,0.6502082093991671,-22.36211979480085,16.8,2489.260655525848
development,b15p03,15,3,sad,outputs/study1_35f300_extension_v1/sad/b15p03.wav,321.1691527453505,57.35687174225245,0.6082474226804123,-19.809645921785194,16.48,2643.74807268583
development,b15p03,15,3,calm,outputs/study1_35f300_extension_v1/calm/b15p03.wav,340.26686438034227,75.66683338243092,0.6707399864222675,-20.98721216643712,14.72,2915.8127266657157
development,b15p03,15,3,angry,outputs/study1_35f300_extension_v1/angry/b15p03.wav,240.60500721642333,80.92452031726597,0.5172832019405701,-18.792620057200114,16.48,3079.6532721195676
development,b15p03,15,3,surprise,outputs/study1_35f300_extension_v1/surprise/b15p03.wav,286.12918648705164,92.95786336736762,0.5782234957020057,-19.860390299196307,17.44,3165.606597288854
development,b15p04,15,4,normal,outputs/study1_35f300_extension_v1/normal/b15p04.wav,210.67220719096719,41.80986955479287,0.5656855707106964,-19.406357789031013,13.92,2857.1076508945125
development,b15p04,15,4,happy,outputs/study1_35f300_extension_v1/happy/b15p04.wav,321.1691527453505,93.06852143322106,0.7515274949083504,-19.801834556391174,14.72,2565.9835220288596
development,b15p04,15,4,sad,outputs/study1_35f300_extension_v1/sad/b15p04.wav,313.83363915870024,59.73937125827575,0.6419895893580104,-18.938584515221404,17.28,2690.965600122963
development,b15p04,15,4,calm,outputs/study1_35f300_extension_v1/calm/b15p04.wav,176.1331747192297,39.87697460285091,0.4980905619203492,-19.959419652491995,18.32,3001.1933693357423
development,b15p04,15,4,angry,outputs/study1_35f300_extension_v1/angry/b15p04.wav,315.65165893545657,78.10733773178788,0.6549570647931303,-20.322302138178966,12.8,2977.805063182741
development,b15p04,15,4,surprise,outputs/study1_35f300_extension_v1/surprise/b15p04.wav,277.98364396846745,98.1152144547147,0.6608414239482201,-19.08103850259072,15.44,2535.0497869152114
development,b15p05,15,5,normal,outputs/study1_35f300_extension_v1/normal/b15p05.wav,194.30638823072118,38.339819427604965,0.5556865055981143,-17.69305824849404,16.96,2457.87439293245
development,b15p05,15,5,happy,outputs/study1_35f300_extension_v1/happy/b15p05.wav,247.65527207548806,69.72261214892214,0.6648757555406313,-17.82654235833521,14.88,2409.362061649999
development,b15p05,15,5,sad,outputs/study1_35f300_extension_v1/sad/b15p05.wav,213.12010032569688,32.036866928827806,0.5712202236266407,-17.16978891602762,20.56,2477.2575112700997
development,b15p05,15,5,calm,outputs/study1_35f300_extension_v1/calm/b15p05.wav,197.70280407057922,52.11665718064481,0.5295214418893723,-19.428332438818863,16.08,2428.3555043285887
development,b15p05,15,5,angry,outputs/study1_35f300_extension_v1/angry/b15p05.wav,297.93549262454053,82.39280269242647,0.631131458469588,-22.56863852350596,15.28,3171.540527465497
development,b15p05,15,5,surprise,outputs/study1_35f300_extension_v1/surprise/b15p05.wav,281.2136583244699,56.78501270933447,0.4967589864466706,-16.536167106736567,16.96,2549.4881008323946
development,b15p06,15,6,normal,outputs/study1_35f300_extension_v1/normal/b15p06.wav,208.25243050696125,43.634254855229216,0.6459383753501401,-16.64869526721542,17.84,2999.430841767753
development,b15p06,15,6,happy,outputs/study1_35f300_extension_v1/happy/b15p06.wav,214.35469250725862,67.4369906870734,0.6220218931101095,-20.871080186892218,15.52,2511.410129420948
development,b15p06,15,6,sad,outputs/study1_35f300_extension_v1/sad/b15p06.wav,204.67477839935495,33.44456541934946,0.5476660092044707,-17.24678147687966,15.2,2930.4112105234485
development,b15p06,15,6,calm,outputs/study1_35f300_extension_v1/calm/b15p06.wav,200.0,45.51704215157224,0.49921915668922434,-22.5451154086841,19.2,2623.5505436682574
development,b15p06,15,6,angry,outputs/study1_35f300_extension_v1/angry/b15p06.wav,256.3888163841458,58.383308113620984,0.6210078069552875,-21.357611328639315,14.08,3076.6860191120763
development,b15p06,15,6,surprise,outputs/study1_35f300_extension_v1/surprise/b15p06.wav,223.1994285260446,69.38030207559055,0.4915746658919233,-20.180577715579314,17.2,3259.2008126173805
development,b15p07,15,7,normal,outputs/study1_35f300_extension_v1/normal/b15p07.wav,239.21922434748075,56.98714601645179,0.6173285198555957,-21.186962106408238,13.84,3153.872240227695
development,b15p07,15,7,happy,outputs/study1_35f300_extension_v1/happy/b15p07.wav,204.67477839935495,59.99085897554471,0.6379955123410621,-19.46155437131115,13.36,2882.2723615201608
development,b15p07,15,7,sad,outputs/study1_35f300_extension_v1/sad/b15p07.wav,214.35469250725862,41.68086070204828,0.5032258064516129,-20.90252050299909,17.04,2705.9136265585457
development,b15p07,15,7,calm,outputs/study1_35f300_extension_v1/calm/b15p07.wav,200.0,31.8258296400748,0.6297488731487444,-22.908937868792698,15.52,3136.152297795013
development,b15p07,15,7,angry,outputs/study1_35f300_extension_v1/angry/b15p07.wav,251.98420997897463,47.56814650591653,0.6137184115523465,-18.422457898638363,13.84,2533.9830123844968
development,b15p07,15,7,surprise,outputs/study1_35f300_extension_v1/surprise/b15p07.wav,236.47155720542963,52.922796323364366,0.556923076923077,-20.758545259051733,16.24,2822.898259626715
development,b15p08,15,8,normal,outputs/study1_35f300_extension_v1/normal/b15p08.wav,211.89261887185907,29.56838309864486,0.5903485254691689,-22.75377867156273,18.64,2460.156023195556
development,b15p08,15,8,happy,outputs/study1_35f300_extension_v1/happy/b15p08.wav,213.12010032569688,52.959071757354906,0.5980582524271845,-20.07061157867947,15.44,2806.849061725246
development,b15p08,15,8,sad,outputs/study1_35f300_extension_v1/sad/b15p08.wav,162.4504792712471,40.80489964422409,0.48576409064497383,-19.721292158584003,17.2,2907.5671421177963
development,b15p08,15,8,calm,outputs/study1_35f300_extension_v1/calm/b15p08.wav,210.67220719096719,42.54069320146405,0.6365930599369085,-23.357456749197283,15.84,2549.8562292486367
development,b15p08,15,8,angry,outputs/study1_35f300_extension_v1/angry/b15p08.wav,365.7453063525776,136.54167769076673,0.6899676375404531,-18.85677870852917,15.44,2961.3328805166493
development,b15p08,15,8,surprise,outputs/study1_35f300_extension_v1/surprise/b15p08.wav,262.38162088748976,71.76564062951229,0.5821538461538461,-20.903127538540055,16.24,3262.7487073450216
development,b15p09,15,9,normal,outputs/study1_35f300_extension_v1/normal/b15p09.wav,146.40856959456255,36.438361492432875,0.5370265686828717,-20.664436290387652,17.68,2166.757580530116
development,b15p09,15,9,happy,outputs/study1_35f300_extension_v1/happy/b15p09.wav,235.10958125672175,67.35630057901383,0.5321959273527793,-21.72265979959353,18.16,2355.9659985336793
development,b15p09,15,9,sad,outputs/study1_35f300_extension_v1/sad/b15p09.wav,216.8453740602837,31.587112258167537,0.630844382414515,-23.41682579750355,14.32,2327.617162348383
development,b15p09,15,9,calm,outputs/study1_35f300_extension_v1/calm/b15p09.wav,182.34449771164336,39.84234311057358,0.5695581014729951,-19.01726176908258,18.32,2278.6682466585053
development,b15p09,15,9,angry,outputs/study1_35f300_extension_v1/angry/b15p09.wav,377.54972507267735,104.53862192940915,0.6438258386866524,-20.245515778852447,14.0,3246.8083798251473
development,b15p09,15,9,surprise,outputs/study1_35f300_extension_v1/surprise/b15p09.wav,296.2195104573129,66.25702728149807,0.6217175301632364,-18.85439726406527,14.08,3287.495706553785
development,b16p00,16,0,normal,outputs/study1_35f300_extension_v1/normal/b16p00.wav,251.98420997897463,37.0573287510866,0.6883910386965377,-16.876235067269747,14.72,2736.9176233011544
development,b16p00,16,0,happy,outputs/study1_35f300_extension_v1/happy/b16p00.wav,268.51450055605267,93.46660052367332,0.6487000634115409,-22.332891966334746,15.76,2679.7870267951434
development,b16p00,16,0,sad,outputs/study1_35f300_extension_v1/sad/b16p00.wav,213.12010032569688,60.315061935425945,0.4735945485519591,-21.874811077850755,17.6,2832.6923287624677
development,b16p00,16,0,calm,outputs/study1_35f300_extension_v1/calm/b16p00.wav,308.44216508158814,68.23708221894145,0.5826036193812025,-20.865765706341204,17.12,3054.6140721641964
development,b16p00,16,0,angry,outputs/study1_35f300_extension_v1/angry/b16p00.wav,240.60500721642333,50.79410493585365,0.641897233201581,-19.542364947811095,12.64,2659.486080938612
development,b16p00,16,0,surprise,outputs/study1_35f300_extension_v1/surprise/b16p00.wav,294.5134116201051,94.6537354565709,0.6594345825115056,-19.621310987981047,15.2,2767.8828424379035
development,b16p01,16,1,normal,outputs/study1_35f300_extension_v1/normal/b16p01.wav,192.07458901020084,40.01278812446827,0.6224703419399861,-18.21962559011386,14.32,2150.0307261476464
development,b16p01,16,1,happy,outputs/study1_35f300_extension_v1/happy/b16p01.wav,209.4588245641254,69.23861703920355,0.6138557637705849,-22.071983853887037,17.6,2534.666933141615
development,b16p01,16,1,sad,outputs/study1_35f300_extension_v1/sad/b16p01.wav,198.8480847635095,48.385794950869126,0.49596122778675283,-23.103663042554743,18.56,2899.782346006184
development,b16p01,16,1,calm,outputs/study1_35f300_extension_v1/calm/b16p01.wav,183.40080864093423,64.83273239054455,0.5609460278956944,-17.81841519509927,16.48,2331.530434475556
development,b16p01,16,1,angry,outputs/study1_35f300_extension_v1/angry/b16p01.wav,223.1994285260446,50.241839708255156,0.6527141922825376,-17.93252160187302,15.28,2637.6436901452207
development,b16p01,16,1,surprise,outputs/study1_35f300_extension_v1/surprise/b16p01.wav,270.06998923363795,60.79232907849186,0.645067133683596,-20.886502395289916,17.12,2935.592832318438
development,b16p02,16,2,normal,outputs/study1_35f300_extension_v1/normal/b16p02.wav,237.8414230005442,52.910572055162305,0.6704304869442484,-19.76577870864513,14.16,2782.292968150193
development,b16p02,16,2,happy,outputs/study1_35f300_extension_v1/happy/b16p02.wav,306.66566893392013,73.97694521399603,0.7140794223826715,-17.288822090503203,13.84,2615.286834886301
development,b16p02,16,2,sad,outputs/study1_35f300_extension_v1/sad/b16p02.wav,214.35469250725862,53.84238787884772,0.6259334691106585,-18.521175941652313,14.72,2766.3950133616313
development,b16p02,16,2,calm,outputs/study1_35f300_extension_v1/calm/b16p02.wav,192.07458901020084,31.460278808576703,0.5089605734767025,-24.38354151829707,19.52,2651.668720485866
development,b16p02,16,2,angry,outputs/study1_35f300_extension_v1/angry/b16p02.wav,315.65165893545657,69.42363696384041,0.6479463537300922,-19.66829777795825,11.92,3432.4102896222976
development,b16p02,16,2,surprise,outputs/study1_35f300_extension_v1/surprise/b16p02.wav,292.81713918912504,80.30352756068976,0.7191249117854622,-19.395233339693657,14.16,2558.840075520757
development,b16p03,16,3,normal,outputs/study1_35f300_extension_v1/normal/b16p03.wav,225.79288096122622,41.554104269628255,0.7147814018043026,-19.765504411905216,14.4,2438.473822055374
development,b16p03,16,3,happy,outputs/study1_35f300_extension_v1/happy/b16p03.wav,308.44216508158814,43.940378173601005,0.725417439703154,-20.116634107557942,16.16,2545.545849430207
development,b16p03,16,3,sad,outputs/study1_35f300_extension_v1/sad/b16p03.wav,147.25670581005258,20.430464721919407,0.42359498374361354,-20.430623048147716,21.52,2698.069833734432
development,b16p03,16,3,calm,outputs/study1_35f300_extension_v1/calm/b16p03.wav,168.1792830507429,38.944154848670536,0.5365181442351861,-24.47066469153842,21.76,2386.223992128877
development,b16p03,16,3,angry,outputs/study1_35f300_extension_v1/angry/b16p03.wav,164.33806291715806,49.86667540263045,0.46710923355461675,-22.343043119822212,16.56,2856.976091572355
development,b16p03,16,3,surprise,outputs/study1_35f300_extension_v1/surprise/b16p03.wav,249.81140609829515,56.069749554898465,0.6113049546406141,-19.583055160720022,14.32,3047.898148629431
development,b16p04,16,4,normal,outputs/study1_35f300_extension_v1/normal/b16p04.wav,235.10958125672175,42.27762507934477,0.5701306076093129,-19.553166614465134,17.6,3296.7959884307093
development,b16p04,16,4,happy,outputs/study1_35f300_extension_v1/happy/b16p04.wav,216.8453740602837,41.27730329149398,0.7044430135222151,-13.766326220088171,15.52,2246.703047533893
development,b16p04,16,4,sad,outputs/study1_35f300_extension_v1/sad/b16p04.wav,229.0780694307807,51.3240621480509,0.5208217656857301,-17.38056132311838,18.0,2669.4349115967434
development,b16p04,16,4,calm,outputs/study1_35f300_extension_v1/calm/b16p04.wav,183.40080864093423,46.20077005736837,0.5702187720536345,-16.461277276937484,14.16,3029.6592050555687
development,b16p04,16,4,angry,outputs/study1_35f300_extension_v1/angry/b16p04.wav,279.5939868358039,80.56414552892718,0.586880669923238,-21.74964724342317,14.32,3281.706467590744
development,b16p04,16,4,surprise,outputs/study1_35f300_extension_v1/surprise/b16p04.wav,265.4303484677136,61.109929200591125,0.592946802151823,-16.14762069949201,16.72,2705.735656287143
development,b16p05,16,5,normal,outputs/study1_35f300_extension_v1/normal/b16p05.wav,323.02966672001685,67.39473208773501,0.6790890269151139,-19.78337018506998,14.48,3496.963456998513
development,b16p05,16,5,happy,outputs/study1_35f300_extension_v1/happy/b16p05.wav,247.65527207548806,92.31097642666151,0.6490416391275612,-21.794751426559273,15.12,2724.0546931782314
development,b16p05,16,5,sad,outputs/study1_35f300_extension_v1/sad/b16p05.wav,166.24757922855756,24.703801494895913,0.5666901905434015,-18.7026955681184,14.16,2370.2853418314958
development,b16p05,16,5,calm,outputs/study1_35f300_extension_v1/calm/b16p05.wav,220.63576443274928,84.68965377218834,0.6252692031586504,-20.05837681608225,13.92,2586.0822651964695
development,b16p05,16,5,angry,outputs/study1_35f300_extension_v1/angry/b16p05.wav,239.21922434748075,55.715296726379336,0.6190476190476191,-22.172397782386668,12.8,3004.8320782848614
development,b16p05,16,5,surprise,outputs/study1_35f300_extension_v1/surprise/b16p05.wav,276.38257599355524,76.47350265449779,0.587894397939472,-20.74175800229404,15.52,3142.6003591551807
development,b16p06,16,6,normal,outputs/study1_35f300_extension_v1/normal/b16p06.wav,202.3238880603845,47.06625380681493,0.5495268138801261,-20.526664835209132,15.84,2757.8670776715308
development,b16p06,16,6,happy,outputs/study1_35f300_extension_v1/happy/b16p06.wav,313.83363915870024,80.44021279631357,0.644916540212443,-20.691414763030025,19.76,2742.990268543195
development,b16p06,16,6,sad,outputs/study1_35f300_extension_v1/sad/b16p06.wav,162.4504792712471,39.12325379369935,0.5402363534046145,-27.79121367197522,17.76,2899.2981465791504
development,b16p06,16,6,calm,outputs/study1_35f300_extension_v1/calm/b16p06.wav,225.14264531155038,38.19644751136266,0.5827439886845828,-22.361592216836577,21.2,2583.943186457229
development,b16p06,16,6,angry,outputs/study1_35f300_extension_v1/angry/b16p06.wav,362.58854137124416,125.24858303897923,0.5852002715546504,-20.887333838491724,14.72,3390.8215946906475
development,b16p06,16,6,surprise,outputs/study1_35f300_extension_v1/surprise/b16p06.wav,330.5801272616847,81.13976143221169,0.6477197620621282,-20.382162867659332,15.12,2900.9628136162796
development,b16p07,16,7,normal,outputs/study1_35f300_extension_v1/normal/b16p07.wav,253.44393965741244,62.20694804186974,0.635260528194147,-17.497097616372123,14.0,2515.683720749339
development,b16p07,16,7,happy,outputs/study1_35f300_extension_v1/happy/b16p07.wav,250.53288772482563,47.142079103589765,0.4893875075803517,-21.728130595833544,16.48,2585.2556756654435
development,b16p07,16,7,sad,outputs/study1_35f300_extension_v1/sad/b16p07.wav,175.11872228117704,23.081344117014794,0.5205552589428724,-23.99194419259149,18.72,2525.234296606368
development,b16p07,16,7,calm,outputs/study1_35f300_extension_v1/calm/b16p07.wav,244.81070866093103,74.6666156764671,0.5983206404999024,-15.753329864710965,51.2,2138.097286662344
development,b16p07,16,7,angry,outputs/study1_35f300_extension_v1/angry/b16p07.wav,284.4812036394563,77.69316617645538,0.6664451827242525,-19.262342257181977,15.04,3137.921378015902
development,b16p07,16,7,surprise,outputs/study1_35f300_extension_v1/surprise/b16p07.wav,204.67477839935495,63.731310341319386,0.6132132132132132,-19.72247380172936,16.64,2535.4520848779607
development,b16p08,16,8,normal,outputs/study1_35f300_extension_v1/normal/b16p08.wav,189.86842419010387,29.89948094780337,0.5657694261046217,-20.247390305618637,19.68,2700.7954419298253
development,b16p08,16,8,happy,outputs/study1_35f300_extension_v1/happy/b16p08.wav,240.60500721642333,61.315432479020075,0.5905143620574482,-20.784287019876064,14.96,2669.306609030037
development,b16p08,16,8,sad,outputs/study1_35f300_extension_v1/sad/b16p08.wav,188.7748625363387,50.016629590100564,0.49293205654354766,-22.869216762274093,21.92,2608.179451876351
development,b16p08,16,8,calm,outputs/study1_35f300_extension_v1/calm/b16p08.wav,202.3238880603845,48.80658221234037,0.5387387387387388,-21.811650711353995,16.64,3415.4655712073672
development,b16p08,16,8,angry,outputs/study1_35f300_extension_v1/angry/b16p08.wav,313.83363915870024,59.73937125827575,0.6623198352779684,-19.430372758284133,14.56,2839.5744713202876
development,b16p08,16,8,surprise,outputs/study1_35f300_extension_v1/surprise/b16p08.wav,396.5508888340887,114.48843821727854,0.6889301175015461,-22.845051312270492,16.16,3682.948269057572
development,b16p09,16,9,normal,outputs/study1_35f300_extension_v1/normal/b16p09.wav,262.38162088748976,65.71625337494962,0.5361093038386467,-24.19217232859554,15.36,2889.296786746203
development,b16p09,16,9,happy,outputs/study1_35f300_extension_v1/happy/b16p09.wav,304.8994046511524,55.468074483436965,0.6066445182724253,-21.163416134286102,15.04,2500.6010439818433
development,b16p09,16,9,sad,outputs/study1_35f300_extension_v1/sad/b16p09.wav,296.2195104573129,65.90678275935113,0.586857514638907,-23.709405090986966,15.36,2124.4826498523016
development,b16p09,16,9,calm,outputs/study1_35f300_extension_v1/calm/b16p09.wav,257.8740616879158,36.949306491073656,0.6431893687707642,-23.31476926426547,15.04,2027.488120394202
development,b16p09,16,9,angry,outputs/study1_35f300_extension_v1/angry/b16p09.wav,221.91389441356898,44.81070866093103,0.5041427660930529,-21.521789153076828,15.68,2912.316997456955
development,b16p09,16,9,surprise,outputs/study1_35f300_extension_v1/surprise/b16p09.wav,301.3973362949152,47.96110139447137,0.6448291998128217,-23.082685305873518,21.36,2282.1096284911237
development,b17p00,17,0,normal,outputs/study1_35f300_extension_v1/normal/b17p00.wav,268.51450055605267,75.16900571346179,0.663994655978624,-19.912334415278153,14.96,2822.5104782297685
development,b17p00,17,0,happy,outputs/study1_35f300_extension_v1/happy/b17p00.wav,277.98364396846745,81.89620922320745,0.6547020818377602,-19.7416700446196,13.92,3026.61077787685
development,b17p00,17,0,sad,outputs/study1_35f300_extension_v1/sad/b17p00.wav,221.91389441356898,55.65137147485325,0.5473747736873869,-18.42615732643519,16.56,2884.377039423963
development,b17p00,17,0,calm,outputs/study1_35f300_extension_v1/calm/b17p00.wav,220.63576443274928,40.13861892996499,0.5909868796349116,-21.168062575449635,17.52,2342.6287174867575
development,b17p00,17,0,angry,outputs/study1_35f300_extension_v1/angry/b17p00.wav,271.6344887654643,100.87925770508002,0.7023186237845924,-20.0969679407375,13.36,3300.6471640790505
development,b17p00,17,0,surprise,outputs/study1_35f300_extension_v1/surprise/b17p00.wav,287.786716002164,71.45701888508177,0.6149903907751442,-19.25172817737155,15.6,2878.0774273122806
development,b17p01,17,1,normal,outputs/study1_35f300_extension_v1/normal/b17p01.wav,229.73967099940702,60.17125761733658,0.6070266753415745,-26.184529900172492,15.36,3019.71693498352
development,b17p01,17,1,happy,outputs/study1_35f300_extension_v1/happy/b17p01.wav,315.65165893545657,71.4238949108393,0.7078651685393258,-23.216570848921783,15.12,2503.709795461777
development,b17p01,17,1,sad,outputs/study1_35f300_extension_v1/sad/b17p01.wav,224.49240966187455,40.60500721642333,0.5224751897256276,-19.939831557539875,17.12,2646.779381491194
development,b17p01,17,1,calm,outputs/study1_35f300_extension_v1/calm/b17p01.wav,202.3238880603845,45.54278843906016,0.5159663865546219,-26.928069923514858,17.84,2502.738544900527
development,b17p01,17,1,angry,outputs/study1_35f300_extension_v1/angry/b17p01.wav,240.60500721642333,38.956519539543876,0.6420423682781097,-23.462685057140117,18.4,2546.8018070413727
development,b17p01,17,1,surprise,outputs/study1_35f300_extension_v1/surprise/b17p01.wav,223.1994285260446,47.931336258193966,0.6842105263157895,-19.647633594137922,15.76,2653.3796146946024
development,b17p02,17,2,normal,outputs/study1_35f300_extension_v1/normal/b17p02.wav,263.9015821545788,102.50349893769135,0.6546762589928058,-18.30676077478469,15.28,2557.8393665651106
development,b17p02,17,2,happy,outputs/study1_35f300_extension_v1/happy/b17p02.wav,247.65527207548806,42.39461838158914,0.6542980828695114,-18.922769962660407,16.16,2237.726389984728
development,b17p02,17,2,sad,outputs/study1_35f300_extension_v1/sad/b17p02.wav,229.73967099940702,75.28695012961487,0.5939650608787719,-19.74170699816429,18.88,2435.07321629363
development,b17p02,17,2,calm,outputs/study1_35f300_extension_v1/calm/b17p02.wav,292.81713918912504,67.72521308793807,0.7730742539902845,-15.742769948115479,14.4,2259.8423612072406
development,b17p02,17,2,angry,outputs/study1_35f300_extension_v1/angry/b17p02.wav,250.53288772482563,64.96143782620106,0.632120796156486,-17.763197633726804,14.56,2807.9818163660734
development,b17p02,17,2,surprise,outputs/study1_35f300_extension_v1/surprise/b17p02.wav,270.06998923363795,56.02105531171571,0.5770308123249299,-17.714686103980867,17.84,2569.734635478466
development,b17p03,17,3,normal,outputs/study1_35f300_extension_v1/normal/b17p03.wav,196.56411970905023,44.5025897135196,0.6266855926188787,-18.930117650999883,14.08,2427.8409187480956
development,b17p03,17,3,happy,outputs/study1_35f300_extension_v1/happy/b17p03.wav,201.15858821357068,42.7019660311785,0.5653871177618738,-15.906180631618591,15.36,2983.384675404549
development,b17p03,17,3,sad,outputs/study1_35f300_extension_v1/sad/b17p03.wav,173.1073122012286,31.128318993283898,0.4422772799156563,-21.019027344890013,18.96,2828.520216283547
development,b17p03,17,3,calm,outputs/study1_35f300_extension_v1/calm/b17p03.wav,185.5318233882619,29.408228863987233,0.5490704712494596,-16.342284732317655,23.12,2404.811416069237
development,b17p03,17,3,angry,outputs/study1_35f300_extension_v1/angry/b17p03.wav,260.87041395311286,74.41240720092495,0.5854025583145221,-20.67030484801796,13.28,3162.797212382075
development,b17p03,17,3,surprise,outputs/study1_35f300_extension_v1/surprise/b17p03.wav,218.10154653305153,48.53041820622249,0.6045197740112994,-18.663433708064417,15.92,2441.4196411933763
development,b17p04,17,4,normal,outputs/study1_35f300_extension_v1/normal/b17p04.wav,229.73967099940702,37.412787399128746,0.6798159105851413,-18.77746849730731,15.2,2312.857136387775
development,b17p04,17,4,happy,outputs/study1_35f300_extension_v1/happy/b17p04.wav,236.47155720542963,66.15506658260367,0.6389088298636038,-20.34425020259058,13.92,2475.9831040597596
development,b17p04,17,4,sad,outputs/study1_35f300_extension_v1/sad/b17p04.wav,221.91389441356898,44.11872884007383,0.5438879913839526,-20.747315282076894,18.56,2846.189180967866
development,b17p04,17,4,calm,outputs/study1_35f300_extension_v1/calm/b17p04.wav,219.36499593892518,41.07681467373368,0.5107794361525705,-20.551992547509727,18.08,2906.880576994203
development,b17p04,17,4,angry,outputs/study1_35f300_extension_v1/angry/b17p04.wav,251.98420997897463,63.845439206707,0.607911172796669,-26.148880727255857,14.4,2592.8587991128443
development,b17p04,17,4,surprise,outputs/study1_35f300_extension_v1/surprise/b17p04.wav,265.4303484677136,71.97060787615851,0.6340801086218602,-20.598070552647563,14.72,2652.2882922067815
development,b17p05,17,5,normal,outputs/study1_35f300_extension_v1/normal/b17p05.wav,166.24757922855756,45.601285999181016,0.6012354152367879,-21.819292365428087,14.56,2772.203505938114
development,b17p05,17,5,happy,outputs/study1_35f300_extension_v1/happy/b17p05.wav,354.3070076409443,100.27233037785072,0.6921501706484642,-18.348851026797675,14.64,3123.8417368807477
development,b17p05,17,5,sad,outputs/study1_35f300_extension_v1/sad/b17p05.wav,237.8414230005442,38.956519539543876,0.6452726017943409,-22.602427245831393,14.48,2502.9587282622733
development,b17p05,17,5,calm,outputs/study1_35f300_extension_v1/calm/b17p05.wav,221.91389441356898,26.857150749760507,0.5069411201531834,-20.336978849502387,20.88,2857.5775398027818
development,b17p05,17,5,angry,outputs/study1_35f300_extension_v1/angry/b17p05.wav,291.13063656843747,104.92370138546465,0.6701754385964912,-20.43762940033075,14.24,2776.7571698906245
development,b17p05,17,5,surprise,outputs/study1_35f300_extension_v1/surprise/b17p05.wav,227.10088581417543,46.12376265027626,0.6893588896232651,-19.925741272167283,15.12,2509.715100742924
development,b17p06,17,6,normal,outputs/study1_35f300_extension_v1/normal/b17p06.wav,275.5866527425866,84.58111956100194,0.6197377501725327,-17.129451208911302,14.48,2418.947333793904
development,b17p06,17,6,happy,outputs/study1_35f300_extension_v1/happy/b17p06.wav,294.5134116201051,62.881508493641206,0.5950920245398773,-19.704757923057507,17.92,2888.67579061106
development,b17p06,17,6,sad,outputs/study1_35f300_extension_v1/sad/b17p06.wav,172.11028744886602,28.947494137408682,0.5264919129949804,-19.9179980793641,17.92,2198.2375709230487
development,b17p06,17,6,calm,outputs/study1_35f300_extension_v1/calm/b17p06.wav,179.21192838239048,29.353478051348333,0.5014801657785672,-19.354349995901032,16.88,2647.5222670209323
development,b17p06,17,6,angry,outputs/study1_35f300_extension_v1/angry/b17p06.wav,259.3679109302019,79.48344188134621,0.5923438549361988,-24.206918537887606,14.88,2706.73891382831
development,b17p06,17,6,surprise,outputs/study1_35f300_extension_v1/surprise/b17p06.wav,289.4538474880756,63.66175578981495,0.7069271758436945,-23.45175262105736,16.88,2654.4884095033494
development,b17p07,17,7,normal,outputs/study1_35f300_extension_v1/normal/b17p07.wav,237.8414230005442,61.46151578777719,0.4857997010463378,-23.000435464129655,33.44,2317.9251895975053
development,b17p07,17,7,happy,outputs/study1_35f300_extension_v1/happy/b17p07.wav,247.65527207548806,48.7156416890046,0.5390029325513197,-21.24864449186061,17.04,2816.1661998625873
development,b17p07,17,7,sad,outputs/study1_35f300_extension_v1/sad/b17p07.wav,219.36499593892518,39.79487165971145,0.5443390964863357,-21.462887154154203,17.92,2774.090492781847
development,b17p07,17,7,calm,outputs/study1_35f300_extension_v1/calm/b17p07.wav,214.35469250725862,43.034992246520915,0.5165266106442578,-18.757112872143978,17.84,2890.599769505888
development,b17p07,17,7,angry,outputs/study1_35f300_extension_v1/angry/b17p07.wav,428.70938501451724,107.63062114219935,0.6944248412138321,-20.236123219551352,14.16,3293.479508269385
development,b17p07,17,7,surprise,outputs/study1_35f300_extension_v1/surprise/b17p07.wav,274.79072949161787,78.60543638289326,0.6169534735500318,-21.208776237555558,15.68,2966.729157847912
development,b17p08,17,8,normal,outputs/study1_35f300_extension_v1/normal/b17p08.wav,227.10088581417543,44.23991827288526,0.6021876799078871,-16.73133539598275,17.36,2371.0491829996013
development,b17p08,17,8,happy,outputs/study1_35f300_extension_v1/happy/b17p08.wav,289.4538474880756,63.667448956481934,0.6525047558655676,-16.676739885178673,15.76,2572.079814154513
development,b17p08,17,8,sad,outputs/study1_35f300_extension_v1/sad/b17p08.wav,188.7748625363387,31.934262487098437,0.49103747963063554,-18.170715314742697,18.4,2799.0226066930454
development,b17p08,17,8,calm,outputs/study1_35f300_extension_v1/calm/b17p08.wav,189.86842419010387,41.759186681687936,0.5561561561561561,-17.883781942211815,16.64,2265.0566883061147
development,b17p08,17,8,angry,outputs/study1_35f300_extension_v1/angry/b17p08.wav,244.81070866093103,91.15924927358202,0.5836177474402731,-18.928096288599527,14.64,2903.7865613872573
development,b17p08,17,8,surprise,outputs/study1_35f300_extension_v1/surprise/b17p08.wav,262.38162088748976,77.81983497517899,0.5568676196395277,-17.7289441013213,16.08,3023.608779693113
development,b17p09,17,9,normal,outputs/study1_35f300_extension_v1/normal/b17p09.wav,313.83363915870024,64.496238424843,0.7050105857445307,-17.352630866907766,14.16,2949.4399249673156
development,b17p09,17,9,happy,outputs/study1_35f300_extension_v1/happy/b17p09.wav,284.4812036394563,73.65284109159805,0.6473724295506473,-22.516719349790822,13.12,2621.4295636492975
development,b17p09,17,9,sad,outputs/study1_35f300_extension_v1/sad/b17p09.wav,198.8480847635095,30.064613220309127,0.5143412736995625,-24.970785334559743,20.56,2610.876821280878
development,b17p09,17,9,calm,outputs/study1_35f300_extension_v1/calm/b17p09.wav,156.0130452026747,50.78935392462935,0.5714285714285714,-21.71233428864859,18.4,2789.633114992501
development,b17p09,17,9,angry,outputs/study1_35f300_extension_v1/angry/b17p09.wav,472.94311441085927,126.52495133571671,0.7491112239715592,-19.131948899991176,19.68,3353.230315955485
development,b17p09,17,9,surprise,outputs/study1_35f300_extension_v1/surprise/b17p09.wav,262.38162088748976,80.07818944645112,0.5995836224843858,-18.037350864883102,14.4,2854.4844588216874
development,b18p00,18,0,normal,outputs/study1_35f300_extension_v1/normal/b18p00.wav,231.07053937445463,80.82690122182402,0.5374771480804388,-19.194875345413823,16.4,2612.6097319462456
development,b18p00,18,0,happy,outputs/study1_35f300_extension_v1/happy/b18p00.wav,256.3888163841458,68.10402793978278,0.689869484151647,-17.950947206151987,16.08,2842.9134182625835
development,b18p00,18,0,sad,outputs/study1_35f300_extension_v1/sad/b18p00.wav,232.40911739156792,61.78772516957386,0.5521023765996343,-19.08569147194668,16.4,2994.64594822674
development,b18p00,18,0,calm,outputs/study1_35f300_extension_v1/calm/b18p00.wav,214.35469250725862,51.23482469318273,0.46604458268532917,-20.585320224053287,19.28,2772.119624474685
development,b18p00,18,0,angry,outputs/study1_35f300_extension_v1/angry/b18p00.wav,251.98420997897463,51.17751897364954,0.5579831932773109,-19.901029426517734,17.84,2910.2434177096347
development,b18p00,18,0,surprise,outputs/study1_35f300_extension_v1/surprise/b18p00.wav,346.21462440245716,111.02939948670297,0.6955287437899219,-20.675666416687335,14.08,2868.0585901134805
development,b18p01,18,1,normal,outputs/study1_35f300_extension_v1/normal/b18p01.wav,209.4588245641254,36.34187885195351,0.5941499085923218,-21.182595744619054,16.4,2841.3578358952714
development,b18p01,18,1,happy,outputs/study1_35f300_extension_v1/happy/b18p01.wav,356.35948725613576,79.29460025940023,0.6673928830791576,-20.86646945410656,13.76,3162.208487118185
development,b18p01,18,1,sad,outputs/study1_35f300_extension_v1/sad/b18p01.wav,225.79288096122622,51.68480296131614,0.5614035087719298,-19.35404389601914,14.24,2985.297304418353
development,b18p01,18,1,calm,outputs/study1_35f300_extension_v1/calm/b18p01.wav,237.8414230005442,41.50541801418768,0.600994406463642,-19.18269891193647,16.08,3218.5559125916525
development,b18p01,18,1,angry,outputs/study1_35f300_extension_v1/angry/b18p01.wav,400.0,67.81634388661274,0.6756960120391272,-20.537243007597183,13.28,3478.61618445226
development,b18p01,18,1,surprise,outputs/study1_35f300_extension_v1/surprise/b18p01.wav,342.23801027304086,68.70952973453706,0.7182349813928761,-21.313638581873438,18.8,2893.00086723191
development,b18p02,18,2,normal,outputs/study1_35f300_extension_v1/normal/b18p02.wav,186.60659830736148,56.58671317304314,0.6585641605426795,-18.727085735483936,17.68,2428.8991263189655
development,b18p02,18,2,happy,outputs/study1_35f300_extension_v1/happy/b18p02.wav,237.8414230005442,83.46339092627647,0.6172688303735456,-19.61452436934656,16.32,2722.4824156821014
development,b18p02,18,2,sad,outputs/study1_35f300_extension_v1/sad/b18p02.wav,128.1944081920729,19.955509394062773,0.37903652726310216,-22.55017580865268,18.88,2519.1531408743153
development,b18p02,18,2,calm,outputs/study1_35f300_extension_v1/calm/b18p02.wav,223.1994285260446,75.98261227053604,0.6219908913467794,-19.742657006378167,15.36,2825.794976615774
development,b18p02,18,2,angry,outputs/study1_35f300_extension_v1/angry/b18p02.wav,462.14107874890925,116.0822696517609,0.6953907815631263,-17.38826335526643,14.96,3509.824149313533
development,b18p02,18,2,surprise,outputs/study1_35f300_extension_v1/surprise/b18p02.wav,265.4303484677136,84.92520459117398,0.583859649122807,-20.075038340957438,14.24,2656.763090764946
development,b18p03,18,3,normal,outputs/study1_35f300_extension_v1/normal/b18p03.wav,233.75544971224912,54.758141276746414,0.6731937879810939,-18.730200368268257,14.8,2502.8790863335503
development,b18p03,18,3,happy,outputs/study1_35f300_extension_v1/happy/b18p03.wav,237.8414230005442,49.05167813515408,0.6738967838444279,-18.617143976507272,13.36,2682.0680551323735
development,b18p03,18,3,sad,outputs/study1_35f300_extension_v1/sad/b18p03.wav,197.70280407057922,40.712199341054,0.4836461126005362,-19.737291505200634,18.64,2969.569582987601
development,b18p03,18,3,calm,outputs/study1_35f300_extension_v1/calm/b18p03.wav,203.49593842053727,31.494948225690052,0.46670894102726695,-23.20225989590817,15.76,2984.669387457133
development,b18p03,18,3,angry,outputs/study1_35f300_extension_v1/angry/b18p03.wav,323.02966672001685,81.37488304677424,0.6770753998476771,-20.314365207237145,13.12,3011.500964427347
development,b18p03,18,3,surprise,outputs/study1_35f300_extension_v1/surprise/b18p03.wav,247.65527207548806,70.95009360275995,0.6391883322764743,-19.544634405067477,15.76,2733.521122400985
development,b18p04,18,4,normal,outputs/study1_35f300_extension_v1/normal/b18p04.wav,219.36499593892518,43.284291420460534,0.6119601328903654,-17.521325152390467,15.04,2788.573076470017
development,b18p04,18,4,happy,outputs/study1_35f300_extension_v1/happy/b18p04.wav,346.21462440245716,91.53527492051563,0.6300341296928328,-20.079169445619364,14.64,3068.494316263917
development,b18p04,18,4,sad,outputs/study1_35f300_extension_v1/sad/b18p04.wav,207.05298476827548,52.89079574638677,0.5582693649685974,-16.794338579914715,14.32,2754.0767269845733
development,b18p04,18,4,calm,outputs/study1_35f300_extension_v1/calm/b18p04.wav,200.0,39.11490341675912,0.5935521013241221,-18.690383380067168,17.36,2781.8557249962123
development,b18p04,18,4,angry,outputs/study1_35f300_extension_v1/angry/b18p04.wav,265.4303484677136,79.15841299229228,0.6601941747572816,-21.37519805244822,15.44,3039.501794046744
development,b18p04,18,4,surprise,outputs/study1_35f300_extension_v1/surprise/b18p04.wav,265.4303484677136,80.29641943641116,0.5984900480439259,-21.94625335247526,14.56,2738.616718890361
development,b18p05,18,5,normal,outputs/study1_35f300_extension_v1/normal/b18p05.wav,290.2922420282565,92.2363649187574,0.5806887238352465,-19.161151262546937,14.8,2901.105438349121
development,b18p05,18,5,happy,outputs/study1_35f300_extension_v1/happy/b18p05.wav,299.66141537533633,108.30017903914091,0.6656751933372992,-18.629855025650514,16.8,2625.4138371557938
development,b18p05,18,5,sad,outputs/study1_35f300_extension_v1/sad/b18p05.wav,256.3888163841458,35.777568777131904,0.5703422053231939,-19.17267813868072,18.4,2611.427158723274
development,b18p05,18,5,calm,outputs/study1_35f300_extension_v1/calm/b18p05.wav,263.9015821545788,76.02159821097155,0.6175908221797323,-21.164144816151484,15.68,2606.9103141652427
development,b18p05,18,5,angry,outputs/study1_35f300_extension_v1/angry/b18p05.wav,344.22057489773204,87.46805711907297,0.6911461908030199,-16.51786285130726,14.56,2943.9083165268553
development,b18p05,18,5,surprise,outputs/study1_35f300_extension_v1/surprise/b18p05.wav,263.9015821545788,81.5598688422848,0.6106071179344034,-18.78220509033381,14.32,2828.310485642931
development,b18p06,18,6,normal,outputs/study1_35f300_extension_v1/normal/b18p06.wav,146.40856959456255,69.48249717674607,0.5607017543859649,-21.1693768817717,14.24,2961.782307463661
development,b18p06,18,6,happy,outputs/study1_35f300_extension_v1/happy/b18p06.wav,224.49240966187455,55.100894037976445,0.5719108710330858,-18.961625009955622,14.8,2703.527865150261
development,b18p06,18,6,sad,outputs/study1_35f300_extension_v1/sad/b18p06.wav,244.81070866093103,51.48724306062593,0.5089230769230769,-22.92849399865865,16.24,3335.4861891069327
development,b18p06,18,6,calm,outputs/study1_35f300_extension_v1/calm/b18p06.wav,221.91389441356898,46.12376265027626,0.5941143808995003,-21.489249315759984,18.0,2364.0738704112864
development,b18p06,18,6,angry,outputs/study1_35f300_extension_v1/angry/b18p06.wav,243.40070273411817,56.94988890794107,0.5451595457003786,-21.46573702567362,18.48,2954.7906052233197
development,b18p06,18,6,surprise,outputs/study1_35f300_extension_v1/surprise/b18p06.wav,347.2174248604534,105.57238592550902,0.6854153041203401,-17.804218995394187,15.28,3559.353620358561
development,b18p07,18,7,normal,outputs/study1_35f300_extension_v1/normal/b18p07.wav,210.67220719096719,45.80251908420644,0.6047587574355585,-19.44443084922398,15.12,2399.9836719384525
development,b18p07,18,7,happy,outputs/study1_35f300_extension_v1/happy/b18p07.wav,286.12918648705164,90.18654788501027,0.6429980276134122,-19.492077752791673,15.2,2629.3853047216876
development,b18p07,18,7,sad,outputs/study1_35f300_extension_v1/sad/b18p07.wav,257.8740616879158,66.47983945790585,0.6133874239350913,-25.602223523767805,24.64,2890.0437449286223
development,b18p07,18,7,calm,outputs/study1_35f300_extension_v1/calm/b18p07.wav,256.3888163841458,59.64328394857441,0.5296367112810707,-19.17374293769488,15.68,3188.2538343423957
development,b18p07,18,7,angry,outputs/study1_35f300_extension_v1/angry/b18p07.wav,326.78309064822,60.139976798822886,0.6720977596741344,-20.832712228972436,14.72,3164.008940424297
development,b18p07,18,7,surprise,outputs/study1_35f300_extension_v1/surprise/b18p07.wav,281.2136583244699,94.06826693117509,0.6639061421670117,-19.420290389726993,14.48,3049.7607604501763
development,b18p08,18,8,normal,outputs/study1_35f300_extension_v1/normal/b18p08.wav,239.21922434748075,44.53658621565364,0.6272189349112426,-18.31829258022811,15.2,2632.3585536127352
development,b18p08,18,8,happy,outputs/study1_35f300_extension_v1/happy/b18p08.wav,294.5134116201051,65.53304761229231,0.6504065040650406,-20.24217776844004,13.52,2896.8911675545337
development,b18p08,18,8,sad,outputs/study1_35f300_extension_v1/sad/b18p08.wav,205.86044732869837,58.260509504779975,0.46379215035931454,-17.02764866769336,18.08,2654.3597220062647
development,b18p08,18,8,calm,outputs/study1_35f300_extension_v1/calm/b18p08.wav,214.35469250725862,47.61313733315836,0.5505804311774462,-19.95905425644288,18.08,2393.2620263402923
development,b18p08,18,8,angry,outputs/study1_35f300_extension_v1/angry/b18p08.wav,225.79288096122622,48.042900835702255,0.509633312616532,-21.348648625429686,16.08,3360.8389868313357
development,b18p08,18,8,surprise,outputs/study1_35f300_extension_v1/surprise/b18p08.wav,223.8459190939596,56.55221629212545,0.6191913095956548,-18.550026395295042,16.56,2986.9280713730122
development,b18p09,18,9,normal,outputs/study1_35f300_extension_v1/normal/b18p09.wav,232.40911739156792,71.63448876546431,0.6175251628182357,-18.766328461178666,16.88,3146.414512638041
development,b18p09,18,9,happy,outputs/study1_35f300_extension_v1/happy/b18p09.wav,214.35469250725862,56.9604267152298,0.6157489638839551,-19.78986266265207,16.88,2407.280034738174
development,b18p09,18,9,sad,outputs/study1_35f300_extension_v1/sad/b18p09.wav,240.60500721642333,48.58497440742991,0.5719887955182072,-23.20271560404982,17.84,2659.384475489204
development,b18p09,18,9,calm,outputs/study1_35f300_extension_v1/calm/b18p09.wav,179.21192838239048,37.033824429542136,0.5303643724696356,-19.16281146585151,17.28,2998.1788184287525
development,b18p09,18,9,angry,outputs/study1_35f300_extension_v1/angry/b18p09.wav,299.66141537533633,79.96974971734,0.5991531404375441,-17.995929427441023,14.16,2759.9778201771765
development,b18p09,18,9,surprise,outputs/study1_35f300_extension_v1/surprise/b18p09.wav,266.96797083400685,61.39096556903044,0.5207060420909708,-19.856779800403114,14.72,2745.809625203208
development,b19p00,19,0,normal,outputs/study1_35f300_extension_v1/normal/b19p00.wav,262.38162088748976,54.97571618858083,0.7296990346394094,-21.381709094407675,17.6,2335.4746459652133
development,b19p00,19,0,happy,outputs/study1_35f300_extension_v1/happy/b19p00.wav,313.83363915870024,55.46435897796039,0.6920395119116792,-21.623686285946686,17.2,2473.9937966766515
development,b19p00,19,0,sad,outputs/study1_35f300_extension_v1/sad/b19p00.wav,250.53288772482563,56.72124866259537,0.4699877501020825,-23.433069729499035,24.48,3005.4763964414597
development,b19p00,19,0,calm,outputs/study1_35f300_extension_v1/calm/b19p00.wav,205.86044732869837,102.85934757593606,0.5471357690572847,-22.343665677703743,22.16,2379.256758337442
development,b19p00,19,0,angry,outputs/study1_35f300_extension_v1/angry/b19p00.wav,310.2289523667469,64.70335056651561,0.6831148804934464,-20.289253030683344,12.96,2962.775290304991
development,b19p00,19,0,surprise,outputs/study1_35f300_extension_v1/surprise/b19p00.wav,352.26634943845943,83.86253036831874,0.7031578947368421,-21.34486225777514,14.24,3051.0221436950715
development,b19p01,19,1,normal,outputs/study1_35f300_extension_v1/normal/b19p01.wav,220.63576443274928,53.13612521546514,0.6808371484630478,-19.838561574454527,15.28,2807.5640214187833
development,b19p01,19,1,happy,outputs/study1_35f300_extension_v1/happy/b19p01.wav,236.47155720542963,59.91498606573137,0.6941176470588235,-18.871305565474117,17.84,2564.5792727635635
development,b19p01,19,1,sad,outputs/study1_35f300_extension_v1/sad/b19p01.wav,200.0,36.17252571556145,0.5944005743000718,-17.733064493972222,13.92,2631.71644545274
development,b19p01,19,1,calm,outputs/study1_35f300_extension_v1/calm/b19p01.wav,213.12010032569688,75.9036477256912,0.5524355300859599,-19.81955433328907,17.44,2617.3749990292445
development,b19p01,19,1,angry,outputs/study1_35f300_extension_v1/angry/b19p01.wav,348.2202253184496,126.451290656504,0.7175572519083969,-18.97787027182275,14.4,3281.578685818292
development,b19p01,19,1,surprise,outputs/study1_35f300_extension_v1/surprise/b19p01.wav,301.3973362949152,80.84767169789671,0.6639188332276474,-20.257100284527894,15.76,2859.112449718807
development,b19p02,19,2,normal,outputs/study1_35f300_extension_v1/normal/b19p02.wav,231.07053937445463,46.12376265027626,0.6518706404565631,-17.502308438487425,15.76,2209.3339727638418
development,b19p02,19,2,happy,outputs/study1_35f300_extension_v1/happy/b19p02.wav,291.13063656843747,64.40146976073027,0.6493341788205453,-16.814193952590568,15.76,3205.2449720086224
development,b19p02,19,2,sad,outputs/study1_35f300_extension_v1/sad/b19p02.wav,215.59643660857103,44.396968195228794,0.6024024024024024,-18.07781922239539,16.64,2578.9115696383446
development,b19p02,19,2,calm,outputs/study1_35f300_extension_v1/calm/b19p02.wav,204.67477839935495,82.81612636144288,0.6012307692307692,-19.720349194841287,16.24,2677.029781043404
development,b19p02,19,2,angry,outputs/study1_35f300_extension_v1/angry/b19p02.wav,213.12010032569688,68.87787622593831,0.6259334691106585,-19.112249578159634,14.72,2734.2080384551778
development,b19p02,19,2,surprise,outputs/study1_35f300_extension_v1/surprise/b19p02.wav,324.9009585424942,84.7325858835523,0.6544066620402498,-20.625905168646142,14.4,2991.7357815635546
development,b19p03,19,3,normal,outputs/study1_35f300_extension_v1/normal/b19p03.wav,209.4588245641254,55.10243134752855,0.625250501002004,-22.718771648866113,14.96,2372.1254233976574
development,b19p03,19,3,happy,outputs/study1_35f300_extension_v1/happy/b19p03.wav,220.63576443274928,42.98049367613311,0.6028708133971292,-28.096717995374156,18.8,2001.815116645186
development,b19p03,19,3,sad,outputs/study1_35f300_extension_v1/sad/b19p03.wav,194.30638823072118,28.164553878503312,0.6186854970124932,-22.887119526567492,18.4,2011.322159076193
development,b19p03,19,3,calm,outputs/study1_35f300_extension_v1/calm/b19p03.wav,213.12010032569688,45.17301352957415,0.5401574803149606,-19.86063619660074,19.04,1030.5949117669625
development,b19p03,19,3,angry,outputs/study1_35f300_extension_v1/angry/b19p03.wav,262.38162088748976,73.86853441411012,0.6129963898916968,-21.876316892704132,13.84,2189.6006979361396
development,b19p03,19,3,surprise,outputs/study1_35f300_extension_v1/surprise/b19p03.wav,209.4588245641254,41.20211518435076,0.5665529010238908,-24.094038999303002,14.64,2387.721697381112
development,b19p04,19,4,normal,outputs/study1_35f300_extension_v1/normal/b19p04.wav,271.6344887654643,67.41252580592968,0.6845393024466424,-20.358448210503013,19.2,2306.986646264834
development,b19p04,19,4,happy,outputs/study1_35f300_extension_v1/happy/b19p04.wav,366.80161728186846,107.38063214598884,0.6300543150271575,-18.492387312846315,16.56,3422.943096373311
development,b19p04,19,4,sad,outputs/study1_35f300_extension_v1/sad/b19p04.wav,189.86842419010387,43.11359313319875,0.5353047676523838,-23.634212865091776,16.56,2510.338734094167
development,b19p04,19,4,calm,outputs/study1_35f300_extension_v1/calm/b19p04.wav,210.67220719096719,70.68993929335255,0.6537364517969195,-19.665483712882857,17.52,2421.724368954133
development,b19p04,19,4,angry,outputs/study1_35f300_extension_v1/angry/b19p04.wav,274.79072949161787,50.864448570089564,0.621808143547274,-19.812481395712908,14.48,2958.867947693922
development,b19p04,19,4,surprise,outputs/study1_35f300_extension_v1/surprise/b19p04.wav,312.0260904053494,94.77628566103715,0.7176764522173642,-18.185185711879445,16.0,2726.9210945627
development,b19p05,19,5,normal,outputs/study1_35f300_extension_v1/normal/b19p05.wav,236.47155720542963,59.74186989360524,0.6363008971704623,-19.737477184493656,14.48,2895.291049305337
development,b19p05,19,5,happy,outputs/study1_35f300_extension_v1/happy/b19p05.wav,279.5939868358039,111.01997985410989,0.6803105151729005,-18.085740563677067,14.16,2768.366280333964
development,b19p05,19,5,sad,outputs/study1_35f300_extension_v1/sad/b19p05.wav,338.3070714525794,88.41538759656692,0.7695538057742782,-18.43778701351832,19.04,2852.7184880910418
development,b19p05,19,5,calm,outputs/study1_35f300_extension_v1/calm/b19p05.wav,213.12010032569688,84.13607778209152,0.6462585034013606,-22.00324586881967,16.16,2752.9065450816715
development,b19p05,19,5,angry,outputs/study1_35f300_extension_v1/angry/b19p05.wav,249.08992447176465,50.58969503232902,0.573421926910299,-21.6669930469414,15.04,3288.743112201379
development,b19p05,19,5,surprise,outputs/study1_35f300_extension_v1/surprise/b19p05.wav,274.79072949161787,79.170334901492,0.5962732919254659,-20.6722686510801,14.48,3203.055730775936
development,b19p06,19,6,normal,outputs/study1_35f300_extension_v1/normal/b19p06.wav,289.4538474880756,76.40209470105225,0.6217725052337753,-18.78014827203444,14.32,3324.4919452756676
development,b19p06,19,6,happy,outputs/study1_35f300_extension_v1/happy/b19p06.wav,338.3070714525794,84.19831843977829,0.7356668678334339,-17.936615762807023,16.56,2907.2496660367183
development,b19p06,19,6,sad,outputs/study1_35f300_extension_v1/sad/b19p06.wav,231.07053937445463,46.929991820020405,0.609642301710731,-21.452884276538988,19.28,2376.1598218254726
development,b19p06,19,6,calm,outputs/study1_35f300_extension_v1/calm/b19p06.wav,247.65527207548806,60.22899089687871,0.692823954568921,-19.967508352537003,19.36,2487.0065559186705
development,b19p06,19,6,angry,outputs/study1_35f300_extension_v1/angry/b19p06.wav,276.38257599355524,71.83482131484172,0.5631399317406144,-21.681577020464722,14.64,2819.403709511003
development,b19p06,19,6,surprise,outputs/study1_35f300_extension_v1/surprise/b19p06.wav,250.53288772482563,70.54145113350273,0.6146179401993356,-21.032201649947396,15.04,2945.691737999512
development,b19p07,19,7,normal,outputs/study1_35f300_extension_v1/normal/b19p07.wav,239.21922434748075,61.49244030275236,0.7636621717530163,-19.45108454929326,14.08,2605.6860500380294
development,b19p07,19,7,happy,outputs/study1_35f300_extension_v1/happy/b19p07.wav,294.5134116201051,76.10634207296931,0.7031551835157759,-20.312328562768407,15.52,2854.1486630135655
development,b19p07,19,7,sad,outputs/study1_35f300_extension_v1/sad/b19p07.wav,240.60500721642333,55.502174353012265,0.635536688902365,-20.103213927622086,16.48,2607.8383920092974
development,b19p07,19,7,calm,outputs/study1_35f300_extension_v1/calm/b19p07.wav,299.66141537533633,64.03054458938135,0.7400940228341168,-17.90772254265584,14.88,2732.654823541479
development,b19p07,19,7,angry,outputs/study1_35f300_extension_v1/angry/b19p07.wav,303.14331330207966,77.88524349285251,0.6814486326681448,-21.91520136561386,13.52,2992.9737764759834
development,b19p07,19,7,surprise,outputs/study1_35f300_extension_v1/surprise/b19p07.wav,366.80161728186846,103.68442005574849,0.6510878323932313,-19.28015736931951,12.4,3259.380740140883
development,b19p08,19,8,normal,outputs/study1_35f300_extension_v1/normal/b19p08.wav,224.49240966187455,49.08992447176465,0.5404825737265415,-23.98563951738297,18.64,3150.304070063342
development,b19p08,19,8,happy,outputs/study1_35f300_extension_v1/happy/b19p08.wav,251.98420997897463,46.104077067748165,0.6762928139691068,-15.869236670458541,14.88,2499.460646402636
development,b19p08,19,8,sad,outputs/study1_35f300_extension_v1/sad/b19p08.wav,193.1872657849691,22.45963868776414,0.604710701484895,-17.31512154031204,19.52,2760.47585247852
development,b19p08,19,8,calm,outputs/study1_35f300_extension_v1/calm/b19p08.wav,185.5318233882619,43.96656459940718,0.6176656151419558,-18.90719626081692,15.84,2275.9197704256203
development,b19p08,19,8,angry,outputs/study1_35f300_extension_v1/angry/b19p08.wav,317.4802103936399,66.23693092926459,0.7415472779369627,-16.109652984879897,17.44,2852.013901217087
development,b19p08,19,8,surprise,outputs/study1_35f300_extension_v1/surprise/b19p08.wav,268.51450055605267,70.35572460582401,0.7046764894298526,-19.475678267902374,15.6,2756.3980934085835
development,b19p09,19,9,normal,outputs/study1_35f300_extension_v1/normal/b19p09.wav,210.0655158775463,66.4948945571985,0.6246056782334385,-25.029317859035288,15.84,2630.4706839957757
development,b19p09,19,9,happy,outputs/study1_35f300_extension_v1/happy/b19p09.wav,259.3679109302019,82.10746456304707,0.6451827242524917,-21.699053763185226,15.04,2438.8429462862623
development,b19p09,19,9,sad,outputs/study1_35f300_extension_v1/sad/b19p09.wav,239.21922434748075,53.53772959585453,0.5778567199526347,-21.92819297415994,16.88,2469.684491674829
development,b19p09,19,9,calm,outputs/study1_35f300_extension_v1/calm/b19p09.wav,210.67220719096719,46.33990654375623,0.6400846859562456,-23.411621137021772,14.16,2506.5162985355396
development,b19p09,19,9,angry,outputs/study1_35f300_extension_v1/angry/b19p09.wav,262.38162088748976,68.51487508624831,0.6773234200743494,-21.063242160714527,13.44,2812.49342242562
development,b19p09,19,9,surprise,outputs/study1_35f300_extension_v1/surprise/b19p09.wav,286.12918648705164,92.14711546966868,0.6352159468438539,-22.0498836776423,15.04,2467.2297297180507
development,b20p00,20,0,normal,outputs/study1_35f300_extension_v1/normal/b20p00.wav,213.12010032569688,48.742701231570294,0.5345345345345346,-21.801932100305763,16.64,2723.752708784105
development,b20p00,20,0,happy,outputs/study1_35f300_extension_v1/happy/b20p00.wav,286.12918648705164,70.68052432143276,0.6564885496183206,-20.04144063076734,14.4,2793.307406274389
development,b20p00,20,0,sad,outputs/study1_35f300_extension_v1/sad/b20p00.wav,235.10958125672175,36.810578930800915,0.5855855855855856,-19.387347533392475,16.64,2900.8583725765393
development,b20p00,20,0,calm,outputs/study1_35f300_extension_v1/calm/b20p00.wav,228.41646786215435,43.98511509328705,0.5924006908462867,-18.653455634870667,17.36,2597.931259486621
development,b20p00,20,0,angry,outputs/study1_35f300_extension_v1/angry/b20p00.wav,286.12918648705164,76.69191585534148,0.6784850926672039,-19.18406259351906,12.4,2900.288730196769
development,b20p00,20,0,surprise,outputs/study1_35f300_extension_v1/surprise/b20p00.wav,310.2289523667469,74.28270546999198,0.6761406133133882,-19.25139183467759,13.36,2828.415909979021
development,b20p01,20,1,normal,outputs/study1_35f300_extension_v1/normal/b20p01.wav,221.91389441356898,40.84022963028784,0.6013325930038868,-19.984127155702325,18.0,2502.868705456175
development,b20p01,20,1,happy,outputs/study1_35f300_extension_v1/happy/b20p01.wav,239.21922434748075,71.75483376034452,0.4979568009340339,-18.293794202507545,17.12,2497.1350502818427
development,b20p01,20,1,sad,outputs/study1_35f300_extension_v1/sad/b20p01.wav,180.25009252216606,31.820716949257104,0.5071633237822349,-19.690330849340285,17.44,2455.8812030066956
development,b20p01,20,1,calm,outputs/study1_35f300_extension_v1/calm/b20p01.wav,174.11011265922482,24.720741553525755,0.5265753424657534,-20.3313595395625,18.24,2403.1087750782945
development,b20p01,20,1,angry,outputs/study1_35f300_extension_v1/angry/b20p01.wav,270.06998923363795,63.26496619980196,0.6305353602115004,-19.012842102801493,15.12,3079.972234498782
development,b20p01,20,1,surprise,outputs/study1_35f300_extension_v1/surprise/b20p01.wav,203.49593842053727,48.92114218610757,0.6439522998296422,-19.664670187901297,17.6,2517.5502732643486
development,b20p02,20,2,normal,outputs/study1_35f300_extension_v1/normal/b20p02.wav,211.89261887185907,43.634254855229216,0.6710617626648161,-22.40373310321481,14.4,2194.088930646196
development,b20p02,20,2,happy,outputs/study1_35f300_extension_v1/happy/b20p02.wav,277.98364396846745,77.24568646700615,0.6295764536970567,-18.318741652827313,13.92,2952.812478804025
development,b20p02,20,2,sad,outputs/study1_35f300_extension_v1/sad/b20p02.wav,162.4504792712471,40.68744152338712,0.4992412746585736,-19.937797511034344,19.76,2844.652026090657
development,b20p02,20,2,calm,outputs/study1_35f300_extension_v1/calm/b20p02.wav,177.1535038204721,61.730897876910234,0.6600682593856655,-19.83818397389836,14.64,2672.9021439291105
development,b20p02,20,2,angry,outputs/study1_35f300_extension_v1/angry/b20p02.wav,286.12918648705164,70.43293642458207,0.6388323150033944,-17.367905909032796,14.72,2581.7057972073612
development,b20p02,20,2,surprise,outputs/study1_35f300_extension_v1/surprise/b20p02.wav,268.51450055605267,74.72684543992531,0.6363076923076924,-19.824904935942737,16.24,2655.6156720097856
development,b20p03,20,3,normal,outputs/study1_35f300_extension_v1/normal/b20p03.wav,321.1691527453505,80.7229785607338,0.6474820143884892,-21.078852446496885,15.28,2787.2551817883846
development,b20p03,20,3,happy,outputs/study1_35f300_extension_v1/happy/b20p03.wav,280.4038225801369,62.15925276690399,0.6142167011732229,-19.820405146161196,14.48,2988.948134694591
development,b20p03,20,3,sad,outputs/study1_35f300_extension_v1/sad/b20p03.wav,231.07053937445463,57.91799775492777,0.5600947306098283,-19.96270222447292,16.88,2622.642192930626
development,b20p03,20,3,calm,outputs/study1_35f300_extension_v1/calm/b20p03.wav,220.63576443274928,54.154293658782365,0.6031081888822475,-20.051983251781046,16.72,2576.8341779322004
development,b20p03,20,3,angry,outputs/study1_35f300_extension_v1/angry/b20p03.wav,441.27152886549857,98.75742994816363,0.7134268537074149,-18.9828103567743,14.96,3248.4449608013115
development,b20p03,20,3,surprise,outputs/study1_35f300_extension_v1/surprise/b20p03.wav,356.35948725613576,87.21544016652717,0.687721788502484,-20.017504380888376,14.08,2824.4667963622496
development,b20p04,20,4,normal,outputs/study1_35f300_extension_v1/normal/b20p04.wav,204.67477839935495,53.72815865234506,0.6793575252825699,-20.406095624176757,16.8,2577.5073580568073
development,b20p04,20,4,happy,outputs/study1_35f300_extension_v1/happy/b20p04.wav,204.67477839935495,40.094510214936264,0.6252110298255487,-22.39876007828101,17.76,2750.8125784183303
development,b20p04,20,4,sad,outputs/study1_35f300_extension_v1/sad/b20p04.wav,232.40911739156792,45.71660919317861,0.6181496758986447,-19.861023603894886,16.96,2598.155771848389
development,b20p04,20,4,calm,outputs/study1_35f300_extension_v1/calm/b20p04.wav,234.43251548448544,63.382058258503065,0.684107259646828,-19.488498078803694,15.28,2548.4971467747973
development,b20p04,20,4,angry,outputs/study1_35f300_extension_v1/angry/b20p04.wav,225.79288096122622,61.72485967888335,0.577213452299245,-19.1929412590729,14.56,2838.292698700553
development,b20p04,20,4,surprise,outputs/study1_35f300_extension_v1/surprise/b20p04.wav,237.8414230005442,63.262475667858354,0.6724673710379118,-20.70667470721979,16.08,2691.05650168277
development,b20p05,20,5,normal,outputs/study1_35f300_extension_v1/normal/b20p05.wav,235.10958125672175,45.01321842294328,0.6282282282282282,-19.259261212754424,16.64,2051.815836105835
development,b20p05,20,5,happy,outputs/study1_35f300_extension_v1/happy/b20p05.wav,330.5801272616847,89.84998845205388,0.6510510510510511,-25.388599998507825,16.64,2636.8682764937216
development,b20p05,20,5,sad,outputs/study1_35f300_extension_v1/sad/b20p05.wav,368.92647743437567,83.47862337541847,0.6241286863270777,-29.952469545858563,18.64,2436.8513888777034
development,b20p05,20,5,calm,outputs/study1_35f300_extension_v1/calm/b20p05.wav,186.60659830736148,39.852246999569616,0.5249211356466877,-25.910260968361662,15.84,2325.93877339188
development,b20p05,20,5,angry,outputs/study1_35f300_extension_v1/angry/b20p05.wav,356.35948725613576,75.97165028645287,0.6491467576791808,-23.055132241484777,14.64,2901.8113978441525
development,b20p05,20,5,surprise,outputs/study1_35f300_extension_v1/surprise/b20p05.wav,258.6209863090588,93.51556684940698,0.6527196652719666,-23.613685796827532,16.72,2274.6725218098863
development,b20p06,20,6,normal,outputs/study1_35f300_extension_v1/normal/b20p06.wav,271.6344887654643,118.19857964337638,0.6252676659528907,-19.028446076777676,14.0,2627.167495371862
development,b20p06,20,6,happy,outputs/study1_35f300_extension_v1/happy/b20p06.wav,265.4303484677136,71.24494751318198,0.6690276883451385,-20.08621601232949,15.52,2437.2341832761313
development,b20p06,20,6,sad,outputs/study1_35f300_extension_v1/sad/b20p06.wav,259.3679109302019,43.37223532392571,0.5553008595988539,-21.689053004253633,17.44,2612.444860319767
development,b20p06,20,6,calm,outputs/study1_35f300_extension_v1/calm/b20p06.wav,229.73967099940702,59.56990113901523,0.68,-20.265667802493745,16.24,2488.476853701638
development,b20p06,20,6,angry,outputs/study1_35f300_extension_v1/angry/b20p06.wav,451.58576192245243,88.99239502457345,0.6989109545163357,-21.123120190324315,15.6,3679.6614400632507
development,b20p06,20,6,surprise,outputs/study1_35f300_extension_v1/surprise/b20p06.wav,310.2289523667469,104.3416737217982,0.7065134099616859,-21.884640799215795,13.04,2797.7343762276846
development,b20p07,20,7,normal,outputs/study1_35f300_extension_v1/normal/b20p07.wav,313.83363915870024,69.42984540611417,0.6360567184334909,-23.628689361395395,14.8,2853.387592152707
development,b20p07,20,7,happy,outputs/study1_35f300_extension_v1/happy/b20p07.wav,227.10088581417543,42.73294424844593,0.5722260990928123,-19.486838940573143,14.32,2838.8341203239684
development,b20p07,20,7,sad,outputs/study1_35f300_extension_v1/sad/b20p07.wav,184.46323871718783,30.846464273710296,0.4195769798327595,-27.534814949427453,20.32,3207.0034629601187
development,b20p07,20,7,calm,outputs/study1_35f300_extension_v1/calm/b20p07.wav,211.89261887185907,51.41095200060576,0.5931453841901603,-20.819130634468593,18.08,2342.9306345693326
development,b20p07,20,7,angry,outputs/study1_35f300_extension_v1/angry/b20p07.wav,312.0260904053494,82.789876850736,0.6164584864070536,-24.99287938294278,13.6,3125.1448766528165
development,b20p07,20,7,surprise,outputs/study1_35f300_extension_v1/surprise/b20p07.wav,246.2288826689832,54.154965058868584,0.6684672518568535,-19.03292244814821,14.8,2744.599384035423
development,b20p08,20,8,normal,outputs/study1_35f300_extension_v1/normal/b20p08.wav,256.3888163841458,62.20694804186974,0.6064472800537274,-19.67408660491709,14.88,2982.3409458245856
development,b20p08,20,8,happy,outputs/study1_35f300_extension_v1/happy/b20p08.wav,250.53288772482563,58.014229798425305,0.6313993174061433,-18.325460319122705,14.64,2834.8566752555844
development,b20p08,20,8,sad,outputs/study1_35f300_extension_v1/sad/b20p08.wav,231.07053937445463,41.792025138155566,0.5565102445472571,-19.37019542942097,15.12,2823.253173174483
development,b20p08,20,8,calm,outputs/study1_35f300_extension_v1/calm/b20p08.wav,236.47155720542963,45.71660919317861,0.4619178082191781,-20.623734278433968,18.24,3484.435879778938
development,b20p08,20,8,angry,outputs/study1_35f300_extension_v1/angry/b20p08.wav,256.3888163841458,40.37476248832314,0.5785488958990537,-20.404214027693797,15.84,3274.087767334272
development,b20p08,20,8,surprise,outputs/study1_35f300_extension_v1/surprise/b20p08.wav,227.10088581417543,57.04402286981741,0.5789473684210527,-19.29434208391224,14.24,2860.236580295629
development,b20p09,20,9,normal,outputs/study1_35f300_extension_v1/normal/b20p09.wav,243.40070273411817,67.70136796394482,0.5476613380698638,-18.371768990750326,16.88,2666.4614458433757
development,b20p09,20,9,happy,outputs/study1_35f300_extension_v1/happy/b20p09.wav,229.73967099940702,68.39959014811859,0.5737122557726465,-19.054321454149154,16.88,2731.0354774357247
development,b20p09,20,9,sad,outputs/study1_35f300_extension_v1/sad/b20p09.wav,221.27482942315913,60.67580274869118,0.630117973629424,-19.557894634454968,14.4,2804.0660577179783
development,b20p09,20,9,calm,outputs/study1_35f300_extension_v1/calm/b20p09.wav,195.43199368684918,38.442932788098915,0.6041055718475073,-19.90057172695384,17.04,2724.831204107433
development,b20p09,20,9,angry,outputs/study1_35f300_extension_v1/angry/b20p09.wav,340.26686438034227,77.03723691301417,0.7093479968578161,-20.95137658272863,12.72,3362.3493741440593
development,b20p09,20,9,surprise,outputs/study1_35f300_extension_v1/surprise/b20p09.wav,338.3070714525794,78.7933282620869,0.6363044892648015,-22.340501842410635,15.36,3234.873006121365
development,b21p00,21,0,normal,outputs/study1_35f300_extension_v1/normal/b21p00.wav,184.46323871718783,46.60255524101672,0.5463559742191373,-25.145620472516782,20.16,2606.938857995799
development,b21p00,21,0,happy,outputs/study1_35f300_extension_v1/happy/b21p00.wav,301.3973362949152,57.37207591080556,0.6521423384168482,-19.49579962717468,13.76,2981.41241478227
development,b21p00,21,0,sad,outputs/study1_35f300_extension_v1/sad/b21p00.wav,228.41646786215435,35.55667547801602,0.5488958990536278,-18.624518678057683,15.84,2854.740580921693
development,b21p00,21,0,calm,outputs/study1_35f300_extension_v1/calm/b21p00.wav,218.73327123598835,29.911951160883945,0.6455469216975493,-19.723035308540467,16.72,2360.107555224675
development,b21p00,21,0,angry,outputs/study1_35f300_extension_v1/angry/b21p00.wav,315.65165893545657,62.32245708450853,0.6671565025716385,-17.964263139943032,13.6,3088.5973410398215
development,b21p00,21,0,surprise,outputs/study1_35f300_extension_v1/surprise/b21p00.wav,229.73967099940702,41.55132078555337,0.5467712733856367,-19.512822650471026,16.56,2825.992162521679
development,b21p01,21,1,normal,outputs/study1_35f300_extension_v1/normal/b21p01.wav,207.05298476827548,45.53871598619273,0.596996996996997,-22.684705385636082,16.64,2935.311373334575
development,b21p01,21,1,happy,outputs/study1_35f300_extension_v1/happy/b21p01.wav,274.79072949161787,76.03304769002023,0.6908212560386473,-22.75427513841992,14.48,3254.8635950857365
development,b21p01,21,1,sad,outputs/study1_35f300_extension_v1/sad/b21p01.wav,188.7748625363387,31.385650971671254,0.49193128578865175,-24.20198294028409,19.2,2947.6111588385497
development,b21p01,21,1,calm,outputs/study1_35f300_extension_v1/calm/b21p01.wav,225.14264531155038,78.43539862223321,0.5771958537915984,-21.80127424295479,18.32,2681.6145662189606
development,b21p01,21,1,angry,outputs/study1_35f300_extension_v1/angry/b21p01.wav,308.44216508158814,92.30318848704877,0.5886575735821967,-22.110887746290295,13.92,3158.9671214552964
development,b21p01,21,1,surprise,outputs/study1_35f300_extension_v1/surprise/b21p01.wav,257.8740616879158,84.06497876676531,0.6312961719274681,-18.162340850733866,14.88,2890.722413669745
development,b21p02,21,2,normal,outputs/study1_35f300_extension_v1/normal/b21p02.wav,229.0780694307807,41.31200278800745,0.6085842408712364,-18.86978327157062,15.6,2707.2758983341814
development,b21p02,21,2,happy,outputs/study1_35f300_extension_v1/happy/b21p02.wav,284.4812036394563,80.55420797923682,0.7148463047743623,-18.95934082559893,15.28,2541.0052187022693
development,b21p02,21,2,sad,outputs/study1_35f300_extension_v1/sad/b21p02.wav,196.56411970905023,38.665630432215835,0.6164896939412867,-21.209609450833447,16.0,2543.635417636774
development,b21p02,21,2,calm,outputs/study1_35f300_extension_v1/calm/b21p02.wav,193.1872657849691,41.47303866959348,0.6197322756569162,-20.583081424756855,20.16,2242.7854928372913
development,b21p02,21,2,angry,outputs/study1_35f300_extension_v1/angry/b21p02.wav,358.423856764781,95.7441927658221,0.5862313697657914,-20.75055060716865,14.08,3223.763931960358
development,b21p02,21,2,surprise,outputs/study1_35f300_extension_v1/surprise/b21p02.wav,386.3745315699383,115.81872979040452,0.6823920265780731,-18.6425818199988,15.04,3672.234957322279
development,b21p03,21,3,normal,outputs/study1_35f300_extension_v1/normal/b21p03.wav,210.67220719096719,43.88702552214525,0.6092413006274957,-21.51302340206891,17.52,2493.2681494979693
development,b21p03,21,3,happy,outputs/study1_35f300_extension_v1/happy/b21p03.wav,299.66141537533633,96.30825360872089,0.6492589978828511,-20.357046673590776,14.16,2669.7262779666653
development,b21p03,21,3,sad,outputs/study1_35f300_extension_v1/sad/b21p03.wav,203.49593842053727,48.16637533998829,0.4706246134817563,-21.110918833016157,16.16,3062.210322907341
development,b21p03,21,3,calm,outputs/study1_35f300_extension_v1/calm/b21p03.wav,224.49240966187455,64.83711115817957,0.5278893351182508,-21.688927788187073,22.4,2742.00375584811
development,b21p03,21,3,angry,outputs/study1_35f300_extension_v1/angry/b21p03.wav,301.3973362949152,86.32286147360477,0.5756207674943566,-20.713768191615117,13.28,3047.7530687183084
development,b21p03,21,3,surprise,outputs/study1_35f300_extension_v1/surprise/b21p03.wav,219.36499593892518,45.434698134808286,0.6911065852002716,-20.350289483361024,14.72,2918.731033871451
development,b21p04,21,4,normal,outputs/study1_35f300_extension_v1/normal/b21p04.wav,296.2195104573129,95.20205896792305,0.6389797253106606,-17.920167754057758,15.28,2813.0803699881603
development,b21p04,21,4,happy,outputs/study1_35f300_extension_v1/happy/b21p04.wav,262.38162088748976,78.19790776887058,0.6006472491909385,-21.279159715702157,15.44,2891.912489326312
development,b21p04,21,4,sad,outputs/study1_35f300_extension_v1/sad/b21p04.wav,215.59643660857103,27.415782939022534,0.5172602739726028,-17.95992451267927,18.24,2534.7718899249944
development,b21p04,21,4,calm,outputs/study1_35f300_extension_v1/calm/b21p04.wav,228.41646786215435,46.929991820020405,0.542314335060449,-20.616404156001256,17.36,2558.5048874563745
development,b21p04,21,4,angry,outputs/study1_35f300_extension_v1/angry/b21p04.wav,211.89261887185907,50.939733817167735,0.5330160618679357,-20.557043672699493,16.8,2972.83473477053
development,b21p04,21,4,surprise,outputs/study1_35f300_extension_v1/surprise/b21p04.wav,236.47155720542963,42.03412387688718,0.62853385930309,-18.222349503669538,15.2,2721.893461162965
development,b21p05,21,5,normal,outputs/study1_35f300_extension_v1/normal/b21p05.wav,195.43199368684918,58.58223930352432,0.6239799121155053,-22.592200514438396,15.92,2703.4894252129193
development,b21p05,21,5,happy,outputs/study1_35f300_extension_v1/happy/b21p05.wav,310.2289523667469,66.6725826871151,0.615849563465413,-19.568839117222442,14.88,2612.9002448513784
development,b21p05,21,5,sad,outputs/study1_35f300_extension_v1/sad/b21p05.wav,165.29006363084235,21.140458617797407,0.5201793721973094,-23.528561190819236,15.6,3009.024565669911
development,b21p05,21,5,calm,outputs/study1_35f300_extension_v1/calm/b21p05.wav,163.864804120634,51.53863568576719,0.5336760925449872,-22.343548740219042,19.44,2311.1337155888345
development,b21p05,21,5,angry,outputs/study1_35f300_extension_v1/angry/b21p05.wav,229.73967099940702,59.055675991927274,0.6302311055590256,-19.86156703810973,16.0,2792.163180396809
development,b21p05,21,5,surprise,outputs/study1_35f300_extension_v1/surprise/b21p05.wav,197.70280407057922,45.46300441839989,0.6327599102468212,-20.76868326713769,13.36,2887.9300154593907
development,b21p06,21,6,normal,outputs/study1_35f300_extension_v1/normal/b21p06.wav,214.35469250725862,44.133676377867204,0.5597597597597598,-19.285246862630643,16.64,2447.8536208651176
development,b21p06,21,6,happy,outputs/study1_35f300_extension_v1/happy/b21p06.wav,254.91212546385245,85.80089968634417,0.6330935251798561,-19.28177595529418,15.28,2567.4470245890534
development,b21p06,21,6,sad,outputs/study1_35f300_extension_v1/sad/b21p06.wav,219.36499593892518,30.99833488195739,0.5833846153846154,-18.6383208044948,16.24,2514.0235043405637
development,b21p06,21,6,calm,outputs/study1_35f300_extension_v1/calm/b21p06.wav,205.86044732869837,43.98750014365413,0.5989960959286112,-21.69923370611428,17.92,2423.0419799147494
development,b21p06,21,6,angry,outputs/study1_35f300_extension_v1/angry/b21p06.wav,282.842712474619,70.63626502052489,0.5601577909270217,-20.215314939696327,15.2,3398.785813296205
development,b21p06,21,6,surprise,outputs/study1_35f300_extension_v1/surprise/b21p06.wav,218.10154653305153,73.19384713524639,0.6152823920265781,-20.152014169221314,15.04,2808.754175352305
development,b21p07,21,7,normal,outputs/study1_35f300_extension_v1/normal/b21p07.wav,224.49240966187455,69.0991991515771,0.6453531598513012,-18.952248002266874,13.44,2630.5564987374296
development,b21p07,21,7,happy,outputs/study1_35f300_extension_v1/happy/b21p07.wav,279.5939868358039,68.39028592187523,0.6736842105263158,-20.092655353057758,14.24,2647.9968367084234
development,b21p07,21,7,sad,outputs/study1_35f300_extension_v1/sad/b21p07.wav,192.07458901020084,39.23597022608158,0.5250501002004008,-24.022830029361725,14.96,2642.919644619125
development,b21p07,21,7,calm,outputs/study1_35f300_extension_v1/calm/b21p07.wav,185.5318233882619,44.42462796240963,0.5935405240706886,-21.853061493084624,16.4,2485.2269239603274
development,b21p07,21,7,angry,outputs/study1_35f300_extension_v1/angry/b21p07.wav,312.0260904053494,54.766727409656426,0.6557620817843867,-20.577832496030297,13.44,2952.9178349554886
development,b21p07,21,7,surprise,outputs/study1_35f300_extension_v1/surprise/b21p07.wav,312.0260904053494,77.43665749946655,0.6302996042962126,-20.397434552293767,17.68,2848.528542604214
development,b21p08,21,8,normal,outputs/study1_35f300_extension_v1/normal/b21p08.wav,195.43199368684918,38.88961815066105,0.667621776504298,-23.32012040955073,17.44,2362.2280939453753
development,b21p08,21,8,happy,outputs/study1_35f300_extension_v1/happy/b21p08.wav,265.4303484677136,73.44308296266598,0.6761710794297352,-22.783452000027182,14.72,2725.978119307201
development,b21p08,21,8,sad,outputs/study1_35f300_extension_v1/sad/b21p08.wav,247.65527207548806,55.10650481782761,0.5613845321795565,-19.63392214716821,18.48,2165.155515378166
development,b21p08,21,8,calm,outputs/study1_35f300_extension_v1/calm/b21p08.wav,289.4538474880756,70.43293642458207,0.6664451827242525,-20.30869865145453,15.04,3170.2194187581354
development,b21p08,21,8,angry,outputs/study1_35f300_extension_v1/angry/b21p08.wav,315.65165893545657,93.0545066578224,0.5721765145848915,-20.836293367045077,13.36,3118.2590391445756
development,b21p08,21,8,surprise,outputs/study1_35f300_extension_v1/surprise/b21p08.wav,315.65165893545657,71.46429516632526,0.6656751933372992,-20.67682247946205,16.8,2543.3804031907284
development,b21p09,21,9,normal,outputs/study1_35f300_extension_v1/normal/b21p09.wav,205.26761286402666,60.131128485892106,0.6854531607006854,-19.436175026267964,13.12,2294.748416495525
development,b21p09,21,9,happy,outputs/study1_35f300_extension_v1/happy/b21p09.wav,416.5048610139225,94.67781168280482,0.6842827728208648,-22.64253712714367,14.56,3218.482475931372
development,b21p09,21,9,sad,outputs/study1_35f300_extension_v1/sad/b21p09.wav,184.46323871718783,57.77060714084271,0.49311575726670065,-24.075792377231554,19.6,2914.6423820202053
development,b21p09,21,9,calm,outputs/study1_35f300_extension_v1/calm/b21p09.wav,223.1994285260446,61.72485967888335,0.6109303838646715,-20.192497948653212,15.36,2444.1653075157287
development,b21p09,21,9,angry,outputs/study1_35f300_extension_v1/angry/b21p09.wav,332.4951584571151,95.24389500150085,0.627230667547918,-21.858341877415914,15.12,3032.218814041565
development,b21p09,21,9,surprise,outputs/study1_35f300_extension_v1/surprise/b21p09.wav,282.842712474619,75.91865180854177,0.6749555950266429,-23.90417025366188,16.88,2911.2789964645076
development,b22p00,22,0,normal,outputs/study1_35f300_extension_v1/normal/b22p00.wav,224.49240966187455,34.33626379712413,0.6218202374222724,-20.88995105262029,17.68,2392.7868004794823
development,b22p00,22,0,happy,outputs/study1_35f300_extension_v1/happy/b22p00.wav,246.2288826689832,106.11827702120365,0.7274662881476224,-22.939036910141404,14.08,2885.6810127808635
development,b22p00,22,0,sad,outputs/study1_35f300_extension_v1/sad/b22p00.wav,185.5318233882619,41.51867146467748,0.5673389720234222,-21.096911459642804,15.36,2546.3200283987144
development,b22p00,22,0,calm,outputs/study1_35f300_extension_v1/calm/b22p00.wav,185.5318233882619,47.2806618668572,0.5411411411411411,-17.908617015125795,16.64,2322.129330395498
development,b22p00,22,0,angry,outputs/study1_35f300_extension_v1/angry/b22p00.wav,273.20805135087915,94.6131988578625,0.6500956022944551,-21.774908273526865,15.68,2860.015319833348
development,b22p00,22,0,surprise,outputs/study1_35f300_extension_v1/surprise/b22p00.wav,239.21922434748075,62.53584415991196,0.6601347213717085,-20.52273826283784,16.32,2652.9543826938834
development,b22p01,22,1,normal,outputs/study1_35f300_extension_v1/normal/b22p01.wav,216.8453740602837,63.19203335830022,0.66693354683747,-16.02550149114393,12.48,2645.4253566747975
development,b22p01,22,1,happy,outputs/study1_35f300_extension_v1/happy/b22p01.wav,292.81713918912504,89.21714698081476,0.7184191954834157,-18.605642240664526,14.16,2653.514841493808
development,b22p01,22,1,sad,outputs/study1_35f300_extension_v1/sad/b22p01.wav,194.86919095878517,30.42211466880113,0.5084380610412926,-20.27995320408142,27.84,2704.2026321404906
development,b22p01,22,1,calm,outputs/study1_35f300_extension_v1/calm/b22p01.wav,200.0,44.75638810253207,0.5470769230769231,-17.17129471461025,16.24,2736.4109736491982
development,b22p01,22,1,angry,outputs/study1_35f300_extension_v1/angry/b22p01.wav,249.08992447176465,67.41252580592968,0.6176673567977916,-18.754706699006288,14.48,2890.3618095750357
development,b22p01,22,1,surprise,outputs/study1_35f300_extension_v1/surprise/b22p01.wav,244.81070866093103,79.35873580476868,0.5716302046577276,-19.605041608919635,14.16,2910.8811822975244
development,b22p02,22,2,normal,outputs/study1_35f300_extension_v1/normal/b22p02.wav,171.11900513652043,55.70703208708471,0.5697042848521424,-19.741681450121707,16.56,2400.2842356705473
development,b22p02,22,2,happy,outputs/study1_35f300_extension_v1/happy/b22p02.wav,289.4538474880756,54.78124498234371,0.6456278763971072,-21.600942641260502,15.2,3028.959393568047
development,b22p02,22,2,sad,outputs/study1_35f300_extension_v1/sad/b22p02.wav,172.11028744886602,36.061543807526135,0.3942671714440238,-21.515827433061844,18.48,3138.439186550795
development,b22p02,22,2,calm,outputs/study1_35f300_extension_v1/calm/b22p02.wav,177.1535038204721,27.897202154126745,0.5276002324230099,-20.56764001744531,17.2,2748.539195252408
development,b22p02,22,2,angry,outputs/study1_35f300_extension_v1/angry/b22p02.wav,286.12918648705164,83.88839559057817,0.5979522184300341,-21.634218363110932,14.64,3307.1605927622004
development,b22p02,22,2,surprise,outputs/study1_35f300_extension_v1/surprise/b22p02.wav,348.2202253184496,86.77002378324534,0.6742378959952182,-20.04375796747482,16.72,2815.444048129242
development,b22p03,22,3,normal,outputs/study1_35f300_extension_v1/normal/b22p03.wav,263.9015821545788,69.59693385048553,0.6800267201068805,-17.694688149618138,14.96,2482.9990692615415
development,b22p03,22,3,happy,outputs/study1_35f300_extension_v1/happy/b22p03.wav,260.87041395311286,67.41252580592968,0.6741996233521658,-18.70036308154888,15.92,2336.8670713724573
development,b22p03,22,3,sad,outputs/study1_35f300_extension_v1/sad/b22p03.wav,213.12010032569688,54.75598563029291,0.4954618259476775,-19.825104031478542,18.72,2490.2825299057863
development,b22p03,22,3,calm,outputs/study1_35f300_extension_v1/calm/b22p03.wav,216.8453740602837,62.46621094928767,0.6179159049360147,-17.431872062748717,16.4,2470.599874935673
development,b22p03,22,3,angry,outputs/study1_35f300_extension_v1/angry/b22p03.wav,225.79288096122622,52.58823740346796,0.6130346232179226,-18.131979492469902,14.72,2921.248647420638
development,b22p03,22,3,surprise,outputs/study1_35f300_extension_v1/surprise/b22p03.wav,244.81070866093103,62.28436989283989,0.6056140350877193,-18.647558376457606,14.24,2681.542440290559
development,b22p04,22,4,normal,outputs/study1_35f300_extension_v1/normal/b22p04.wav,262.38162088748976,50.818321345266526,0.6322024771136241,-22.59047805836684,18.56,2415.4857820318366
development,b22p04,22,4,happy,outputs/study1_35f300_extension_v1/happy/b22p04.wav,215.59643660857103,55.58068306528722,0.5895571711830799,-19.90063056522454,15.12,2159.4967216476584
development,b22p04,22,4,sad,outputs/study1_35f300_extension_v1/sad/b22p04.wav,203.49593842053727,27.74809419989714,0.5305568130375735,-22.03387216154737,22.08,2418.7836159146514
development,b22p04,22,4,calm,outputs/study1_35f300_extension_v1/calm/b22p04.wav,209.4588245641254,64.97614906655062,0.6583811344805609,-21.01218484605509,15.68,2098.9732789968284
development,b22p04,22,4,angry,outputs/study1_35f300_extension_v1/angry/b22p04.wav,294.5134116201051,83.86541717338508,0.658082191780822,-18.657169240570393,18.24,2489.224708050902
development,b22p04,22,4,surprise,outputs/study1_35f300_extension_v1/surprise/b22p04.wav,294.5134116201051,78.21895805908582,0.5586690017513135,-24.149771429069027,17.12,2352.3276258220503
development,b22p05,22,5,normal,outputs/study1_35f300_extension_v1/normal/b22p05.wav,236.47155720542963,61.81755872667671,0.6215199398043642,-20.11779651238786,13.28,2937.1690921300365
development,b22p05,22,5,happy,outputs/study1_35f300_extension_v1/happy/b22p05.wav,263.9015821545788,87.76879650347726,0.6822810590631364,-18.58814485729218,14.72,2558.10820209212
development,b22p05,22,5,sad,outputs/study1_35f300_extension_v1/sad/b22p05.wav,202.3238880603845,45.51704215157224,0.6024723487312947,-17.483961001766335,15.36,2911.9696084782895
development,b22p05,22,5,calm,outputs/study1_35f300_extension_v1/calm/b22p05.wav,219.36499593892518,64.93461198336112,0.6545708304256804,-18.376516483171933,14.32,2258.2484432754277
development,b22p05,22,5,angry,outputs/study1_35f300_extension_v1/angry/b22p05.wav,235.10958125672175,51.411589388987466,0.5045107564191533,-21.436380227215224,14.4,3287.868172294251
development,b22p05,22,5,surprise,outputs/study1_35f300_extension_v1/surprise/b22p05.wav,308.44216508158814,94.68543098504523,0.6696764484574869,-18.70859916136591,13.28,3016.9249278891075
development,b22p06,22,6,normal,outputs/study1_35f300_extension_v1/normal/b22p06.wav,256.3888163841458,83.80529842666715,0.6956521739130435,-19.808898074506814,14.48,2671.8770297071783
development,b22p06,22,6,happy,outputs/study1_35f300_extension_v1/happy/b22p06.wav,308.44216508158814,55.144907777015874,0.6647523330940417,-18.37861828015605,13.92,2804.9475468910437
development,b22p06,22,6,sad,outputs/study1_35f300_extension_v1/sad/b22p06.wav,224.49240966187455,49.37429951125495,0.6653919694072657,-18.90963646551243,15.68,2588.4237240149514
development,b22p06,22,6,calm,outputs/study1_35f300_extension_v1/calm/b22p06.wav,210.67220719096719,39.094824498933065,0.5844660194174758,-20.612552415306315,15.44,2572.674207975267
development,b22p06,22,6,angry,outputs/study1_35f300_extension_v1/angry/b22p06.wav,241.99881784385852,47.32880193466207,0.6271293375394322,-19.926541508936474,15.84,2775.167293411207
development,b22p06,22,6,surprise,outputs/study1_35f300_extension_v1/surprise/b22p06.wav,306.66566893392013,62.81404139287349,0.6705501618122978,-20.490799857470545,15.44,2839.7327280423583
development,b22p07,22,7,normal,outputs/study1_35f300_extension_v1/normal/b22p07.wav,239.21922434748075,55.715296726379336,0.5568101623147494,-20.416243728904327,14.16,2847.593185265168
development,b22p07,22,7,happy,outputs/study1_35f300_extension_v1/happy/b22p07.wav,276.38257599355524,64.74371468693559,0.6487628243814122,-21.435949671777298,16.56,3308.162929587081
development,b22p07,22,7,sad,outputs/study1_35f300_extension_v1/sad/b22p07.wav,190.9683207820833,36.919552578104344,0.44907110826393337,-19.260811801652743,15.6,2959.9633421446124
development,b22p07,22,7,calm,outputs/study1_35f300_extension_v1/calm/b22p07.wav,132.71517423385683,38.0212137439521,0.3620601733809281,-24.69301617232476,19.6,3018.4968881696113
development,b22p07,22,7,angry,outputs/study1_35f300_extension_v1/angry/b22p07.wav,241.99881784385852,56.36267729059546,0.48403122782114977,-19.16122912174509,14.08,3278.8824866353775
development,b22p07,22,7,surprise,outputs/study1_35f300_extension_v1/surprise/b22p07.wav,208.8556275355433,61.74872532169246,0.6112956810631229,-15.85523616099411,15.04,2729.664458537648
development,b22p08,22,8,normal,outputs/study1_35f300_extension_v1/normal/b22p08.wav,312.0260904053494,69.79257089652674,0.6688697951090549,-19.811384827451995,15.12,3112.1960253981183
development,b22p08,22,8,happy,outputs/study1_35f300_extension_v1/happy/b22p08.wav,303.14331330207966,91.4316652939612,0.7103637611530542,-18.80707296343386,14.56,3087.0840071343505
development,b22p08,22,8,sad,outputs/study1_35f300_extension_v1/sad/b22p08.wav,273.20805135087915,64.37081832986135,0.5678233438485805,-20.37773004702168,15.84,3214.551386974818
development,b22p08,22,8,calm,outputs/study1_35f300_extension_v1/calm/b22p08.wav,232.40911739156792,44.23991827288526,0.6845135290731146,-21.35137965277206,17.36,2703.680094796984
development,b22p08,22,8,angry,outputs/study1_35f300_extension_v1/angry/b22p08.wav,235.10958125672175,53.22937496361163,0.7225853304284677,-22.159838079679307,13.76,2973.8230085115842
development,b22p08,22,8,surprise,outputs/study1_35f300_extension_v1/surprise/b22p08.wav,268.51450055605267,90.86395642782173,0.5881949210706932,-20.98942687999514,14.56,2937.8890706896264
development,b22p09,22,9,normal,outputs/study1_35f300_extension_v1/normal/b22p09.wav,239.21922434748075,87.01532318638414,0.6315275744265495,-19.166094384759027,20.48,2421.3460520152103
development,b22p09,22,9,happy,outputs/study1_35f300_extension_v1/happy/b22p09.wav,220.63576443274928,68.70121704991715,0.5660490137477585,-20.636365721255032,16.72,2474.819473855747
development,b22p09,22,9,sad,outputs/study1_35f300_extension_v1/sad/b22p09.wav,200.57929410678534,33.83317255066328,0.5824847250509165,-21.624710923846592,14.72,3221.3056425710643
development,b22p09,22,9,calm,outputs/study1_35f300_extension_v1/calm/b22p09.wav,209.4588245641254,70.4715750262522,0.7002932551319648,-20.170227050667684,17.04,2304.7355963047116
development,b22p09,22,9,angry,outputs/study1_35f300_extension_v1/angry/b22p09.wav,304.8994046511524,69.02995892216171,0.6049382716049383,-21.74293442548806,13.76,3283.327350340747
development,b22p09,22,9,surprise,outputs/study1_35f300_extension_v1/surprise/b22p09.wav,330.5801272616847,98.07423843482457,0.7431578947368421,-20.41223365667634,14.24,3131.071946539245
development,b23p00,23,0,normal,outputs/study1_35f300_extension_v1/normal/b23p00.wav,294.5134116201051,55.78939777006684,0.6792562463683904,-19.416975794249083,17.2,2810.186994558503
development,b23p00,23,0,happy,outputs/study1_35f300_extension_v1/happy/b23p00.wav,301.3973362949152,78.60295579688972,0.6789125642909625,-19.261563640078695,13.6,3031.5909898368413
development,b23p00,23,0,sad,outputs/study1_35f300_extension_v1/sad/b23p00.wav,233.75544971224912,52.89287796360853,0.5737905695039804,-16.143724808929356,16.32,2593.701544666309
development,b23p00,23,0,calm,outputs/study1_35f300_extension_v1/calm/b23p00.wav,220.63576443274928,42.73294424844593,0.5586942875078468,-21.297823538829075,15.92,2711.697966031881
development,b23p00,23,0,angry,outputs/study1_35f300_extension_v1/angry/b23p00.wav,428.70938501451724,85.31020927686103,0.7011152416356877,-19.0487649958921,13.44,3377.540650726385
development,b23p00,23,0,surprise,outputs/study1_35f300_extension_v1/surprise/b23p00.wav,319.31935454265994,117.74691805105107,0.6465578424414479,-19.463710226784407,14.08,2998.1111793628147
development,b23p01,23,1,normal,outputs/study1_35f300_extension_v1/normal/b23p01.wav,205.86044732869837,52.28329314292466,0.5342837746096402,-21.041091716550117,14.72,2353.9521432925567
development,b23p01,23,1,happy,outputs/study1_35f300_extension_v1/happy/b23p01.wav,279.5939868358039,91.54785744055476,0.7360594795539034,-25.23029190019831,13.44,2264.9209070722914
development,b23p01,23,1,sad,outputs/study1_35f300_extension_v1/sad/b23p01.wav,195.43199368684918,29.412421321303185,0.6792707629979743,-21.616846264547135,14.8,2277.302796999614
development,b23p01,23,1,calm,outputs/study1_35f300_extension_v1/calm/b23p01.wav,189.86842419010387,39.46326188934134,0.5404896421845574,-18.968633015565462,15.92,1886.990058774235
development,b23p01,23,1,angry,outputs/study1_35f300_extension_v1/angry/b23p01.wav,179.21192838239048,21.814785055793607,0.5675848814862268,-26.048620658667232,15.6,2501.841228257665
development,b23p01,23,1,surprise,outputs/study1_35f300_extension_v1/surprise/b23p01.wav,354.3070076409443,69.53250968698308,0.7014028056112225,-23.348223352823005,14.96,2748.1421215890637
development,b23p02,23,2,normal,outputs/study1_35f300_extension_v1/normal/b23p02.wav,188.7748625363387,50.21146021263547,0.5782234957020057,-22.260191661408598,17.44,2483.289386957112
development,b23p02,23,2,happy,outputs/study1_35f300_extension_v1/happy/b23p02.wav,256.3888163841458,38.7644196209867,0.6544071020925808,-18.956443887514475,15.76,2689.0810907788814
development,b23p02,23,2,sad,outputs/study1_35f300_extension_v1/sad/b23p02.wav,240.60500721642333,45.054076420437866,0.5629081410535481,-22.261807287265107,22.96,2588.921762598628
development,b23p02,23,2,calm,outputs/study1_35f300_extension_v1/calm/b23p02.wav,177.1535038204721,53.895063871101314,0.48291687914329423,-22.1030631800498,19.6,2805.0028693515037
development,b23p02,23,2,angry,outputs/study1_35f300_extension_v1/angry/b23p02.wav,332.4951584571151,53.2161739540561,0.6201034737620104,-19.49495725030644,13.52,3089.0474371092273
development,b23p02,23,2,surprise,outputs/study1_35f300_extension_v1/surprise/b23p02.wav,203.49593842053727,72.70042121206501,0.6970574047274481,-19.426219062947446,20.72,2360.745855232594
development,b23p03,23,3,normal,outputs/study1_35f300_extension_v1/normal/b23p03.wav,356.35948725613576,70.3155388617015,0.7107548430193721,-17.225818046669264,14.96,2831.111606440728
development,b23p03,23,3,happy,outputs/study1_35f300_extension_v1/happy/b23p03.wav,223.1994285260446,54.06492832376131,0.6720977596741344,-19.324270829200447,14.72,2266.7397089549704
development,b23p03,23,3,sad,outputs/study1_35f300_extension_v1/sad/b23p03.wav,233.08228355190852,67.33746244552859,0.5229517722254503,-20.674789177961223,17.2,3039.1050034013933
development,b23p03,23,3,calm,outputs/study1_35f300_extension_v1/calm/b23p03.wav,204.0853584099461,72.65910198547465,0.629560915275201,-19.057867468251214,16.16,2415.742648003939
development,b23p03,23,3,angry,outputs/study1_35f300_extension_v1/angry/b23p03.wav,292.81713918912504,80.04723953685908,0.6481892091648189,-19.104128072805533,13.52,2846.930802105091
development,b23p03,23,3,surprise,outputs/study1_35f300_extension_v1/surprise/b23p03.wav,323.02966672001685,71.05269111398951,0.6166153846153846,-19.04075142054974,16.24,3080.111185435804
development,b23p04,23,4,normal,outputs/study1_35f300_extension_v1/normal/b23p04.wav,326.78309064822,69.26506205903934,0.661517797179315,-22.532337146408924,14.88,2755.8858016514764
development,b23p04,23,4,happy,outputs/study1_35f300_extension_v1/happy/b23p04.wav,220.63576443274928,41.07681467373368,0.6533416614615865,-17.87174399165287,16.0,2625.9573217743555
development,b23p04,23,4,sad,outputs/study1_35f300_extension_v1/sad/b23p04.wav,201.15858821357068,39.798619885110384,0.5493171471927162,-21.100564116300834,19.76,2361.844107411026
development,b23p04,23,4,calm,outputs/study1_35f300_extension_v1/calm/b23p04.wav,225.79288096122622,57.54073162063631,0.6010197578075207,-18.36861435847485,15.68,2416.993792046894
development,b23p04,23,4,angry,outputs/study1_35f300_extension_v1/angry/b23p04.wav,244.81070866093103,69.72261214892214,0.6757475083056479,-21.84256492778559,15.04,2774.141931163178
development,b23p04,23,4,surprise,outputs/study1_35f300_extension_v1/surprise/b23p04.wav,247.65527207548806,63.997550227232864,0.6087243886318572,-19.97450254298929,15.12,2804.9253529800485
development,b23p05,23,5,normal,outputs/study1_35f300_extension_v1/normal/b23p05.wav,197.70280407057922,54.04589279975491,0.5502882767456758,-19.78993740233858,15.6,2549.395041729748
development,b23p05,23,5,happy,outputs/study1_35f300_extension_v1/happy/b23p05.wav,243.40070273411817,44.27710827241174,0.6502242152466368,-19.152550360583625,15.6,2721.9341943213085
development,b23p05,23,5,sad,outputs/study1_35f300_extension_v1/sad/b23p05.wav,210.67220719096719,47.69669466909093,0.5908346972176759,-20.868911174776244,18.32,2617.1338088110124
development,b23p05,23,5,calm,outputs/study1_35f300_extension_v1/calm/b23p05.wav,216.8453740602837,51.38712040118543,0.6258420085731782,-20.356902039866178,16.32,2879.4189245778925
development,b23p05,23,5,angry,outputs/study1_35f300_extension_v1/angry/b23p05.wav,292.81713918912504,121.28096069685137,0.5898004434589801,-20.935052918429903,13.52,3034.1448479063984
development,b23p05,23,5,surprise,outputs/study1_35f300_extension_v1/surprise/b23p05.wav,241.99881784385852,63.262475667858354,0.5777906304222094,-20.760801091031176,17.28,3036.1776574525747
development,b23p06,23,6,normal,outputs/study1_35f300_extension_v1/normal/b23p06.wav,250.53288772482563,65.49342205430236,0.6685592618878637,-20.071048614642773,14.08,2639.203039034558
development,b23p06,23,6,happy,outputs/study1_35f300_extension_v1/happy/b23p06.wav,233.75544971224912,74.03315796447495,0.6432710882163555,-20.417930109510564,15.52,2690.235909742583
development,b23p06,23,6,sad,outputs/study1_35f300_extension_v1/sad/b23p06.wav,224.49240966187455,53.84238787884772,0.5720691864189622,-18.493487696718326,15.6,2972.8646160812464
development,b23p06,23,6,calm,outputs/study1_35f300_extension_v1/calm/b23p06.wav,221.91389441356898,88.08240845357852,0.6398224476854788,-17.801780276504438,15.76,2799.4091470840344
development,b23p06,23,6,angry,outputs/study1_35f300_extension_v1/angry/b23p06.wav,277.98364396846745,87.23519107330222,0.5960555149744339,-22.039912028533806,13.68,3101.4842484278374
development,b23p06,23,6,surprise,outputs/study1_35f300_extension_v1/surprise/b23p06.wav,393.12823941810046,49.416974113264246,0.6348854397634885,-19.60883178129047,13.52,2911.2255858496756
development,b23p07,23,7,normal,outputs/study1_35f300_extension_v1/normal/b23p07.wav,235.10958125672175,40.55743295659383,0.6511456023651145,-20.010846882300754,13.52,2894.1019187105335
development,b23p07,23,7,happy,outputs/study1_35f300_extension_v1/happy/b23p07.wav,214.35469250725862,61.39728437522169,0.5436128306133934,-20.765568198376407,17.76,2470.5002736762153
development,b23p07,23,7,sad,outputs/study1_35f300_extension_v1/sad/b23p07.wav,218.73327123598835,54.12705949378628,0.6197377501725327,-21.669391467887426,14.48,2764.9254087405625
development,b23p07,23,7,calm,outputs/study1_35f300_extension_v1/calm/b23p07.wav,260.87041395311286,43.46292361755121,0.6696716033483581,-16.239615671960735,15.52,2371.876592622479
development,b23p07,23,7,angry,outputs/study1_35f300_extension_v1/angry/b23p07.wav,303.14331330207966,87.32588480918841,0.643793369313801,-19.28593880584358,12.96,2940.228920295466
development,b23p07,23,7,surprise,outputs/study1_35f300_extension_v1/surprise/b23p07.wav,257.8740616879158,69.6575079119039,0.6128633271490415,-19.905653317112794,16.16,2565.361391986566
development,b23p08,23,8,normal,outputs/study1_35f300_extension_v1/normal/b23p08.wav,254.91212546385245,43.72019011716324,0.596958174904943,-18.360875490175022,18.4,2583.3418739807935
development,b23p08,23,8,happy,outputs/study1_35f300_extension_v1/happy/b23p08.wav,287.786716002164,94.10857005625508,0.649316851008458,-28.064285189485684,15.36,2660.849797713975
development,b23p08,23,8,sad,outputs/study1_35f300_extension_v1/sad/b23p08.wav,190.9683207820833,42.00109518917645,0.49270767279644895,-23.27438511521902,15.76,2989.4784976128
development,b23p08,23,8,calm,outputs/study1_35f300_extension_v1/calm/b23p08.wav,211.89261887185907,42.63764709698759,0.5901009130225853,-21.334430094660874,20.8,2621.3081434992378
development,b23p08,23,8,angry,outputs/study1_35f300_extension_v1/angry/b23p08.wav,246.2288826689832,68.91140102006727,0.6328938237335184,-25.12555398579626,14.4,3140.7576962533585
development,b23p08,23,8,surprise,outputs/study1_35f300_extension_v1/surprise/b23p08.wav,306.66566893392013,68.6262384826457,0.6957245974458635,-22.15844264123635,18.0,2920.2565622817415
development,b23p09,23,9,normal,outputs/study1_35f300_extension_v1/normal/b23p09.wav,237.8414230005442,51.40431077629961,0.6245710363761153,-19.159664689274184,14.56,2745.59129337546
development,b23p09,23,9,happy,outputs/study1_35f300_extension_v1/happy/b23p09.wav,281.2136583244699,47.571751128475285,0.6616334934797529,-21.598660047375127,14.56,3018.8746672193547
development,b23p09,23,9,sad,outputs/study1_35f300_extension_v1/sad/b23p09.wav,181.29427068562208,20.07995358374049,0.48663766314481044,-18.74633622350052,16.08,3348.5026467651114
development,b23p09,23,9,calm,outputs/study1_35f300_extension_v1/calm/b23p09.wav,179.21192838239048,54.41009048179208,0.5164698570540709,-19.85375115881483,16.08,2647.5825042744677
development,b23p09,23,9,angry,outputs/study1_35f300_extension_v1/angry/b23p09.wav,433.6907481205674,136.8866873861951,0.6877351392024078,-20.674159183524758,13.28,3563.7430439941836
development,b23p09,23,9,surprise,outputs/study1_35f300_extension_v1/surprise/b23p09.wav,249.08992447176465,63.29430634028944,0.575840768702814,-21.75480059611219,14.56,3001.9531989592474
development,b24p00,24,0,normal,outputs/study1_35f300_extension_v1/normal/b24p00.wav,231.07053937445463,56.71547347434512,0.6463805253042921,-20.466320892691122,15.6,2692.6203244276576
development,b24p00,24,0,happy,outputs/study1_35f300_extension_v1/happy/b24p00.wav,306.66566893392013,92.45790510155695,0.6380525304292121,-19.64377070115249,15.6,2849.3278756887103
development,b24p00,24,0,sad,outputs/study1_35f300_extension_v1/sad/b24p00.wav,231.07053937445463,52.89287796360853,0.6185619581845997,-20.821560129821254,19.6,2612.5063030438396
development,b24p00,24,0,calm,outputs/study1_35f300_extension_v1/calm/b24p00.wav,187.68759933422865,31.385650971671254,0.538695917123705,-21.65481749883582,16.4,2396.096546444784
development,b24p00,24,0,angry,outputs/study1_35f300_extension_v1/angry/b24p00.wav,352.26634943845943,96.76292447432763,0.6489945155393053,-19.17862943931506,16.4,3062.497884224373
development,b24p00,24,0,surprise,outputs/study1_35f300_extension_v1/surprise/b24p00.wav,225.79288096122622,77.02341321855855,0.6788543570993297,-18.799402329430595,16.4,2675.5410176706073
development,b24p01,24,1,normal,outputs/study1_35f300_extension_v1/normal/b24p01.wav,215.59643660857103,52.91740788219468,0.573109243697479,-19.886583422545336,17.84,2721.4788227273903
development,b24p01,24,1,happy,outputs/study1_35f300_extension_v1/happy/b24p01.wav,281.2136583244699,43.77540237187776,0.6531751570132589,-18.802036445495546,14.32,2529.5933071181407
development,b24p01,24,1,sad,outputs/study1_35f300_extension_v1/sad/b24p01.wav,214.35469250725862,33.95099304315107,0.5772307692307692,-19.028184848747806,16.24,2540.5751673752643
development,b24p01,24,1,calm,outputs/study1_35f300_extension_v1/calm/b24p01.wav,192.07458901020084,39.00998766647206,0.653038046564452,-21.347464656293113,17.6,2426.2504507651247
development,b24p01,24,1,angry,outputs/study1_35f300_extension_v1/angry/b24p01.wav,334.4212833154038,62.92712599590783,0.6671652954375468,-20.73244784912128,13.36,2925.4488565931583
development,b24p01,24,1,surprise,outputs/study1_35f300_extension_v1/surprise/b24p01.wav,303.14331330207966,82.87009934283896,0.6716417910447762,-20.752492160940164,18.08,3102.333418030421
development,b24p02,24,2,normal,outputs/study1_35f300_extension_v1/normal/b24p02.wav,251.98420997897463,60.22899089687871,0.7538349159970782,-21.484277281083514,13.68,2837.741865340648
development,b24p02,24,2,happy,outputs/study1_35f300_extension_v1/happy/b24p02.wav,332.4951584571151,61.54568212120705,0.6422267481330618,-19.484002354626433,14.72,2751.7683229654035
development,b24p02,24,2,sad,outputs/study1_35f300_extension_v1/sad/b24p02.wav,249.08992447176465,57.68009242223491,0.6270466949666464,-20.997438756218298,16.48,3070.7189332933394
development,b24p02,24,2,calm,outputs/study1_35f300_extension_v1/calm/b24p02.wav,281.2136583244699,76.61959425367161,0.6539746158984636,-20.970709812316652,14.96,3175.4338736983204
development,b24p02,24,2,angry,outputs/study1_35f300_extension_v1/angry/b24p02.wav,291.13063656843747,54.51516616396418,0.6282722513089005,-22.03418155627812,13.36,3315.674407874719
development,b24p02,24,2,surprise,outputs/study1_35f300_extension_v1/surprise/b24p02.wav,276.38257599355524,90.09861337089589,0.6515867656988521,-19.65657711705598,14.8,2951.5079287259746
development,b24p03,24,3,normal,outputs/study1_35f300_extension_v1/normal/b24p03.wav,211.89261887185907,54.543521329858635,0.5481171548117155,-18.738224206813207,16.72,2821.4552131658625
development,b24p03,24,3,happy,outputs/study1_35f300_extension_v1/happy/b24p03.wav,320.2442536440052,87.33903680693743,0.7100073046018992,-17.22484941242314,13.68,2814.9191798353777
development,b24p03,24,3,sad,outputs/study1_35f300_extension_v1/sad/b24p03.wav,179.21192838239048,26.27845796055948,0.48098765432098767,-23.084196985058835,20.24,2938.5684892165386
development,b24p03,24,3,calm,outputs/study1_35f300_extension_v1/calm/b24p03.wav,186.60659830736148,40.805405539717924,0.5486166007905139,-18.68366606713457,12.64,2649.0345378102766
development,b24p03,24,3,angry,outputs/study1_35f300_extension_v1/angry/b24p03.wav,205.86044732869837,55.25561357109581,0.6559726962457337,-20.82655244005391,14.64,2900.225704955747
development,b24p03,24,3,surprise,outputs/study1_35f300_extension_v1/surprise/b24p03.wav,193.1872657849691,70.99956580258706,0.5778461538461539,-19.91870827863812,16.24,2556.377367977172
development,b24p04,24,4,normal,outputs/study1_35f300_extension_v1/normal/b24p04.wav,196.56411970905023,56.95184929748706,0.5907692307692308,-17.566349320352725,16.24,2464.2883639993515
development,b24p04,24,4,happy,outputs/study1_35f300_extension_v1/happy/b24p04.wav,301.3973362949152,72.87672298486581,0.6276660572821451,-24.237450957698833,16.4,2939.070148801601
development,b24p04,24,4,sad,outputs/study1_35f300_extension_v1/sad/b24p04.wav,204.67477839935495,35.3072961062075,0.4697259400892288,-19.559873814719726,15.68,2801.7832038544375
development,b24p04,24,4,calm,outputs/study1_35f300_extension_v1/calm/b24p04.wav,232.40911739156792,67.35591234248199,0.5810725552050473,-18.415778747083177,15.84,2647.824810194236
development,b24p04,24,4,angry,outputs/study1_35f300_extension_v1/angry/b24p04.wav,336.3585661014858,75.67098071343099,0.6561295296838859,-19.97920941533659,12.96,3170.8399070828273
development,b24p04,24,4,surprise,outputs/study1_35f300_extension_v1/surprise/b24p04.wav,239.21922434748075,67.73218386110963,0.6342817487855655,-21.13756787784444,14.4,2937.7701394308738
development,b24p05,24,5,normal,outputs/study1_35f300_extension_v1/normal/b24p05.wav,223.1994285260446,44.159333654950785,0.6205899363794101,-21.90533948529969,17.28,2593.213213053821
development,b24p05,24,5,happy,outputs/study1_35f300_extension_v1/happy/b24p05.wav,257.8740616879158,49.0872627623699,0.5749073583906829,-21.533832772279155,18.88,2648.44041550605
development,b24p05,24,5,sad,outputs/study1_35f300_extension_v1/sad/b24p05.wav,204.67477839935495,49.776268688832545,0.4906653901388224,-21.173609181079335,20.88,2949.910302136177
development,b24p05,24,5,calm,outputs/study1_35f300_extension_v1/calm/b24p05.wav,231.7398283830113,57.70684248813481,0.5762256548018805,-21.161864874306524,14.88,2608.3786788354937
development,b24p05,24,5,angry,outputs/study1_35f300_extension_v1/angry/b24p05.wav,319.31935454265994,85.58795895739854,0.633357825128582,-19.75879986834205,13.6,3271.90032320778
development,b24p05,24,5,surprise,outputs/study1_35f300_extension_v1/surprise/b24p05.wav,294.5134116201051,89.88472855096967,0.6379675370501059,-16.48558057832426,14.16,2631.8284394695825
development,b24p06,24,6,normal,outputs/study1_35f300_extension_v1/normal/b24p06.wav,205.86044732869837,57.95607743624964,0.6096096096096096,-21.802731280186283,16.64,2685.963010090146
development,b24p06,24,6,happy,outputs/study1_35f300_extension_v1/happy/b24p06.wav,250.53288772482563,34.9604079769162,0.6915113871635611,-17.887099631152264,14.48,2516.161771166723
development,b24p06,24,6,sad,outputs/study1_35f300_extension_v1/sad/b24p06.wav,215.59643660857103,41.68086070204828,0.5392341494036409,-21.52147737092289,15.92,2983.117916760045
development,b24p06,24,6,calm,outputs/study1_35f300_extension_v1/calm/b24p06.wav,236.47155720542963,66.96797083400685,0.5905735377626349,-22.214246668015413,17.6,2792.297990128198
development,b24p06,24,6,angry,outputs/study1_35f300_extension_v1/angry/b24p06.wav,321.1691527453505,58.76637783037398,0.6681190994916485,-20.432650069218887,13.76,3165.448368979553
development,b24p06,24,6,surprise,outputs/study1_35f300_extension_v1/surprise/b24p06.wav,286.12918648705164,70.39427426407423,0.7002497918401333,-18.79886625744161,12.0,3031.650454864205
development,b24p07,24,7,normal,outputs/study1_35f300_extension_v1/normal/b24p07.wav,287.786716002164,85.82567837666016,0.6960444136016655,-19.313240144998026,14.4,2496.7954163835757
development,b24p07,24,7,happy,outputs/study1_35f300_extension_v1/happy/b24p07.wav,296.2195104573129,84.37435612251116,0.6643533123028391,-20.592782791708743,15.84,2963.4703474536936
development,b24p07,24,7,sad,outputs/study1_35f300_extension_v1/sad/b24p07.wav,207.05298476827548,47.12219717653227,0.48691358024691356,-19.41563743809639,20.24,2544.818660040183
development,b24p07,24,7,calm,outputs/study1_35f300_extension_v1/calm/b24p07.wav,195.99805669794972,47.06625380681493,0.5144356955380578,-20.518000208489514,19.04,2858.9932465167753
development,b24p07,24,7,angry,outputs/study1_35f300_extension_v1/angry/b24p07.wav,291.13063656843747,88.76401005236409,0.5434924787442773,-21.137013645249322,15.28,2846.4475787639467
development,b24p07,24,7,surprise,outputs/study1_35f300_extension_v1/surprise/b24p07.wav,213.12010032569688,65.97879014681715,0.6587942821628341,-19.54306351855363,16.08,2435.0564154394956
development,b24p08,24,8,normal,outputs/study1_35f300_extension_v1/normal/b24p08.wav,175.11872228117704,34.44716058814913,0.5886818495514148,-18.643156682449998,14.48,2322.8287617429414
development,b24p08,24,8,happy,outputs/study1_35f300_extension_v1/happy/b24p08.wav,338.3070714525794,53.83451611041198,0.685370741482966,-20.530618730180525,14.96,2793.696141368705
development,b24p08,24,8,sad,outputs/study1_35f300_extension_v1/sad/b24p08.wav,182.8726531762888,20.07995358374049,0.4235044997353097,-21.09324163354062,18.88,2805.504688552236
development,b24p08,24,8,calm,outputs/study1_35f300_extension_v1/calm/b24p08.wav,219.36499593892518,33.4666811706912,0.6381197681905988,-19.957595317703966,15.52,2592.195336165723
development,b24p08,24,8,angry,outputs/study1_35f300_extension_v1/angry/b24p08.wav,260.87041395311286,69.92174437592931,0.6450511945392492,-19.374819313299106,14.64,3152.6062098817715
development,b24p08,24,8,surprise,outputs/study1_35f300_extension_v1/surprise/b24p08.wav,220.63576443274928,68.5834013380404,0.6195028680688337,-21.714098663371608,15.68,2231.972898197031
development,b24p09,24,9,normal,outputs/study1_35f300_extension_v1/normal/b24p09.wav,201.15858821357068,38.51308577263475,0.5706744868035191,-21.389804540679055,17.04,2460.047364172683
development,b24p09,24,9,happy,outputs/study1_35f300_extension_v1/happy/b24p09.wav,201.15858821357068,42.7019660311785,0.5787965616045845,-21.89039123281851,17.44,2564.1635789886213
development,b24p09,24,9,sad,outputs/study1_35f300_extension_v1/sad/b24p09.wav,159.65967727133,37.185499278640236,0.4659034345445495,-22.354622791313936,20.08,2286.090695789016
development,b24p09,24,9,calm,outputs/study1_35f300_extension_v1/calm/b24p09.wav,279.5939868358039,54.6814589549455,0.5941573033707865,-21.067072709885206,22.24,2616.646040243149
development,b24p09,24,9,angry,outputs/study1_35f300_extension_v1/angry/b24p09.wav,266.96797083400685,73.2286319422769,0.6349514563106796,-20.750174174007483,15.44,2776.271886530281
development,b24p09,24,9,surprise,outputs/study1_35f300_extension_v1/surprise/b24p09.wav,203.49593842053727,40.47075967999072,0.5616045845272206,-23.66467748702562,17.44,2613.7623433771123
development,b25p00,25,0,normal,outputs/study1_35f300_extension_v1/normal/b25p00.wav,292.81713918912504,74.62109676919931,0.6846576711644178,-20.377498884182774,20.0,2558.3102165231116
development,b25p00,25,0,happy,outputs/study1_35f300_extension_v1/happy/b25p00.wav,379.7368483802076,71.04248534613049,0.7427334570191713,-17.71787749618982,16.16,2971.07923557345
development,b25p00,25,0,sad,outputs/study1_35f300_extension_v1/sad/b25p00.wav,265.4303484677136,55.294187272624356,0.5787728026533997,-17.879523984143177,18.08,2962.6728569047214
development,b25p00,25,0,calm,outputs/study1_35f300_extension_v1/calm/b25p00.wav,270.06998923363795,80.10013019517919,0.6445589182227945,-17.480929646916508,15.52,2716.312970310789
development,b25p00,25,0,angry,outputs/study1_35f300_extension_v1/angry/b25p00.wav,330.5801272616847,59.4452280691645,0.6713426853707415,-19.801782499421364,14.96,2863.3928245489387
development,b25p00,25,0,surprise,outputs/study1_35f300_extension_v1/surprise/b25p00.wav,342.23801027304086,104.87903033789394,0.6905516804058338,-18.849753995843678,15.76,3069.832180716077
development,b25p01,25,1,normal,outputs/study1_35f300_extension_v1/normal/b25p01.wav,247.65527207548806,51.29415693731016,0.6781609195402298,-19.711794106329165,13.04,2709.811692833037
development,b25p01,25,1,happy,outputs/study1_35f300_extension_v1/happy/b25p01.wav,266.96797083400685,77.37162570713352,0.5543266102797658,-21.580110962456132,15.36,2984.619076650737
development,b25p01,25,1,sad,outputs/study1_35f300_extension_v1/sad/b25p01.wav,301.3973362949152,45.56943232375011,0.606726149622512,-17.732675295971355,14.56,2897.985839830627
development,b25p01,25,1,calm,outputs/study1_35f300_extension_v1/calm/b25p01.wav,284.4812036394563,83.88839559057817,0.6576338400528751,-20.57295469646004,15.12,2975.4480182731295
development,b25p01,25,1,angry,outputs/study1_35f300_extension_v1/angry/b25p01.wav,299.66141537533633,59.05320605587235,0.6355731225296443,-19.53906696413272,12.64,2996.532882868707
development,b25p01,25,1,surprise,outputs/study1_35f300_extension_v1/surprise/b25p01.wav,348.2202253184496,86.71311619460198,0.7033457249070632,-19.224291685448293,13.44,2827.6199632011903
development,b25p02,25,2,normal,outputs/study1_35f300_extension_v1/normal/b25p02.wav,210.67220719096719,50.21343694914907,0.5646711012564671,-19.29281052720571,13.52,2994.5007640727
development,b25p02,25,2,happy,outputs/study1_35f300_extension_v1/happy/b25p02.wav,237.8414230005442,48.30514554600779,0.6700537955768081,-17.29236830828127,16.72,2396.481406946832
development,b25p02,25,2,sad,outputs/study1_35f300_extension_v1/sad/b25p02.wav,216.22090533442736,47.14463533727991,0.4781829049611476,-20.49845333778031,16.72,3105.27697368046
development,b25p02,25,2,calm,outputs/study1_35f300_extension_v1/calm/b25p02.wav,194.30638823072118,59.54530173266866,0.5665149215983813,-21.784779762986464,19.76,2794.0401615039696
development,b25p02,25,2,angry,outputs/study1_35f300_extension_v1/angry/b25p02.wav,180.25009252216606,38.96269887375925,0.5541740674955595,-20.25636607137766,16.88,2655.5870467903796
development,b25p02,25,2,surprise,outputs/study1_35f300_extension_v1/surprise/b25p02.wav,297.93549262454053,69.70971330857185,0.6774619960343689,-18.390386851548048,15.12,2650.86104371137
development,b25p03,25,3,normal,outputs/study1_35f300_extension_v1/normal/b25p03.wav,236.47155720542963,44.931225210699154,0.5676046671242279,-21.025752207105004,14.56,2545.349956049804
development,b25p03,25,3,happy,outputs/study1_35f300_extension_v1/happy/b25p03.wav,233.75544971224912,68.52481940434205,0.5839902971497878,-15.273000240626935,16.48,2280.758873278682
development,b25p03,25,3,sad,outputs/study1_35f300_extension_v1/sad/b25p03.wav,182.34449771164336,27.410583982760528,0.5169833045480714,-18.9804875744555,17.36,2175.7981714837024
development,b25p03,25,3,calm,outputs/study1_35f300_extension_v1/calm/b25p03.wav,247.65527207548806,69.307265549779,0.6624009750152346,-20.781148454520512,16.4,2550.9237788738874
development,b25p03,25,3,angry,outputs/study1_35f300_extension_v1/angry/b25p03.wav,214.35469250725862,45.252402976437935,0.5748683220466516,-16.41996172550364,13.28,2595.572261015488
development,b25p03,25,3,surprise,outputs/study1_35f300_extension_v1/surprise/b25p03.wav,237.8414230005442,56.621881684193596,0.6274944567627494,-16.92987587443635,13.52,2003.9950807636203
development,b25p04,25,4,normal,outputs/study1_35f300_extension_v1/normal/b25p04.wav,350.237444562354,77.93108542683296,0.7069767441860465,-17.968815092640376,15.04,2741.1315826970163
development,b25p04,25,4,happy,outputs/study1_35f300_extension_v1/happy/b25p04.wav,418.9176491282508,96.89080062756989,0.6737864077669903,-18.4768132070516,15.44,3379.4346802109676
development,b25p04,25,4,sad,outputs/study1_35f300_extension_v1/sad/b25p04.wav,220.63576443274928,41.99881784385852,0.5529207634470792,-18.643503192318654,17.28,2254.8325187778473
development,b25p04,25,4,calm,outputs/study1_35f300_extension_v1/calm/b25p04.wav,219.36499593892518,46.2288826689832,0.6221952698605215,-16.08475486650844,16.48,2335.9163471513275
development,b25p04,25,4,angry,outputs/study1_35f300_extension_v1/angry/b25p04.wav,330.5801272616847,60.83876966899578,0.5976761074800291,-19.59988330786817,13.76,3286.8059537303534
development,b25p04,25,4,surprise,outputs/study1_35f300_extension_v1/surprise/b25p04.wav,237.8414230005442,65.4303484677136,0.6069534472598703,-17.284134892252972,16.96,2584.3194513335943
development,b25p05,25,5,normal,outputs/study1_35f300_extension_v1/normal/b25p05.wav,168.1792830507429,27.07318814482801,0.6270270270270271,-26.317001416871058,16.64,2036.484957398889
development,b25p05,25,5,happy,outputs/study1_35f300_extension_v1/happy/b25p05.wav,321.1691527453505,71.98301831581733,0.6332607116920842,-22.699771484459085,13.76,2309.3623597977753
development,b25p05,25,5,sad,outputs/study1_35f300_extension_v1/sad/b25p05.wav,207.05298476827548,27.448498647780184,0.6152948044366608,-20.148844624297233,17.12,2253.051743601121
development,b25p05,25,5,calm,outputs/study1_35f300_extension_v1/calm/b25p05.wav,104.72941228206267,17.78971545901669,0.5602629656683711,-18.7898545824697,13.68,1960.6786163648087
development,b25p05,25,5,angry,outputs/study1_35f300_extension_v1/angry/b25p05.wav,249.08992447176465,95.53688896621682,0.5967025998731769,-23.925809898095896,15.76,2376.726283382908
development,b25p05,25,5,surprise,outputs/study1_35f300_extension_v1/surprise/b25p05.wav,239.21922434748075,52.00160009662628,0.6289230769230769,-23.519479485268178,16.24,2173.389412615715
development,b25p06,25,6,normal,outputs/study1_35f300_extension_v1/normal/b25p06.wav,254.91212546385245,95.23901051543254,0.5549278091650973,-21.857617306265638,15.92,2943.548752502401
development,b25p06,25,6,happy,outputs/study1_35f300_extension_v1/happy/b25p06.wav,197.70280407057922,69.55570601444623,0.6109303838646715,-19.268440922100762,15.36,2480.1703799339716
development,b25p06,25,6,sad,outputs/study1_35f300_extension_v1/sad/b25p06.wav,187.68759933422865,45.645039643301516,0.52021726010863,-19.31745916473172,16.56,2875.284622162876
development,b25p06,25,6,calm,outputs/study1_35f300_extension_v1/calm/b25p06.wav,254.91212546385245,57.380317825280855,0.5612493899463152,-20.199116062603043,20.48,2481.5814264462433
development,b25p06,25,6,angry,outputs/study1_35f300_extension_v1/angry/b25p06.wav,280.4038225801369,59.3522406098235,0.6216412490922295,-18.684741918919514,13.76,2997.6268009065257
development,b25p06,25,6,surprise,outputs/study1_35f300_extension_v1/surprise/b25p06.wav,371.0636467765238,67.11604226533427,0.6403253922138291,-23.558272900429568,17.2,2899.9082095941812
development,b25p07,25,7,normal,outputs/study1_35f300_extension_v1/normal/b25p07.wav,257.8740616879158,61.84866238554474,0.6113681427627231,-21.890007116383586,15.12,2523.144258329873
development,b25p07,25,7,happy,outputs/study1_35f300_extension_v1/happy/b25p07.wav,336.3585661014858,96.8941359055886,0.6808371484630478,-20.929892712222472,15.28,2887.1063594429065
development,b25p07,25,7,sad,outputs/study1_35f300_extension_v1/sad/b25p07.wav,189.86842419010387,34.94269731940946,0.5655326268823201,-20.894603138671037,17.92,2671.448888694498
development,b25p07,25,7,calm,outputs/study1_35f300_extension_v1/calm/b25p07.wav,201.15858821357068,37.234955791815054,0.5361093038386467,-19.516933120755965,15.36,2784.8587399539942
development,b25p07,25,7,angry,outputs/study1_35f300_extension_v1/angry/b25p07.wav,348.2202253184496,48.03398005650695,0.7092936802973978,-20.344140684956432,13.44,3040.876533829243
development,b25p07,25,7,surprise,outputs/study1_35f300_extension_v1/surprise/b25p07.wav,384.14917802040173,79.68468622114716,0.7461589846359385,-18.563711686592622,14.96,2827.086980556817
development,b25p08,25,8,normal,outputs/study1_35f300_extension_v1/normal/b25p08.wav,239.21922434748075,49.4653669685959,0.6155969634230504,-23.365829806465698,14.48,2564.9840989133086
development,b25p08,25,8,happy,outputs/study1_35f300_extension_v1/happy/b25p08.wav,271.6344887654643,84.92520459117398,0.6521739130434783,-24.392979968068342,14.48,2437.72602805335
development,b25p08,25,8,sad,outputs/study1_35f300_extension_v1/sad/b25p08.wav,231.07053937445463,29.553725542436524,0.6334812935954344,-19.86107744270303,15.76,2817.3454018425678
development,b25p08,25,8,calm,outputs/study1_35f300_extension_v1/calm/b25p08.wav,210.67220719096719,63.45150339595122,0.6458459672528806,-19.733671888263647,16.48,2723.663661462343
development,b25p08,25,8,angry,outputs/study1_35f300_extension_v1/angry/b25p08.wav,257.8740616879158,70.9413419418803,0.5973482205163991,-19.939391202634717,14.32,3276.585004202958
development,b25p08,25,8,surprise,outputs/study1_35f300_extension_v1/surprise/b25p08.wav,240.60500721642333,62.027883486296616,0.6258631512868801,-26.02485847775364,15.92,2633.171288809487
development,b25p09,25,9,normal,outputs/study1_35f300_extension_v1/normal/b25p09.wav,239.21922434748075,41.26636439715037,0.636795655125594,-21.432996066003554,14.72,2663.7070425735246
development,b25p09,25,9,happy,outputs/study1_35f300_extension_v1/happy/b25p09.wav,289.4538474880756,73.76400037046366,0.583804143126177,-21.756193792539932,15.92,2837.1927719300184
development,b25p09,25,9,sad,outputs/study1_35f300_extension_v1/sad/b25p09.wav,225.79288096122622,47.309431579619684,0.4985198342214328,-20.236414044711438,16.88,2757.050433879096
development,b25p09,25,9,calm,outputs/study1_35f300_extension_v1/calm/b25p09.wav,205.86044732869837,36.17252571556145,0.6568682871678915,-19.4906026972207,17.68,2331.07632410915
development,b25p09,25,9,angry,outputs/study1_35f300_extension_v1/angry/b25p09.wav,340.26686438034227,73.12815415198327,0.6080634500991408,-19.647072253374755,15.12,3272.2272263901314
development,b25p09,25,9,surprise,outputs/study1_35f300_extension_v1/surprise/b25p09.wav,281.2136583244699,87.4137030331014,0.6633266533066132,-18.875663539294095,14.96,2637.090059197675
development,b26p00,26,0,normal,outputs/study1_35f300_extension_v1/normal/b26p00.wav,214.35469250725862,47.4219819224931,0.7230667547918044,-17.92885849208554,15.12,2316.0996263835855
development,b26p00,26,0,happy,outputs/study1_35f300_extension_v1/happy/b26p00.wav,276.38257599355524,77.24568646700615,0.6292585170340681,-20.36730342551223,14.96,2576.9665141434216
development,b26p00,26,0,sad,outputs/study1_35f300_extension_v1/sad/b26p00.wav,220.63576443274928,61.39307883403285,0.5785522788203753,-20.333845104925956,18.64,2867.9080899859496
development,b26p00,26,0,calm,outputs/study1_35f300_extension_v1/calm/b26p00.wav,219.36499593892518,65.97879014681715,0.6037609133646743,-21.566811925382186,14.88,2439.2624900023197
development,b26p00,26,0,angry,outputs/study1_35f300_extension_v1/angry/b26p00.wav,268.51450055605267,57.662597531477815,0.6666666666666666,-19.190486033004284,14.48,3114.9952390495946
development,b26p00,26,0,surprise,outputs/study1_35f300_extension_v1/surprise/b26p00.wav,251.98420997897463,57.68009242223491,0.584731058415269,-21.526756126258814,17.28,3120.220228321567
development,b26p01,26,1,normal,outputs/study1_35f300_extension_v1/normal/b26p01.wav,241.99881784385852,55.07535196214778,0.7017061089708311,-27.202074202702022,18.16,2925.1351067621276
development,b26p01,26,1,happy,outputs/study1_35f300_extension_v1/happy/b26p01.wav,284.4812036394563,70.22943007089529,0.6666666666666666,-14.983138007810098,15.2,2502.167527119042
development,b26p01,26,1,sad,outputs/study1_35f300_extension_v1/sad/b26p01.wav,209.4588245641254,24.211090342989763,0.5126484254001032,-18.3605318136587,19.36,3109.0204630352314
development,b26p01,26,1,calm,outputs/study1_35f300_extension_v1/calm/b26p01.wav,131.19081044374488,23.319890319456036,0.5033419023136246,-25.524194494742286,19.44,2621.880851226483
development,b26p01,26,1,angry,outputs/study1_35f300_extension_v1/angry/b26p01.wav,210.67220719096719,37.44814708007104,0.5976761074800291,-21.110182503599223,13.76,3024.3596471710684
development,b26p01,26,1,surprise,outputs/study1_35f300_extension_v1/surprise/b26p01.wav,244.81070866093103,45.054076420437866,0.6915647134578236,-17.461567437758394,15.52,2588.661369509667
development,b26p02,26,2,normal,outputs/study1_35f300_extension_v1/normal/b26p02.wav,303.14331330207966,71.33910061857256,0.6904927133934767,-19.56030509647932,14.4,2769.3419399358477
development,b26p02,26,2,happy,outputs/study1_35f300_extension_v1/happy/b26p02.wav,332.4951584571151,66.5202916387803,0.6948008102633356,-19.23639789733671,14.8,2851.610786559021
development,b26p02,26,2,sad,outputs/study1_35f300_extension_v1/sad/b26p02.wav,178.17974362806785,40.34032272867,0.5432661027976577,-17.330678807843473,15.36,2445.4500344442163
development,b26p02,26,2,calm,outputs/study1_35f300_extension_v1/calm/b26p02.wav,193.1872657849691,37.91286974263849,0.6347003154574132,-16.940957975614165,15.84,2337.9917732238205
development,b26p02,26,2,angry,outputs/study1_35f300_extension_v1/angry/b26p02.wav,315.65165893545657,46.36597197006347,0.6169078446306169,-19.90038437431059,13.12,3438.032311766659
development,b26p02,26,2,surprise,outputs/study1_35f300_extension_v1/surprise/b26p02.wav,340.26686438034227,70.99098480983514,0.753256704980843,-18.685174650668745,13.04,3078.6201907443333
development,b26p03,26,3,normal,outputs/study1_35f300_extension_v1/normal/b26p03.wav,334.4212833154038,62.20434630746814,0.7037037037037037,-18.121892415637603,20.24,2682.7737215437874
development,b26p03,26,3,happy,outputs/study1_35f300_extension_v1/happy/b26p03.wav,352.26634943845943,106.09766596982848,0.7029840388619014,-19.714948121540104,14.4,2954.784258080053
development,b26p03,26,3,sad,outputs/study1_35f300_extension_v1/sad/b26p03.wav,161.5148333600084,32.17149780112371,0.5136729222520108,-19.054065446959363,18.64,2470.853275897384
development,b26p03,26,3,calm,outputs/study1_35f300_extension_v1/calm/b26p03.wav,175.11872228117704,21.316534676519126,0.5382716049382716,-22.19153034486191,20.24,2832.982270516565
development,b26p03,26,3,angry,outputs/study1_35f300_extension_v1/angry/b26p03.wav,371.0636467765238,110.53080378254413,0.6770768269831355,-18.827234028470208,16.0,3204.1338143107473
development,b26p03,26,3,surprise,outputs/study1_35f300_extension_v1/surprise/b26p03.wav,360.5001850443321,85.67007912166957,0.7165408373369938,-19.340141958098968,14.56,2994.8631039751617
development,b26p04,26,4,normal,outputs/study1_35f300_extension_v1/normal/b26p04.wav,250.53288772482563,72.3917900705739,0.5933715742511153,-22.499819556996712,15.68,3301.0463686334538
development,b26p04,26,4,happy,outputs/study1_35f300_extension_v1/happy/b26p04.wav,338.3070714525794,93.01854145196427,0.6862745098039216,-20.242638446161134,13.76,3102.457845362786
development,b26p04,26,4,sad,outputs/study1_35f300_extension_v1/sad/b26p04.wav,240.60500721642333,51.07565596045498,0.6065879428216283,-21.248227548967872,16.08,3033.244373186154
development,b26p04,26,4,calm,outputs/study1_35f300_extension_v1/calm/b26p04.wav,204.67477839935495,43.48226061227717,0.5860566448801743,-21.792762190105247,13.76,2616.5072817232003
development,b26p04,26,4,angry,outputs/study1_35f300_extension_v1/angry/b26p04.wav,271.6344887654643,53.43253270635313,0.6673241288625904,-19.812741316149747,15.2,2541.562105063719
development,b26p04,26,4,surprise,outputs/study1_35f300_extension_v1/surprise/b26p04.wav,270.06998923363795,82.45145351952928,0.6426351771286514,-17.921162957792735,16.08,2555.1032079152264
development,b26p05,26,5,normal,outputs/study1_35f300_extension_v1/normal/b26p05.wav,241.99881784385852,61.81755872667671,0.6657946370176586,-20.052082827444796,15.28,2577.0924914208163
development,b26p05,26,5,happy,outputs/study1_35f300_extension_v1/happy/b26p05.wav,328.6761258343161,88.7427397005394,0.6645202833226014,-18.705608773616408,15.52,2664.495932131253
development,b26p05,26,5,sad,outputs/study1_35f300_extension_v1/sad/b26p05.wav,223.1994285260446,37.97645216202196,0.49429147078576224,-20.53599390568424,14.88,2992.6047867843877
development,b26p05,26,5,calm,outputs/study1_35f300_extension_v1/calm/b26p05.wav,187.68759933422865,31.204882923864062,0.5313736574335783,-21.314427105714966,17.68,2849.3109149096495
development,b26p05,26,5,angry,outputs/study1_35f300_extension_v1/angry/b26p05.wav,421.34441438193437,101.29268507906784,0.7068332108743571,-20.21597629158343,13.6,3510.9996199392963
development,b26p05,26,5,surprise,outputs/study1_35f300_extension_v1/surprise/b26p05.wav,263.9015821545788,70.85562503789356,0.7064615384615385,-18.80904836289246,16.24,2650.532580912683
development,b26p06,26,6,normal,outputs/study1_35f300_extension_v1/normal/b26p06.wav,397.696169527019,53.0270040366708,0.6873676781933663,-23.21523062324099,14.16,3543.3966965375307
development,b26p06,26,6,happy,outputs/study1_35f300_extension_v1/happy/b26p06.wav,235.10958125672175,42.27762507934477,0.6379201014584654,-24.069786491657222,15.76,2528.47067668107
development,b26p06,26,6,sad,outputs/study1_35f300_extension_v1/sad/b26p06.wav,239.21922434748075,37.88921122561521,0.6068850638534148,-19.88675903981152,18.0,3364.5095909372703
development,b26p06,26,6,calm,outputs/study1_35f300_extension_v1/calm/b26p06.wav,208.25243050696125,46.57839959714016,0.5167580743449116,-21.543399084063513,16.4,3105.6301882293865
development,b26p06,26,6,angry,outputs/study1_35f300_extension_v1/angry/b26p06.wav,334.4212833154038,99.15892897336676,0.6646840148698885,-18.441697477948434,13.44,2891.1771398240294
development,b26p06,26,6,surprise,outputs/study1_35f300_extension_v1/surprise/b26p06.wav,215.59643660857103,52.91740788219468,0.6851441241685144,-21.354105617302864,13.52,2926.8990989918984
development,b26p07,26,7,normal,outputs/study1_35f300_extension_v1/normal/b26p07.wav,257.8740616879158,72.19027939359296,0.4962518740629685,-20.73423850987526,20.0,2832.1986198343907
development,b26p07,26,7,happy,outputs/study1_35f300_extension_v1/happy/b26p07.wav,266.96797083400685,52.90502340717302,0.5928226363008972,-22.13687897855459,14.48,2766.819847372336
development,b26p07,26,7,sad,outputs/study1_35f300_extension_v1/sad/b26p07.wav,266.96797083400685,65.68018030367165,0.45382716049382715,-21.341910953701433,20.24,2896.8142187755675
development,b26p07,26,7,calm,outputs/study1_35f300_extension_v1/calm/b26p07.wav,203.49593842053727,44.76039059309687,0.5107495642068565,-21.624763863025557,17.2,2679.007653899375
development,b26p07,26,7,angry,outputs/study1_35f300_extension_v1/angry/b26p07.wav,306.66566893392013,77.13618760427227,0.6824754193175245,-17.85969924511487,17.28,2497.6378969175835
development,b26p07,26,7,surprise,outputs/study1_35f300_extension_v1/surprise/b26p07.wav,328.6761258343161,43.5717756284339,0.47496490407112774,-22.72756220728041,21.36,2966.678946242795
development,b26p08,26,8,normal,outputs/study1_35f300_extension_v1/normal/b26p08.wav,254.91212546385245,79.69703886342816,0.6265533028122956,-19.076702001718427,15.28,2681.4081662860217
development,b26p08,26,8,happy,outputs/study1_35f300_extension_v1/happy/b26p08.wav,279.5939868358039,73.49576673133691,0.6943475226796929,-19.65185146139793,14.32,2585.4715197373357
development,b26p08,26,8,sad,outputs/study1_35f300_extension_v1/sad/b26p08.wav,213.12010032569688,56.36045847887934,0.6526508226691042,-15.037939405216594,16.4,2685.0479383243555
development,b26p08,26,8,calm,outputs/study1_35f300_extension_v1/calm/b26p08.wav,196.56411970905023,49.803606964702965,0.5982808022922637,-17.504115805275266,17.44,2476.944090631559
development,b26p08,26,8,angry,outputs/study1_35f300_extension_v1/angry/b26p08.wav,274.79072949161787,58.332604641148635,0.6273684210526316,-17.60142958994756,14.24,2779.567448811351
development,b26p08,26,8,surprise,outputs/study1_35f300_extension_v1/surprise/b26p08.wav,246.2288826689832,56.94988890794107,0.6485355648535565,-19.221358911348496,16.72,2781.962645179355
development,b26p09,26,9,normal,outputs/study1_35f300_extension_v1/normal/b26p09.wav,219.36499593892518,56.686951293404746,0.5921356977640709,-19.749999603405307,12.96,2344.553431114079
development,b26p09,26,9,happy,outputs/study1_35f300_extension_v1/happy/b26p09.wav,344.22057489773204,50.18352989470611,0.6571622539035981,-16.993515601207385,14.72,3575.4204072887665
development,b26p09,26,9,sad,outputs/study1_35f300_extension_v1/sad/b26p09.wav,315.65165893545657,94.61900618964876,0.6568573014991671,-20.942350935809195,18.0,2894.0020106094494
development,b26p09,26,9,calm,outputs/study1_35f300_extension_v1/calm/b26p09.wav,235.10958125672175,68.18655696217937,0.6075085324232082,-21.34427572442938,14.64,2652.1477843346142
development,b26p09,26,9,angry,outputs/study1_35f300_extension_v1/angry/b26p09.wav,350.237444562354,141.33705139113135,0.5668371073776479,-19.422182809684994,13.68,3596.0884118528697
development,b26p09,26,9,surprise,outputs/study1_35f300_extension_v1/surprise/b26p09.wav,274.79072949161787,59.010396858432074,0.6723629935179729,-21.58206869392434,16.96,2820.341474100278
development,b27p00,27,0,normal,outputs/study1_35f300_extension_v1/normal/b27p00.wav,336.3585661014858,100.00514526384381,0.635606454971369,-20.395068425195724,19.2,2780.2250633488075
development,b27p00,27,0,happy,outputs/study1_35f300_extension_v1/happy/b27p00.wav,281.2136583244699,65.7972077363662,0.6814486326681448,-17.855522028929457,13.52,2747.733020074797
development,b27p00,27,0,sad,outputs/study1_35f300_extension_v1/sad/b27p00.wav,205.86044732869837,31.124839515843775,0.49148099606815204,-22.67321665806103,22.88,2834.433131352132
development,b27p00,27,0,calm,outputs/study1_35f300_extension_v1/calm/b27p00.wav,221.91389441356898,50.82562176540395,0.5759759759759759,-23.362291917204047,16.64,2896.67504890783
development,b27p00,27,0,angry,outputs/study1_35f300_extension_v1/angry/b27p00.wav,356.35948725613576,78.275094240285,0.6541764246682279,-20.5371240414377,12.8,3229.916122978011
development,b27p00,27,0,surprise,outputs/study1_35f300_extension_v1/surprise/b27p00.wav,406.99187684107454,67.66634510132656,0.7184265010351967,-17.299210992968934,14.48,3064.2389603158235
development,b27p01,27,1,normal,outputs/study1_35f300_extension_v1/normal/b27p01.wav,241.99881784385852,69.72261214892214,0.605878423513694,-22.22563213339367,14.96,3280.875985371826
development,b27p01,27,1,happy,outputs/study1_35f300_extension_v1/happy/b27p01.wav,232.40911739156792,45.71660919317861,0.6234158117079058,-18.251843496145995,16.56,2581.5251707232746
development,b27p01,27,1,sad,outputs/study1_35f300_extension_v1/sad/b27p01.wav,183.93202367906105,37.005045962302944,0.583013698630137,-23.76064377888816,18.24,2599.3642142430003
development,b27p01,27,1,calm,outputs/study1_35f300_extension_v1/calm/b27p01.wav,213.12010032569688,36.552405214437925,0.6420986883198001,-20.827399934185813,16.0,2661.0406011800983
development,b27p01,27,1,angry,outputs/study1_35f300_extension_v1/angry/b27p01.wav,350.237444562354,89.02540908186063,0.7346387575962188,-19.39098498275643,14.8,3124.8567995974754
development,b27p01,27,1,surprise,outputs/study1_35f300_extension_v1/surprise/b27p01.wav,286.12918648705164,74.36807081766858,0.6870332654446707,-20.207420762675902,14.72,3114.984220152275
development,b27p02,27,2,normal,outputs/study1_35f300_extension_v1/normal/b27p02.wav,184.46323871718783,53.14595733732392,0.5052983825989961,-20.586996330024792,17.92,2717.657186249594
development,b27p02,27,2,happy,outputs/study1_35f300_extension_v1/happy/b27p02.wav,256.3888163841458,60.17297601955414,0.6102389078498294,-16.841193550248967,14.64,2782.031403096549
development,b27p02,27,2,sad,outputs/study1_35f300_extension_v1/sad/b27p02.wav,220.63576443274928,27.01273264130424,0.5821876867901973,-16.706146047377146,16.72,2553.9660246172566
development,b27p02,27,2,calm,outputs/study1_35f300_extension_v1/calm/b27p02.wav,209.4588245641254,57.53557912667068,0.575139146567718,-17.69692545175551,16.16,2433.81345054328
development,b27p02,27,2,angry,outputs/study1_35f300_extension_v1/angry/b27p02.wav,321.1691527453505,70.23658134998215,0.6231369765791341,-19.204514955663136,14.08,3224.7082008236252
development,b27p02,27,2,surprise,outputs/study1_35f300_extension_v1/surprise/b27p02.wav,235.10958125672175,63.16760988253364,0.6057748968768415,-20.33367388956782,16.96,2888.2561621172867
development,b27p03,27,3,normal,outputs/study1_35f300_extension_v1/normal/b27p03.wav,240.60500721642333,77.2700987754194,0.6300067888662594,-18.422863872874085,14.72,3041.330315412081
development,b27p03,27,3,happy,outputs/study1_35f300_extension_v1/happy/b27p03.wav,274.79072949161787,77.22164889445219,0.6682279469164715,-19.750747930121044,12.8,3133.058235897878
development,b27p03,27,3,sad,outputs/study1_35f300_extension_v1/sad/b27p03.wav,236.47155720542963,37.02382044522062,0.6442634080108622,-19.447374923852102,14.72,2854.8510176325562
development,b27p03,27,3,calm,outputs/study1_35f300_extension_v1/calm/b27p03.wav,236.47155720542963,58.04113482588045,0.6219269102990034,-19.283175026328998,15.04,2653.0675460640596
development,b27p03,27,3,angry,outputs/study1_35f300_extension_v1/angry/b27p03.wav,240.60500721642333,59.39778204267077,0.6434841323430115,-21.27843865462896,14.8,3014.5571058430696
development,b27p03,27,3,surprise,outputs/study1_35f300_extension_v1/surprise/b27p03.wav,231.07053937445463,40.8374939648034,0.6408254322364751,-19.89492561545265,17.92,3116.309866536917
development,b27p04,27,4,normal,outputs/study1_35f300_extension_v1/normal/b27p04.wav,237.8414230005442,81.90790224869119,0.6132132132132132,-22.22736976377575,16.64,2682.7887533676194
development,b27p04,27,4,happy,outputs/study1_35f300_extension_v1/happy/b27p04.wav,323.02966672001685,95.71842608349652,0.6789146410401357,-19.028886178095018,17.68,2671.9793634649063
development,b27p04,27,4,sad,outputs/study1_35f300_extension_v1/sad/b27p04.wav,195.43199368684918,41.4863239493462,0.49460154241645243,-20.655614678765254,19.44,2913.4784403012827
development,b27p04,27,4,calm,outputs/study1_35f300_extension_v1/calm/b27p04.wav,192.07458901020084,43.856559421394394,0.4770361298224127,-20.387049764270717,16.32,2909.0027575507092
development,b27p04,27,4,angry,outputs/study1_35f300_extension_v1/angry/b27p04.wav,239.21922434748075,70.52212866485687,0.6202440775305097,-17.970473208099982,13.92,2582.771650519409
development,b27p04,27,4,surprise,outputs/study1_35f300_extension_v1/surprise/b27p04.wav,207.05298476827548,90.39326145334016,0.6783075889858966,-21.301365609456905,14.88,2869.2610005490874
development,b27p05,27,5,normal,outputs/study1_35f300_extension_v1/normal/b27p05.wav,211.89261887185907,37.665081989206186,0.5867721876766535,-20.648052365461833,17.68,2665.4635328071126
development,b27p05,27,5,happy,outputs/study1_35f300_extension_v1/happy/b27p05.wav,249.08992447176465,48.065406039328764,0.589358010410642,-19.90887454903254,17.28,2735.7091723695016
development,b27p05,27,5,sad,outputs/study1_35f300_extension_v1/sad/b27p05.wav,201.15858821357068,32.382135343095854,0.4936986301369863,-23.265318115715523,18.24,2932.1034912710425
development,b27p05,27,5,calm,outputs/study1_35f300_extension_v1/calm/b27p05.wav,244.81070866093103,29.45759382576145,0.6393099843178254,-21.14772701839336,19.12,2534.33164663787
development,b27p05,27,5,angry,outputs/study1_35f300_extension_v1/angry/b27p05.wav,348.2202253184496,60.06951467903747,0.7172034564021995,-20.14943139539218,12.72,3507.7918321487127
development,b27p05,27,5,surprise,outputs/study1_35f300_extension_v1/surprise/b27p05.wav,260.87041395311286,33.17293530753642,0.6914247130317354,-21.368680084051213,14.8,2666.150452943735
development,b27p06,27,6,normal,outputs/study1_35f300_extension_v1/normal/b27p06.wav,326.78309064822,59.10680799391656,0.832807570977918,-18.716648661670156,15.84,2006.7360087131246
development,b27p06,27,6,happy,outputs/study1_35f300_extension_v1/happy/b27p06.wav,271.6344887654643,61.463935419110896,0.7107166337935569,-19.91352003742466,15.2,2465.2610409996464
development,b27p06,27,6,sad,outputs/study1_35f300_extension_v1/sad/b27p06.wav,289.4538474880756,62.77251857007849,0.6015793251974156,-21.447790937963973,13.92,2885.9615661899666
development,b27p06,27,6,calm,outputs/study1_35f300_extension_v1/calm/b27p06.wav,204.67477839935495,49.44355159507066,0.518706404565631,-20.756663823320128,15.76,2754.0774209276674
development,b27p06,27,6,angry,outputs/study1_35f300_extension_v1/angry/b27p06.wav,240.60500721642333,93.56486884309965,0.5415282392026578,-19.63525814613351,15.04,3121.0395260310142
development,b27p06,27,6,surprise,outputs/study1_35f300_extension_v1/surprise/b27p06.wav,276.38257599355524,69.7773197684864,0.5819730305180979,-19.710535735308603,14.08,2941.6337529547145
development,b27p07,27,7,normal,outputs/study1_35f300_extension_v1/normal/b27p07.wav,276.38257599355524,63.1898581699067,0.6645614035087719,-18.730015266381955,14.24,2824.4799357982733
development,b27p07,27,7,happy,outputs/study1_35f300_extension_v1/happy/b27p07.wav,266.96797083400685,43.7272147173604,0.6358503881439661,-20.149188940371452,14.16,3068.411854464711
development,b27p07,27,7,sad,outputs/study1_35f300_extension_v1/sad/b27p07.wav,215.59643660857103,48.526078598403984,0.5049389889599071,-22.982726583096724,17.2,3071.4609922408076
development,b27p07,27,7,calm,outputs/study1_35f300_extension_v1/calm/b27p07.wav,214.35469250725862,53.13612521546514,0.5751211631663974,-19.29426586486724,18.56,2431.4530457913934
development,b27p07,27,7,angry,outputs/study1_35f300_extension_v1/angry/b27p07.wav,328.6761258343161,98.45212216146837,0.6223826714801444,-21.59541852048255,13.84,3134.424170050302
development,b27p07,27,7,surprise,outputs/study1_35f300_extension_v1/surprise/b27p07.wav,300.52937583512573,69.70692691476359,0.7164393395549175,-20.324367239360818,13.92,2957.2750033261705
development,b27p08,27,8,normal,outputs/study1_35f300_extension_v1/normal/b27p08.wav,268.51450055605267,75.60445533368897,0.6838390966831334,-17.708589483380866,14.16,2521.664159164204
development,b27p08,27,8,happy,outputs/study1_35f300_extension_v1/happy/b27p08.wav,354.3070076409443,92.79676487586659,0.6455199476782211,-19.0595269402086,15.28,3159.1468849408407
development,b27p08,27,8,sad,outputs/study1_35f300_extension_v1/sad/b27p08.wav,213.12010032569688,31.486492730505034,0.4879551820728291,-16.991438622375465,17.84,2000.2110650438633
development,b27p08,27,8,calm,outputs/study1_35f300_extension_v1/calm/b27p08.wav,192.07458901020084,37.02049822728182,0.605021432945499,-17.96927620169732,16.32,2015.650120813802
development,b27p08,27,8,angry,outputs/study1_35f300_extension_v1/angry/b27p08.wav,321.1691527453505,64.47963343629544,0.6139912554653342,-21.943156653701518,16.0,2777.594074385186
development,b27p08,27,8,surprise,outputs/study1_35f300_extension_v1/surprise/b27p08.wav,313.83363915870024,75.14582893166585,0.6415094339622641,-20.7819908278925,15.36,2790.811409044683
development,b27p09,27,9,normal,outputs/study1_35f300_extension_v1/normal/b27p09.wav,250.53288772482563,58.014229798425305,0.7070580886945659,-17.14462511052226,16.0,2669.3173931231117
development,b27p09,27,9,happy,outputs/study1_35f300_extension_v1/happy/b27p09.wav,284.4812036394563,71.66408246717188,0.6479625918503674,-18.05437715330108,14.96,2608.3963708674396
development,b27p09,27,9,sad,outputs/study1_35f300_extension_v1/sad/b27p09.wav,183.40080864093423,25.15285250443148,0.48474381116868165,-19.534489471343225,17.36,2840.034753027494
development,b27p09,27,9,calm,outputs/study1_35f300_extension_v1/calm/b27p09.wav,208.25243050696125,57.28569191284913,0.5681665547347213,-16.860848143494188,14.88,2548.6721701701426
development,b27p09,27,9,angry,outputs/study1_35f300_extension_v1/angry/b27p09.wav,297.93549262454053,58.26859009216736,0.59987929993965,-19.455405515646834,16.56,2680.1079054350785
development,b27p09,27,9,surprise,outputs/study1_35f300_extension_v1/surprise/b27p09.wav,235.7905692310757,84.97059827348096,0.7229612492770388,-21.90068313916072,17.28,2723.6835690540006
development,b28p00,28,0,normal,outputs/study1_35f300_extension_v1/normal/b28p00.wav,297.93549262454053,72.70606557376891,0.6801831262262917,-19.050030772514226,15.28,2787.870313745125
development,b28p00,28,0,happy,outputs/study1_35f300_extension_v1/happy/b28p00.wav,284.4812036394563,99.47290296938098,0.6408800567778566,-19.96249785423746,14.08,2729.5527651425855
development,b28p00,28,0,sad,outputs/study1_35f300_extension_v1/sad/b28p00.wav,329.6281265480004,84.44527379491939,0.6681190994916485,-19.6340381250088,13.76,3366.610245931358
development,b28p00,28,0,calm,outputs/study1_35f300_extension_v1/calm/b28p00.wav,263.9015821545788,82.8477973372303,0.6716209939619137,-22.360823804113746,21.52,2586.605035353793
development,b28p00,28,0,angry,outputs/study1_35f300_extension_v1/angry/b28p00.wav,344.22057489773204,78.24650758739875,0.6654904728299224,-19.800554857148274,14.16,3048.3310709427146
development,b28p00,28,0,surprise,outputs/study1_35f300_extension_v1/surprise/b28p00.wav,303.14331330207966,65.90678275935113,0.663216011042098,-20.852994288946157,14.48,3017.4431214148162
development,b28p01,28,1,normal,outputs/study1_35f300_extension_v1/normal/b28p01.wav,244.81070866093103,65.23929432854527,0.6890365448504984,-18.893926067723875,15.04,2770.408227657805
development,b28p01,28,1,happy,outputs/study1_35f300_extension_v1/happy/b28p01.wav,281.2136583244699,76.10634207296931,0.621160409556314,-17.794273214783573,14.64,3419.8941428732287
development,b28p01,28,1,sad,outputs/study1_35f300_extension_v1/sad/b28p01.wav,170.13343219017113,33.85537898742916,0.5313782991202346,-19.99366402939912,17.04,2581.502037915491
development,b28p01,28,1,calm,outputs/study1_35f300_extension_v1/calm/b28p01.wav,173.1073122012286,39.64730012970011,0.4938704028021016,-21.190356811214187,17.12,2736.8423242738686
development,b28p01,28,1,angry,outputs/study1_35f300_extension_v1/angry/b28p01.wav,384.14917802040173,131.30368841495067,0.6047988708539167,-19.885087730461848,14.16,3489.2457924741384
development,b28p01,28,1,surprise,outputs/study1_35f300_extension_v1/surprise/b28p01.wav,254.91212546385245,84.06497876676531,0.6009992862241256,-21.559771247343,14.0,3609.3891269002334
development,b28p02,28,2,normal,outputs/study1_35f300_extension_v1/normal/b28p02.wav,265.4303484677136,43.7272147173604,0.643934821967411,-20.00849189313891,16.56,2803.8073412135377
development,b28p02,28,2,happy,outputs/study1_35f300_extension_v1/happy/b28p02.wav,304.8994046511524,51.09916351171256,0.6349115801483172,-22.152518264914036,17.52,2677.240876042214
development,b28p02,28,2,sad,outputs/study1_35f300_extension_v1/sad/b28p02.wav,251.25854885190012,55.4207773632437,0.5224148236700538,-22.337213934038882,16.72,2922.4329839422485
development,b28p02,28,2,calm,outputs/study1_35f300_extension_v1/calm/b28p02.wav,239.21922434748075,57.61161474230812,0.6732215153267784,-20.55479999793782,17.28,2573.573346957141
development,b28p02,28,2,angry,outputs/study1_35f300_extension_v1/angry/b28p02.wav,265.4303484677136,60.757961907855986,0.5611318739989322,-20.585732107750275,18.72,2849.4491667777766
development,b28p02,28,2,surprise,outputs/study1_35f300_extension_v1/surprise/b28p02.wav,229.73967099940702,46.390954889136964,0.6842759477936606,-18.681994755325306,16.08,2394.4514214529113
development,b28p03,28,3,normal,outputs/study1_35f300_extension_v1/normal/b28p03.wav,256.3888163841458,67.02425822789883,0.6734124214933705,-21.70592497784272,14.32,2302.5780324002667
development,b28p03,28,3,happy,outputs/study1_35f300_extension_v1/happy/b28p03.wav,244.81070866093103,50.29831982974332,0.6765698852126941,-20.006054141789914,14.8,2364.6121161569354
development,b28p03,28,3,sad,outputs/study1_35f300_extension_v1/sad/b28p03.wav,167.2106416577019,32.573123150855196,0.5479372457873329,-21.92720432865009,17.2,2534.7644310041956
development,b28p03,28,3,calm,outputs/study1_35f300_extension_v1/calm/b28p03.wav,178.17974362806785,17.453062581071777,0.5362982341399608,-19.67039976276257,15.28,2774.4627052265178
development,b28p03,28,3,angry,outputs/study1_35f300_extension_v1/angry/b28p03.wav,263.9015821545788,58.04185441467547,0.6397111913357401,-18.077013670642053,13.84,2997.982689496343
development,b28p03,28,3,surprise,outputs/study1_35f300_extension_v1/surprise/b28p03.wav,386.3745315699383,67.42575048758238,0.6887238352464551,-20.210134070421482,14.8,2758.2995817996148
development,b28p04,28,4,normal,outputs/study1_35f300_extension_v1/normal/b28p04.wav,247.65527207548806,51.96844270058642,0.5912876361306855,-21.74506203614228,15.6,3330.3832554960186
development,b28p04,28,4,happy,outputs/study1_35f300_extension_v1/happy/b28p04.wav,259.3679109302019,71.72710079543833,0.5987619583567811,-22.375205375156604,17.76,2674.9418949440974
development,b28p04,28,4,sad,outputs/study1_35f300_extension_v1/sad/b28p04.wav,213.12010032569688,53.68740095921885,0.627230667547918,-20.170541260828642,15.12,2639.7569154787384
development,b28p04,28,4,calm,outputs/study1_35f300_extension_v1/calm/b28p04.wav,239.21922434748075,47.75031362741598,0.5574063057703748,-19.948070242181632,16.8,2876.7518942704705
development,b28p04,28,4,angry,outputs/study1_35f300_extension_v1/angry/b28p04.wav,225.79288096122622,49.37429951125495,0.5730205278592375,-21.307934292387813,17.04,3057.048684447423
development,b28p04,28,4,surprise,outputs/study1_35f300_extension_v1/surprise/b28p04.wav,297.93549262454053,43.76364992506228,0.7104420243433697,-16.67062487087441,15.6,2627.678338953132
development,b28p05,28,5,normal,outputs/study1_35f300_extension_v1/normal/b28p05.wav,270.8522389995511,101.60561447358839,0.6083761939750184,-19.228898682180116,13.6,2820.12809761554
development,b28p05,28,5,happy,outputs/study1_35f300_extension_v1/happy/b28p05.wav,227.10088581417543,48.48827155843736,0.6239536381197682,-17.737583549436522,15.52,2777.5888893966794
development,b28p05,28,5,sad,outputs/study1_35f300_extension_v1/sad/b28p05.wav,175.11872228117704,45.53451095675143,0.5500303214069133,-21.22446865021649,16.48,2422.4453554141346
development,b28p05,28,5,calm,outputs/study1_35f300_extension_v1/calm/b28p05.wav,218.10154653305153,66.52039219404193,0.6416422287390029,-19.321995278985916,17.04,2505.3804599061837
development,b28p05,28,5,angry,outputs/study1_35f300_extension_v1/angry/b28p05.wav,373.21319661472296,97.32346639336049,0.5803508771929825,-20.369430354835565,14.24,3334.146498663125
development,b28p05,28,5,surprise,outputs/study1_35f300_extension_v1/surprise/b28p05.wav,258.6209863090588,72.14261166331431,0.6814310051107325,-23.259345777014076,17.6,2807.819674484663
development,b28p06,28,6,normal,outputs/study1_35f300_extension_v1/normal/b28p06.wav,227.10088581417543,46.496683861917376,0.5637411915438821,-19.550116450696443,15.6,3176.9277529719443
development,b28p06,28,6,happy,outputs/study1_35f300_extension_v1/happy/b28p06.wav,216.8453740602837,58.4031716813933,0.6015374759769379,-20.49933794647704,15.6,2478.2193391596284
development,b28p06,28,6,sad,outputs/study1_35f300_extension_v1/sad/b28p06.wav,188.7748625363387,40.30528883783569,0.5680546923555003,-20.740852652741253,16.08,2550.2844275061534
development,b28p06,28,6,calm,outputs/study1_35f300_extension_v1/calm/b28p06.wav,177.1535038204721,61.021858040298554,0.6188719030047444,-23.162420151870123,18.96,2360.622272156948
development,b28p06,28,6,angry,outputs/study1_35f300_extension_v1/angry/b28p06.wav,241.99881784385852,52.57228691812986,0.5181079083518108,-20.78722387776275,13.52,3064.597892981149
development,b28p06,28,6,surprise,outputs/study1_35f300_extension_v1/surprise/b28p06.wav,235.10958125672175,70.81169648547345,0.5789473684210527,-21.40243185286589,15.76,2550.1818154716834
development,b28p07,28,7,normal,outputs/study1_35f300_extension_v1/normal/b28p07.wav,274.79072949161787,77.24568646700615,0.6470175438596492,-20.876920628410236,14.24,2923.8775081157455
development,b28p07,28,7,happy,outputs/study1_35f300_extension_v1/happy/b28p07.wav,334.4212833154038,71.29468329861947,0.6772451046590142,-18.519360175952734,14.8,3102.1603366343934
development,b28p07,28,7,sad,outputs/study1_35f300_extension_v1/sad/b28p07.wav,259.3679109302019,41.08050090533811,0.5537478210342824,-17.78936501685953,17.2,3255.316448955047
development,b28p07,28,7,calm,outputs/study1_35f300_extension_v1/calm/b28p07.wav,254.91212546385245,57.68009242223491,0.6046088538508186,-19.58169006482824,16.48,3295.1589650774195
development,b28p07,28,7,angry,outputs/study1_35f300_extension_v1/angry/b28p07.wav,281.2136583244699,61.13902789498226,0.6468279921517331,-17.772026934913754,15.28,2994.9636061579035
development,b28p07,28,7,surprise,outputs/study1_35f300_extension_v1/surprise/b28p07.wav,281.2136583244699,69.70971330857185,0.5950769230769231,-19.0220023357889,16.24,3280.3643420818034
development,b28p08,28,8,normal,outputs/study1_35f300_extension_v1/normal/b28p08.wav,268.51450055605267,69.78982339443064,0.5799676898222941,-23.27340775091212,18.56,2177.30854282779
development,b28p08,28,8,happy,outputs/study1_35f300_extension_v1/happy/b28p08.wav,228.41646786215435,45.191509150451196,0.5996055226824457,-19.505892895374398,15.2,3356.8756020343194
development,b28p08,28,8,sad,outputs/study1_35f300_extension_v1/sad/b28p08.wav,404.647776120769,100.7645940052995,0.7386797599563557,-21.52587453856109,18.32,3937.865858271936
development,b28p08,28,8,calm,outputs/study1_35f300_extension_v1/calm/b28p08.wav,218.73327123598835,52.43238195203486,0.6190769230769231,-17.9209239887197,16.24,2853.095348399139
development,b28p08,28,8,angry,outputs/study1_35f300_extension_v1/angry/b28p08.wav,228.41646786215435,55.55017362753131,0.5800135043889264,-18.650495775665238,14.8,2708.3455126429503
development,b28p08,28,8,surprise,outputs/study1_35f300_extension_v1/surprise/b28p08.wav,332.4951584571151,80.39605742559792,0.7170172084130019,-21.932384358059007,15.68,3411.289731916984
development,b28p09,28,9,normal,outputs/study1_35f300_extension_v1/normal/b28p09.wav,229.73967099940702,50.78148182888194,0.6095563139931741,-19.238492259134194,14.64,2757.934155020272
development,b28p09,28,9,happy,outputs/study1_35f300_extension_v1/happy/b28p09.wav,211.89261887185907,52.61262604011927,0.49542272482498656,-19.537845389225346,18.56,2620.8400506270823
development,b28p09,28,9,sad,outputs/study1_35f300_extension_v1/sad/b28p09.wav,236.47155720542963,43.771474321630876,0.5917888563049853,-16.6448361620448,17.04,2699.318862249672
development,b28p09,28,9,calm,outputs/study1_35f300_extension_v1/calm/b28p09.wav,182.34449771164336,45.80195123571414,0.5519061583577712,-22.34059668265649,17.04,3082.6499920477113
development,b28p09,28,9,angry,outputs/study1_35f300_extension_v1/angry/b28p09.wav,313.83363915870024,67.41148486614617,0.648108493932905,-19.067048454957938,14.0,2814.1871414856487
development,b28p09,28,9,surprise,outputs/study1_35f300_extension_v1/surprise/b28p09.wav,315.65165893545657,84.23701840730632,0.6877012234385061,-19.730928087135265,15.52,2914.2791541115107
development,b29p00,29,0,normal,outputs/study1_35f300_extension_v1/normal/b29p00.wav,306.66566893392013,82.08485014167923,0.6149903907751442,-24.60412733800822,15.6,3008.2324544982225
development,b29p00,29,0,happy,outputs/study1_35f300_extension_v1/happy/b29p00.wav,279.5939868358039,69.02293049776921,0.649211356466877,-18.41002177982094,15.84,2550.1938146030484
development,b29p00,29,0,sad,outputs/study1_35f300_extension_v1/sad/b29p00.wav,233.75544971224912,44.02503989282917,0.594233849439402,-24.471356886762052,18.72,2918.792666749044
development,b29p00,29,0,calm,outputs/study1_35f300_extension_v1/calm/b29p00.wav,205.86044732869837,32.2311077439613,0.6041055718475073,-22.582428531940618,17.04,2795.561534125462
development,b29p00,29,0,angry,outputs/study1_35f300_extension_v1/angry/b29p00.wav,239.21922434748075,60.43603698435925,0.5698134539287734,-23.323713780026402,17.68,3121.292060192104
development,b29p00,29,0,surprise,outputs/study1_35f300_extension_v1/surprise/b29p00.wav,319.31935454265994,75.44671507073616,0.6994856722997795,-18.54741864079309,13.6,3211.9580554620184
development,b29p01,29,1,normal,outputs/study1_35f300_extension_v1/normal/b29p01.wav,206.45671604848692,50.939733817167735,0.601113172541744,-19.94849579151896,16.16,2700.0717535354797
development,b29p01,29,1,happy,outputs/study1_35f300_extension_v1/happy/b29p01.wav,252.71407481819352,67.73774472334239,0.6309778729478943,-17.85866559375196,14.0,2493.1255105734062
development,b29p01,29,1,sad,outputs/study1_35f300_extension_v1/sad/b29p01.wav,215.59643660857103,41.922315471752654,0.49910340705319783,-19.331818544122108,16.72,2825.777898301544
development,b29p01,29,1,calm,outputs/study1_35f300_extension_v1/calm/b29p01.wav,208.25243050696125,36.68251332808185,0.6519102486355367,-19.645406482836343,16.48,2594.3571355412414
development,b29p01,29,1,angry,outputs/study1_35f300_extension_v1/angry/b29p01.wav,225.79288096122622,58.880409539149355,0.5247793618465716,-18.764897197528434,14.72,2922.775691062225
development,b29p01,29,1,surprise,outputs/study1_35f300_extension_v1/surprise/b29p01.wav,229.73967099940702,68.51450055605267,0.6455294863665187,-20.193476307326776,15.76,2417.1970828928615
development,b29p02,29,2,normal,outputs/study1_35f300_extension_v1/normal/b29p02.wav,265.4303484677136,95.7320926256487,0.6183635227982511,-20.06075770717979,16.0,2594.830614489902
development,b29p02,29,2,happy,outputs/study1_35f300_extension_v1/happy/b29p02.wav,324.9009585424942,71.05269111398951,0.5821538461538461,-20.73960595251519,16.24,3153.8970121815446
development,b29p02,29,2,sad,outputs/study1_35f300_extension_v1/sad/b29p02.wav,189.86842419010387,26.34243460006516,0.5163977095262884,-21.54856543003097,19.2,2546.7252602640747
development,b29p02,29,2,calm,outputs/study1_35f300_extension_v1/calm/b29p02.wav,193.1872657849691,36.38450822618054,0.3958041958041958,-22.352415817871282,21.44,2630.769862372848
development,b29p02,29,2,angry,outputs/study1_35f300_extension_v1/angry/b29p02.wav,235.10958125672175,72.78640400195482,0.5218461538461538,-21.85189616390869,16.24,2935.0279698459894
development,b29p02,29,2,surprise,outputs/study1_35f300_extension_v1/surprise/b29p02.wav,344.22057489773204,57.561537679266394,0.6291913214990138,-17.84997838367765,15.2,2966.753962055772
development,b29p03,29,3,normal,outputs/study1_35f300_extension_v1/normal/b29p03.wav,246.2288826689832,66.15506658260367,0.6594556873691556,-19.206604344014778,14.32,2587.099838880235
development,b29p03,29,3,happy,outputs/study1_35f300_extension_v1/happy/b29p03.wav,225.79288096122622,56.55221629212545,0.6582976117575016,-22.63057545667952,16.32,2138.6974444220405
development,b29p03,29,3,sad,outputs/study1_35f300_extension_v1/sad/b29p03.wav,168.1792830507429,127.968905831542,0.6780058651026393,-21.949975652954727,17.04,2277.821862733777
development,b29p03,29,3,calm,outputs/study1_35f300_extension_v1/calm/b29p03.wav,202.3238880603845,46.85079329200937,0.6043956043956044,-15.378333784643715,17.28,2376.853610132117
development,b29p03,29,3,angry,outputs/study1_35f300_extension_v1/angry/b29p03.wav,282.02818539954444,113.98427197310261,0.6783260462211118,-20.95014487046628,16.0,2712.1362561089286
development,b29p03,29,3,surprise,outputs/study1_35f300_extension_v1/surprise/b29p03.wav,218.10154653305153,109.55058165633045,0.6403022670025189,-20.324570371820407,19.84,2451.376287843814
development,b29p04,29,4,normal,outputs/study1_35f300_extension_v1/normal/b29p04.wav,224.49240966187455,68.91140102006727,0.5997513983840895,-19.299718646714663,16.08,2662.8407349694794
development,b29p04,29,4,happy,outputs/study1_35f300_extension_v1/happy/b29p04.wav,251.98420997897463,45.841607804238095,0.6339337594421848,-20.719200218502202,17.2,2915.0310983374156
development,b29p04,29,4,sad,outputs/study1_35f300_extension_v1/sad/b29p04.wav,195.43199368684918,36.986925606467196,0.580952380952381,-20.952182027839335,17.84,2803.00865124744
development,b29p04,29,4,calm,outputs/study1_35f300_extension_v1/calm/b29p04.wav,196.56411970905023,38.88961815066105,0.6408588158750813,-17.495046854751735,15.36,2802.839527127229
development,b29p04,29,4,angry,outputs/study1_35f300_extension_v1/angry/b29p04.wav,301.3973362949152,83.86541717338508,0.6060848678943155,-19.875623915098362,12.48,3499.0372027477774
development,b29p04,29,4,surprise,outputs/study1_35f300_extension_v1/surprise/b29p04.wav,312.0260904053494,70.19687514670431,0.6096291476903057,-19.609121723517497,15.36,3378.598629966205
development,b29p05,29,5,normal,outputs/study1_35f300_extension_v1/normal/b29p05.wav,296.2195104573129,71.21221633148281,0.6239643084767368,-20.673695670343744,15.68,2669.279228164652
development,b29p05,29,5,happy,outputs/study1_35f300_extension_v1/happy/b29p05.wav,266.96797083400685,84.47592008152336,0.6474820143884892,-19.040116585498513,15.28,2543.2494058977113
development,b29p05,29,5,sad,outputs/study1_35f300_extension_v1/sad/b29p05.wav,189.86842419010387,54.70607197441896,0.5548817465130382,-19.793975202807026,16.48,2833.9977937456447
development,b29p05,29,5,calm,outputs/study1_35f300_extension_v1/calm/b29p05.wav,231.07053937445463,60.43603698435925,0.6897246474143721,-18.503801472620566,14.88,2735.5143995799613
development,b29p05,29,5,angry,outputs/study1_35f300_extension_v1/angry/b29p05.wav,390.8639873736984,95.9362286857608,0.6411809235427707,-23.657658316457248,13.2,3648.9640760743
development,b29p05,29,5,surprise,outputs/study1_35f300_extension_v1/surprise/b29p05.wav,313.83363915870024,112.76887754620077,0.6592057761732852,-19.99300084982295,13.84,2635.067421964263
development,b29p06,29,6,normal,outputs/study1_35f300_extension_v1/normal/b29p06.wav,240.60500721642333,45.57757957176341,0.5499144324015972,-20.87477057859096,17.52,2708.3643692953574
development,b29p06,29,6,happy,outputs/study1_35f300_extension_v1/happy/b29p06.wav,335.3899247084448,79.01490127970447,0.740550928891736,-19.156221713123635,15.6,2909.5252337698703
development,b29p06,29,6,sad,outputs/study1_35f300_extension_v1/sad/b29p06.wav,214.35469250725862,48.22362632398722,0.6262844780962683,-23.608646210015664,18.48,2508.93672128675
development,b29p06,29,6,calm,outputs/study1_35f300_extension_v1/calm/b29p06.wav,214.97556455791482,33.75544971224912,0.5639781685870224,-23.07175369556795,16.48,2794.798944026105
development,b29p06,29,6,angry,outputs/study1_35f300_extension_v1/angry/b29p06.wav,244.81070866093103,44.27710827241174,0.4796846573681019,-25.17519519559449,16.48,3273.3083866825277
development,b29p06,29,6,surprise,outputs/study1_35f300_extension_v1/surprise/b29p06.wav,294.5134116201051,66.85919428815521,0.7344362211580322,-20.908709878302496,22.96,2923.3233949059354
development,b29p07,29,7,normal,outputs/study1_35f300_extension_v1/normal/b29p07.wav,227.10088581417543,44.4151460724097,0.6939854593522803,-20.69448141274533,15.12,2757.8893896274826
development,b29p07,29,7,happy,outputs/study1_35f300_extension_v1/happy/b29p07.wav,247.65527207548806,56.79947618192577,0.6624561403508772,-22.783888476938657,14.24,2939.898629498593
development,b29p07,29,7,sad,outputs/study1_35f300_extension_v1/sad/b29p07.wav,202.3238880603845,38.85385887589513,0.5812297734627832,-19.00937192861884,15.44,2728.8501018237384
development,b29p07,29,7,calm,outputs/study1_35f300_extension_v1/calm/b29p07.wav,214.35469250725862,30.891586235897535,0.547356188262638,-20.10021329948809,17.2,3107.4584824856174
development,b29p07,29,7,angry,outputs/study1_35f300_extension_v1/angry/b29p07.wav,260.87041395311286,43.122429630374256,0.669511249030256,-18.847946012245792,12.88,3622.7742153034433
development,b29p07,29,7,surprise,outputs/study1_35f300_extension_v1/surprise/b29p07.wav,315.65165893545657,71.83764932489436,0.6201892744479496,-20.566976959594502,15.84,3152.968467182027
development,b29p08,29,8,normal,outputs/study1_35f300_extension_v1/normal/b29p08.wav,274.79072949161787,84.43607140552069,0.6157049375371803,-20.361029463101325,16.8,2583.214006360004
development,b29p08,29,8,happy,outputs/study1_35f300_extension_v1/happy/b29p08.wav,336.3585661014858,86.71311619460198,0.7014028056112225,-21.345903741822376,14.96,3214.930749687454
development,b29p08,29,8,sad,outputs/study1_35f300_extension_v1/sad/b29p08.wav,221.91389441356898,32.539993279733125,0.6004029550033579,-22.85143475937527,14.88,3193.8991260854323
development,b29p08,29,8,calm,outputs/study1_35f300_extension_v1/calm/b29p08.wav,179.21192838239048,37.11822769790393,0.5365187713310581,-20.865017236530075,14.64,2834.3274643951527
development,b29p08,29,8,angry,outputs/study1_35f300_extension_v1/angry/b29p08.wav,281.2136583244699,69.54777332991313,0.6127547666009204,-21.805417113099132,15.2,3253.2314827785376
development,b29p08,29,8,surprise,outputs/study1_35f300_extension_v1/surprise/b29p08.wav,321.1691527453505,52.000714861136714,0.7292347939829954,-19.145203551215772,15.28,3131.5532739087503
development,b29p09,29,9,normal,outputs/study1_35f300_extension_v1/normal/b29p09.wav,332.4951584571151,51.163694338864616,0.681376215407629,-20.143276214004363,13.36,2996.534632237677
development,b29p09,29,9,happy,outputs/study1_35f300_extension_v1/happy/b29p09.wav,256.3888163841458,49.37162238273453,0.6187378009108653,-22.657412837751842,15.36,2501.503160990776
development,b29p09,29,9,sad,outputs/study1_35f300_extension_v1/sad/b29p09.wav,140.60682916223496,20.263461170901138,0.3717245581962218,-18.86937552205011,16.4,3399.6857142896242
development,b29p09,29,9,calm,outputs/study1_35f300_extension_v1/calm/b29p09.wav,164.33806291715806,39.39666413104348,0.5002669514148425,-20.645508805207555,18.72,2993.871450398384
development,b29p09,29,9,angry,outputs/study1_35f300_extension_v1/angry/b29p09.wav,315.65165893545657,102.93551969593182,0.5977011494252874,-19.24875257388998,13.04,3633.730735733893
development,b29p09,29,9,surprise,outputs/study1_35f300_extension_v1/surprise/b29p09.wav,315.65165893545657,79.01490127970447,0.6515867656988521,-19.98671339345931,14.8,3341.679657222624
external,b30p00,30,0,normal,outputs/study1_35f100_external_v1/normal/b30p00.wav,271.6344887654643,87.96858792382787,0.6650093225605966,-18.49097288892771,16.08,2798.755434963271
external,b30p00,30,0,happy,outputs/study1_35f100_external_v1/happy/b30p00.wav,352.26634943845943,53.89384207206302,0.659264399722415,-22.014729403777473,14.4,3199.5262196255558
external,b30p00,30,0,sad,outputs/study1_35f100_external_v1/sad/b30p00.wav,181.29427068562208,33.17035233409479,0.5322259136212625,-19.9343436979197,15.04,3052.4848431062096
external,b30p00,30,0,calm,outputs/study1_35f100_external_v1/calm/b30p00.wav,220.63576443274928,68.18839001318227,0.6047073023536512,-19.675508461833026,16.56,2854.732722094009
external,b30p00,30,0,angry,outputs/study1_35f100_external_v1/angry/b30p00.wav,287.786716002164,72.07922827358587,0.6881226053639847,-21.51360691598642,13.04,2994.6795675790772
external,b30p00,30,0,surprise,outputs/study1_35f100_external_v1/surprise/b30p00.wav,289.4538474880756,90.66807909958243,0.6899676375404531,-22.059383304491288,15.44,3012.9808012478966
external,b30p01,30,1,normal,outputs/study1_35f100_external_v1/normal/b30p01.wav,196.56411970905023,68.29227415468674,0.5696636925188744,-23.262500199606198,14.56,2821.420344369322
external,b30p01,30,1,happy,outputs/study1_35f100_external_v1/happy/b30p01.wav,315.65165893545657,100.00514526384381,0.5898463593854375,-21.065161350993485,14.96,2890.294879594968
external,b30p01,30,1,sad,outputs/study1_35f100_external_v1/sad/b30p01.wav,228.41646786215435,54.91212546385245,0.5691382765531062,-21.08425532087564,14.96,2899.3508832503985
external,b30p01,30,1,calm,outputs/study1_35f100_external_v1/calm/b30p01.wav,251.98420997897463,81.20141698111436,0.6314972847168348,-19.055270670540242,12.88,2887.306591902207
external,b30p01,30,1,angry,outputs/study1_35f100_external_v1/angry/b30p01.wav,274.79072949161787,72.80686605786866,0.5076923076923077,-18.907259618379932,16.24,3303.258209959764
external,b30p01,30,1,surprise,outputs/study1_35f100_external_v1/surprise/b30p01.wav,246.2288826689832,54.46868157998625,0.6112224448897795,-20.88921354314889,14.96,2731.9186239954333
external,b30p02,30,2,normal,outputs/study1_35f100_external_v1/normal/b30p02.wav,273.20805135087915,81.89620922320745,0.6118546845124283,-18.786455562868394,15.68,2783.313274344149
external,b30p02,30,2,happy,outputs/study1_35f100_external_v1/happy/b30p02.wav,227.10088581417543,46.390954889136964,0.6246545052515202,-21.474063442373655,18.08,2784.98210610205
external,b30p02,30,2,sad,outputs/study1_35f100_external_v1/sad/b30p02.wav,277.98364396846745,60.78689300610009,0.6141278231619414,-23.114721905915843,20.8,2568.60899884231
external,b30p02,30,2,calm,outputs/study1_35f100_external_v1/calm/b30p02.wav,276.38257599355524,45.008519910769394,0.6807261078483716,-17.86404732130867,18.72,2532.992079426559
external,b30p02,30,2,angry,outputs/study1_35f100_external_v1/angry/b30p02.wav,214.35469250725862,33.56103262805843,0.6423982869379015,-21.670388420894856,14.0,2743.82666414676
external,b30p02,30,2,surprise,outputs/study1_35f100_external_v1/surprise/b30p02.wav,332.4951584571151,57.68913672009177,0.674827369742624,-19.729916295554155,15.92,3028.4379092831273
external,b30p03,30,3,normal,outputs/study1_35f100_external_v1/normal/b30p03.wav,241.99881784385852,55.394400230355785,0.6491467576791808,-16.658045995099403,14.64,2602.545605578252
external,b30p03,30,3,happy,outputs/study1_35f100_external_v1/happy/b30p03.wav,289.4538474880756,70.39427426407423,0.596210775606868,-17.328740257131436,16.88,3057.7997764120555
external,b30p03,30,3,sad,outputs/study1_35f100_external_v1/sad/b30p03.wav,240.60500721642333,57.27979625820569,0.5822868473231989,-20.30915489495559,15.12,2543.2843772432684
external,b30p03,30,3,calm,outputs/study1_35f100_external_v1/calm/b30p03.wav,201.15858821357068,50.16442383056889,0.5919891378139851,-20.846961870008094,14.72,3199.173487691779
external,b30p03,30,3,angry,outputs/study1_35f100_external_v1/angry/b30p03.wav,279.5939868358039,64.78033636120472,0.7222609909281228,-18.812975773920115,14.32,3070.888954678449
external,b30p03,30,3,surprise,outputs/study1_35f100_external_v1/surprise/b30p03.wav,247.65527207548806,61.315432479020075,0.5995836224843858,-19.92468678695556,14.4,3035.300318860292
external,b30p04,30,4,normal,outputs/study1_35f100_external_v1/normal/b30p04.wav,215.59643660857103,59.31839529162201,0.6569037656903766,-21.047690810320148,16.72,2222.3204995751944
external,b30p04,30,4,happy,outputs/study1_35f100_external_v1/happy/b30p04.wav,174.11011265922482,41.93126518415937,0.45878136200716846,-21.70482232536743,19.52,3460.731945569072
external,b30p04,30,4,sad,outputs/study1_35f100_external_v1/sad/b30p04.wav,246.2288826689832,42.96910341946253,0.47835616438356166,-20.978108086264747,18.24,2620.1000935387488
external,b30p04,30,4,calm,outputs/study1_35f100_external_v1/calm/b30p04.wav,240.60500721642333,37.88921122561521,0.5920624593363696,-17.494492914484972,15.36,2683.9825578664404
external,b30p04,30,4,angry,outputs/study1_35f100_external_v1/angry/b30p04.wav,256.3888163841458,118.06012711482734,0.5309427414690573,-22.44578860555462,17.28,3597.612075419722
external,b30p04,30,4,surprise,outputs/study1_35f100_external_v1/surprise/b30p04.wav,281.2136583244699,95.75355888506246,0.6599583622484386,-21.134457273128817,14.4,2655.4527840070787
external,b30p05,30,5,normal,outputs/study1_35f100_external_v1/normal/b30p05.wav,156.91681957935012,40.513518683124545,0.5456053067993366,-23.05700810618223,18.08,2596.418571740707
external,b30p05,30,5,happy,outputs/study1_35f100_external_v1/happy/b30p05.wav,287.786716002164,88.74195424129374,0.6859205776173285,-21.809050837555674,13.84,2328.9461342629293
external,b30p05,30,5,sad,outputs/study1_35f100_external_v1/sad/b30p05.wav,196.56411970905023,39.11490341675912,0.5215889464594128,-20.592257828219076,17.36,2427.93591357843
external,b30p05,30,5,calm,outputs/study1_35f100_external_v1/calm/b30p05.wav,195.43199368684918,37.851454010885476,0.533802055164954,-20.249756707570327,18.48,2211.926934819043
external,b30p05,30,5,angry,outputs/study1_35f100_external_v1/angry/b30p05.wav,287.786716002164,70.99700583379013,0.6283524904214559,-20.99853921531969,13.04,2696.0516854915527
external,b30p05,30,5,surprise,outputs/study1_35f100_external_v1/surprise/b30p05.wav,313.83363915870024,72.91226111582398,0.6105544422177689,-20.132671343697318,14.96,2522.8189690005147
external,b30p06,30,6,normal,outputs/study1_35f100_external_v1/normal/b30p06.wav,246.2288826689832,60.43603698435925,0.5511324639670556,-20.369230023591047,14.56,2913.2216781784086
external,b30p06,30,6,happy,outputs/study1_35f100_external_v1/happy/b30p06.wav,328.6761258343161,91.33203883127669,0.6582017844886754,-18.809286292445364,14.56,3079.569592323356
external,b30p06,30,6,sad,outputs/study1_35f100_external_v1/sad/b30p06.wav,196.56411970905023,42.98282425187449,0.5345088161209068,-23.282298051860664,19.84,3004.7842988827965
external,b30p06,30,6,calm,outputs/study1_35f100_external_v1/calm/b30p06.wav,233.75544971224912,57.509146269881455,0.5876675603217159,-21.67428157054416,18.64,2522.476866989537
external,b30p06,30,6,angry,outputs/study1_35f100_external_v1/angry/b30p06.wav,340.26686438034227,115.51879636054372,0.6720306513409962,-19.41616256459212,13.04,3162.4747702186683
external,b30p06,30,6,surprise,outputs/study1_35f100_external_v1/surprise/b30p06.wav,282.842712474619,80.55420797923682,0.7294589178356713,-17.308299983548807,14.96,2647.01353716004
external,b30p07,30,7,normal,outputs/study1_35f100_external_v1/normal/b30p07.wav,218.10154653305153,42.655104638430515,0.6466625842008573,-18.24645632460438,16.32,2249.9945393486832
external,b30p07,30,7,happy,outputs/study1_35f100_external_v1/happy/b30p07.wav,260.87041395311286,73.86853441411012,0.6764119601328904,-18.76954218175058,15.04,2651.4140093275073
external,b30p07,30,7,sad,outputs/study1_35f100_external_v1/sad/b30p07.wav,216.8453740602837,35.2458978348578,0.5763760049474336,-19.13494560711606,16.16,2815.6924251423834
external,b30p07,30,7,calm,outputs/study1_35f100_external_v1/calm/b30p07.wav,203.49593842053727,57.25962882303915,0.5697432338653713,-18.543932343118644,14.4,2663.2783336921143
external,b30p07,30,7,angry,outputs/study1_35f100_external_v1/angry/b30p07.wav,228.41646786215435,67.45568920182222,0.5938590369853455,-19.809793698050242,14.32,2904.103431861559
external,b30p07,30,7,surprise,outputs/study1_35f100_external_v1/surprise/b30p07.wav,223.1994285260446,45.07029445541252,0.6209029066171924,-19.51002689022569,16.16,2563.3081457671756
external,b30p08,30,8,normal,outputs/study1_35f100_external_v1/normal/b30p08.wav,306.66566893392013,79.05829808758028,0.675392670157068,-21.985625662787225,13.36,3005.9847916717285
external,b30p08,30,8,happy,outputs/study1_35f100_external_v1/happy/b30p08.wav,373.21319661472296,78.65078474790852,0.7456758488148623,-19.603969653610168,15.6,2752.614310640539
external,b30p08,30,8,sad,outputs/study1_35f100_external_v1/sad/b30p08.wav,221.91389441356898,36.68283478697353,0.5487448920023351,-20.289449830193806,17.12,2859.7001431003155
external,b30p08,30,8,calm,outputs/study1_35f100_external_v1/calm/b30p08.wav,190.9683207820833,48.66609100954079,0.5372750642673522,-20.220400291301047,19.44,2955.6805015907944
external,b30p08,30,8,angry,outputs/study1_35f100_external_v1/angry/b30p08.wav,277.18310998101134,52.97116639051927,0.6083761939750184,-19.62327879431313,13.6,3171.033706582879
external,b30p08,30,8,surprise,outputs/study1_35f100_external_v1/surprise/b30p08.wav,243.40070273411817,45.315072030008054,0.6560139453805927,-20.148813012690464,17.2,2552.9668229666513
external,b30p09,30,9,normal,outputs/study1_35f100_external_v1/normal/b30p09.wav,240.60500721642333,60.78613938498421,0.69355888093689,-25.36839900228722,15.36,2556.4638081794947
external,b30p09,30,9,happy,outputs/study1_35f100_external_v1/happy/b30p09.wav,287.786716002164,99.20025202655228,0.6373314407381121,-20.772211775847772,14.08,3000.737734902806
external,b30p09,30,9,sad,outputs/study1_35f100_external_v1/sad/b30p09.wav,204.67477839935495,30.49236609465055,0.5496648385131018,-19.423632821929093,16.4,2780.4525108418984
external,b30p09,30,9,calm,outputs/study1_35f100_external_v1/calm/b30p09.wav,247.65527207548806,42.4755611721323,0.6037187681580476,-23.33969455303338,17.2,2780.611338386298
external,b30p09,30,9,angry,outputs/study1_35f100_external_v1/angry/b30p09.wav,246.2288826689832,81.45440808769669,0.5256140350877193,-22.857556412615736,14.24,3068.079952601133
external,b30p09,30,9,surprise,outputs/study1_35f100_external_v1/surprise/b30p09.wav,282.842712474619,77.32053669880142,0.6521739130434783,-24.57616344621202,14.48,3081.293278253598
external,b31p00,31,0,normal,outputs/study1_35f100_external_v1/normal/b31p00.wav,233.75544971224912,33.49348786319362,0.7322922476296709,-21.072630117556677,17.92,2530.3503122932543
external,b31p00,31,0,happy,outputs/study1_35f100_external_v1/happy/b31p00.wav,247.65527207548806,86.77839956887706,0.6551943913320586,-23.600334612260923,15.68,2676.3089931911263
external,b31p00,31,0,sad,outputs/study1_35f100_external_v1/sad/b31p00.wav,190.9683207820833,29.556056118177906,0.5066582117945466,-21.191047967965222,15.76,2933.0764228110897
external,b31p00,31,0,calm,outputs/study1_35f100_external_v1/calm/b31p00.wav,256.3888163841458,52.072086247888365,0.6917339962709758,-19.907734701524042,16.08,2406.8550485253504
external,b31p00,31,0,angry,outputs/study1_35f100_external_v1/angry/b31p00.wav,231.07053937445463,66.53829898465662,0.6216606498194945,-19.18889320763366,13.84,2816.5865541612447
external,b31p00,31,0,surprise,outputs/study1_35f100_external_v1/surprise/b31p00.wav,253.44393965741244,38.99944985918333,0.5942891136228435,-22.751838624772873,16.8,3060.4874492719614
external,b31p01,31,1,normal,outputs/study1_35f100_external_v1/normal/b31p01.wav,177.1535038204721,47.66785413428596,0.5637041640770665,-22.967999546612536,16.08,2268.5211764358673
external,b31p01,31,1,happy,outputs/study1_35f100_external_v1/happy/b31p01.wav,215.59643660857103,60.70454715823644,0.6376554174067496,-19.922061327133523,16.88,2229.2923381163982
external,b31p01,31,1,sad,outputs/study1_35f100_external_v1/sad/b31p01.wav,197.70280407057922,41.726651779106646,0.570181329751511,-18.621650219865682,14.88,2687.441547024148
external,b31p01,31,1,calm,outputs/study1_35f100_external_v1/calm/b31p01.wav,201.15858821357068,36.59528153811763,0.591459528362014,-18.99744654449997,15.68,2674.956635411213
external,b31p01,31,1,angry,outputs/study1_35f100_external_v1/angry/b31p01.wav,233.75544971224912,57.27979625820569,0.6508648302370276,-22.937600803623226,15.6,2879.2810920004026
external,b31p01,31,1,surprise,outputs/study1_35f100_external_v1/surprise/b31p01.wav,464.81823478313584,75.25903494343203,0.7386298215313759,-18.782024104689093,17.36,3206.7798013261654
external,b31p02,31,2,normal,outputs/study1_35f100_external_v1/normal/b31p02.wav,180.25009252216606,33.6582995024761,0.5940199335548173,-19.05650829056777,15.04,2599.404469035009
external,b31p02,31,2,happy,outputs/study1_35f100_external_v1/happy/b31p02.wav,284.4812036394563,62.15925276690399,0.5760517799352751,-21.59110175804655,15.44,3000.230490627253
external,b31p02,31,2,sad,outputs/study1_35f100_external_v1/sad/b31p02.wav,218.10154653305153,48.79164958784804,0.5682254964766176,-24.075654023887523,15.6,2888.42930328217
external,b31p02,31,2,calm,outputs/study1_35f100_external_v1/calm/b31p02.wav,184.46323871718783,31.385650971671254,0.5627653123104912,-19.782614460147727,16.48,2798.1185440596414
external,b31p02,31,2,angry,outputs/study1_35f100_external_v1/angry/b31p02.wav,211.89261887185907,54.8594887345557,0.5129568106312292,-18.855039513647636,15.04,2888.8935749845537
external,b31p02,31,2,surprise,outputs/study1_35f100_external_v1/surprise/b31p02.wav,176.1331747192297,35.456539439399506,0.5329830706363106,-18.74525902016639,17.12,2799.14455524783
external,b31p03,31,3,normal,outputs/study1_35f100_external_v1/normal/b31p03.wav,221.91389441356898,34.94583307558304,0.5746579417013682,-23.51136952409872,16.8,2580.5379596403936
external,b31p03,31,3,happy,outputs/study1_35f100_external_v1/happy/b31p03.wav,271.6344887654643,46.858139544617046,0.6511945392491467,-20.001559931679726,14.64,2864.542594596891
external,b31p03,31,3,sad,outputs/study1_35f100_external_v1/sad/b31p03.wav,207.05298476827548,40.7288685279257,0.4599129894344313,-23.494122362472723,16.08,2821.5592693249173
external,b31p03,31,3,calm,outputs/study1_35f100_external_v1/calm/b31p03.wav,186.60659830736148,50.30637297772867,0.6185010128291695,-21.665851365870402,14.8,2558.1945242685533
external,b31p03,31,3,angry,outputs/study1_35f100_external_v1/angry/b31p03.wav,244.81070866093103,50.12259677372316,0.49494348602022603,-20.46831335099718,16.8,3079.040713206541
external,b31p03,31,3,surprise,outputs/study1_35f100_external_v1/surprise/b31p03.wav,203.49593842053727,50.236724234086495,0.5286794130724767,-22.154342486876523,22.48,3103.8447537670786
external,b31p04,31,4,normal,outputs/study1_35f100_external_v1/normal/b31p04.wav,294.5134116201051,77.76845001123235,0.6612784717119765,-20.699048235298818,13.6,2995.8011587630003
external,b31p04,31,4,happy,outputs/study1_35f100_external_v1/happy/b31p04.wav,312.0260904053494,72.91226111582398,0.6333541536539663,-19.434065562258994,16.0,2948.139351673834
external,b31p04,31,4,sad,outputs/study1_35f100_external_v1/sad/b31p04.wav,231.07053937445463,66.94962720064058,0.5216104203670812,-20.296873388285217,16.88,2675.3155452623073
external,b31p04,31,4,calm,outputs/study1_35f100_external_v1/calm/b31p04.wav,218.10154653305153,33.16664460118926,0.6166564605021433,-17.695738307302452,16.32,2433.744998426158
external,b31p04,31,4,angry,outputs/study1_35f100_external_v1/angry/b31p04.wav,395.40560814115844,120.4743696228229,0.6542876434841324,-20.933178239631548,14.8,2995.5579026087203
external,b31p04,31,4,surprise,outputs/study1_35f100_external_v1/surprise/b31p04.wav,296.2195104573129,54.830969308856254,0.6939412866958151,-16.675452528439763,16.0,2524.5525496794885
external,b31p05,31,5,normal,outputs/study1_35f100_external_v1/normal/b31p05.wav,257.8740616879158,39.34168698046713,0.605683836589698,-19.81640275392834,16.88,2716.078491657711
external,b31p05,31,5,happy,outputs/study1_35f100_external_v1/happy/b31p05.wav,232.40911739156792,44.18932714882726,0.6337020169160703,-16.618135415608627,15.36,2580.6774568762216
external,b31p05,31,5,sad,outputs/study1_35f100_external_v1/sad/b31p05.wav,202.3238880603845,30.507469482697104,0.5499144324015972,-17.922620996142832,17.52,2419.109314146473
external,b31p05,31,5,calm,outputs/study1_35f100_external_v1/calm/b31p05.wav,168.1792830507429,17.85020738695553,0.4635879218472469,-21.56714873578398,16.88,2736.7306952839767
external,b31p05,31,5,angry,outputs/study1_35f100_external_v1/angry/b31p05.wav,225.79288096122622,48.246588951880796,0.5851301115241636,-18.240854535608296,13.44,2761.190856600858
external,b31p05,31,5,surprise,outputs/study1_35f100_external_v1/surprise/b31p05.wav,247.65527207548806,94.4661796986016,0.5661914460285132,-18.933796007744597,14.72,2892.8972156028613
external,b31p06,31,6,normal,outputs/study1_35f100_external_v1/normal/b31p06.wav,287.786716002164,92.95786336736762,0.675231977159172,-22.70512623771738,14.0,3120.95798925836
external,b31p06,31,6,happy,outputs/study1_35f100_external_v1/happy/b31p06.wav,312.0260904053494,74.58013563699285,0.6374018558172734,-21.175085551457023,14.0,3010.8253838747996
external,b31p06,31,6,sad,outputs/study1_35f100_external_v1/sad/b31p06.wav,194.30638823072118,34.94035669762903,0.5032107413893754,-21.22312227916309,17.12,2814.798636830901
external,b31p06,31,6,calm,outputs/study1_35f100_external_v1/calm/b31p06.wav,220.63576443274928,40.13861892996499,0.5768208399787347,-20.69703367306269,18.8,2636.0710735359426
external,b31p06,31,6,angry,outputs/study1_35f100_external_v1/angry/b31p06.wav,294.5134116201051,48.68368810144972,0.6048438495857233,-22.90808035104941,15.68,2757.7290064888875
external,b31p06,31,6,surprise,outputs/study1_35f100_external_v1/surprise/b31p06.wav,344.22057489773204,110.54615251192439,0.6230936819172114,-21.7249136989382,13.76,2966.8294721642046
external,b31p07,31,7,normal,outputs/study1_35f100_external_v1/normal/b31p07.wav,173.1073122012286,23.215052983251496,0.6088449978531558,-20.717636555414657,23.28,2192.67999135681
external,b31p07,31,7,happy,outputs/study1_35f100_external_v1/happy/b31p07.wav,262.38162088748976,83.77831736315449,0.63216011042098,-21.529502390632125,14.48,3033.2067180791814
external,b31p07,31,7,sad,outputs/study1_35f100_external_v1/sad/b31p07.wav,196.56411970905023,44.4774314720506,0.5523856369896705,-20.102837753790617,20.32,2715.5560592358534
external,b31p07,31,7,calm,outputs/study1_35f100_external_v1/calm/b31p07.wav,201.15858821357068,87.38765753144347,0.6337475474166122,-17.01817182001725,15.28,2391.6818442583262
external,b31p07,31,7,angry,outputs/study1_35f100_external_v1/angry/b31p07.wav,319.31935454265994,67.00656699397967,0.6563146997929606,-19.60369104214479,14.48,3187.4516225971815
external,b31p07,31,7,surprise,outputs/study1_35f100_external_v1/surprise/b31p07.wav,243.40070273411817,48.58497440742991,0.6863023420865862,-22.284294801495925,14.08,2853.9602923032726
external,b31p08,31,8,normal,outputs/study1_35f100_external_v1/normal/b31p08.wav,213.12010032569688,46.60313301532577,0.5299684542586751,-17.59458920810017,15.84,2872.3608176242687
external,b31p08,31,8,happy,outputs/study1_35f100_external_v1/happy/b31p08.wav,237.8414230005442,50.99872433271503,0.544357272178636,-18.029074581465313,16.56,3014.1172223308245
external,b31p08,31,8,sad,outputs/study1_35f100_external_v1/sad/b31p08.wav,187.68759933422865,21.9466598311802,0.43723973825104107,-22.965932748771053,16.8,3370.5403884220896
external,b31p08,31,8,calm,outputs/study1_35f100_external_v1/calm/b31p08.wav,210.67220719096719,25.496624455465394,0.46960268070847294,-19.797169382628137,20.88,3088.267290493403
external,b31p08,31,8,angry,outputs/study1_35f100_external_v1/angry/b31p08.wav,292.81713918912504,69.30821490411421,0.5975017349063151,-18.124902004630034,14.4,3078.8461941603136
external,b31p08,31,8,surprise,outputs/study1_35f100_external_v1/surprise/b31p08.wav,228.41646786215435,48.13638587718455,0.4944541739638062,-17.41462442129597,17.12,2851.6231933507224
external,b31p09,31,9,normal,outputs/study1_35f100_external_v1/normal/b31p09.wav,266.96797083400685,71.63536662217939,0.5618649133293485,-18.3442895670265,16.72,2862.43980787297
external,b31p09,31,9,happy,outputs/study1_35f100_external_v1/happy/b31p09.wav,358.423856764781,55.63754729441365,0.6821651630811936,-20.18891816802039,14.4,2827.019278691428
external,b31p09,31,9,sad,outputs/study1_35f100_external_v1/sad/b31p09.wav,192.07458901020084,33.133708225784204,0.5711286089238845,-21.15833779047399,19.04,2643.6798907958037
external,b31p09,31,9,calm,outputs/study1_35f100_external_v1/calm/b31p09.wav,201.15858821357068,56.27594267233823,0.6288585786073223,-19.029273555120795,13.92,2779.239644210589
external,b31p09,31,9,angry,outputs/study1_35f100_external_v1/angry/b31p09.wav,173.1073122012286,41.21091114605511,0.48879837067209775,-20.847476243697272,14.72,3200.4555670673735
external,b31p09,31,9,surprise,outputs/study1_35f100_external_v1/surprise/b31p09.wav,303.14331330207966,65.85543427948562,0.6710239651416122,-18.039507721273733,13.76,3120.6515578302165
external,b32p00,32,0,normal,outputs/study1_35f100_external_v1/normal/b32p00.wav,303.14331330207966,73.29889354633542,0.6577748861418348,-18.02166789844869,15.36,2730.4525585842034
external,b32p00,32,0,happy,outputs/study1_35f100_external_v1/happy/b32p00.wav,254.91212546385245,74.73606409849592,0.6336134453781512,-20.461419308247812,17.84,2656.8702366773573
external,b32p00,32,0,sad,outputs/study1_35f100_external_v1/sad/b32p00.wav,225.79288096122622,34.94583307558304,0.49799426934097424,-18.227359515767123,17.44,2647.449870126183
external,b32p00,32,0,calm,outputs/study1_35f100_external_v1/calm/b32p00.wav,283.6619580570376,58.11229946343798,0.60431654676259,-18.143565824156354,15.28,3068.3781068378503
external,b32p00,32,0,angry,outputs/study1_35f100_external_v1/angry/b32p00.wav,229.73967099940702,48.695703739234716,0.5500345065562456,-18.525364656234444,14.48,2750.042843083144
external,b32p00,32,0,surprise,outputs/study1_35f100_external_v1/surprise/b32p00.wav,277.98364396846745,65.7972077363662,0.603089321692411,-18.5738166071153,14.88,2887.2981828901843
external,b32p01,32,1,normal,outputs/study1_35f100_external_v1/normal/b32p01.wav,227.10088581417543,66.95271032909628,0.674314850223072,-18.674129258689053,15.68,2385.149009683687
external,b32p01,32,1,happy,outputs/study1_35f100_external_v1/happy/b32p01.wav,281.2136583244699,66.17836708321218,0.6602608098833219,-18.492998648190127,14.56,2570.7183505003054
external,b32p01,32,1,sad,outputs/study1_35f100_external_v1/sad/b32p01.wav,232.40911739156792,47.75031362741598,0.6899934597776325,-17.350373154973276,15.28,2740.2201459553244
external,b32p01,32,1,calm,outputs/study1_35f100_external_v1/calm/b32p01.wav,148.1097552286564,23.055651595890453,0.5262860373092142,-18.895970873758653,17.68,2806.590708159125
external,b32p01,32,1,angry,outputs/study1_35f100_external_v1/angry/b32p01.wav,279.5939868358039,67.99638685996851,0.60967993754879,-18.03896313534167,12.8,2796.0434512819847
external,b32p01,32,1,surprise,outputs/study1_35f100_external_v1/surprise/b32p01.wav,346.21462440245716,88.95136108610603,0.7162055335968379,-19.617714023205213,12.64,3017.6509527976195
external,b32p02,32,2,normal,outputs/study1_35f100_external_v1/normal/b32p02.wav,297.93549262454053,90.25380029406622,0.6455549099360837,-21.503936246863237,17.2,2811.7673319639507
external,b32p02,32,2,happy,outputs/study1_35f100_external_v1/happy/b32p02.wav,292.81713918912504,68.59357630253629,0.6797717184527584,-23.408076613876354,15.76,2776.442429392436
external,b32p02,32,2,sad,outputs/study1_35f100_external_v1/sad/b32p02.wav,266.96797083400685,60.09406962399632,0.579241765071473,-22.665914866997625,16.08,3028.814946164738
external,b32p02,32,2,calm,outputs/study1_35f100_external_v1/calm/b32p02.wav,276.38257599355524,70.43293642458207,0.6739537788881949,-22.951500730005026,16.0,3037.77844072814
external,b32p02,32,2,angry,outputs/study1_35f100_external_v1/angry/b32p02.wav,312.0260904053494,54.13767789329063,0.5949458483754513,-20.045192257264745,13.84,3249.042496436346
external,b32p02,32,2,surprise,outputs/study1_35f100_external_v1/surprise/b32p02.wav,388.61277646144237,73.97385121293433,0.6891228070175439,-22.68024395147048,14.24,3093.814905009358
external,b32p03,32,3,normal,outputs/study1_35f100_external_v1/normal/b32p03.wav,250.53288772482563,83.77831736315449,0.6360373295046662,-18.213624146216862,13.92,2282.355579602447
external,b32p03,32,3,happy,outputs/study1_35f100_external_v1/happy/b32p03.wav,220.00038018583723,61.37878668639013,0.5630826600372902,-16.339561739798516,16.08,2113.297656742339
external,b32p03,32,3,sad,outputs/study1_35f100_external_v1/sad/b32p03.wav,220.63576443274928,34.5444459481258,0.5591267434808975,-15.800244513811846,16.48,2022.6404812592382
external,b32p03,32,3,calm,outputs/study1_35f100_external_v1/calm/b32p03.wav,228.41646786215435,94.5134116201051,0.603874415497662,-17.223542459645284,14.96,2133.618640934864
external,b32p03,32,3,angry,outputs/study1_35f100_external_v1/angry/b32p03.wav,223.1994285260446,36.89533628709626,0.5497597803706246,-17.332505279900587,14.56,3113.778275650871
external,b32p03,32,3,surprise,outputs/study1_35f100_external_v1/surprise/b32p03.wav,296.2195104573129,102.60311638923667,0.6557501904036558,-16.238114542254642,13.12,2191.7320218313625
external,b32p04,32,4,normal,outputs/study1_35f100_external_v1/normal/b32p04.wav,200.0,44.76039059309687,0.6068965517241379,-16.745784923393977,13.04,2616.181569033988
external,b32p04,32,4,happy,outputs/study1_35f100_external_v1/happy/b32p04.wav,256.3888163841458,52.10489019392628,0.6500956022944551,-20.004585741962536,15.68,2400.9808786643844
external,b32p04,32,4,sad,outputs/study1_35f100_external_v1/sad/b32p04.wav,267.7412356950298,54.03126628991487,0.6135967460778617,-19.47314359249734,17.2,2421.7252525176996
external,b32p04,32,4,calm,outputs/study1_35f100_external_v1/calm/b32p04.wav,218.10154653305153,57.4540201326445,0.5828006972690296,-21.812886109019296,17.2,2255.6475834584476
external,b32p04,32,4,angry,outputs/study1_35f100_external_v1/angry/b32p04.wav,274.79072949161787,68.82424593337592,0.6447653429602888,-17.99655400949694,13.84,2817.4693810812214
external,b32p04,32,4,surprise,outputs/study1_35f100_external_v1/surprise/b32p04.wav,250.53288772482563,60.22899089687871,0.5769993390614673,-19.61590602706769,15.12,2820.6075206814694
external,b32p05,32,5,normal,outputs/study1_35f100_external_v1/normal/b32p05.wav,218.10154653305153,47.10790459035181,0.6209628275441804,-21.477505179150754,16.4,2227.1535418552153
external,b32p05,32,5,happy,outputs/study1_35f100_external_v1/happy/b32p05.wav,254.91212546385245,66.254418962031,0.6429075511644319,-20.672774043414208,14.16,2453.318165117616
external,b32p05,32,5,sad,outputs/study1_35f100_external_v1/sad/b32p05.wav,174.11011265922482,21.193760471103843,0.4578568403218975,-28.23567572342643,23.6,2693.550389927166
external,b32p05,32,5,calm,outputs/study1_35f100_external_v1/calm/b32p05.wav,154.22108254079407,22.354221227475563,0.6313887454827052,-22.128022791911697,19.36,2183.5408943024313
external,b32p05,32,5,angry,outputs/study1_35f100_external_v1/angry/b32p05.wav,358.423856764781,108.75999025775388,0.6893394375408763,-21.750766898824224,15.28,3153.147462743377
external,b32p05,32,5,surprise,outputs/study1_35f100_external_v1/surprise/b32p05.wav,198.8480847635095,58.97640653749207,0.5803517283201941,-18.596955430827762,16.48,3212.550239047902
external,b32p06,32,6,normal,outputs/study1_35f100_external_v1/normal/b32p06.wav,200.0,41.32964224403838,0.5144880875724405,-16.56615224100671,15.52,2671.3346144505745
external,b32p06,32,6,happy,outputs/study1_35f100_external_v1/happy/b32p06.wav,228.41646786215435,53.19928328856085,0.640615748963884,-20.433308290176043,16.88,2611.4253956467805
external,b32p06,32,6,sad,outputs/study1_35f100_external_v1/sad/b32p06.wav,223.1994285260446,46.390954889136964,0.553907586993725,-18.994414093792866,17.52,2685.88024150283
external,b32p06,32,6,calm,outputs/study1_35f100_external_v1/calm/b32p06.wav,173.1073122012286,36.397605492262386,0.5435168738898757,-17.886566707021018,16.88,2534.604114884163
external,b32p06,32,6,angry,outputs/study1_35f100_external_v1/angry/b32p06.wav,342.23801027304086,97.45543792471028,0.6095293434049971,-20.343827141571058,17.2,3755.1550237147385
external,b32p06,32,6,surprise,outputs/study1_35f100_external_v1/surprise/b32p06.wav,250.53288772482563,79.77002443013794,0.6753712237583205,-18.785597011750834,19.52,3130.2810456477496
external,b32p07,32,7,normal,outputs/study1_35f100_external_v1/normal/b32p07.wav,268.51450055605267,90.86395642782173,0.6183381088825215,-19.141647682724027,17.44,2492.4830417896073
external,b32p07,32,7,happy,outputs/study1_35f100_external_v1/happy/b32p07.wav,284.4812036394563,84.7842728043615,0.7012673506336753,-19.54714014131841,16.56,2365.6035523027235
external,b32p07,32,7,sad,outputs/study1_35f100_external_v1/sad/b32p07.wav,185.5318233882619,44.86088518285126,0.5543000627746391,-19.17383425175402,15.92,2940.0966661722086
external,b32p07,32,7,calm,outputs/study1_35f100_external_v1/calm/b32p07.wav,170.13343219017113,38.076194388881135,0.5163076923076924,-18.582613374166424,16.24,2594.904031710015
external,b32p07,32,7,angry,outputs/study1_35f100_external_v1/angry/b32p07.wav,263.9015821545788,78.19790776887058,0.6501095690284879,-19.318277950526152,13.68,3066.6356304376973
external,b32p07,32,7,surprise,outputs/study1_35f100_external_v1/surprise/b32p07.wav,296.2195104573129,67.72521308793807,0.6321406151914627,-20.43038925872766,15.92,2578.7104195627294
external,b32p08,32,8,normal,outputs/study1_35f100_external_v1/normal/b32p08.wav,210.67220719096719,39.87124680930316,0.6561472715318869,-21.134526160117176,15.2,2059.020610645318
external,b32p08,32,8,happy,outputs/study1_35f100_external_v1/happy/b32p08.wav,334.4212833154038,97.86506071591958,0.6413393432066967,-17.40717294594328,15.52,3210.0100704119777
external,b32p08,32,8,sad,outputs/study1_35f100_external_v1/sad/b32p08.wav,203.49593842053727,33.20084359583376,0.5419281232173417,-19.664641911191147,17.52,2938.265113875985
external,b32p08,32,8,calm,outputs/study1_35f100_external_v1/calm/b32p08.wav,194.30638823072118,24.99558584693756,0.492599171107164,-20.2520088621155,16.88,2459.8064547224026
external,b32p08,32,8,angry,outputs/study1_35f100_external_v1/angry/b32p08.wav,279.5939868358039,87.9200854632951,0.6557620817843867,-19.14758275692581,13.44,2698.4583944922874
external,b32p08,32,8,surprise,outputs/study1_35f100_external_v1/surprise/b32p08.wav,254.91212546385245,76.33374716237873,0.6360739324410453,-21.469879907284334,15.68,2678.584908260098
external,b32p09,32,9,normal,outputs/study1_35f100_external_v1/normal/b32p09.wav,223.1994285260446,63.94380468176914,0.6666666666666666,-17.006687109343797,13.04,2606.520181467097
external,b32p09,32,9,happy,outputs/study1_35f100_external_v1/happy/b32p09.wav,296.2195104573129,40.29710041262854,0.7501494321578004,-17.65988608382409,16.72,2195.302413402483
external,b32p09,32,9,sad,outputs/study1_35f100_external_v1/sad/b32p09.wav,294.5134116201051,54.830969308856254,0.5992578849721707,-18.68282065277391,16.16,2912.7559602544893
external,b32p09,32,9,calm,outputs/study1_35f100_external_v1/calm/b32p09.wav,167.2106416577019,35.03494165632165,0.5520046484601976,-23.775141733085164,17.2,2622.613864469495
external,b32p09,32,9,angry,outputs/study1_35f100_external_v1/angry/b32p09.wav,277.98364396846745,88.58130941782619,0.5726654298082869,-17.08047363557429,16.16,2737.0249375853095
external,b32p09,32,9,surprise,outputs/study1_35f100_external_v1/surprise/b32p09.wav,310.2289523667469,70.23658134998215,0.6681715575620768,-18.620393489167476,13.28,2739.4584952957503
external,b33p00,33,0,normal,outputs/study1_35f100_external_v1/normal/b33p00.wav,235.10958125672175,54.15980804879405,0.6131563065781533,-23.391664413884882,16.56,2281.8002350874103
external,b33p00,33,0,happy,outputs/study1_35f100_external_v1/happy/b33p00.wav,284.4812036394563,49.61810645722662,0.6957078795643818,-18.388539632889785,15.6,2566.8326620697326
external,b33p00,33,0,sad,outputs/study1_35f100_external_v1/sad/b33p00.wav,231.07053937445463,69.90209317102955,0.5675193337299227,-19.082840704351604,16.8,2859.5152987879433
external,b33p00,33,0,calm,outputs/study1_35f100_external_v1/calm/b33p00.wav,200.0,42.18288396129071,0.5118513773222293,-19.443357227556263,15.6,3053.4024673886897
external,b33p00,33,0,angry,outputs/study1_35f100_external_v1/angry/b33p00.wav,241.99881784385852,78.32789143803859,0.5324675324675324,-19.716005827110386,16.16,3383.246794775191
external,b33p00,33,0,surprise,outputs/study1_35f100_external_v1/surprise/b33p00.wav,235.10958125672175,53.532720620322095,0.6020226055919096,-23.114341806426705,16.8,2825.239645506935
external,b33p01,33,1,normal,outputs/study1_35f100_external_v1/normal/b33p01.wav,244.81070866093103,53.53294223241278,0.7515192437542201,-22.248144140601998,14.8,2666.0571499126763
external,b33p01,33,1,happy,outputs/study1_35f100_external_v1/happy/b33p01.wav,292.81713918912504,81.83895401024228,0.6163410301953819,-20.8042378010626,16.88,3175.7741674904637
external,b33p01,33,1,sad,outputs/study1_35f100_external_v1/sad/b33p01.wav,237.8414230005442,55.715296726379336,0.5913146936347412,-21.63528277056622,16.8,3054.6356704458312
external,b33p01,33,1,calm,outputs/study1_35f100_external_v1/calm/b33p01.wav,160.5845763726753,33.841522927603506,0.5148360229047371,-21.727041867799972,19.2,2670.4112472059996
external,b33p01,33,1,angry,outputs/study1_35f100_external_v1/angry/b33p01.wav,324.9009585424942,92.00909953705298,0.7006109979633401,-20.75555519498224,14.72,3041.915872033319
external,b33p01,33,1,surprise,outputs/study1_35f100_external_v1/surprise/b33p01.wav,246.2288826689832,90.81912429946519,0.746031746031746,-23.217297228626453,14.48,2741.67679663208
external,b33p02,33,2,normal,outputs/study1_35f100_external_v1/normal/b33p02.wav,239.21922434748075,62.17566420133892,0.6341154090044389,-23.070084875635803,15.76,2469.977462425099
external,b33p02,33,2,happy,outputs/study1_35f100_external_v1/happy/b33p02.wav,271.6344887654643,73.86853441411012,0.6789644012944984,-21.64728941515106,15.44,2649.8610380327773
external,b33p02,33,2,sad,outputs/study1_35f100_external_v1/sad/b33p02.wav,208.25243050696125,41.508440064123334,0.5603584607274644,-20.804869030185156,18.96,2476.9444506331956
external,b33p02,33,2,calm,outputs/study1_35f100_external_v1/calm/b33p02.wav,218.10154653305153,62.47561887532913,0.6286689419795222,-21.52989800463345,14.64,2300.8528866139973
external,b33p02,33,2,angry,outputs/study1_35f100_external_v1/angry/b33p02.wav,315.65165893545657,96.04223587729126,0.5331058020477816,-20.03875511868359,14.64,3065.1706969133083
external,b33p02,33,2,surprise,outputs/study1_35f100_external_v1/surprise/b33p02.wav,291.13063656843747,93.81627609898047,0.6916150815981992,-21.379549119384347,17.76,2635.743027715244
external,b33p03,33,3,normal,outputs/study1_35f100_external_v1/normal/b33p03.wav,384.14917802040173,68.2846356954729,0.6628814762242725,-20.435975960810012,14.08,2854.699863023707
external,b33p03,33,3,happy,outputs/study1_35f100_external_v1/happy/b33p03.wav,356.35948725613576,87.92966756308886,0.7159726538222498,-17.759726664059457,16.08,2889.4128998049273
external,b33p03,33,3,sad,outputs/study1_35f100_external_v1/sad/b33p03.wav,236.47155720542963,51.66912649576898,0.6624584717607973,-22.27848236719611,15.04,2936.2989046537155
external,b33p03,33,3,calm,outputs/study1_35f100_external_v1/calm/b33p03.wav,273.20805135087915,57.909277356762516,0.732484076433121,-22.35566450056064,20.4,2658.9929152160544
external,b33p03,33,3,angry,outputs/study1_35f100_external_v1/angry/b33p03.wav,281.2136583244699,62.53830608565633,0.7064045656309448,-21.82794790329013,15.76,3249.1026657544744
external,b33p03,33,3,surprise,outputs/study1_35f100_external_v1/surprise/b33p03.wav,268.51450055605267,62.90058680729388,0.6593059936908517,-19.38431311071196,15.84,2881.5098992327753
external,b33p04,33,4,normal,outputs/study1_35f100_external_v1/normal/b33p04.wav,271.6344887654643,56.26071264121816,0.6258298129149065,-22.610935169320975,16.56,2799.3592297571677
external,b33p04,33,4,happy,outputs/study1_35f100_external_v1/happy/b33p04.wav,254.91212546385245,73.44308296266598,0.5971309025702332,-17.24606397093529,16.72,2847.3108498060374
external,b33p04,33,4,sad,outputs/study1_35f100_external_v1/sad/b33p04.wav,192.07458901020084,40.63008421524913,0.5224751897256276,-20.485495088781647,17.12,3161.9230326553575
external,b33p04,33,4,calm,outputs/study1_35f100_external_v1/calm/b33p04.wav,220.63576443274928,56.06404070034296,0.5356511490866235,-19.230332900810225,16.96,2871.0657736792205
external,b33p04,33,4,angry,outputs/study1_35f100_external_v1/angry/b33p04.wav,309.3355587241675,63.51634196096154,0.7083027185892726,-20.374171407267212,13.6,3148.4654188314034
external,b33p04,33,4,surprise,outputs/study1_35f100_external_v1/surprise/b33p04.wav,287.786716002164,88.1924006464206,0.660377358490566,-19.47505664240601,15.36,2728.5538358604736
external,b33p05,33,5,normal,outputs/study1_35f100_external_v1/normal/b33p05.wav,156.0130452026747,47.63688181355363,0.6219269102990034,-21.489565282924424,15.04,2513.643094069187
external,b33p05,33,5,happy,outputs/study1_35f100_external_v1/happy/b33p05.wav,228.41646786215435,52.922796323364366,0.5386584741423451,-20.204841386615136,19.52,2405.8895985921813
external,b33p05,33,5,sad,outputs/study1_35f100_external_v1/sad/b33p05.wav,229.73967099940702,51.71403798479085,0.6574882471457354,-14.979382297760147,14.88,2783.5859318362186
external,b33p05,33,5,calm,outputs/study1_35f100_external_v1/calm/b33p05.wav,202.3238880603845,49.516759296228855,0.5569965870307167,-17.788156163863523,14.64,2930.240701101639
external,b33p05,33,5,angry,outputs/study1_35f100_external_v1/angry/b33p05.wav,261.6260174203013,81.22962323748894,0.5089234312032239,-17.74074286237004,17.36,2812.585719651052
external,b33p05,33,5,surprise,outputs/study1_35f100_external_v1/surprise/b33p05.wav,266.96797083400685,63.38386835644303,0.5825602968460112,-16.86955638090697,16.16,2449.4412088892427
external,b33p06,33,6,normal,outputs/study1_35f100_external_v1/normal/b33p06.wav,257.8740616879158,68.42172006323881,0.6615994712491738,-23.206083725092995,15.12,2905.9323782595743
external,b33p06,33,6,happy,outputs/study1_35f100_external_v1/happy/b33p06.wav,268.51450055605267,86.36912580059536,0.6394052044609665,-21.625619236865145,13.44,2795.8754495423127
external,b33p06,33,6,sad,outputs/study1_35f100_external_v1/sad/b33p06.wav,197.70280407057922,59.54530173266866,0.5514912774338773,-21.768693156325313,17.76,3015.1450765900895
external,b33p06,33,6,calm,outputs/study1_35f100_external_v1/calm/b33p06.wav,193.1872657849691,45.991259084185515,0.5922933499067744,-21.196538126789175,16.08,2616.7258793771166
external,b33p06,33,6,angry,outputs/study1_35f100_external_v1/angry/b33p06.wav,441.27152886549857,74.64807888900714,0.7202766969303934,-20.740213189374174,23.12,3592.3640108723175
external,b33p06,33,6,surprise,outputs/study1_35f100_external_v1/surprise/b33p06.wav,274.79072949161787,118.35296996677329,0.6932052161976664,-21.445210756155724,14.56,2737.397843272875
external,b33p07,33,7,normal,outputs/study1_35f100_external_v1/normal/b33p07.wav,249.08992447176465,59.299763910900936,0.648271679805943,-18.487830649029487,16.48,2993.860677407886
external,b33p07,33,7,happy,outputs/study1_35f100_external_v1/happy/b33p07.wav,286.12918648705164,53.73742182517151,0.6982456140350877,-22.71514066400656,14.24,2816.611165598075
external,b33p07,33,7,sad,outputs/study1_35f100_external_v1/sad/b33p07.wav,220.63576443274928,26.395760975099677,0.5462412114656571,-20.51274614709529,18.48,2877.435743177276
external,b33p07,33,7,calm,outputs/study1_35f100_external_v1/calm/b33p07.wav,231.07053937445463,56.19563555375791,0.5987692307692307,-19.766897038900364,16.24,2779.646790185291
external,b33p07,33,7,angry,outputs/study1_35f100_external_v1/angry/b33p07.wav,200.0,31.494948225690052,0.5540044085231447,-20.07493572211164,13.6,2823.700209539362
external,b33p07,33,7,surprise,outputs/study1_35f100_external_v1/surprise/b33p07.wav,265.4303484677136,64.58728747611937,0.5742108797850907,-21.109935122096303,14.88,3276.9647309321954
external,b33p08,33,8,normal,outputs/study1_35f100_external_v1/normal/b33p08.wav,162.4504792712471,38.673884896896425,0.5862068965517241,-19.735574505090337,15.36,2492.033951017732
external,b33p08,33,8,happy,outputs/study1_35f100_external_v1/happy/b33p08.wav,271.6344887654643,68.23013452288839,0.6215613382899629,-20.099569276758555,13.44,2774.8277238078044
external,b33p08,33,8,sad,outputs/study1_35f100_external_v1/sad/b33p08.wav,171.11900513652043,45.338641918450946,0.5883993307306191,-21.825121222386976,17.92,2559.6137668828137
external,b33p08,33,8,calm,outputs/study1_35f100_external_v1/calm/b33p08.wav,174.11011265922482,37.389568651371064,0.5852307692307692,-22.724711580049394,16.24,2549.8232967309036
external,b33p08,33,8,angry,outputs/study1_35f100_external_v1/angry/b33p08.wav,250.53288772482563,75.09915498081699,0.6748182419035029,-20.475411391023354,15.12,2647.541062215979
external,b33p08,33,8,surprise,outputs/study1_35f100_external_v1/surprise/b33p08.wav,228.41646786215435,48.246588951880796,0.649266862170088,-20.09595677757106,17.04,2497.316059188138
external,b33p09,33,9,normal,outputs/study1_35f100_external_v1/normal/b33p09.wav,232.40911739156792,54.442757590453425,0.6696258719086874,-17.905178265013525,15.76,2513.3159481669177
external,b33p09,33,9,happy,outputs/study1_35f100_external_v1/happy/b33p09.wav,241.99881784385852,48.95287251640244,0.6418219461697723,-19.265984088583433,14.48,2763.2948071540895
external,b33p09,33,9,sad,outputs/study1_35f100_external_v1/sad/b33p09.wav,225.79288096122622,50.79688898213402,0.5829812914906457,-19.33000982586633,16.56,2753.9027947534587
external,b33p09,33,9,calm,outputs/study1_35f100_external_v1/calm/b33p09.wav,214.35469250725862,42.16516897470845,0.5296689569019363,-20.338165410052223,16.0,2931.6283006847475
external,b33p09,33,9,angry,outputs/study1_35f100_external_v1/angry/b33p09.wav,386.3745315699383,90.24152329393468,0.6953068592057762,-21.36710608634462,13.84,3503.8017459248176
external,b33p09,33,9,surprise,outputs/study1_35f100_external_v1/surprise/b33p09.wav,346.21462440245716,90.8939950290009,0.6596166556510245,-19.486548306898875,15.12,3114.930386162898
external,b34p00,34,0,normal,outputs/study1_35f100_external_v1/normal/b34p00.wav,228.41646786215435,71.7945448165936,0.6507521255722695,-24.6889492287665,15.28,2585.6087391061283
external,b34p00,34,0,happy,outputs/study1_35f100_external_v1/happy/b34p00.wav,259.3679109302019,59.02830067287621,0.6487000634115409,-20.057573717027033,15.76,2892.114891243795
external,b34p00,34,0,sad,outputs/study1_35f100_external_v1/sad/b34p00.wav,196.56411970905023,29.377936505345104,0.5827774408732566,-21.01796503853937,16.48,2575.2479103292553
external,b34p00,34,0,calm,outputs/study1_35f100_external_v1/calm/b34p00.wav,201.15858821357068,41.90515784042253,0.6201648700063411,-18.411754908587636,15.76,2526.2037781638874
external,b34p00,34,0,angry,outputs/study1_35f100_external_v1/angry/b34p00.wav,306.66566893392013,99.0257094470185,0.6166153846153846,-19.867202015972484,16.24,3308.977035218389
external,b34p00,34,0,surprise,outputs/study1_35f100_external_v1/surprise/b34p00.wav,287.786716002164,72.73387452205051,0.6465339739190117,-19.633249541694163,14.56,2965.9847814703644
external,b34p01,34,1,normal,outputs/study1_35f100_external_v1/normal/b34p01.wav,208.25243050696125,47.13851569539358,0.5961188599151,-19.225320915633954,16.48,2012.636542753734
external,b34p01,34,1,happy,outputs/study1_35f100_external_v1/happy/b34p01.wav,237.8414230005442,41.50541801418768,0.6133806986382475,-18.779760271230025,16.88,2718.3952312486244
external,b34p01,34,1,sad,outputs/study1_35f100_external_v1/sad/b34p01.wav,246.2288826689832,30.1461324423297,0.5627376425855514,-28.01489823441623,18.4,2032.9946500975227
external,b34p01,34,1,calm,outputs/study1_35f100_external_v1/calm/b34p01.wav,215.59643660857103,81.39339487975244,0.5906610066707095,-20.56109442430937,16.48,2406.4189443243417
external,b34p01,34,1,angry,outputs/study1_35f100_external_v1/angry/b34p01.wav,237.8414230005442,74.59028196765777,0.6015374759769379,-23.125670472009226,15.6,2945.571252186065
external,b34p01,34,1,surprise,outputs/study1_35f100_external_v1/surprise/b34p01.wav,233.75544971224912,77.71771990393265,0.5627118644067797,-21.43209650540786,20.64,2566.9340695357046
external,b34p02,34,2,normal,outputs/study1_35f100_external_v1/normal/b34p02.wav,231.07053937445463,38.64026885296656,0.5087885985748218,-23.336092634911623,21.04,1957.336248342722
external,b34p02,34,2,happy,outputs/study1_35f100_external_v1/happy/b34p02.wav,216.8453740602837,52.223278388638875,0.6580992229527795,-20.490725398062665,16.72,2553.7739570678445
external,b34p02,34,2,sad,outputs/study1_35f100_external_v1/sad/b34p02.wav,213.12010032569688,26.944796197716727,0.5239973701512163,-23.04507293183013,15.2,3317.8049169020933
external,b34p02,34,2,calm,outputs/study1_35f100_external_v1/calm/b34p02.wav,196.56411970905023,37.63344567789321,0.6225120109814688,-17.147873864281504,14.56,2405.8522843580613
external,b34p02,34,2,angry,outputs/study1_35f100_external_v1/angry/b34p02.wav,271.6344887654643,40.36392301631096,0.672016748080949,-18.124183602377922,14.32,3080.926734164683
external,b34p02,34,2,surprise,outputs/study1_35f100_external_v1/surprise/b34p02.wav,228.41646786215435,62.082428153424615,0.5655277919428863,-19.581873980020884,19.6,2336.7686978920333
external,b34p03,34,3,normal,outputs/study1_35f100_external_v1/normal/b34p03.wav,203.49593842053727,55.25561357109581,0.6183301946013811,-20.42927298538761,15.92,2393.798280306877
external,b34p03,34,3,happy,outputs/study1_35f100_external_v1/happy/b34p03.wav,235.10958125672175,60.26207004909142,0.5564469914040114,-19.095892285456614,17.44,2372.5949907868635
external,b34p03,34,3,sad,outputs/study1_35f100_external_v1/sad/b34p03.wav,220.63576443274928,32.38619879548352,0.6037609133646743,-19.0769952942538,14.88,2465.317429504334
external,b34p03,34,3,calm,outputs/study1_35f100_external_v1/calm/b34p03.wav,192.07458901020084,27.362763701307586,0.611085016439643,-19.94310494422303,21.28,2295.1602638522204
external,b34p03,34,3,angry,outputs/study1_35f100_external_v1/angry/b34p03.wav,377.54972507267735,143.40615721497807,0.7029034436191762,-20.610762087013686,14.8,2990.9675279484936
external,b34p03,34,3,surprise,outputs/study1_35f100_external_v1/surprise/b34p03.wav,239.21922434748075,94.43955420400326,0.6689419795221843,-21.9311879077923,14.64,2622.1439684959973
external,b34p04,34,4,normal,outputs/study1_35f100_external_v1/normal/b34p04.wav,233.75544971224912,66.19061249566818,0.644043321299639,-20.966121302750057,13.84,2534.7651445821884
external,b34p04,34,4,happy,outputs/study1_35f100_external_v1/happy/b34p04.wav,271.6344887654643,41.67097930782381,0.6576051779935275,-17.252750367447387,15.44,2761.1098474199584
external,b34p04,34,4,sad,outputs/study1_35f100_external_v1/sad/b34p04.wav,188.7748625363387,40.01278812446827,0.4742625795257374,-20.211317848802587,17.28,2946.1067912460867
external,b34p04,34,4,calm,outputs/study1_35f100_external_v1/calm/b34p04.wav,192.07458901020084,39.55320205444676,0.6264402668283808,-20.04777425392977,16.48,2762.746068505361
external,b34p04,34,4,angry,outputs/study1_35f100_external_v1/angry/b34p04.wav,241.99881784385852,48.15609482006897,0.5935363579863269,-20.830902867446408,16.08,3006.303933770081
external,b34p04,34,4,surprise,outputs/study1_35f100_external_v1/surprise/b34p04.wav,323.02966672001685,105.6332983088102,0.7199462726662189,-20.796134391090575,14.88,2787.222405319642
external,b34p05,34,5,normal,outputs/study1_35f100_external_v1/normal/b34p05.wav,224.49240966187455,38.19644751136266,0.6465753424657534,-22.637583908902158,18.24,2708.6853896870125
external,b34p05,34,5,happy,outputs/study1_35f100_external_v1/happy/b34p05.wav,292.81713918912504,86.82292472292983,0.7819833459500378,-20.190270472717728,13.2,3126.508450825839
external,b34p05,34,5,sad,outputs/study1_35f100_external_v1/sad/b34p05.wav,202.3238880603845,31.677396604696526,0.5556923076923077,-19.733620329306657,16.24,2532.0909163593305
external,b34p05,34,5,calm,outputs/study1_35f100_external_v1/calm/b34p05.wav,223.1994285260446,74.03315796447495,0.6538205980066445,-19.51171310978085,15.04,2456.0442093819915
external,b34p05,34,5,angry,outputs/study1_35f100_external_v1/angry/b34p05.wav,377.54972507267735,93.20511048203343,0.6114742193173566,-20.78780570528299,13.76,3370.5825366916247
external,b34p05,34,5,surprise,outputs/study1_35f100_external_v1/surprise/b34p05.wav,334.4212833154038,82.79729094732403,0.7643979057591623,-19.62375301884155,13.36,2925.7558491801287
external,b34p06,34,6,normal,outputs/study1_35f100_external_v1/normal/b34p06.wav,223.1994285260446,53.348883844766874,0.5282623866015352,-22.02745531414701,14.32,3143.6819932174876
external,b34p06,34,6,happy,outputs/study1_35f100_external_v1/happy/b34p06.wav,265.4303484677136,73.86853441411012,0.6501007387508395,-18.85918751737599,14.88,2681.14992132079
external,b34p06,34,6,sad,outputs/study1_35f100_external_v1/sad/b34p06.wav,198.8480847635095,45.01968489797676,0.514320536258379,-20.612202082059174,16.4,2925.6166627528046
external,b34p06,34,6,calm,outputs/study1_35f100_external_v1/calm/b34p06.wav,216.8453740602837,70.1817405788961,0.5989492119089317,-19.782885604497103,17.12,2885.227256228963
external,b34p06,34,6,angry,outputs/study1_35f100_external_v1/angry/b34p06.wav,270.06998923363795,76.47350265449779,0.5919500346981263,-20.589735689096184,14.4,3192.951478543943
external,b34p06,34,6,surprise,outputs/study1_35f100_external_v1/surprise/b34p06.wav,231.07053937445463,48.30514554600779,0.6460791117279667,-20.79129652973439,14.4,2791.558916938645
external,b34p07,34,7,normal,outputs/study1_35f100_external_v1/normal/b34p07.wav,270.06998923363795,88.94166764767581,0.6801647220315717,-17.658339097212288,14.56,2743.021337551566
external,b34p07,34,7,happy,outputs/study1_35f100_external_v1/happy/b34p07.wav,289.4538474880756,50.22131046774297,0.6469088591459529,-16.50003592171815,15.68,2797.8279876688125
external,b34p07,34,7,sad,outputs/study1_35f100_external_v1/sad/b34p07.wav,177.1535038204721,25.827009781643284,0.5204938271604939,-28.898930790939595,20.24,2521.4069928401727
external,b34p07,34,7,calm,outputs/study1_35f100_external_v1/calm/b34p07.wav,176.1331747192297,31.257448390692275,0.5355481727574751,-21.216383621191174,15.04,2904.497448789576
external,b34p07,34,7,angry,outputs/study1_35f100_external_v1/angry/b34p07.wav,301.3973362949152,84.2472207262698,0.6439150032195751,-20.432154939747118,15.52,2838.620643684583
external,b34p07,34,7,surprise,outputs/study1_35f100_external_v1/surprise/b34p07.wav,265.4303484677136,48.00964643402665,0.5962825278810409,-17.942211420841637,13.44,3176.4372175631897
external,b34p08,34,8,normal,outputs/study1_35f100_external_v1/normal/b34p08.wav,210.67220719096719,50.444361811142045,0.576140350877193,-17.161834810556925,14.24,2429.6231267597996
external,b34p08,34,8,happy,outputs/study1_35f100_external_v1/happy/b34p08.wav,265.4303484677136,38.473914411563584,0.5700197238658777,-18.152329715259643,15.2,2657.932136541413
external,b34p08,34,8,sad,outputs/study1_35f100_external_v1/sad/b34p08.wav,153.33283446696007,29.187461066509172,0.4600892414476946,-22.690493191319185,20.16,2307.3691537241734
external,b34p08,34,8,calm,outputs/study1_35f100_external_v1/calm/b34p08.wav,184.46323871718783,50.718719367305425,0.5369085173501578,-17.623337243518563,15.84,2591.146660384533
external,b34p08,34,8,angry,outputs/study1_35f100_external_v1/angry/b34p08.wav,273.20805135087915,88.55077312128114,0.6012012012012012,-22.158315072786113,16.64,3153.9598958407114
external,b34p08,34,8,surprise,outputs/study1_35f100_external_v1/surprise/b34p08.wav,241.99881784385852,62.027883486296616,0.6218771100607697,-17.72578733863059,14.8,2780.8574823417475
external,b34p09,34,9,normal,outputs/study1_35f100_external_v1/normal/b34p09.wav,251.98420997897463,49.854315836396864,0.6698976844372644,-21.789160555107948,18.56,2640.084077759462
external,b34p09,34,9,happy,outputs/study1_35f100_external_v1/happy/b34p09.wav,332.4951584571151,71.87185623416167,0.660455486542443,-19.626278005305327,14.48,2979.5698974395054
external,b34p09,34,9,sad,outputs/study1_35f100_external_v1/sad/b34p09.wav,210.67220719096719,32.794497583454245,0.44624624624624626,-18.322765045706447,16.64,2829.687950702156
external,b34p09,34,9,calm,outputs/study1_35f100_external_v1/calm/b34p09.wav,218.10154653305153,39.449061481527934,0.6320593268682259,-16.760197668933436,17.52,2342.253631417588
external,b34p09,34,9,angry,outputs/study1_35f100_external_v1/angry/b34p09.wav,324.9009585424942,79.47262994630006,0.611150317572336,-20.43202689216518,14.16,3227.9360595516946
external,b34p09,34,9,surprise,outputs/study1_35f100_external_v1/surprise/b34p09.wav,246.2288826689832,53.53294223241278,0.6416808631459399,-19.207296536356132,17.6,2377.3926748139343
external,b35p00,35,0,normal,outputs/study1_35f100_external_v1/normal/b35p00.wav,203.49593842053727,110.13776876983093,0.6416382252559727,-19.15289491766296,14.64,2558.702726261313
external,b35p00,35,0,happy,outputs/study1_35f100_external_v1/happy/b35p00.wav,303.14331330207966,60.8606696916508,0.6916488222698073,-17.10054611887809,14.0,2899.2744175972794
external,b35p00,35,0,sad,outputs/study1_35f100_external_v1/sad/b35p00.wav,204.67477839935495,23.79515830233035,0.6984924623115578,-20.25005581227544,13.92,2357.7262252411088
external,b35p00,35,0,calm,outputs/study1_35f100_external_v1/calm/b35p00.wav,237.8414230005442,62.027883486296616,0.6171560161197467,-18.25258313109543,17.36,2678.5650309853722
external,b35p00,35,0,angry,outputs/study1_35f100_external_v1/angry/b35p00.wav,249.08992447176465,69.28381242676795,0.6661880832735104,-19.807064544184612,13.92,2544.2930412765286
external,b35p00,35,0,surprise,outputs/study1_35f100_external_v1/surprise/b35p00.wav,237.8414230005442,49.5468896473202,0.5585960737656157,-22.61922128873948,16.8,2691.1229534884756
external,b35p01,35,1,normal,outputs/study1_35f100_external_v1/normal/b35p01.wav,257.8740616879158,66.76419054812646,0.6519193233571894,-18.892289510421953,15.36,2707.8922723343258
external,b35p01,35,1,happy,outputs/study1_35f100_external_v1/happy/b35p01.wav,281.2136583244699,50.568103393672345,0.703678001387925,-18.620148824758164,14.4,2650.432747458958
external,b35p01,35,1,sad,outputs/study1_35f100_external_v1/sad/b35p01.wav,196.56411970905023,28.32770947932383,0.5051546391752577,-21.75011294987101,16.48,2943.3931886818127
external,b35p01,35,1,calm,outputs/study1_35f100_external_v1/calm/b35p01.wav,188.7748625363387,63.90783328919926,0.5302949061662199,-18.415323614022437,18.64,2328.211880882196
external,b35p01,35,1,angry,outputs/study1_35f100_external_v1/angry/b35p01.wav,313.83363915870024,41.36452188867764,0.6329017517136329,-20.18489194500247,13.12,3070.185486014542
external,b35p01,35,1,surprise,outputs/study1_35f100_external_v1/surprise/b35p01.wav,281.2136583244699,65.11877121063094,0.6469789545145961,-19.183108865101733,14.72,2931.778023513837
external,b35p02,35,2,normal,outputs/study1_35f100_external_v1/normal/b35p02.wav,223.1994285260446,33.74638733689727,0.637120761451517,-18.749788106108642,16.8,2252.633560556958
external,b35p02,35,2,happy,outputs/study1_35f100_external_v1/happy/b35p02.wav,237.8414230005442,65.0185621355154,0.5997313633310947,-19.261153034740303,14.88,2829.0290957507723
external,b35p02,35,2,sad,outputs/study1_35f100_external_v1/sad/b35p02.wav,202.3238880603845,61.83999312160208,0.6111451316595223,-19.08223252023211,16.32,2589.058602465968
external,b35p02,35,2,calm,outputs/study1_35f100_external_v1/calm/b35p02.wav,158.74010519681997,34.302195690710874,0.5320228281547241,-21.894650498781274,15.76,2726.6624718168237
external,b35p02,35,2,angry,outputs/study1_35f100_external_v1/angry/b35p02.wav,262.38162088748976,83.23099858869199,0.5946843853820598,-19.076500901089815,15.04,2732.926051025886
external,b35p02,35,2,surprise,outputs/study1_35f100_external_v1/surprise/b35p02.wav,276.38257599355524,55.16845362593199,0.5509056839475328,-19.520961983920834,16.0,2909.4679326100577
external,b35p03,35,3,normal,outputs/study1_35f100_external_v1/normal/b35p03.wav,270.06998923363795,75.5951295594655,0.6480173818576861,-23.555482686280197,18.4,2469.6025597217726
external,b35p03,35,3,happy,outputs/study1_35f100_external_v1/happy/b35p03.wav,207.05298476827548,33.71829195102538,0.6202980837473385,-19.828393094748858,14.08,2781.729069554952
external,b35p03,35,3,sad,outputs/study1_35f100_external_v1/sad/b35p03.wav,247.65527207548806,66.47388651010701,0.5764383561643835,-19.122738402253113,18.24,2491.86190081021
external,b35p03,35,3,calm,outputs/study1_35f100_external_v1/calm/b35p03.wav,216.8453740602837,63.92628941746415,0.641079936474325,-21.270604844268206,18.88,2311.5737378766153
external,b35p03,35,3,angry,outputs/study1_35f100_external_v1/angry/b35p03.wav,263.9015821545788,75.16900571346179,0.6343859649122807,-21.361980759763025,14.24,2966.6213789099234
external,b35p03,35,3,surprise,outputs/study1_35f100_external_v1/surprise/b35p03.wav,352.26634943845943,97.47011551661791,0.7043719639139486,-21.622950254501234,14.4,3220.189137745879
external,b35p04,35,4,normal,outputs/study1_35f100_external_v1/normal/b35p04.wav,229.73967099940702,104.65729730144673,0.6112084063047285,-18.468570995432497,17.12,2858.383510834723
external,b35p04,35,4,happy,outputs/study1_35f100_external_v1/happy/b35p04.wav,240.60500721642333,53.53294223241278,0.5718769617074702,-21.02251029452289,15.92,2808.7576396223567
external,b35p04,35,4,sad,outputs/study1_35f100_external_v1/sad/b35p04.wav,174.11011265922482,30.9148429066112,0.3752620545073375,-20.657853492404854,23.84,3238.436331330242
external,b35p04,35,4,calm,outputs/study1_35f100_external_v1/calm/b35p04.wav,243.40070273411817,53.84305541195397,0.6631578947368421,-17.803299767317718,14.24,2769.445413147748
external,b35p04,35,4,angry,outputs/study1_35f100_external_v1/angry/b35p04.wav,371.0636467765238,101.9386391119395,0.5838424983027835,-21.400338317971304,14.72,3396.0243537791544
external,b35p04,35,4,surprise,outputs/study1_35f100_external_v1/surprise/b35p04.wav,219.36499593892518,54.28140590839541,0.5367606412382532,-20.1879892505396,18.08,2948.9205484678378
external,b35p05,35,5,normal,outputs/study1_35f100_external_v1/normal/b35p05.wav,156.0130452026747,60.23153660230243,0.4916051040967092,-21.077169677198565,14.88,2713.320192783009
external,b35p05,35,5,happy,outputs/study1_35f100_external_v1/happy/b35p05.wav,301.3973362949152,52.293549840760875,0.6161309884778654,-21.2228060589794,16.48,2704.800134187794
external,b35p05,35,5,sad,outputs/study1_35f100_external_v1/sad/b35p05.wav,228.41646786215435,40.60228730721258,0.5095332018408941,-19.156376539118217,15.2,3170.775695028304
external,b35p05,35,5,calm,outputs/study1_35f100_external_v1/calm/b35p05.wav,213.12010032569688,49.35080015737688,0.620039037085231,-18.39270645983988,15.36,2555.6996787873936
external,b35p05,35,5,angry,outputs/study1_35f100_external_v1/angry/b35p05.wav,346.21462440245716,67.62852870766994,0.6783988957902002,-21.108092642424836,14.48,2863.355377478411
external,b35p05,35,5,surprise,outputs/study1_35f100_external_v1/surprise/b35p05.wav,334.4212833154038,97.29198866891136,0.6941852117731515,-20.156240415385742,13.92,2881.3875075889896
external,b35p06,35,6,normal,outputs/study1_35f100_external_v1/normal/b35p06.wav,221.91389441356898,49.05167813515408,0.6472675656493967,-18.207686156345734,14.08,3088.6122669518086
external,b35p06,35,6,happy,outputs/study1_35f100_external_v1/happy/b35p06.wav,348.2202253184496,76.1455792031914,0.7343867569601203,-19.757181408875834,13.28,3239.9481822298862
external,b35p06,35,6,sad,outputs/study1_35f100_external_v1/sad/b35p06.wav,182.34449771164336,47.83003669485453,0.4940374787052811,-26.685474232494315,17.6,2805.4269307723907
external,b35p06,35,6,calm,outputs/study1_35f100_external_v1/calm/b35p06.wav,193.1872657849691,48.94801080676183,0.5561833019460138,-20.696597166144784,15.92,2767.7671329696905
external,b35p06,35,6,angry,outputs/study1_35f100_external_v1/angry/b35p06.wav,366.80161728186846,86.81993611490253,0.7061745919091554,-19.292308056977387,14.08,3034.465794796305
external,b35p06,35,6,surprise,outputs/study1_35f100_external_v1/surprise/b35p06.wav,344.22057489773204,73.49447648257842,0.6632722335369993,-20.232558951288134,14.72,3033.9020213275935
external,b35p07,35,7,normal,outputs/study1_35f100_external_v1/normal/b35p07.wav,277.98364396846745,109.30452193392318,0.5977514053716427,-20.510233946762106,16.0,2775.0103185319335
external,b35p07,35,7,happy,outputs/study1_35f100_external_v1/happy/b35p07.wav,259.3679109302019,50.23462314059486,0.6551724137931034,-23.593642979344267,15.36,2672.956573609892
external,b35p07,35,7,sad,outputs/study1_35f100_external_v1/sad/b35p07.wav,208.25243050696125,31.668892127326245,0.5069098949695965,-23.245084343008344,18.08,2707.0992902992475
external,b35p07,35,7,calm,outputs/study1_35f100_external_v1/calm/b35p07.wav,296.2195104573129,44.52862505104207,0.6585365853658537,-22.932295882089967,20.08,2926.32494717724
external,b35p07,35,7,angry,outputs/study1_35f100_external_v1/angry/b35p07.wav,259.3679109302019,64.45137640943395,0.6059629331184528,-20.861289193940628,12.4,2776.5407968736545
external,b35p07,35,7,surprise,outputs/study1_35f100_external_v1/surprise/b35p07.wav,259.3679109302019,94.34435152663971,0.6019595835884874,-25.071880023623333,16.32,2697.931276974342
external,b35p08,35,8,normal,outputs/study1_35f100_external_v1/normal/b35p08.wav,229.73967099940702,44.67244039612726,0.6604973973395026,-18.357681124876333,17.28,2558.4520786673274
external,b35p08,35,8,happy,outputs/study1_35f100_external_v1/happy/b35p08.wav,297.93549262454053,69.70971330857185,0.5868493150684931,-22.79829280374654,18.24,3013.6996002880105
external,b35p08,35,8,sad,outputs/study1_35f100_external_v1/sad/b35p08.wav,216.8453740602837,46.766036411380156,0.5972696245733788,-18.510425745281157,14.64,2887.4162667697988
external,b35p08,35,8,calm,outputs/study1_35f100_external_v1/calm/b35p08.wav,216.8453740602837,45.76683399034337,0.6004947433518862,-18.459519966525267,16.16,2309.503545255563
external,b35p08,35,8,angry,outputs/study1_35f100_external_v1/angry/b35p08.wav,296.2195104573129,69.30821490411421,0.6814490943160525,-23.031705877041738,16.0,3365.189916611418
external,b35p08,35,8,surprise,outputs/study1_35f100_external_v1/surprise/b35p08.wav,294.5134116201051,77.13618760427227,0.7163323782234957,-18.489740903215367,17.44,2732.136647387586
external,b35p09,35,9,normal,outputs/study1_35f100_external_v1/normal/b35p09.wav,256.3888163841458,53.72006909548372,0.6470175438596492,-19.66535690365844,14.24,2976.4700131636805
external,b35p09,35,9,happy,outputs/study1_35f100_external_v1/happy/b35p09.wav,263.9015821545788,59.02830067287621,0.7554240631163708,-20.59500511429841,15.2,2542.5977764431
external,b35p09,35,9,sad,outputs/study1_35f100_external_v1/sad/b35p09.wav,188.7748625363387,56.95184929748706,0.5417339795368874,-21.1758845491295,18.56,3306.069683904834
external,b35p09,35,9,calm,outputs/study1_35f100_external_v1/calm/b35p09.wav,216.8453740602837,56.226499494104445,0.6415958142576847,-21.288590576586998,15.28,2659.379765136283
external,b35p09,35,9,angry,outputs/study1_35f100_external_v1/angry/b35p09.wav,236.47155720542963,60.11093373933713,0.6453162530024019,-19.487127740826622,12.48,2686.1834406906232
external,b35p09,35,9,surprise,outputs/study1_35f100_external_v1/surprise/b35p09.wav,236.47155720542963,95.13074811861605,0.6268096514745308,-18.820056773365398,18.64,2397.778185643678
external,b36p00,36,0,normal,outputs/study1_35f100_external_v1/normal/b36p00.wav,213.12010032569688,50.35464107131489,0.5419795221843003,-20.70574116917351,14.64,3016.603404992292
external,b36p00,36,0,happy,outputs/study1_35f100_external_v1/happy/b36p00.wav,274.79072949161787,72.2509562013384,0.6662116040955631,-17.777964565589834,14.64,2600.560349974157
external,b36p00,36,0,sad,outputs/study1_35f100_external_v1/sad/b36p00.wav,207.05298476827548,66.54480805454722,0.5052307692307693,-21.67816437798585,16.24,3167.607541923508
external,b36p00,36,0,calm,outputs/study1_35f100_external_v1/calm/b36p00.wav,211.89261887185907,39.87124680930316,0.551638837353123,-20.007740479867206,16.16,3113.84338965118
external,b36p00,36,0,angry,outputs/study1_35f100_external_v1/angry/b36p00.wav,284.4812036394563,73.51388066986246,0.6827586206896552,-20.010023411840685,13.04,3113.0487703607505
external,b36p00,36,0,surprise,outputs/study1_35f100_external_v1/surprise/b36p00.wav,287.786716002164,96.82467754943559,0.5875067312870221,-19.01180819453873,18.56,2830.041221752444
external,b36p01,36,1,normal,outputs/study1_35f100_external_v1/normal/b36p01.wav,240.60500721642333,74.6666156764671,0.6649842271293376,-18.849640396053957,15.84,2893.544057613428
external,b36p01,36,1,happy,outputs/study1_35f100_external_v1/happy/b36p01.wav,287.786716002164,54.20118191134367,0.6491909385113268,-20.972852581731388,15.44,2841.2675665375727
external,b36p01,36,1,sad,outputs/study1_35f100_external_v1/sad/b36p01.wav,236.47155720542963,45.01321842294328,0.648159324079662,-21.065720984590932,16.56,2364.4005479791244
external,b36p01,36,1,calm,outputs/study1_35f100_external_v1/calm/b36p01.wav,271.6344887654643,55.960948958125186,0.5938442969221485,-20.996578884780096,16.56,2700.697369146523
external,b36p01,36,1,angry,outputs/study1_35f100_external_v1/angry/b36p01.wav,260.1191624416574,71.55608767719838,0.6880934989043097,-22.199016157745454,13.68,2743.8109258150394
external,b36p01,36,1,surprise,outputs/study1_35f100_external_v1/surprise/b36p01.wav,284.4812036394563,71.45701888508177,0.6191446028513238,-18.976321873380407,14.72,2862.522489631719
external,b36p02,36,2,normal,outputs/study1_35f100_external_v1/normal/b36p02.wav,296.2195104573129,79.50915785155135,0.6413793103448275,-20.192621910378694,13.04,3218.800288293375
external,b36p02,36,2,happy,outputs/study1_35f100_external_v1/happy/b36p02.wav,284.4812036394563,46.060544194098384,0.6546426185704742,-20.34765465281965,14.96,2701.6478181940374
external,b36p02,36,2,sad,outputs/study1_35f100_external_v1/sad/b36p02.wav,207.05298476827548,52.28329314292466,0.6053378762067008,-18.87609803350188,17.6,3172.069086317622
external,b36p02,36,2,calm,outputs/study1_35f100_external_v1/calm/b36p02.wav,244.81070866093103,80.26873915835327,0.5797351755900979,-22.98936309708828,17.36,3009.696999308356
external,b36p02,36,2,angry,outputs/study1_35f100_external_v1/angry/b36p02.wav,330.5801272616847,66.5202916387803,0.7251962883654532,-18.61959355770751,14.0,2969.4463754901544
external,b36p02,36,2,surprise,outputs/study1_35f100_external_v1/surprise/b36p02.wav,326.78309064822,89.90935620872835,0.7487649964714185,-17.305510930418258,14.16,2773.9543041377633
external,b36p03,36,3,normal,outputs/study1_35f100_external_v1/normal/b36p03.wav,235.10958125672175,59.530580474158086,0.6722807017543859,-18.119612293340303,14.24,2667.066515842092
external,b36p03,36,3,happy,outputs/study1_35f100_external_v1/happy/b36p03.wav,315.65165893545657,63.44919487090516,0.6793893129770993,-19.849906845567578,14.4,2649.4226958326362
external,b36p03,36,3,sad,outputs/study1_35f100_external_v1/sad/b36p03.wav,213.12010032569688,50.18663473032976,0.4017267648552565,-22.996215911776105,19.68,2661.520429696321
external,b36p03,36,3,calm,outputs/study1_35f100_external_v1/calm/b36p03.wav,241.99881784385852,66.56082272947336,0.5425467712733857,-20.236174440239957,16.56,2517.5584897275157
external,b36p03,36,3,angry,outputs/study1_35f100_external_v1/angry/b36p03.wav,251.98420997897463,45.57452657689953,0.48592999313658203,-23.413183323626026,14.56,3082.6357690361556
external,b36p03,36,3,surprise,outputs/study1_35f100_external_v1/surprise/b36p03.wav,373.21319661472296,107.44030060263083,0.6852637962401456,-20.394961890066394,16.48,3086.039361926103
external,b36p04,36,4,normal,outputs/study1_35f100_external_v1/normal/b36p04.wav,319.31935454265994,76.32336367247683,0.6862745098039216,-23.560424695425084,13.76,3274.5047111904228
external,b36p04,36,4,happy,outputs/study1_35f100_external_v1/happy/b36p04.wav,334.4212833154038,132.59681688464133,0.6697187704381949,-24.061539519538748,15.28,3159.6379333165755
external,b36p04,36,4,sad,outputs/study1_35f100_external_v1/sad/b36p04.wav,260.87041395311286,31.390026757499697,0.591337099811676,-19.65954958779454,15.92,2576.991815922431
external,b36p04,36,4,calm,outputs/study1_35f100_external_v1/calm/b36p04.wav,259.3679109302019,74.51877006378595,0.6524427952999382,-19.746419519332846,16.16,2877.5091866242724
external,b36p04,36,4,angry,outputs/study1_35f100_external_v1/angry/b36p04.wav,227.10088581417543,85.72183852651096,0.6463805253042921,-18.567403106565056,15.6,2647.3047200945352
external,b36p04,36,4,surprise,outputs/study1_35f100_external_v1/surprise/b36p04.wav,375.3751986684572,85.82272409572403,0.6970227670753065,-22.010659644062436,17.12,3272.7906284972273
external,b36p05,36,5,normal,outputs/study1_35f100_external_v1/normal/b36p05.wav,243.40070273411817,53.84787050830997,0.5604952166572875,-22.441324592154416,17.76,2296.8704195744003
external,b36p05,36,5,happy,outputs/study1_35f100_external_v1/happy/b36p05.wav,224.49240966187455,43.731779472013386,0.5653871177618738,-21.41550851013791,15.36,2850.430716220102
external,b36p05,36,5,sad,outputs/study1_35f100_external_v1/sad/b36p05.wav,224.49240966187455,42.24211452054749,0.5454545454545454,-22.159871502848667,17.04,2728.7183816519696
external,b36p05,36,5,calm,outputs/study1_35f100_external_v1/calm/b36p05.wav,260.87041395311286,59.882097435415915,0.6352159468438539,-24.62794588535305,15.04,2314.90863684793
external,b36p05,36,5,angry,outputs/study1_35f100_external_v1/angry/b36p05.wav,304.8994046511524,79.8563893855511,0.7005113221329438,-17.606465876243426,13.68,2699.9341144771092
external,b36p05,36,5,surprise,outputs/study1_35f100_external_v1/surprise/b36p05.wav,247.65527207548806,74.13845737927201,0.6820603907637656,-17.93743126741952,16.88,2754.668429070673
external,b36p06,36,6,normal,outputs/study1_35f100_external_v1/normal/b36p06.wav,232.40911739156792,80.57712395329418,0.7150031387319523,-20.214791767293935,15.92,2520.558163401481
external,b36p06,36,6,happy,outputs/study1_35f100_external_v1/happy/b36p06.wav,297.93549262454053,82.89815153231507,0.6549165120593692,-17.9229499181495,16.16,2839.9707199288237
external,b36p06,36,6,sad,outputs/study1_35f100_external_v1/sad/b36p06.wav,268.51450055605267,67.05798165060818,0.5159648310967145,-20.134131967108186,21.6,2788.2547141676764
external,b36p06,36,6,calm,outputs/study1_35f100_external_v1/calm/b36p06.wav,282.842712474619,42.02942536471329,0.7245471580262336,-20.425746228242858,16.0,3138.7966171492144
external,b36p06,36,6,angry,outputs/study1_35f100_external_v1/angry/b36p06.wav,294.5134116201051,61.44529285474414,0.6702747710241466,-18.819991159188177,12.0,2881.153716011712
external,b36p06,36,6,surprise,outputs/study1_35f100_external_v1/surprise/b36p06.wav,257.8740616879158,62.71416870628312,0.6213779781068899,-17.09611858459254,15.52,2730.8098378861123
external,b36p07,36,7,normal,outputs/study1_35f100_external_v1/normal/b36p07.wav,208.25243050696125,80.15598254781142,0.6153846153846154,-15.747496219721002,20.4,2455.448434559342
external,b36p07,36,7,happy,outputs/study1_35f100_external_v1/happy/b36p07.wav,321.1691527453505,86.20596537768893,0.6417803302225413,-20.949453410663427,13.92,3041.6612825009065
external,b36p07,36,7,sad,outputs/study1_35f100_external_v1/sad/b36p07.wav,268.51450055605267,55.35986488970832,0.5786682380671774,-20.342840397361872,16.96,2775.1403602904097
external,b36p07,36,7,calm,outputs/study1_35f100_external_v1/calm/b36p07.wav,174.11011265922482,38.515174107499064,0.5389918138733305,-22.20212992663727,23.2,2323.275901573535
external,b36p07,36,7,angry,outputs/study1_35f100_external_v1/angry/b36p07.wav,274.79072949161787,58.72151917686955,0.5669673837612769,-22.020850309273165,14.4,3192.5440716051758
external,b36p07,36,7,surprise,outputs/study1_35f100_external_v1/surprise/b36p07.wav,215.59643660857103,60.007295965090265,0.6138347884486233,-17.373847881194187,14.88,2373.0612724774173
external,b36p08,36,8,normal,outputs/study1_35f100_external_v1/normal/b36p08.wav,233.75544971224912,52.01361435921743,0.5407362703681352,-19.941892982142384,16.56,3265.3231649157287
external,b36p08,36,8,happy,outputs/study1_35f100_external_v1/happy/b36p08.wav,259.3679109302019,34.185722275194536,0.6781491002570694,-18.260830071061797,19.44,2876.180198147605
external,b36p08,36,8,sad,outputs/study1_35f100_external_v1/sad/b36p08.wav,175.11872228117704,29.689778728011362,0.4398605461940732,-20.732050364214565,17.2,3352.529902564143
external,b36p08,36,8,calm,outputs/study1_35f100_external_v1/calm/b36p08.wav,227.10088581417543,79.13414192288434,0.6172629187961386,-21.046799838647352,17.6,2668.862194521449
external,b36p08,36,8,angry,outputs/study1_35f100_external_v1/angry/b36p08.wav,281.2136583244699,69.5857270626044,0.6374745417515275,-21.961427999447373,14.72,3258.6318463834164
external,b36p08,36,8,surprise,outputs/study1_35f100_external_v1/surprise/b36p08.wav,301.3973362949152,56.112582463559875,0.6498381877022654,-19.012367523107287,15.44,3006.5509693857957
external,b36p09,36,9,normal,outputs/study1_35f100_external_v1/normal/b36p09.wav,390.8639873736984,42.79441722302107,0.666226040978189,-18.94196095735853,15.12,3069.69287661224
external,b36p09,36,9,happy,outputs/study1_35f100_external_v1/happy/b36p09.wav,301.3973362949152,71.01252354685289,0.6220218931101095,-20.829410115662654,15.52,2958.8291768752747
external,b36p09,36,9,sad,outputs/study1_35f100_external_v1/sad/b36p09.wav,286.9579512446078,73.76400037046366,0.6264908976773383,-18.66017911850552,15.92,2952.741962322001
external,b36p09,36,9,calm,outputs/study1_35f100_external_v1/calm/b36p09.wav,221.91389441356898,41.75692245291384,0.6068133427963094,-20.74042406260908,14.08,3007.237785053052
external,b36p09,36,9,angry,outputs/study1_35f100_external_v1/angry/b36p09.wav,287.786716002164,153.84820067579778,0.6075866579463701,-20.184129225253898,15.28,3067.974249956379
external,b36p09,36,9,surprise,outputs/study1_35f100_external_v1/surprise/b36p09.wav,249.81140609829515,52.785185842026266,0.5808429118773947,-20.039345732480328,13.04,3082.45471963805
external,b37p00,37,0,normal,outputs/study1_35f100_external_v1/normal/b37p00.wav,244.81070866093103,74.23656761519257,0.6183939601921757,-17.599049375469036,14.56,2917.8974495514917
external,b37p00,37,0,happy,outputs/study1_35f100_external_v1/happy/b37p00.wav,262.38162088748976,81.86848387892053,0.5718216840946615,-18.60476676301433,18.16,2880.454119297491
external,b37p00,37,0,sad,outputs/study1_35f100_external_v1/sad/b37p00.wav,289.4538474880756,54.465728228498335,0.35361216730038025,-30.068799205283277,18.4,4220.423219938218
external,b37p00,37,0,calm,outputs/study1_35f100_external_v1/calm/b37p00.wav,188.7748625363387,43.461565533265286,0.616573902288188,-19.550913342525476,16.16,2359.807636359691
external,b37p00,37,0,angry,outputs/study1_35f100_external_v1/angry/b37p00.wav,287.786716002164,81.07726790756001,0.639235855988244,-21.621036155141226,13.6,3303.801077092106
external,b37p00,37,0,surprise,outputs/study1_35f100_external_v1/surprise/b37p00.wav,254.91212546385245,102.50349893769135,0.5637041640770665,-20.043981828270645,16.08,2910.1593680895803
external,b37p01,37,1,normal,outputs/study1_35f100_external_v1/normal/b37p01.wav,262.38162088748976,60.68583018798856,0.7271157167530224,-19.332142886779767,17.36,2462.646512779077
external,b37p01,37,1,happy,outputs/study1_35f100_external_v1/happy/b37p01.wav,342.23801027304086,98.04684818457338,0.709978463747308,-18.737750183928007,13.92,3078.1742063288966
external,b37p01,37,1,sad,outputs/study1_35f100_external_v1/sad/b37p01.wav,192.07458901020084,47.25470849005916,0.5835812016656752,-21.83744403847808,16.8,2764.4421439552957
external,b37p01,37,1,calm,outputs/study1_35f100_external_v1/calm/b37p01.wav,195.43199368684918,58.26760033695794,0.570493753718025,-21.770398885091584,16.8,2490.9957137687447
external,b37p01,37,1,angry,outputs/study1_35f100_external_v1/angry/b37p01.wav,211.89261887185907,25.644324898365056,0.6540222367560498,-20.093685720908407,15.28,3061.4738407367004
external,b37p01,37,1,surprise,outputs/study1_35f100_external_v1/surprise/b37p01.wav,247.65527207548806,64.11852230065068,0.6994856722997795,-19.516462807188585,13.6,2428.8256217374583
external,b37p02,37,2,normal,outputs/study1_35f100_external_v1/normal/b37p02.wav,336.3585661014858,107.61889213899445,0.6240814019219898,-21.641844604072116,17.68,3328.2211354254514
external,b37p02,37,2,happy,outputs/study1_35f100_external_v1/happy/b37p02.wav,253.44393965741244,78.29250628567775,0.6737201365187714,-21.095439239953,14.64,2756.0929564487874
external,b37p02,37,2,sad,outputs/study1_35f100_external_v1/sad/b37p02.wav,228.41646786215435,35.762653203628986,0.5358904109589041,-17.007512308254014,18.24,2508.2892526277446
external,b37p02,37,2,calm,outputs/study1_35f100_external_v1/calm/b37p02.wav,164.8140632740002,28.513260234932915,0.4841754580788451,-21.80486482066194,18.0,2858.604708937561
external,b37p02,37,2,angry,outputs/study1_35f100_external_v1/angry/b37p02.wav,402.31717642714136,91.03408430314454,0.6137744767049291,-19.162554644737696,14.8,3642.6008367599134
external,b37p02,37,2,surprise,outputs/study1_35f100_external_v1/surprise/b37p02.wav,301.3973362949152,63.98065790106244,0.6081186572989852,-19.32120015231264,12.8,2356.305334471244
external,b37p03,37,3,normal,outputs/study1_35f100_external_v1/normal/b37p03.wav,213.12010032569688,56.035846124592325,0.6313533374157991,-20.639123344256426,16.32,2497.237122590983
external,b37p03,37,3,happy,outputs/study1_35f100_external_v1/happy/b37p03.wav,308.44216508158814,76.1446351688192,0.5769478428847392,-19.70243464037764,15.52,3058.3332648533574
external,b37p03,37,3,sad,outputs/study1_35f100_external_v1/sad/b37p03.wav,167.2106416577019,29.01166324468329,0.42042042042042044,-22.095617618631927,16.64,3059.0204431489806
external,b37p03,37,3,calm,outputs/study1_35f100_external_v1/calm/b37p03.wav,227.10088581417543,50.198206762145674,0.6601141407736208,-20.322610062624648,15.76,2370.4836362509177
external,b37p03,37,3,angry,outputs/study1_35f100_external_v1/angry/b37p03.wav,287.786716002164,79.58620136255146,0.6407832545577312,-19.286250943759608,14.8,2865.5060521433597
external,b37p03,37,3,surprise,outputs/study1_35f100_external_v1/surprise/b37p03.wav,259.3679109302019,84.20977328593818,0.7011927181418707,-19.16764869673997,15.92,2812.7143248614666
external,b37p04,37,4,normal,outputs/study1_35f100_external_v1/normal/b37p04.wav,330.5801272616847,104.6986960586703,0.5528312901342674,-19.531857676347613,17.12,2897.839376538968
external,b37p04,37,4,happy,outputs/study1_35f100_external_v1/happy/b37p04.wav,249.08992447176465,60.22899089687871,0.6811168258633358,-19.932270348111693,13.6,2796.0789553404334
external,b37p04,37,4,sad,outputs/study1_35f100_external_v1/sad/b37p04.wav,183.40080864093423,60.48196042519757,0.6295835922933499,-19.935139349166874,16.08,2932.7814099171887
external,b37p04,37,4,calm,outputs/study1_35f100_external_v1/calm/b37p04.wav,251.98420997897463,45.315072030008054,0.6824877250409165,-21.925656204781305,18.32,2402.819737594836
external,b37p04,37,4,angry,outputs/study1_35f100_external_v1/angry/b37p04.wav,358.423856764781,107.51077522323413,0.7207935341660544,-18.735611658950877,13.6,3168.85691407426
external,b37p04,37,4,surprise,outputs/study1_35f100_external_v1/surprise/b37p04.wav,390.8639873736984,116.37057032300436,0.7640527411519777,-18.19692973059626,14.4,2796.365537647225
external,b37p05,37,5,normal,outputs/study1_35f100_external_v1/normal/b37p05.wav,223.1994285260446,38.99333823703472,0.5653282345442957,-17.882989622459796,15.68,2524.9146092941996
external,b37p05,37,5,happy,outputs/study1_35f100_external_v1/happy/b37p05.wav,312.0260904053494,84.80709609464043,0.7174887892376681,-19.029293994231793,15.6,2877.2197736882717
external,b37p05,37,5,sad,outputs/study1_35f100_external_v1/sad/b37p05.wav,170.13343219017113,28.61500380891178,0.46258945998698764,-24.38609409884315,15.36,2510.912536320032
external,b37p05,37,5,calm,outputs/study1_35f100_external_v1/calm/b37p05.wav,194.30638823072118,41.759186681687936,0.5917981072555205,-21.261957694762565,15.84,2212.2101793280713
external,b37p05,37,5,angry,outputs/study1_35f100_external_v1/angry/b37p05.wav,325.8420245953571,121.22898663574833,0.6936076414401176,-20.067165044472766,13.6,3028.48781475392
external,b37p05,37,5,surprise,outputs/study1_35f100_external_v1/surprise/b37p05.wav,250.53288772482563,73.76800560166828,0.6542443064182195,-21.066616429243155,14.48,2808.3859572017095
external,b37p06,37,6,normal,outputs/study1_35f100_external_v1/normal/b37p06.wav,358.423856764781,72.79521098452477,0.7670206121174266,-21.884793261395288,16.0,2933.172802437714
external,b37p06,37,6,happy,outputs/study1_35f100_external_v1/happy/b37p06.wav,281.2136583244699,75.37439464452879,0.5871137409598948,-20.624060618985233,15.2,3344.0656389932337
external,b37p06,37,6,sad,outputs/study1_35f100_external_v1/sad/b37p06.wav,247.65527207548806,48.7156416890046,0.46891043924700515,-22.854175929718778,17.52,2818.5199910720776
external,b37p06,37,6,calm,outputs/study1_35f100_external_v1/calm/b37p06.wav,201.15858821357068,49.08931586681979,0.6467915956842702,-19.343435108219666,17.6,2468.4710956902304
external,b37p06,37,6,angry,outputs/study1_35f100_external_v1/angry/b37p06.wav,342.23801027304086,77.03723691301417,0.6677768526228143,-19.93412275975023,12.0,3190.247421701559
external,b37p06,37,6,surprise,outputs/study1_35f100_external_v1/surprise/b37p06.wav,265.4303484677136,101.43530480165279,0.6959498003422704,-22.201996984748455,17.52,2711.7115346525998
external,b37p07,37,7,normal,outputs/study1_35f100_external_v1/normal/b37p07.wav,229.73967099940702,47.85914069557697,0.7070631970260223,-20.56811699561099,13.44,2311.8183646727507
external,b37p07,37,7,happy,outputs/study1_35f100_external_v1/happy/b37p07.wav,247.65527207548806,58.958222403054606,0.6188831318364997,-21.61915954785146,17.36,2389.6300650585295
external,b37p07,37,7,sad,outputs/study1_35f100_external_v1/sad/b37p07.wav,292.81713918912504,40.62558780782109,0.70702045328911,-20.18149090608809,18.08,2465.5220154391754
external,b37p07,37,7,calm,outputs/study1_35f100_external_v1/calm/b37p07.wav,251.98420997897463,45.31203661910061,0.6344015696533682,-17.514762686998807,15.28,2827.3882391875172
external,b37p07,37,7,angry,outputs/study1_35f100_external_v1/angry/b37p07.wav,242.69976028898833,83.82240870953456,0.5990843688685416,-18.03929808022147,15.28,2587.1436248623145
external,b37p07,37,7,surprise,outputs/study1_35f100_external_v1/surprise/b37p07.wav,257.8740616879158,91.9385117307898,0.6950146627565983,-18.459453969714698,17.04,2209.61412269243
external,b37p08,37,8,normal,outputs/study1_35f100_external_v1/normal/b37p08.wav,227.10088581417543,70.71431636960972,0.5987619583567811,-23.186770195836285,17.76,2642.152248254671
external,b37p08,37,8,happy,outputs/study1_35f100_external_v1/happy/b37p08.wav,292.81713918912504,72.45698394690697,0.6547394852479598,-21.432859077331674,15.92,2772.185789545865
external,b37p08,37,8,sad,outputs/study1_35f100_external_v1/sad/b37p08.wav,201.15858821357068,47.80378175434416,0.6086679413639261,-18.827960232798016,15.68,2776.682456913606
external,b37p08,37,8,calm,outputs/study1_35f100_external_v1/calm/b37p08.wav,194.30638823072118,45.645039643301516,0.6186186186186187,-21.59037084405657,16.64,2820.2618430040006
external,b37p08,37,8,angry,outputs/study1_35f100_external_v1/angry/b37p08.wav,221.91389441356898,29.249133928023383,0.623237071860309,-21.15633294120778,14.88,3019.968455592939
external,b37p08,37,8,surprise,outputs/study1_35f100_external_v1/surprise/b37p08.wav,240.60500721642333,78.78164029710842,0.6290201944652206,-18.940888945831457,13.36,2913.471334108295
external,b37p09,37,9,normal,outputs/study1_35f100_external_v1/normal/b37p09.wav,251.98420997897463,67.02425822789883,0.5684702738810955,-21.905605250581655,14.96,2975.369837304626
external,b37p09,37,9,happy,outputs/study1_35f100_external_v1/happy/b37p09.wav,229.73967099940702,60.61116466951256,0.6050860134629769,-14.647315267620439,13.36,2218.8568655767685
external,b37p09,37,9,sad,outputs/study1_35f100_external_v1/sad/b37p09.wav,228.41646786215435,26.402381235287493,0.48177946048272596,-24.212441124992242,21.12,2229.4980154097375
external,b37p09,37,9,calm,outputs/study1_35f100_external_v1/calm/b37p09.wav,208.25243050696125,33.91362002920633,0.47332077840552417,-21.944420491021805,15.92,3216.1727389977023
external,b37p09,37,9,angry,outputs/study1_35f100_external_v1/angry/b37p09.wav,338.3070714525794,90.15502111262543,0.6741102581995813,-21.43992483562244,14.32,3564.1444345111727
external,b37p09,37,9,surprise,outputs/study1_35f100_external_v1/surprise/b37p09.wav,299.66141537533633,57.70442896549724,0.6361031518624641,-24.892501467984562,17.44,3249.7034317425455
external,b38p00,38,0,normal,outputs/study1_35f100_external_v1/normal/b38p00.wav,227.10088581417543,61.01588919689132,0.7074433656957929,-24.06969557745741,15.44,2625.7280569378077
external,b38p00,38,0,happy,outputs/study1_35f100_external_v1/happy/b38p00.wav,282.842712474619,86.82292472292983,0.6474670367800138,-18.967252642450255,14.4,2666.5215657272056
external,b38p00,38,0,sad,outputs/study1_35f100_external_v1/sad/b38p00.wav,251.98420997897463,45.31203661910061,0.5996876626756897,-21.562649313518705,19.2,3019.2351750113626
external,b38p00,38,0,calm,outputs/study1_35f100_external_v1/calm/b38p00.wav,223.1994285260446,34.14766914504514,0.6216853270477313,-21.281660115589503,16.96,2800.175557836741
external,b38p00,38,0,angry,outputs/study1_35f100_external_v1/angry/b38p00.wav,354.3070076409443,100.33858462466367,0.720666161998486,-18.744377813358636,13.2,3201.308780466305
external,b38p00,38,0,surprise,outputs/study1_35f100_external_v1/surprise/b38p00.wav,336.3585661014858,74.41306581427057,0.719583604424203,-22.7953355976669,15.36,3016.409842654222
external,b38p01,38,1,normal,outputs/study1_35f100_external_v1/normal/b38p01.wav,323.02966672001685,74.37099855728047,0.6913827655310621,-21.447401275571842,14.96,2997.265999271228
external,b38p01,38,1,happy,outputs/study1_35f100_external_v1/happy/b38p01.wav,296.2195104573129,68.51214215834841,0.6317030053034767,-20.77029588484038,16.96,2126.3193588230706
external,b38p01,38,1,sad,outputs/study1_35f100_external_v1/sad/b38p01.wav,208.25243050696125,29.060415975025364,0.5635478637101136,-23.52233480549006,18.48,2172.644769633783
external,b38p01,38,1,calm,outputs/study1_35f100_external_v1/calm/b38p01.wav,207.05298476827548,50.52774261701654,0.5907828983897835,-20.403173833912977,18.0,2594.725823548091
external,b38p01,38,1,angry,outputs/study1_35f100_external_v1/angry/b38p01.wav,358.423856764781,125.20927050838213,0.5972696245733788,-18.730952497121123,14.64,3275.684299393742
external,b38p01,38,1,surprise,outputs/study1_35f100_external_v1/surprise/b38p01.wav,290.2922420282565,87.56386630073928,0.6957846622651092,-24.052006745951484,19.68,3153.6853090403038
external,b38p02,38,2,normal,outputs/study1_35f100_external_v1/normal/b38p02.wav,251.98420997897463,49.28169017937981,0.660656793303284,-20.0762120259339,15.52,2503.7094972322134
external,b38p02,38,2,happy,outputs/study1_35f100_external_v1/happy/b38p02.wav,291.13063656843747,80.51094847814048,0.6916019760056458,-20.435706562422247,14.16,2869.8904847224017
external,b38p02,38,2,sad,outputs/study1_35f100_external_v1/sad/b38p02.wav,160.5845763726753,26.000357430568414,0.47356188262638,-23.919038988999258,17.2,2668.0934377005046
external,b38p02,38,2,calm,outputs/study1_35f100_external_v1/calm/b38p02.wav,161.5148333600084,30.0735134564365,0.5376690276883451,-23.22460944054464,15.52,2634.0662864251776
external,b38p02,38,2,angry,outputs/study1_35f100_external_v1/angry/b38p02.wav,292.81713918912504,60.73953347160412,0.6233925290875689,-19.49226085387577,16.32,2847.1081457824034
external,b38p02,38,2,surprise,outputs/study1_35f100_external_v1/surprise/b38p02.wav,366.80161728186846,72.08627282915023,0.6566552901023891,-19.726167802954098,14.64,2969.95050417535
external,b38p03,38,3,normal,outputs/study1_35f100_external_v1/normal/b38p03.wav,277.98364396846745,67.3351445636853,0.6206896551724138,-19.04749535338381,15.36,2747.152237574714
external,b38p03,38,3,happy,outputs/study1_35f100_external_v1/happy/b38p03.wav,312.0260904053494,59.802561335959126,0.6323218066337333,-18.635716694415482,14.16,3092.6990691756732
external,b38p03,38,3,sad,outputs/study1_35f100_external_v1/sad/b38p03.wav,196.56411970905023,53.37340452535412,0.5084832904884319,-20.61015700057883,19.44,2652.3036072833047
external,b38p03,38,3,calm,outputs/study1_35f100_external_v1/calm/b38p03.wav,225.79288096122622,46.496683861917376,0.6329684481648422,-18.254122916275602,15.52,2907.200117243282
external,b38p03,38,3,angry,outputs/study1_35f100_external_v1/angry/b38p03.wav,236.47155720542963,36.598565597128754,0.5628177196804648,-17.914006673204717,13.76,3135.6236156678415
external,b38p03,38,3,surprise,outputs/study1_35f100_external_v1/surprise/b38p03.wav,315.65165893545657,61.02435194857094,0.623082542001461,-17.060036490140234,13.68,3220.3542561005934
external,b38p04,38,4,normal,outputs/study1_35f100_external_v1/normal/b38p04.wav,260.87041395311286,76.41186508705357,0.6571428571428571,-20.42949225257498,15.04,2670.2119596305024
external,b38p04,38,4,happy,outputs/study1_35f100_external_v1/happy/b38p04.wav,265.4303484677136,67.80304259515853,0.6072072072072072,-22.28843759778468,16.64,3189.739950710574
external,b38p04,38,4,sad,outputs/study1_35f100_external_v1/sad/b38p04.wav,196.56411970905023,39.569396701925626,0.4890549919914576,-19.81183805946357,18.72,2843.721766015251
external,b38p04,38,4,calm,outputs/study1_35f100_external_v1/calm/b38p04.wav,196.56411970905023,40.47771432739398,0.6278916060806345,-17.936722118313554,15.12,2664.5779808533375
external,b38p04,38,4,angry,outputs/study1_35f100_external_v1/angry/b38p04.wav,348.2202253184496,98.03475415168265,0.6654275092936803,-21.359359664121207,13.44,3196.7343735139666
external,b38p04,38,4,surprise,outputs/study1_35f100_external_v1/surprise/b38p04.wav,243.40070273411817,88.22996437018844,0.6089943785134291,-21.6343732140665,16.0,2839.8907476857976
external,b38p05,38,5,normal,outputs/study1_35f100_external_v1/normal/b38p05.wav,236.47155720542963,68.46958846772964,0.6335923490735206,-21.386742477948303,16.72,2461.3630777946814
external,b38p05,38,5,happy,outputs/study1_35f100_external_v1/happy/b38p05.wav,276.38257599355524,69.82493831815182,0.5612181479179614,-19.85231285134709,16.08,2524.0234007849754
external,b38p05,38,5,sad,outputs/study1_35f100_external_v1/sad/b38p05.wav,228.41646786215435,52.410464088390626,0.6183381088825215,-19.890164399438813,17.44,2693.246933716141
external,b38p05,38,5,calm,outputs/study1_35f100_external_v1/calm/b38p05.wav,220.63576443274928,54.62584019777947,0.6785917092561045,-18.69444093852225,17.6,2861.225101470775
external,b38p05,38,5,angry,outputs/study1_35f100_external_v1/angry/b38p05.wav,328.6761258343161,53.70681369834449,0.6440266828380837,-17.221937498781234,16.48,2891.923478118725
external,b38p05,38,5,surprise,outputs/study1_35f100_external_v1/surprise/b38p05.wav,219.36499593892518,40.13861892996499,0.675574891236793,-18.77159139207835,16.08,2769.2731369700887
external,b38p06,38,6,normal,outputs/study1_35f100_external_v1/normal/b38p06.wav,195.43199368684918,59.89024415647353,0.5704742818971276,-20.297834684467617,14.96,2791.8117376401797
external,b38p06,38,6,happy,outputs/study1_35f100_external_v1/happy/b38p06.wav,350.237444562354,80.12781904378568,0.6567616737416616,-20.073769707371454,16.48,2962.9089151463313
external,b38p06,38,6,sad,outputs/study1_35f100_external_v1/sad/b38p06.wav,195.43199368684918,32.07048464902263,0.5995329830706363,-19.83467358522954,17.12,2732.6110856505416
external,b38p06,38,6,calm,outputs/study1_35f100_external_v1/calm/b38p06.wav,225.79288096122622,69.61616320258071,0.6347687400318979,-18.256995441491558,18.8,2509.2565149481447
external,b38p06,38,6,angry,outputs/study1_35f100_external_v1/angry/b38p06.wav,277.98364396846745,71.25132772465668,0.5573095401509952,-20.534702159583887,14.56,3268.247460944468
external,b38p06,38,6,surprise,outputs/study1_35f100_external_v1/surprise/b38p06.wav,319.31935454265994,56.76077691438155,0.6668423827095413,-20.677802141401415,18.96,2824.5192968553206
external,b38p07,38,7,normal,outputs/study1_35f100_external_v1/normal/b38p07.wav,197.70280407057922,38.442932788098915,0.5808869456589631,-16.54840424271872,16.0,2280.0219623989924
external,b38p07,38,7,happy,outputs/study1_35f100_external_v1/happy/b38p07.wav,243.40070273411817,64.35242381533584,0.5318611987381704,-18.5771453670974,15.84,2340.4314121561115
external,b38p07,38,7,sad,outputs/study1_35f100_external_v1/sad/b38p07.wav,200.0,37.234955791815054,0.48044692737430167,-19.817712047759844,19.68,2950.0158149895597
external,b38p07,38,7,calm,outputs/study1_35f100_external_v1/calm/b38p07.wav,201.15858821357068,35.51182919181596,0.46945514584479914,-20.263021955679804,18.16,2285.634749376682
external,b38p07,38,7,angry,outputs/study1_35f100_external_v1/angry/b38p07.wav,354.3070076409443,103.26599019279422,0.6196615632554392,-21.212282104767198,12.4,3506.1647978170317
external,b38p07,38,7,surprise,outputs/study1_35f100_external_v1/surprise/b38p07.wav,318.3997824681499,80.63186067299512,0.5658338960162053,-23.329092832097057,14.8,3330.585642211305
external,b38p08,38,8,normal,outputs/study1_35f100_external_v1/normal/b38p08.wav,263.9015821545788,88.04075819747402,0.5764777574649604,-20.3108744639652,16.4,2617.6822362220078
external,b38p08,38,8,happy,outputs/study1_35f100_external_v1/happy/b38p08.wav,262.38162088748976,69.61771066308043,0.5100548446069469,-19.333904988748426,16.4,2874.5300001710684
external,b38p08,38,8,sad,outputs/study1_35f100_external_v1/sad/b38p08.wav,154.22108254079407,28.216929447784025,0.4840449438202247,-17.23705265766243,22.24,2339.10159019553
external,b38p08,38,8,calm,outputs/study1_35f100_external_v1/calm/b38p08.wav,201.15858821357068,48.35923494264486,0.5870360690015682,-22.13612413471452,19.12,2793.4912539829347
external,b38p08,38,8,angry,outputs/study1_35f100_external_v1/angry/b38p08.wav,304.8994046511524,69.02995892216171,0.5647600262984879,-18.552283620738315,15.2,3182.544796592681
external,b38p08,38,8,surprise,outputs/study1_35f100_external_v1/surprise/b38p08.wav,296.2195104573129,72.87672298486581,0.6118200134318335,-21.01567945239454,14.88,3367.0922435128355
external,b38p09,38,9,normal,outputs/study1_35f100_external_v1/normal/b38p09.wav,204.67477839935495,65.3525520689092,0.6034368803701256,-20.351806381667842,15.12,2815.2457813894325
external,b38p09,38,9,happy,outputs/study1_35f100_external_v1/happy/b38p09.wav,254.91212546385245,71.77449397979302,0.6093052899936265,-19.337395045819413,15.68,2621.5747762833557
external,b38p09,38,9,sad,outputs/study1_35f100_external_v1/sad/b38p09.wav,173.1073122012286,38.515174107499064,0.45621555419473364,-18.923943871932753,16.32,3172.4752047353327
external,b38p09,38,9,calm,outputs/study1_35f100_external_v1/calm/b38p09.wav,210.67220719096719,60.35609450137764,0.4984765386959171,-18.643085991595427,16.4,3128.2436998523835
external,b38p09,38,9,angry,outputs/study1_35f100_external_v1/angry/b38p09.wav,270.06998923363795,68.23013452288839,0.5904139433551199,-21.998753788471586,13.76,2742.3312719895225
external,b38p09,38,9,surprise,outputs/study1_35f100_external_v1/surprise/b38p09.wav,362.58854137124416,79.74681757827477,0.6447602131438721,-19.7379436173983,16.88,3293.2781583809556
external,b39p00,39,0,normal,outputs/study1_35f100_external_v1/normal/b39p00.wav,303.14331330207966,123.84988157630508,0.6367454068241469,-20.84129911835123,19.04,2503.9574175094363
external,b39p00,39,0,happy,outputs/study1_35f100_external_v1/happy/b39p00.wav,312.0260904053494,87.7978118796263,0.7746199603436881,-18.873956866315776,15.12,2640.018404499945
external,b39p00,39,0,sad,outputs/study1_35f100_external_v1/sad/b39p00.wav,350.237444562354,98.04684818457338,0.6999416228838296,-18.835009050738307,17.12,2679.9498763353654
external,b39p00,39,0,calm,outputs/study1_35f100_external_v1/calm/b39p00.wav,231.07053937445463,91.29393785448718,0.715915915915916,-21.038949578817693,16.64,2452.4172113463496
external,b39p00,39,0,angry,outputs/study1_35f100_external_v1/angry/b39p00.wav,338.3070714525794,44.06415281414826,0.6448345712356516,-18.38902978105266,14.8,3199.0086262141535
external,b39p00,39,0,surprise,outputs/study1_35f100_external_v1/surprise/b39p00.wav,291.13063656843747,68.90902896030423,0.666009204470743,-17.951425491058423,15.2,2605.912175949232
external,b39p01,39,1,normal,outputs/study1_35f100_external_v1/normal/b39p01.wav,223.1994285260446,29.760399783355354,0.6787506971556051,-23.527407529899854,17.92,2134.1395339760015
external,b39p01,39,1,happy,outputs/study1_35f100_external_v1/happy/b39p01.wav,291.13063656843747,95.75355888506246,0.6455981941309256,-19.201698596700414,13.28,2909.659559774729
external,b39p01,39,1,sad,outputs/study1_35f100_external_v1/sad/b39p01.wav,253.44393965741244,45.841607804238095,0.5806654111738857,-21.64451881718394,15.92,2920.444413790467
external,b39p01,39,1,calm,outputs/study1_35f100_external_v1/calm/b39p01.wav,244.81070866093103,54.154965058868584,0.6246663107314468,-22.20729032128533,18.72,2553.0579464829425
external,b39p01,39,1,angry,outputs/study1_35f100_external_v1/angry/b39p01.wav,292.81713918912504,95.75355888506246,0.5345729227193492,-20.27753086182924,17.2,3186.1456679585212
external,b39p01,39,1,surprise,outputs/study1_35f100_external_v1/surprise/b39p01.wav,247.65527207548806,38.99944985918333,0.5630498533724341,-19.687042262986786,17.04,2986.6406468748173
external,b39p02,39,2,normal,outputs/study1_35f100_external_v1/normal/b39p02.wav,187.68759933422865,39.32539237395426,0.5914423740510697,-20.42152382639565,14.48,2920.3188555324064
external,b39p02,39,2,happy,outputs/study1_35f100_external_v1/happy/b39p02.wav,266.96797083400685,64.98581434850928,0.590752242926156,-20.54952870333053,14.48,2797.7866347194035
external,b39p02,39,2,sad,outputs/study1_35f100_external_v1/sad/b39p02.wav,216.8453740602837,45.434698134808286,0.5051602390005432,-19.700771523049045,18.4,2887.5490571327014
external,b39p02,39,2,calm,outputs/study1_35f100_external_v1/calm/b39p02.wav,213.12010032569688,47.96870904726899,0.5773778920308483,-21.11859576338243,19.44,2963.766949717983
external,b39p02,39,2,angry,outputs/study1_35f100_external_v1/angry/b39p02.wav,308.44216508158814,118.46011275430351,0.6296028880866426,-23.771490293655013,13.84,3349.391040894404
external,b39p02,39,2,surprise,outputs/study1_35f100_external_v1/surprise/b39p02.wav,213.12010032569688,60.315061935425945,0.5801340645947592,-20.462597155106113,16.4,2908.73229731127
external,b39p03,39,3,normal,outputs/study1_35f100_external_v1/normal/b39p03.wav,229.73967099940702,68.86622875866337,0.6110080395794681,-25.08627191725987,16.16,2968.4779188224475
external,b39p03,39,3,happy,outputs/study1_35f100_external_v1/happy/b39p03.wav,227.10088581417543,43.731779472013386,0.610691458454387,-21.184263946590498,17.2,2926.722639270437
external,b39p03,39,3,sad,outputs/study1_35f100_external_v1/sad/b39p03.wav,193.1872657849691,38.442932788098915,0.5612431444241316,-19.483930075192102,16.4,2902.2904095774634
external,b39p03,39,3,calm,outputs/study1_35f100_external_v1/calm/b39p03.wav,223.1994285260446,42.98049367613311,0.6123249299719888,-22.61387611062251,17.84,3133.9286820119146
external,b39p03,39,3,angry,outputs/study1_35f100_external_v1/angry/b39p03.wav,286.12918648705164,68.51214215834841,0.6708860759493671,-20.028323011607178,11.84,2797.447652844845
external,b39p03,39,3,surprise,outputs/study1_35f100_external_v1/surprise/b39p03.wav,330.5801272616847,108.39088760147087,0.6157049375371803,-20.596972775042133,16.8,2833.9036710206415
external,b39p04,39,4,normal,outputs/study1_35f100_external_v1/normal/b39p04.wav,216.8453740602837,61.39728437522169,0.4545857332742579,-22.21077877232439,22.56,2722.8995656679663
external,b39p04,39,4,happy,outputs/study1_35f100_external_v1/happy/b39p04.wav,246.2288826689832,57.68009242223491,0.6166547020818378,-18.033851056191505,13.92,2615.628178989893
external,b39p04,39,4,sad,outputs/study1_35f100_external_v1/sad/b39p04.wav,220.63576443274928,26.548670062869547,0.515979081929111,-20.463508589641624,17.2,2894.6063314295607
external,b39p04,39,4,calm,outputs/study1_35f100_external_v1/calm/b39p04.wav,216.8453740602837,56.686951293404746,0.6273291925465838,-17.60631891248053,14.48,2891.7604194608643
external,b39p04,39,4,angry,outputs/study1_35f100_external_v1/angry/b39p04.wav,284.4812036394563,77.24568646700615,0.6351619299405156,-20.30420677000006,15.12,3058.0990085977105
external,b39p04,39,4,surprise,outputs/study1_35f100_external_v1/surprise/b39p04.wav,210.67220719096719,38.771350217323715,0.6227129337539432,-20.10337375659303,15.84,2901.9117144993616
external,b39p05,39,5,normal,outputs/study1_35f100_external_v1/normal/b39p05.wav,215.59643660857103,47.692429613137335,0.5742315238718116,-22.64007189075743,15.28,2635.413392166921
external,b39p05,39,5,happy,outputs/study1_35f100_external_v1/happy/b39p05.wav,250.53288772482563,47.142079103589765,0.5665209244222361,-24.16885768774364,16.0,3144.6708654502822
external,b39p05,39,5,sad,outputs/study1_35f100_external_v1/sad/b39p05.wav,192.07458901020084,32.56449095048893,0.6128188358404185,-20.60984477386688,15.28,2419.1836474433585
external,b39p05,39,5,calm,outputs/study1_35f100_external_v1/calm/b39p05.wav,190.9683207820833,32.75313512746976,0.627151051625239,-22.754234335071494,15.68,2549.086119338722
external,b39p05,39,5,angry,outputs/study1_35f100_external_v1/angry/b39p05.wav,273.20805135087915,90.11219599178042,0.5936842105263158,-17.395416536884476,14.24,2973.651048858518
external,b39p05,39,5,surprise,outputs/study1_35f100_external_v1/surprise/b39p05.wav,201.15858821357068,31.494948225690052,0.5689993459777632,-24.660440198817334,15.28,2677.9293041919714
external,b39p06,39,6,normal,outputs/study1_35f100_external_v1/normal/b39p06.wav,200.0,45.310096683291334,0.6089482858803021,-19.112521252400573,17.2,2266.679342121866
external,b39p06,39,6,happy,outputs/study1_35f100_external_v1/happy/b39p06.wav,323.02966672001685,66.13716295140779,0.6807181889149102,-17.815694802348165,12.8,2905.7456788646978
external,b39p06,39,6,sad,outputs/study1_35f100_external_v1/sad/b39p06.wav,211.89261887185907,51.855419505759784,0.5867507886435331,-20.739895487142135,15.84,2372.9390384568587
external,b39p06,39,6,calm,outputs/study1_35f100_external_v1/calm/b39p06.wav,213.12010032569688,32.794497583454245,0.5964809384164222,-19.37502630295312,17.04,2202.868722420472
external,b39p06,39,6,angry,outputs/study1_35f100_external_v1/angry/b39p06.wav,247.65527207548806,44.27710827241174,0.5317630264097074,-18.26000784176853,14.0,3008.1535675824925
external,b39p06,39,6,surprise,outputs/study1_35f100_external_v1/surprise/b39p06.wav,214.35469250725862,87.26289860631272,0.5859213250517599,-19.10067608958142,14.48,2785.0320440068826
external,b39p07,39,7,normal,outputs/study1_35f100_external_v1/normal/b39p07.wav,208.25243050696125,48.72604166281127,0.6345148169668797,-21.640311968657812,17.2,2648.091748036533
external,b39p07,39,7,happy,outputs/study1_35f100_external_v1/happy/b39p07.wav,281.2136583244699,68.82424593337592,0.5917981072555205,-21.229355172895094,15.84,2770.542067369042
external,b39p07,39,7,sad,outputs/study1_35f100_external_v1/sad/b39p07.wav,200.0,31.13319789138319,0.6033390903857225,-21.874195889428197,17.36,2337.0003066145105
external,b39p07,39,7,calm,outputs/study1_35f100_external_v1/calm/b39p07.wav,188.7748625363387,50.767757549059695,0.4908976773383553,-18.391843728445693,15.92,2105.844876973418
external,b39p07,39,7,angry,outputs/study1_35f100_external_v1/angry/b39p07.wav,223.1994285260446,55.58068306528722,0.5754266211604095,-19.39154934222031,14.64,2753.056700146264
external,b39p07,39,7,surprise,outputs/study1_35f100_external_v1/surprise/b39p07.wav,386.3745315699383,101.92629436629721,0.6593856655290102,-21.111006128680497,14.64,3036.9296779749475
external,b39p08,39,8,normal,outputs/study1_35f100_external_v1/normal/b39p08.wav,228.41646786215435,53.44393965741244,0.657946370176586,-18.551571818418576,15.28,2920.5590163745887
external,b39p08,39,8,happy,outputs/study1_35f100_external_v1/happy/b39p08.wav,291.13063656843747,77.58303299326266,0.622735790131168,-20.78940179644875,16.0,2988.19507506342
external,b39p08,39,8,sad,outputs/study1_35f100_external_v1/sad/b39p08.wav,216.8453740602837,34.73031906845205,0.5808523058960887,-23.29387949454819,17.12,2594.977873654154
external,b39p08,39,8,calm,outputs/study1_35f100_external_v1/calm/b39p08.wav,201.74123813697759,36.382071025307084,0.5334166146158651,-20.64225254064903,16.0,2871.089099072347
external,b39p08,39,8,angry,outputs/study1_35f100_external_v1/angry/b39p08.wav,281.2136583244699,55.63727402120361,0.7291228070175438,-19.95536687454569,14.24,2841.3879464802817
external,b39p08,39,8,surprise,outputs/study1_35f100_external_v1/surprise/b39p08.wav,270.06998923363795,67.25229798376841,0.7080979284369114,-18.260465738077055,15.92,2886.4642524781834
external,b39p09,39,9,normal,outputs/study1_35f100_external_v1/normal/b39p09.wav,169.1535357262897,47.89781863615863,0.5798438608942512,-17.988838359345927,14.08,2621.4526883346393
external,b39p09,39,9,happy,outputs/study1_35f100_external_v1/happy/b39p09.wav,381.93664156416656,67.42575048758238,0.6856754921928038,-20.07633612230712,14.72,3203.7683511117866
external,b39p09,39,9,sad,outputs/study1_35f100_external_v1/sad/b39p09.wav,237.8414230005442,49.26152056179288,0.5762400489895897,-23.263169658563932,16.32,2694.2078588440368
external,b39p09,39,9,calm,outputs/study1_35f100_external_v1/calm/b39p09.wav,274.79072949161787,81.34127926741272,0.5373758494511239,-21.274977812184005,19.12,2625.1683219659567
external,b39p09,39,9,angry,outputs/study1_35f100_external_v1/angry/b39p09.wav,388.61277646144237,95.9362286857608,0.6070222822417286,-23.022486997799042,14.8,3367.28232797869
external,b39p09,39,9,surprise,outputs/study1_35f100_external_v1/surprise/b39p09.wav,377.54972507267735,71.45403027705447,0.6787003610108303,-20.57750411984354,13.84,3041.7349360623334
