row_index,dataset,source_panel,candidate_index,candidate_id,batch,seed,position,instruction_emotion,wav_path,predicted_label,predicted_score,semantic_target_label,semantic_target_score,score_angry,score_disgusted,score_fearful,score_happy,score_neutral,score_other,score_sad,score_surprised,score_<unk>
0,development,dev_initial100,0,b00p00,0,1502000,0,normal,outputs/study1_35f100_v1/normal/b00p00.wav,neutral,0.9926578402519226,neutral,0.9926578402519226,1.606446289770247e-06,2.21683308154752e-07,1.799140591174364e-05,0.0007148716831579804,0.9926578402519226,3.0232424202969455e-11,0.0008078162791207433,0.005799560807645321,1.8825484573992135e-11
1,development,dev_initial100,0,b00p00,0,1502000,0,happy,outputs/study1_35f100_v1/happy/b00p00.wav,happy,0.6942079663276672,happy,0.6942079663276672,0.00015211226127576083,0.00011678622831823304,0.00025230468600057065,0.6942079663276672,0.00017044362903106958,3.276223514703247e-09,0.0002767867408692837,0.3048236072063446,1.5063385205849045e-08
2,development,dev_initial100,0,b00p00,0,1502000,0,sad,outputs/study1_35f100_v1/sad/b00p00.wav,sad,0.9995729327201843,sad,0.9995729327201843,8.200240699807182e-07,3.215978722437285e-06,2.1272555386531167e-05,4.92049875902012e-05,0.0003176611789967865,2.226808426541993e-08,0.9995729327201843,3.479626320768148e-05,6.923530082580953e-10
3,development,dev_initial100,0,b00p00,0,1502000,0,calm,outputs/study1_35f100_v1/calm/b00p00.wav,sad,1.0,,,6.711531937847459e-12,3.2853300635515836e-10,6.006988795270729e-10,1.7468559584954413e-11,3.283298979916971e-11,5.664581217285081e-13,1.0,3.2364552010610836e-11,1.9050888776175412e-20
4,development,dev_initial100,0,b00p00,0,1502000,0,angry,outputs/study1_35f100_v1/angry/b00p00.wav,angry,1.0,angry,1.0,1.0,6.062903864801619e-15,1.9695899627315616e-16,5.211868940981426e-14,5.44888095689762e-14,1.7489109469710716e-17,4.389991517007863e-13,2.6910197770753548e-14,3.820603399946559e-30
5,development,dev_initial100,0,b00p00,0,1502000,0,surprise,outputs/study1_35f100_v1/surprise/b00p00.wav,angry,0.738639771938324,surprised,0.13557656109333038,0.738639771938324,0.0025764063466340303,0.009259048849344254,0.001228964771144092,0.010526087135076523,7.774291589157656e-06,0.10218413174152374,0.13557656109333038,1.1538680837475113e-06
6,development,dev_initial100,1,b00p01,0,1502000,1,normal,outputs/study1_35f100_v1/normal/b00p01.wav,surprised,0.9111652970314026,neutral,0.0010983861284330487,0.0012363451533019543,5.937326204730198e-05,0.0008718939498066902,0.08448085933923721,0.0010983861284330487,4.743102355320161e-09,0.0010877118911594152,0.9111652970314026,5.3665285548731845e-08
7,development,dev_initial100,1,b00p01,0,1502000,1,happy,outputs/study1_35f100_v1/happy/b00p01.wav,happy,0.9913823008537292,happy,0.9913823008537292,2.477541784173809e-06,1.0729066161729861e-05,1.6077263353508897e-05,0.9913823008537292,3.1262129596143495e-06,3.214764843217921e-10,8.535834240319673e-06,0.008576694875955582,1.8169304949466891e-09
8,development,dev_initial100,1,b00p01,0,1502000,1,sad,outputs/study1_35f100_v1/sad/b00p01.wav,sad,1.0,sad,1.0,1.4253833356681067e-11,1.1616445583229051e-09,1.2663835535775547e-09,4.026051714234313e-11,7.43854977613978e-11,1.2928596995059882e-12,1.0,9.921258259382171e-11,8.453721236806587e-20
9,development,dev_initial100,1,b00p01,0,1502000,1,calm,outputs/study1_35f100_v1/calm/b00p01.wav,sad,0.9999982118606567,,,4.478616089098608e-10,3.993144730429776e-07,1.4519611113428255e-06,1.925561043947255e-09,3.9029988130323545e-09,1.9931070127654493e-09,0.9999982118606567,2.507045460120594e-09,6.091633978292843e-17
10,development,dev_initial100,1,b00p01,0,1502000,1,angry,outputs/study1_35f100_v1/angry/b00p01.wav,angry,0.9990139007568359,angry,0.9990139007568359,0.9990139007568359,6.135338480817154e-06,4.857161002291832e-06,1.3149151527613867e-05,2.545025154176983e-06,2.5205313392007156e-09,2.3119597244658507e-05,0.0009362986893393099,1.1392947696364786e-10
11,development,dev_initial100,1,b00p01,0,1502000,1,surprise,outputs/study1_35f100_v1/surprise/b00p01.wav,surprised,0.9943652153015137,surprised,0.9943652153015137,0.00010817659494932741,1.3766441952611785e-05,6.820114504080266e-05,0.005225857719779015,2.0221490558469668e-05,3.448432164820936e-11,0.00019864903879351914,0.9943652153015137,1.748775901866395e-09
12,development,dev_initial100,2,b00p02,0,1502000,2,normal,outputs/study1_35f100_v1/normal/b00p02.wav,happy,0.36922892928123474,neutral,0.297153502702713,0.00017002501408569515,0.00020625360775738955,0.0023114592768251896,0.36922892928123474,0.297153502702713,6.981735367617148e-08,0.005151627119630575,0.32577767968177795,3.8315121742016345e-07
13,development,dev_initial100,2,b00p02,0,1502000,2,happy,outputs/study1_35f100_v1/happy/b00p02.wav,sad,0.8435443043708801,happy,0.1478801965713501,1.7633536117500626e-05,6.72703972668387e-05,0.0006214767345227301,0.1478801965713501,0.005239798687398434,2.575303312823962e-07,0.8435443043708801,0.0026291629765182734,2.4430684142373593e-09
14,development,dev_initial100,2,b00p02,0,1502000,2,sad,outputs/study1_35f100_v1/sad/b00p02.wav,sad,1.0,sad,1.0,3.0729967459564023e-09,1.7196317259049465e-08,3.549488525322886e-08,8.734638790031113e-09,2.8387214356939694e-08,1.7276451103054313e-10,1.0,9.366646125386069e-09,1.4011597329437186e-13
15,development,dev_initial100,2,b00p02,0,1502000,2,calm,outputs/study1_35f100_v1/calm/b00p02.wav,sad,0.8473769426345825,,,8.96652927622199e-05,0.0001767678913893178,0.0008911259355954826,0.08766144514083862,0.05856439098715782,1.205723606290121e-06,0.8473769426345825,0.005238231737166643,2.0593004990132613e-07
16,development,dev_initial100,2,b00p02,0,1502000,2,angry,outputs/study1_35f100_v1/angry/b00p02.wav,sad,0.791732132434845,angry,0.00021304658730514348,0.00021304658730514348,0.00011130022176075727,0.002666562795639038,0.06388527899980545,0.026615649461746216,1.3672931231667462e-07,0.791732132434845,0.11477570980787277,1.9318937916068535e-07
17,development,dev_initial100,2,b00p02,0,1502000,2,surprise,outputs/study1_35f100_v1/surprise/b00p02.wav,surprised,0.8075557947158813,surprised,0.8075557947158813,0.0003820909187197685,3.889422441716306e-05,0.0003112359845545143,0.1666448712348938,0.004131169058382511,1.5992384083673983e-09,0.020935868844389915,0.8075557947158813,1.5080127147015787e-09
18,development,dev_initial100,3,b00p03,0,1502000,3,normal,outputs/study1_35f100_v1/normal/b00p03.wav,sad,0.9996691942214966,neutral,5.198490180191584e-05,7.011067850726249e-07,5.640281983687601e-07,0.00022509913833346218,1.8139755866286578e-06,5.198490180191584e-05,7.672450230700179e-09,0.9996691942214966,5.066892845206894e-05,2.5928039715239493e-09
19,development,dev_initial100,3,b00p03,0,1502000,3,happy,outputs/study1_35f100_v1/happy/b00p03.wav,sad,0.9999415874481201,happy,8.52818402563571e-07,3.975436993641779e-05,6.771754357259852e-08,1.4421248124563135e-05,8.52818402563571e-07,4.6790967189735966e-07,4.8409369846069694e-09,0.9999415874481201,2.93301332021656e-06,2.5331611266075915e-13
20,development,dev_initial100,3,b00p03,0,1502000,3,sad,outputs/study1_35f100_v1/sad/b00p03.wav,sad,0.9999822378158569,sad,0.9999822378158569,3.4718436836556066e-07,3.1715313753011287e-07,1.2450218491721898e-05,3.493545364108286e-07,3.470746605671593e-06,1.9707204756969077e-08,0.9999822378158569,9.066287134373852e-07,6.301910104866693e-10
21,development,dev_initial100,3,b00p03,0,1502000,3,calm,outputs/study1_35f100_v1/calm/b00p03.wav,neutral,0.9844975471496582,,,4.520942184171872e-06,5.091060302220285e-06,0.001136763021349907,0.000443910073954612,0.9844975471496582,5.3164881386180696e-09,0.0012229522690176964,0.01268898043781519,2.77207874432861e-07
22,development,dev_initial100,3,b00p03,0,1502000,3,angry,outputs/study1_35f100_v1/angry/b00p03.wav,angry,1.0,angry,1.0,1.0,1.6738843644503731e-10,4.378074291988554e-10,3.861642117186648e-09,3.030018735916684e-10,1.8337716761740452e-11,1.7745426239557105e-09,5.842230033081819e-10,8.082124822277859e-19
23,development,dev_initial100,3,b00p03,0,1502000,3,surprise,outputs/study1_35f100_v1/surprise/b00p03.wav,sad,0.9963117241859436,surprised,0.00013166159624233842,0.002089882967993617,1.3564168511948083e-05,0.0008281171321868896,0.0006236191838979721,3.105206474174338e-07,1.1749409623007523e-06,0.9963117241859436,0.00013166159624233842,2.6265796829183508e-11
24,development,dev_initial100,4,b00p04,0,1502000,4,normal,outputs/study1_35f100_v1/normal/b00p04.wav,angry,0.9995300769805908,neutral,2.5517051653878298e-06,0.9995300769805908,2.4642027710797265e-05,9.108963240578305e-06,0.0002202408795710653,2.5517051653878298e-06,1.9595813682826702e-07,5.652295658364892e-05,0.00015674835594836622,3.0778907200712524e-10
25,development,dev_initial100,4,b00p04,0,1502000,4,happy,outputs/study1_35f100_v1/happy/b00p04.wav,surprised,0.5776088237762451,happy,0.3971666395664215,0.0006224423996172845,0.014592518098652363,0.00720424298197031,0.3971666395664215,0.00015434573288075626,8.744926844883594e-07,0.002598969265818596,0.5776088237762451,5.105854870635085e-05
26,development,dev_initial100,4,b00p04,0,1502000,4,sad,outputs/study1_35f100_v1/sad/b00p04.wav,sad,0.9999362230300903,sad,0.9999362230300903,4.810631253349129e-06,5.420237812359119e-06,6.437471256504068e-06,3.321259328004089e-06,4.0011960663832724e-05,1.506037961007678e-07,0.9999362230300903,3.673102810353157e-06,6.090385973323009e-09
27,development,dev_initial100,4,b00p04,0,1502000,4,calm,outputs/study1_35f100_v1/calm/b00p04.wav,sad,0.9908893704414368,,,0.005271816160529852,1.4497859410766978e-06,1.0734251191024669e-05,2.6765279471874237e-05,0.0037964186631143093,8.419140726800833e-07,0.9908893704414368,2.559606400609482e-06,7.991655297592826e-13
28,development,dev_initial100,4,b00p04,0,1502000,4,angry,outputs/study1_35f100_v1/angry/b00p04.wav,sad,0.9999117851257324,angry,5.503448846866377e-06,5.503448846866377e-06,2.611449190226267e-07,6.076616045902483e-05,1.072420764103299e-05,2.6147602056880714e-06,4.625705329885932e-08,0.9999117851257324,8.266352779173758e-06,1.25730459377138e-09
29,development,dev_initial100,4,b00p04,0,1502000,4,surprise,outputs/study1_35f100_v1/surprise/b00p04.wav,sad,0.9983147382736206,surprised,0.00048129091737791896,2.485215009073727e-05,0.00019202943076379597,0.00010007586388383061,0.0006628468981944025,0.00022348637867253274,6.604707323276671e-07,0.9983147382736206,0.00048129091737791896,5.059581198452179e-08
30,development,dev_initial100,5,b00p05,0,1502000,5,normal,outputs/study1_35f100_v1/normal/b00p05.wav,surprised,0.9999332427978516,neutral,5.718126203646534e-07,8.196725787001924e-08,2.4794834629915385e-08,4.2354528773103084e-07,6.491225212812424e-05,5.718126203646534e-07,2.8951567608306264e-16,7.29221369510924e-07,0.9999332427978516,1.1502895803840868e-13
31,development,dev_initial100,5,b00p05,0,1502000,5,happy,outputs/study1_35f100_v1/happy/b00p05.wav,happy,0.9874280095100403,happy,0.9874280095100403,3.0583823900087737e-06,3.1526985821983544e-06,1.1125282981083728e-05,0.9874280095100403,1.6635336805848056e-06,6.935049062795073e-11,1.1108490070910193e-05,0.01254179049283266,1.5085119264846014e-10
32,development,dev_initial100,5,b00p05,0,1502000,5,sad,outputs/study1_35f100_v1/sad/b00p05.wav,sad,0.9999998807907104,sad,0.9999998807907104,1.0837959002474307e-10,3.2779283287709404e-08,1.254130523875574e-07,4.0876763085506695e-10,8.129888984242939e-10,1.1095906138347544e-10,0.9999998807907104,6.692236764749282e-10,1.367049448515229e-18
33,development,dev_initial100,5,b00p05,0,1502000,5,calm,outputs/study1_35f100_v1/calm/b00p05.wav,sad,1.0,,,1.2885938843743006e-11,3.5373196038968047e-10,3.696798422936354e-10,1.931319167092216e-11,4.335384828912936e-11,1.6501479815824588e-13,1.0,5.3764378366016885e-11,3.800556714233876e-23
34,development,dev_initial100,5,b00p05,0,1502000,5,angry,outputs/study1_35f100_v1/angry/b00p05.wav,angry,0.9991119503974915,angry,0.9991119503974915,0.9991119503974915,1.2873601008323021e-05,1.3565734661824536e-05,2.2898957467987202e-05,4.232109859003685e-06,1.9492793157382948e-08,9.939911251422018e-05,0.0007350858068093657,7.704189508572767e-10
35,development,dev_initial100,5,b00p05,0,1502000,5,surprise,outputs/study1_35f100_v1/surprise/b00p05.wav,surprised,1.0,surprised,1.0,5.413040571333738e-10,3.3351832406935955e-10,2.704110713125374e-09,5.2695909857902734e-08,1.048152120652901e-09,9.783055411141855e-21,4.2820453849401474e-09,1.0,2.1589072775631344e-18
36,development,dev_initial100,6,b00p06,0,1502000,6,normal,outputs/study1_35f100_v1/normal/b00p06.wav,surprised,0.6461282968521118,neutral,0.003809588961303234,0.00024288942222483456,0.00020078416855540127,0.0006920130108483136,0.34608009457588196,0.003809588961303234,9.95545423876365e-09,0.002846252406015992,0.6461282968521118,3.635079437458444e-08
37,development,dev_initial100,6,b00p06,0,1502000,6,happy,outputs/study1_35f100_v1/happy/b00p06.wav,happy,0.9799627065658569,happy,0.9799627065658569,1.4210850167728495e-05,7.803691005392466e-06,6.386548193404451e-05,0.9799627065658569,0.0003490835370030254,2.6135209552080596e-09,2.2988131604506634e-05,0.01957901567220688,2.816674680161668e-07
38,development,dev_initial100,6,b00p06,0,1502000,6,sad,outputs/study1_35f100_v1/sad/b00p06.wav,sad,1.0,sad,1.0,5.2079320023157294e-11,1.7461024626186372e-08,5.174226913595703e-08,2.021240119720602e-10,4.2141690137498244e-10,2.7627164445043206e-11,1.0,3.309588159083887e-10,1.5233314539923943e-20
39,development,dev_initial100,6,b00p06,0,1502000,6,calm,outputs/study1_35f100_v1/calm/b00p06.wav,sad,1.0,,,6.910369412110873e-12,4.7034313943594697e-11,1.508986963161263e-10,1.373154645545327e-10,1.4872168774271444e-10,5.876617009854812e-14,1.0,1.49331103038719e-10,1.0572806100976858e-19
40,development,dev_initial100,6,b00p06,0,1502000,6,angry,outputs/study1_35f100_v1/angry/b00p06.wav,surprised,0.9170792102813721,angry,0.07881950587034225,0.07881950587034225,0.001111093326471746,0.0006454045651480556,0.0004587786097545177,7.114659092621878e-05,1.1801497556973573e-08,0.0018148083472624421,0.9170792102813721,1.1658872978159707e-07
41,development,dev_initial100,6,b00p06,0,1502000,6,surprise,outputs/study1_35f100_v1/surprise/b00p06.wav,surprised,0.792788028717041,surprised,0.792788028717041,6.960856262594461e-05,1.0566343007667456e-05,0.0026531897019594908,0.0005168226780369878,0.005618457682430744,4.683610166367203e-10,0.19834332168102264,0.792788028717041,1.1688803258635971e-09
42,development,dev_initial100,7,b00p07,0,1502000,7,normal,outputs/study1_35f100_v1/normal/b00p07.wav,happy,0.864062488079071,neutral,0.045693375170230865,1.737378624966368e-05,6.329853022180032e-06,9.653811139287427e-05,0.864062488079071,0.045693375170230865,6.799908969234991e-10,0.002010736148804426,0.08811327069997787,1.653263775880376e-10
43,development,dev_initial100,7,b00p07,0,1502000,7,happy,outputs/study1_35f100_v1/happy/b00p07.wav,happy,0.8625935912132263,happy,0.8625935912132263,2.6010198780568317e-05,4.327393980929628e-05,0.0006483376491814852,0.8625935912132263,0.04935627430677414,1.5174862255662447e-08,0.0004944598185829818,0.08683803677558899,4.576485324037094e-08
44,development,dev_initial100,7,b00p07,0,1502000,7,sad,outputs/study1_35f100_v1/sad/b00p07.wav,sad,1.0,sad,1.0,1.4709834045278924e-11,1.924933101804527e-09,7.693104819850305e-09,9.620856888936657e-11,1.0148962920064619e-10,2.4564883547434357e-12,1.0,2.7571117611202567e-10,2.5970844935720213e-19
45,development,dev_initial100,7,b00p07,0,1502000,7,calm,outputs/study1_35f100_v1/calm/b00p07.wav,sad,1.0,,,3.1492278403100205e-12,1.4175946527750227e-10,4.0337402862355987e-10,6.611866869982164e-12,2.7471944857859754e-11,1.5302211266773197e-13,1.0,1.516288657132936e-11,8.897240294738462e-23
46,development,dev_initial100,7,b00p07,0,1502000,7,angry,outputs/study1_35f100_v1/angry/b00p07.wav,angry,0.3770522475242615,angry,0.3770522475242615,0.3770522475242615,6.952533294679597e-05,0.3653208911418915,0.029641294851899147,0.00013406574726104736,2.2848521439300384e-06,0.006798014510422945,0.22098155319690704,1.0610779810349413e-07
47,development,dev_initial100,7,b00p07,0,1502000,7,surprise,outputs/study1_35f100_v1/surprise/b00p07.wav,surprised,0.8348798155784607,surprised,0.8348798155784607,0.004552575759589672,5.990974386804737e-05,0.0028731608763337135,0.0025774764362722635,0.07633671909570694,1.6496709775992713e-08,0.0787201076745987,0.8348798155784607,1.4422325023133453e-07
48,development,dev_initial100,8,b00p08,0,1502000,8,normal,outputs/study1_35f100_v1/normal/b00p08.wav,neutral,0.951289713382721,neutral,0.951289713382721,3.1471245165448636e-05,4.481859718907799e-07,2.2763022116123466e-06,0.00014384210226126015,0.951289713382721,1.9937487216736827e-09,0.048521094024181366,1.1052039553760551e-05,5.021272721212168e-15
49,development,dev_initial100,8,b00p08,0,1502000,8,happy,outputs/study1_35f100_v1/happy/b00p08.wav,happy,0.929542064666748,happy,0.929542064666748,0.0004609110183082521,8.899338718038052e-05,0.0005027563311159611,0.929542064666748,4.32786182500422e-05,4.3436418906139806e-08,0.0011593789095059037,0.06820249557495117,6.388596318629425e-08
50,development,dev_initial100,8,b00p08,0,1502000,8,sad,outputs/study1_35f100_v1/sad/b00p08.wav,sad,1.0,sad,1.0,1.1889959503075254e-11,8.008699259320906e-11,4.253836449752413e-10,5.431115279730392e-11,7.063002960272513e-11,1.627359136118986e-13,1.0,1.2352528722114897e-10,3.97291177595251e-19
51,development,dev_initial100,8,b00p08,0,1502000,8,calm,outputs/study1_35f100_v1/calm/b00p08.wav,sad,1.0,,,4.069422316482774e-12,8.133715923008822e-11,1.365496882232975e-10,9.535735916166299e-12,1.1630934063089349e-11,7.182638815314557e-14,1.0,1.7296556548140885e-11,9.022987247385588e-23
52,development,dev_initial100,8,b00p08,0,1502000,8,angry,outputs/study1_35f100_v1/angry/b00p08.wav,angry,0.994470477104187,angry,0.994470477104187,0.994470477104187,2.7931628210353665e-06,0.00011584655294427648,0.0001402865455020219,3.268705040682107e-05,2.0914994820486754e-06,0.005192577838897705,4.31964872404933e-05,6.854632833563912e-11
53,development,dev_initial100,8,b00p08,0,1502000,8,surprise,outputs/study1_35f100_v1/surprise/b00p08.wav,sad,0.9999979734420776,surprised,2.8308960509093595e-07,1.1365117735806507e-08,2.9426793446418742e-08,7.4677768679976e-07,1.313826061277723e-07,8.426183626397687e-07,3.236221568503339e-10,0.9999979734420776,2.8308960509093595e-07,3.2301318737826268e-12
54,development,dev_initial100,9,b00p09,0,1502000,9,normal,outputs/study1_35f100_v1/normal/b00p09.wav,happy,0.9999924898147583,neutral,4.661373864678353e-08,2.798936371561922e-08,1.0785599613427621e-07,8.249000416071794e-08,0.9999924898147583,4.661373864678353e-08,1.0220235768798602e-10,9.586088367541379e-08,7.138854016375262e-06,1.7595784829183003e-09
55,development,dev_initial100,9,b00p09,0,1502000,9,happy,outputs/study1_35f100_v1/happy/b00p09.wav,happy,0.9999971389770508,happy,0.9999971389770508,1.3333082193867085e-08,2.6790823781652762e-08,1.1065436922308436e-07,0.9999971389770508,1.228289931987092e-07,1.7197103463484353e-10,1.0978780551340606e-07,2.541698449931573e-06,4.522754615265967e-09
56,development,dev_initial100,9,b00p09,0,1502000,9,sad,outputs/study1_35f100_v1/sad/b00p09.wav,sad,0.9999978542327881,sad,0.9999978542327881,8.034552223534774e-08,1.3216804006788152e-07,6.458613484028319e-07,3.923811391359777e-07,4.18244013644653e-07,1.3212632099524058e-09,0.9999978542327881,5.662582793775073e-07,2.0362638658566468e-11
57,development,dev_initial100,9,b00p09,0,1502000,9,calm,outputs/study1_35f100_v1/calm/b00p09.wav,sad,0.9999990463256836,,,2.152756373163811e-08,3.7442156042288843e-08,5.344337239421293e-08,3.329096216475591e-07,6.174054192342737e-07,2.2104749142215496e-09,0.9999990463256836,1.4528487746190422e-08,1.2983618086909177e-12
58,development,dev_initial100,9,b00p09,0,1502000,9,angry,outputs/study1_35f100_v1/angry/b00p09.wav,sad,0.9997579455375671,angry,2.41269276557432e-07,2.41269276557432e-07,5.369112159314682e-07,1.8871754718929878e-06,0.00023479986703023314,1.2544423952931538e-06,3.406191773080991e-09,0.9997579455375671,3.2996995287248865e-06,8.181118000931409e-13
59,development,dev_initial100,9,b00p09,0,1502000,9,surprise,outputs/study1_35f100_v1/surprise/b00p09.wav,angry,0.9999814033508301,surprised,1.6653104466968216e-05,0.9999814033508301,7.901743970251118e-08,5.1300084180638805e-08,7.991660027073522e-07,1.7756018166892318e-07,5.367198352423941e-11,9.060454431164544e-07,1.6653104466968216e-05,6.273852422820914e-14
60,development,dev_initial100,10,b01p00,1,1502001,0,normal,outputs/study1_35f100_v1/normal/b01p00.wav,neutral,0.9961179494857788,neutral,0.9961179494857788,0.0007902397192083299,2.596952981548384e-07,9.111260624194983e-06,0.00011990497296210378,0.9961179494857788,1.0425369456612543e-09,0.0025623319670557976,0.0004001905326731503,3.3376469990575863e-12
61,development,dev_initial100,10,b01p00,1,1502001,0,happy,outputs/study1_35f100_v1/happy/b01p00.wav,surprised,0.986574113368988,happy,0.013407314196228981,8.95648611276556e-07,3.157290962008119e-07,5.778323156846454e-06,0.013407314196228981,9.78889829639229e-07,2.2160914528684787e-14,1.0538097740209196e-05,0.986574113368988,1.9136771431827598e-13
62,development,dev_initial100,10,b01p00,1,1502001,0,sad,outputs/study1_35f100_v1/sad/b01p00.wav,sad,1.0,sad,1.0,7.367177423667215e-10,3.104564072486937e-08,2.1738928879244668e-08,1.1103195030059965e-09,2.519700670333691e-09,1.9140695972641453e-10,1.0,9.47871559020541e-10,2.775595611871069e-17
63,development,dev_initial100,10,b01p00,1,1502001,0,calm,outputs/study1_35f100_v1/calm/b01p00.wav,sad,1.0,,,6.195906981920629e-11,2.3152921801994353e-09,9.682273871547409e-10,7.729395595790223e-11,7.355986930690506e-10,9.8019465807897e-12,1.0,5.3130503469001056e-11,2.0521287294871662e-19
64,development,dev_initial100,10,b01p00,1,1502001,0,angry,outputs/study1_35f100_v1/angry/b01p00.wav,angry,0.9906644821166992,angry,0.9906644821166992,0.9906644821166992,0.002011770149692893,0.0003337310627102852,0.001084767747670412,3.217225457774475e-05,1.4110983102000318e-05,0.003936417866498232,0.0019226135918870568,5.311756723358485e-08
65,development,dev_initial100,10,b01p00,1,1502001,0,surprise,outputs/study1_35f100_v1/surprise/b01p00.wav,surprised,0.9023105502128601,surprised,0.9023105502128601,2.6535444703768007e-05,0.00013975230103824288,0.00028644700068980455,0.09670690447092056,7.065491081448272e-05,4.0854400418233183e-10,0.0004591584438458085,0.9023105502128601,1.101795099600622e-08
66,development,dev_initial100,11,b01p01,1,1502001,1,normal,outputs/study1_35f100_v1/normal/b01p01.wav,neutral,0.999964714050293,neutral,0.999964714050293,2.0729440564082324e-07,1.8623006781126605e-06,4.2544314737824607e-07,2.5935316443792544e-05,0.999964714050293,1.1013072054311124e-07,6.542195023939712e-06,1.661289843468694e-07,1.2352482592348224e-08
67,development,dev_initial100,11,b01p01,1,1502001,1,happy,outputs/study1_35f100_v1/happy/b01p01.wav,happy,1.0,happy,1.0,1.8256829381613215e-10,1.042615105362188e-09,4.935845066000866e-10,1.0,3.270805570831925e-10,4.080687177054898e-11,2.2191792847792158e-09,2.8723023959287275e-09,2.5851265572640614e-10
68,development,dev_initial100,11,b01p01,1,1502001,1,sad,outputs/study1_35f100_v1/sad/b01p01.wav,sad,1.0,sad,1.0,1.3283303623712328e-10,1.263490645442289e-09,4.336596859388919e-09,3.3900073859172153e-09,1.3108613083900877e-09,7.789227596255444e-12,1.0,1.3314866986746665e-09,3.3876164224083563e-16
69,development,dev_initial100,11,b01p01,1,1502001,1,calm,outputs/study1_35f100_v1/calm/b01p01.wav,sad,0.5718309283256531,,,7.688186451559886e-05,0.0008647149661555886,0.003232245333492756,0.3745573163032532,0.011775949969887733,1.2151834880569368e-06,0.5718309283256531,0.037660349160432816,4.3265811200399185e-07
70,development,dev_initial100,11,b01p01,1,1502001,1,angry,outputs/study1_35f100_v1/angry/b01p01.wav,angry,1.0,angry,1.0,1.0,3.8255073479646906e-13,2.1236173084783483e-14,2.6893136155503594e-12,9.093216631061996e-12,2.4545454153224308e-15,2.20163835079612e-11,1.7129764403808756e-12,2.296033652313956e-25
71,development,dev_initial100,11,b01p01,1,1502001,1,surprise,outputs/study1_35f100_v1/surprise/b01p01.wav,happy,0.9999996423721313,surprised,3.7932937857476645e-07,1.4543682924639256e-09,1.9824977215421313e-09,3.380862700907983e-09,0.9999996423721313,5.936289793062599e-10,2.1386828939762292e-12,1.667830495932776e-08,3.7932937857476645e-07,4.9667479330717246e-12
72,development,dev_initial100,12,b01p02,1,1502001,2,normal,outputs/study1_35f100_v1/normal/b01p02.wav,sad,0.9992382526397705,neutral,0.00011798799823736772,0.00014991845819167793,1.0212455890723504e-05,0.00035275000846013427,9.845104068517685e-05,0.00011798799823736772,6.664602096861927e-06,0.9992382526397705,2.5714494768180884e-05,7.991263117901326e-08
73,development,dev_initial100,12,b01p02,1,1502001,2,happy,outputs/study1_35f100_v1/happy/b01p02.wav,angry,0.9999973773956299,happy,1.5254375966833322e-06,0.9999973773956299,9.718188209717482e-08,2.438276958116603e-08,1.5254375966833322e-06,6.68259616531941e-08,3.6835301475690585e-09,6.692171723443607e-07,2.2112872954949125e-07,6.80638881302327e-14
74,development,dev_initial100,12,b01p02,1,1502001,2,sad,outputs/study1_35f100_v1/sad/b01p02.wav,sad,0.9999997615814209,sad,0.9999997615814209,4.936816289102808e-09,1.258148216720656e-07,1.2861359266480576e-07,1.0635928582303222e-08,5.3864315674445606e-08,2.8493625237047127e-09,0.9999997615814209,7.208635910416206e-09,7.882996339025894e-12
75,development,dev_initial100,12,b01p02,1,1502001,2,calm,outputs/study1_35f100_v1/calm/b01p02.wav,neutral,0.4361504018306732,,,0.0008399997605010867,0.0019397258292883635,0.0019352236995473504,0.3251822292804718,0.4361504018306732,9.825480447034352e-07,0.01375517062842846,0.2201872617006302,9.022867743624374e-06
76,development,dev_initial100,12,b01p02,1,1502001,2,angry,outputs/study1_35f100_v1/angry/b01p02.wav,angry,1.0,angry,1.0,1.0,1.7216326834209456e-13,8.100969744464451e-15,1.0991271911717226e-12,1.1610690707486437e-12,4.2304075874814847e-16,7.233666356881718e-12,8.522004174386921e-13,3.516743841405215e-27
77,development,dev_initial100,12,b01p02,1,1502001,2,surprise,outputs/study1_35f100_v1/surprise/b01p02.wav,happy,0.9414805769920349,surprised,0.05171530693769455,0.00046621443470939994,0.00010550992010394111,0.001020246185362339,0.9414805769920349,4.204983270028606e-05,1.1131920274465301e-07,0.005169954616576433,0.05171530693769455,7.761164511066454e-08
78,development,dev_initial100,13,b01p03,1,1502001,3,normal,outputs/study1_35f100_v1/normal/b01p03.wav,sad,0.9272043704986572,neutral,0.0006782808341085911,0.00023963353305589408,2.580509089966654e-06,0.0069336723536252975,0.00034177082125097513,0.0006782808341085911,5.869190911056421e-09,0.9272043704986572,0.0645996481180191,2.287736222683634e-09
79,development,dev_initial100,13,b01p03,1,1502001,3,happy,outputs/study1_35f100_v1/happy/b01p03.wav,sad,0.9996873140335083,happy,9.514537850918714e-06,1.3347847982458916e-07,2.3191950049294974e-07,0.0002929117763414979,9.514537850918714e-06,1.9034737306355964e-06,2.3766228096633313e-08,0.9996873140335083,7.985961929080077e-06,1.3600138792924099e-08
80,development,dev_initial100,13,b01p03,1,1502001,3,sad,outputs/study1_35f100_v1/sad/b01p03.wav,sad,1.0,sad,1.0,5.11079460002728e-12,6.214764258771766e-10,2.64454524945279e-09,3.022870842528391e-11,2.7290201348728615e-11,8.727859472472399e-13,1.0,4.5790961300529176e-11,1.542151832411893e-21
81,development,dev_initial100,13,b01p03,1,1502001,3,calm,outputs/study1_35f100_v1/calm/b01p03.wav,sad,0.9999996423721313,,,1.0524748850215815e-09,1.4329732955786767e-09,4.849788126648491e-08,1.210650992788942e-07,8.374122728582734e-08,4.413179890971897e-12,0.9999996423721313,1.2963195672455186e-07,2.863136321386013e-15
82,development,dev_initial100,13,b01p03,1,1502001,3,angry,outputs/study1_35f100_v1/angry/b01p03.wav,sad,0.999958872795105,angry,2.955624404421542e-05,2.955624404421542e-05,5.611030928776017e-07,1.878321313597553e-06,1.3895993333790102e-06,3.6795599953620695e-06,8.281556773681586e-09,0.999958872795105,3.997378826170461e-06,4.810749021366689e-12
83,development,dev_initial100,13,b01p03,1,1502001,3,surprise,outputs/study1_35f100_v1/surprise/b01p03.wav,surprised,0.9999992847442627,surprised,0.9999992847442627,7.267471513472401e-09,5.465656816028286e-10,2.175426061512553e-08,6.304936732703936e-07,1.2590736453432783e-08,3.2120987073779673e-19,6.95541757522733e-08,0.9999992847442627,4.3534823349853716e-17
84,development,dev_initial100,14,b01p04,1,1502001,4,normal,outputs/study1_35f100_v1/normal/b01p04.wav,surprised,0.6029449701309204,neutral,0.29928943514823914,0.0003205251705367118,0.0001986336865229532,0.0075427694246172905,0.002923110034316778,0.29928943514823914,4.3959122564274367e-08,0.08677972853183746,0.6029449701309204,8.558556032767228e-07
85,development,dev_initial100,14,b01p04,1,1502001,4,happy,outputs/study1_35f100_v1/happy/b01p04.wav,surprised,0.8831031918525696,happy,0.095468670129776,0.00040490427636541426,8.207752398448065e-05,0.0012412801152095199,0.095468670129776,0.001336295623332262,5.786606305235864e-09,0.018363554030656815,0.8831031918525696,1.7703925436762802e-08
86,development,dev_initial100,14,b01p04,1,1502001,4,sad,outputs/study1_35f100_v1/sad/b01p04.wav,sad,1.0,sad,1.0,1.0951005657844348e-09,7.1151760039356304e-09,3.3927193499039277e-08,1.4723379182512986e-09,9.04738506335434e-09,1.1170606106780667e-11,1.0,1.778087543868878e-08,1.8979198316166354e-15
87,development,dev_initial100,14,b01p04,1,1502001,4,calm,outputs/study1_35f100_v1/calm/b01p04.wav,neutral,0.75505131483078,,,0.0001004602454486303,0.00018768319569062442,0.0016097438056021929,0.10442717373371124,0.75505131483078,9.276829615600946e-08,0.007300575263798237,0.13132232427597046,5.972781309537822e-07
88,development,dev_initial100,14,b01p04,1,1502001,4,angry,outputs/study1_35f100_v1/angry/b01p04.wav,sad,0.9203618764877319,angry,0.015146478079259396,0.015146478079259396,0.0005232568946667016,0.0015956949209794402,0.018235335126519203,5.730472184950486e-05,1.1038497405024827e-06,0.9203618764877319,0.04407883808016777,5.070435094012282e-08
89,development,dev_initial100,14,b01p04,1,1502001,4,surprise,outputs/study1_35f100_v1/surprise/b01p04.wav,surprised,0.9922904372215271,surprised,0.9922904372215271,7.138857654354069e-06,4.779874871019274e-06,2.6604584490996785e-05,0.007623784244060516,6.746486178599298e-06,2.270006014756798e-12,4.057426122017205e-05,0.9922904372215271,3.6212205456465085e-10
90,development,dev_initial100,15,b01p05,1,1502001,5,normal,outputs/study1_35f100_v1/normal/b01p05.wav,happy,0.9436668753623962,neutral,0.0015229422133415937,0.0020388655830174685,0.0007692694198340178,0.0008277518791146576,0.9436668753623962,0.0015229422133415937,1.563211299071554e-06,0.002502121264114976,0.04866654798388481,4.1055368456e-06
91,development,dev_initial100,15,b01p05,1,1502001,5,happy,outputs/study1_35f100_v1/happy/b01p05.wav,surprised,0.9998711347579956,happy,0.00012839406554121524,4.4395608966851796e-08,6.402152141760098e-09,7.725110862111251e-08,0.00012839406554121524,6.832956245261812e-08,1.3226132439703344e-17,3.249587336995319e-07,0.9998711347579956,3.594675214551446e-16
92,development,dev_initial100,15,b01p05,1,1502001,5,sad,outputs/study1_35f100_v1/sad/b01p05.wav,sad,0.9999371767044067,sad,0.9999371767044067,9.193394703288504e-07,1.085209078155458e-06,6.275216037465725e-06,5.3772623687109444e-06,4.656900273403153e-06,2.7269888569492196e-09,0.9999371767044067,4.448803883860819e-05,1.9922175020781197e-09
93,development,dev_initial100,15,b01p05,1,1502001,5,calm,outputs/study1_35f100_v1/calm/b01p05.wav,sad,0.9995803236961365,,,1.8529553926782683e-06,7.351176463998854e-06,2.266322189825587e-05,0.0002513471699785441,5.586342012975365e-05,4.1278102713704357e-08,0.9995803236961365,8.062711276579648e-05,4.057492564157883e-09
94,development,dev_initial100,15,b01p05,1,1502001,5,angry,outputs/study1_35f100_v1/angry/b01p05.wav,angry,1.0,angry,1.0,1.0,6.940707774141797e-13,1.7764278207612304e-14,4.838424366021554e-12,2.640161310060729e-12,2.836232649157085e-15,7.751375062647892e-12,1.1431904685041405e-12,2.0739522976809723e-26
95,development,dev_initial100,15,b01p05,1,1502001,5,surprise,outputs/study1_35f100_v1/surprise/b01p05.wav,sad,0.956836462020874,surprised,0.0008739721961319447,0.032228268682956696,5.110909842187539e-05,0.00037989046541042626,0.007522169500589371,0.002100974554196,7.207960152300075e-06,0.956836462020874,0.0008739721961319447,1.0521605808833101e-08
96,development,dev_initial100,16,b01p06,1,1502001,6,normal,outputs/study1_35f100_v1/normal/b01p06.wav,neutral,0.994422972202301,neutral,0.994422972202301,0.0008718397002667189,0.00010877556633204222,0.00013133458560332656,0.00193050317466259,0.994422972202301,8.020652444429288e-07,0.0005586264305748045,0.0019714608788490295,3.768348051380599e-06
97,development,dev_initial100,16,b01p06,1,1502001,6,happy,outputs/study1_35f100_v1/happy/b01p06.wav,happy,0.7871753573417664,happy,0.7871753573417664,3.814740193774924e-05,1.8744058252195828e-05,0.001069107442162931,0.7871753573417664,0.0011655078269541264,4.500511074922997e-09,0.01819714903831482,0.19233594834804535,1.932052962061448e-09
98,development,dev_initial100,16,b01p06,1,1502001,6,sad,outputs/study1_35f100_v1/sad/b01p06.wav,sad,0.9999924898147583,sad,0.9999924898147583,4.067574721489109e-09,5.289153932608315e-07,6.876606221339898e-06,1.0969012365080744e-08,4.356122573767607e-08,1.648570169265895e-08,0.9999924898147583,1.6053085971634573e-08,2.4831783222538373e-13
99,development,dev_initial100,16,b01p06,1,1502001,6,calm,outputs/study1_35f100_v1/calm/b01p06.wav,sad,0.9999747276306152,,,1.0305670627985819e-07,3.8464645513158757e-07,1.0771388588182162e-05,1.973167400137754e-06,4.6165519052010495e-06,3.4333889065152334e-09,0.9999747276306152,7.411924798361724e-06,1.7696812903977843e-09
100,development,dev_initial100,16,b01p06,1,1502001,6,angry,outputs/study1_35f100_v1/angry/b01p06.wav,angry,1.0,angry,1.0,1.0,2.3640969737392936e-10,8.953707567038727e-12,1.424140139150154e-09,5.630239607867793e-10,1.9871632551266005e-12,3.6566782934954745e-10,3.3027461321388785e-10,5.2162390706157524e-20
101,development,dev_initial100,16,b01p06,1,1502001,6,surprise,outputs/study1_35f100_v1/surprise/b01p06.wav,surprised,0.49984949827194214,surprised,0.49984949827194214,9.354479698231444e-05,4.9828115152195096e-05,0.009760958142578602,0.03660537302494049,0.07275445014238358,3.112796420623454e-08,0.3808862566947937,0.49984949827194214,1.6328421281741612e-07
102,development,dev_initial100,17,b01p07,1,1502001,7,normal,outputs/study1_35f100_v1/normal/b01p07.wav,neutral,0.9981890320777893,neutral,0.9981890320777893,3.9264436964003835e-06,1.0775474947877228e-05,1.4052006008569151e-05,0.0015905828913673759,0.9981890320777893,5.102289435399143e-08,0.00011029835877707228,8.124998566927388e-05,1.9611239299166527e-09
103,development,dev_initial100,17,b01p07,1,1502001,7,happy,outputs/study1_35f100_v1/happy/b01p07.wav,sad,1.0,happy,2.599832016336734e-10,1.4530142714019867e-11,2.6369066652431883e-11,2.1479944212199342e-10,2.599832016336734e-10,6.642703609394118e-10,1.5757321730519754e-14,1.0,8.360567238518968e-10,8.058631341917705e-20
104,development,dev_initial100,17,b01p07,1,1502001,7,sad,outputs/study1_35f100_v1/sad/b01p07.wav,sad,1.0,sad,1.0,3.670953471757166e-11,3.6959385552037816e-10,5.210895603902088e-10,6.151196912940193e-11,2.0960322366647688e-10,5.09531598771179e-13,1.0,2.2928739462635406e-10,4.032954645268626e-18
105,development,dev_initial100,17,b01p07,1,1502001,7,calm,outputs/study1_35f100_v1/calm/b01p07.wav,sad,1.0,,,4.071381079495673e-11,4.708406442510693e-10,4.841672396338481e-09,1.6625062437825022e-10,2.5513272050581293e-10,1.354078633074296e-12,1.0,5.500181976536567e-10,5.650398386046134e-18
106,development,dev_initial100,17,b01p07,1,1502001,7,angry,outputs/study1_35f100_v1/angry/b01p07.wav,angry,0.8196604251861572,angry,0.8196604251861572,0.8196604251861572,0.0001374443672830239,9.42661426961422e-05,0.0001998171937884763,0.000845286063849926,0.00012518808944150805,0.17891602218151093,2.155487527488731e-05,8.268467022176651e-10
107,development,dev_initial100,17,b01p07,1,1502001,7,surprise,outputs/study1_35f100_v1/surprise/b01p07.wav,angry,0.9371206164360046,surprised,0.02117621898651123,0.9371206164360046,5.866554056410678e-05,0.0002687304513528943,0.0001766874047461897,7.061018550302833e-05,4.225546135216973e-08,0.0411284863948822,0.02117621898651123,2.686153521835877e-10
108,development,dev_initial100,18,b01p08,1,1502001,8,normal,outputs/study1_35f100_v1/normal/b01p08.wav,surprised,0.8490126132965088,neutral,0.006312225945293903,0.04196779057383537,3.819517951342277e-05,0.000887284055352211,0.005199835170060396,0.006312225945293903,9.04990304917419e-09,0.09658199548721313,0.8490126132965088,4.740216219545346e-09
109,development,dev_initial100,18,b01p08,1,1502001,8,happy,outputs/study1_35f100_v1/happy/b01p08.wav,surprised,0.8211430907249451,happy,0.16990651190280914,9.48193046497181e-05,3.0448803954641335e-05,0.005918641109019518,0.16990651190280914,0.00010021839989349246,2.887732275524968e-09,0.002806196454912424,0.8211430907249451,3.728433384253549e-08
110,development,dev_initial100,18,b01p08,1,1502001,8,sad,outputs/study1_35f100_v1/sad/b01p08.wav,sad,0.9999949932098389,sad,0.9999949932098389,8.591785061184964e-09,8.83781368088421e-08,4.509322479862021e-06,1.4305186368801515e-07,8.16097553979489e-08,4.159583788521104e-09,0.9999949932098389,9.606063144929067e-08,4.2070298633678505e-11
111,development,dev_initial100,18,b01p08,1,1502001,8,calm,outputs/study1_35f100_v1/calm/b01p08.wav,happy,0.7492486834526062,,,5.2590392442652956e-05,4.22948578489013e-05,0.0007017155876383185,0.7492486834526062,0.018935421481728554,7.578780270023344e-09,0.0005844752886332572,0.23043471574783325,4.8646061401314e-08
112,development,dev_initial100,18,b01p08,1,1502001,8,angry,outputs/study1_35f100_v1/angry/b01p08.wav,angry,1.0,angry,1.0,1.0,1.9831063180486552e-10,1.782648854919966e-11,6.84878320722504e-10,7.2558936636824e-10,3.176192382020604e-12,1.3914895902189528e-09,2.744734439730223e-10,1.012268155348935e-19
113,development,dev_initial100,18,b01p08,1,1502001,8,surprise,outputs/study1_35f100_v1/surprise/b01p08.wav,surprised,0.9363975524902344,surprised,0.9363975524902344,0.00010619904787745327,4.1044440877158195e-05,7.205000292742625e-05,0.06322085112333298,1.804742350941524e-05,6.432365057262857e-11,0.00014415354235097766,0.9363975524902344,1.769760171743684e-10
114,development,dev_initial100,19,b01p09,1,1502001,9,normal,outputs/study1_35f100_v1/normal/b01p09.wav,happy,0.9922324419021606,neutral,6.177047566779947e-07,8.652381779938878e-07,7.263460020112689e-07,8.913142664823681e-06,0.9922324419021606,6.177047566779947e-07,1.592271800521239e-11,1.0089843271998689e-05,0.007746406365185976,9.426505583054468e-12
115,development,dev_initial100,19,b01p09,1,1502001,9,happy,outputs/study1_35f100_v1/happy/b01p09.wav,happy,0.9131308197975159,happy,0.9131308197975159,1.3129465514793992e-05,2.087540451611858e-05,0.0002406710700597614,0.9131308197975159,8.319733751704916e-05,1.4511344348377975e-09,0.0002471163752488792,0.08626410365104675,3.935754389061685e-09
116,development,dev_initial100,19,b01p09,1,1502001,9,sad,outputs/study1_35f100_v1/sad/b01p09.wav,sad,0.9999980926513672,sad,0.9999980926513672,1.7930590345827113e-08,1.8472380247658293e-07,6.631156566072605e-07,9.57329646666949e-08,8.552594863431295e-07,3.2678142414255262e-09,0.9999980926513672,1.0993920085411446e-07,1.282481759679044e-10
117,development,dev_initial100,19,b01p09,1,1502001,9,calm,outputs/study1_35f100_v1/calm/b01p09.wav,sad,0.9978260397911072,,,1.5341279322456103e-06,3.6103222100791754e-06,0.0014547617174685001,0.00011832120799226686,1.5786874428158626e-05,3.811853233059992e-08,0.9978260397911072,0.0005798624479211867,4.251139884559052e-08
118,development,dev_initial100,19,b01p09,1,1502001,9,angry,outputs/study1_35f100_v1/angry/b01p09.wav,surprised,0.9994217157363892,angry,4.391336460685125e-06,4.391336460685125e-06,3.981637291872175e-06,1.2390308256726712e-05,0.0004981551319360733,2.700165168789681e-06,8.972999752075717e-13,5.673186024068855e-05,0.9994217157363892,1.6886609888189241e-09
119,development,dev_initial100,19,b01p09,1,1502001,9,surprise,outputs/study1_35f100_v1/surprise/b01p09.wav,surprised,0.9999996423721313,surprised,0.9999996423721313,3.3793414733196414e-09,1.3396838083323814e-09,2.3600751575258982e-08,9.341277262819858e-08,8.438203025207258e-09,3.381877269610535e-19,1.9151710262121924e-07,0.9999996423721313,4.0053577493642646e-17
120,development,dev_initial100,20,b02p00,2,1502002,0,normal,outputs/study1_35f100_v1/normal/b02p00.wav,neutral,0.9904214143753052,neutral,0.9904214143753052,3.263478720327839e-05,4.936011350764602e-07,2.8108326660003513e-05,0.00042418655357323587,0.9904214143753052,1.4779187595959087e-10,5.95367127971258e-05,0.009033666923642159,9.583789317701985e-10
121,development,dev_initial100,20,b02p00,2,1502002,0,happy,outputs/study1_35f100_v1/happy/b02p00.wav,happy,0.9998661279678345,happy,0.9998661279678345,3.295236865596962e-07,1.2318810149736237e-06,1.3114806733938167e-06,0.9998661279678345,0.00011058591917390004,5.941821257238189e-09,1.5140492450882448e-06,1.892885848064907e-05,2.842900914679092e-10
122,development,dev_initial100,20,b02p00,2,1502002,0,sad,outputs/study1_35f100_v1/sad/b02p00.wav,neutral,0.7273752093315125,sad,0.2684737741947174,8.218719813157804e-06,1.925032847793773e-06,0.000426391139626503,1.326118490396766e-05,0.7273752093315125,2.8595775747319863e-10,0.2684737741947174,0.0037011709064245224,2.48112050653046e-13
123,development,dev_initial100,20,b02p00,2,1502002,0,calm,outputs/study1_35f100_v1/calm/b02p00.wav,sad,0.9236226677894592,,,0.0043013617396354675,2.3196353140519932e-05,0.006434564013034105,4.9396105168852955e-05,0.05299757421016693,1.2251194903001306e-07,0.9236226677894592,0.012571177445352077,2.5012536486457293e-09
124,development,dev_initial100,20,b02p00,2,1502002,0,angry,outputs/study1_35f100_v1/angry/b02p00.wav,angry,1.0,angry,1.0,1.0,2.382409157106191e-12,3.365236420690282e-13,3.28504654034667e-11,6.992626529894741e-12,8.1261989596116e-14,9.318346788633747e-11,3.769247067242354e-12,1.9694928551688484e-23
125,development,dev_initial100,20,b02p00,2,1502002,0,surprise,outputs/study1_35f100_v1/surprise/b02p00.wav,surprised,0.9983097314834595,surprised,0.9983097314834595,3.4463988413335755e-05,3.9219159475578635e-07,5.714719736715779e-05,4.867340248893015e-05,4.1615337977418676e-05,6.722316388436955e-13,0.0015079964650794864,0.9983097314834595,6.039219038050936e-12
126,development,dev_initial100,21,b02p01,2,1502002,1,normal,outputs/study1_35f100_v1/normal/b02p01.wav,sad,0.9915886521339417,neutral,0.00836351327598095,9.659938768891152e-07,4.252968210494146e-06,1.2513586625573225e-05,1.6573920220253058e-05,0.00836351327598095,8.7027496320502e-09,0.9915886521339417,1.3456625310936943e-05,3.8311839594892816e-13
127,development,dev_initial100,21,b02p01,2,1502002,1,happy,outputs/study1_35f100_v1/happy/b02p01.wav,sad,0.9999967813491821,happy,3.213783656974556e-07,3.5233394868328105e-08,2.467314743626048e-07,7.577248766210687e-07,3.213783656974556e-07,1.4006606079419726e-06,2.2782855602088148e-09,0.9999967813491821,4.5012592408966157e-07,2.1011289930150667e-10
128,development,dev_initial100,21,b02p01,2,1502002,1,sad,outputs/study1_35f100_v1/sad/b02p01.wav,sad,1.0,sad,1.0,1.9523209715544e-09,1.4018852745323329e-08,6.195629786986956e-09,1.0194254329576324e-08,2.930708564718998e-09,8.673142759541008e-10,1.0,4.1254216709418756e-10,6.3069273653453e-14
129,development,dev_initial100,21,b02p01,2,1502002,1,calm,outputs/study1_35f100_v1/calm/b02p01.wav,sad,0.9999891519546509,,,3.0750744173246858e-09,5.840320227434859e-09,8.355921288227819e-09,4.464232983281136e-09,1.0786767234094441e-05,4.0433847242615784e-11,0.9999891519546509,1.337223998199022e-09,1.0192055459554765e-17
130,development,dev_initial100,21,b02p01,2,1502002,1,angry,outputs/study1_35f100_v1/angry/b02p01.wav,sad,0.9999994039535522,angry,8.810430607297803e-09,8.810430607297803e-09,1.0589414500827843e-07,1.989120050893689e-07,1.7992244139009017e-08,1.6998940566281817e-07,2.118891506697196e-09,0.9999994039535522,1.9098729708844076e-08,2.3409144414565652e-11
131,development,dev_initial100,21,b02p01,2,1502002,1,surprise,outputs/study1_35f100_v1/surprise/b02p01.wav,sad,0.9999780654907227,surprised,8.368460839847103e-07,2.3765650780660508e-07,1.0814999313879525e-06,2.0976744963263627e-06,1.5475292229893967e-06,1.6102665540529415e-05,2.2953026146410593e-08,0.9999780654907227,8.368460839847103e-07,4.952324661466889e-10
132,development,dev_initial100,22,b02p02,2,1502002,2,normal,outputs/study1_35f100_v1/normal/b02p02.wav,surprised,0.9218512177467346,neutral,0.021815981715917587,8.024013368412852e-05,5.978799163131043e-05,0.009557829238474369,0.0005343210650607944,0.021815981715917587,4.164573574882979e-09,0.04610055685043335,0.9218512177467346,1.0059936528250546e-07
133,development,dev_initial100,22,b02p02,2,1502002,2,happy,outputs/study1_35f100_v1/happy/b02p02.wav,happy,0.9999974966049194,happy,0.9999974966049194,2.3121311532037225e-09,6.239420979881061e-09,5.5482519911720374e-08,0.9999974966049194,2.0877232032034954e-07,1.9665494926934812e-11,4.354324900646134e-08,2.123847480106633e-06,7.339221452795641e-10
134,development,dev_initial100,22,b02p02,2,1502002,2,sad,outputs/study1_35f100_v1/sad/b02p02.wav,sad,0.9999998807907104,sad,0.9999998807907104,5.780071421490618e-10,1.1873499516923403e-08,1.2232911217324727e-07,2.895790718326907e-09,7.405359880863216e-09,6.606058061686682e-11,0.9999998807907104,9.031625225475182e-09,4.409699686701513e-15
135,development,dev_initial100,22,b02p02,2,1502002,2,calm,outputs/study1_35f100_v1/calm/b02p02.wav,sad,1.0,,,8.827911817353706e-13,9.508806936286973e-11,2.738866633489323e-10,4.9302419785624e-12,3.934624327739389e-12,3.1935202095614845e-14,1.0,1.493489880377563e-11,7.823588769819087e-24
136,development,dev_initial100,22,b02p02,2,1502002,2,angry,outputs/study1_35f100_v1/angry/b02p02.wav,angry,0.9854722619056702,angry,0.9854722619056702,0.9854722619056702,2.738473631325178e-05,4.1350187530042604e-05,0.011216482147574425,2.5200936306646327e-06,3.4995978239749093e-06,0.0031487552914768457,8.77976999618113e-05,4.139926595980725e-11
137,development,dev_initial100,22,b02p02,2,1502002,2,surprise,outputs/study1_35f100_v1/surprise/b02p02.wav,surprised,0.9952087998390198,surprised,0.9952087998390198,2.108523949573282e-05,5.198437975195702e-06,0.00013378349831327796,0.0010035524610430002,2.3215263809106546e-06,6.752080665417548e-12,0.0036252604331821203,0.9952087998390198,9.302879300232547e-11
138,development,dev_initial100,23,b02p03,2,1502002,3,normal,outputs/study1_35f100_v1/normal/b02p03.wav,neutral,0.9560837149620056,neutral,0.9560837149620056,1.9540314042387763e-06,1.0146792739362809e-08,6.186001883179415e-06,0.003619043156504631,0.9560837149620056,2.927810175291229e-13,0.0007788235088810325,0.03951026499271393,2.3079950358653387e-14
139,development,dev_initial100,23,b02p03,2,1502002,3,happy,outputs/study1_35f100_v1/happy/b02p03.wav,happy,0.9999904632568359,happy,0.9999904632568359,9.088773289533947e-09,1.9094077430281686e-08,1.3446955904328206e-07,0.9999904632568359,4.701514626503922e-06,7.258229434148333e-11,1.6327085461398383e-07,4.494756012718426e-06,3.5801292486148384e-10
140,development,dev_initial100,23,b02p03,2,1502002,3,sad,outputs/study1_35f100_v1/sad/b02p03.wav,sad,0.9008175134658813,sad,0.9008175134658813,0.025021992623806,4.705800620286027e-06,3.575482696760446e-05,0.0004405046347528696,0.07344244420528412,1.4182398899720283e-07,0.9008175134658813,0.00023692940885666758,4.815277950681596e-12
141,development,dev_initial100,23,b02p03,2,1502002,3,calm,outputs/study1_35f100_v1/calm/b02p03.wav,neutral,0.9996931552886963,,,4.660923593746702e-07,4.0744350826571463e-07,3.561794756024028e-06,0.000185241355211474,0.9996931552886963,3.9501193982438565e-10,1.8045730030280538e-05,9.91879278444685e-05,4.672478515210798e-10
142,development,dev_initial100,23,b02p03,2,1502002,3,angry,outputs/study1_35f100_v1/angry/b02p03.wav,angry,1.0,angry,1.0,1.0,2.4251941600772486e-12,7.307963099684872e-14,2.1866146046600754e-11,5.524295430825443e-12,1.919417824279481e-14,1.8703675760955996e-11,2.3703795003215955e-12,3.0201983490645624e-25
143,development,dev_initial100,23,b02p03,2,1502002,3,surprise,outputs/study1_35f100_v1/surprise/b02p03.wav,sad,0.4903985261917114,surprised,0.04483428969979286,0.0496571846306324,0.0006963203777559102,0.001407572883181274,0.3782247006893158,0.0347740538418293,6.538489742524689e-06,0.4903985261917114,0.04483428969979286,6.857832204332226e-07
144,development,dev_initial100,24,b02p04,2,1502002,4,normal,outputs/study1_35f100_v1/normal/b02p04.wav,neutral,0.9999858140945435,neutral,0.9999858140945435,2.1157060103860204e-08,1.620789475964557e-07,7.83804807724664e-07,3.6078944276596303e-07,0.9999858140945435,1.938774002452348e-10,1.1563582120288629e-05,1.2255854926479515e-06,3.9911018934191134e-10
145,development,dev_initial100,24,b02p04,2,1502002,4,happy,outputs/study1_35f100_v1/happy/b02p04.wav,surprised,0.9041123986244202,happy,0.014720774255692959,2.0009169020340778e-05,1.1272453775745817e-05,0.0009698732756078243,0.014720774255692959,4.770802479470149e-05,1.220696321801995e-10,0.08011802285909653,0.9041123986244202,8.910320398181071e-11
146,development,dev_initial100,24,b02p04,2,1502002,4,sad,outputs/study1_35f100_v1/sad/b02p04.wav,sad,0.9998952150344849,sad,0.9998952150344849,6.795895046707301e-08,5.532755835702119e-07,0.00010175316856475547,1.8375324373209878e-07,1.5618459201505175e-06,6.18112707684304e-08,0.9998952150344849,4.7443290895898826e-07,2.644868324352956e-09
147,development,dev_initial100,24,b02p04,2,1502002,4,calm,outputs/study1_35f100_v1/calm/b02p04.wav,sad,1.0,,,1.0357308760644557e-10,1.8811816548947036e-09,3.932822068009045e-09,1.6032017380318564e-10,5.994250651397692e-10,4.595779919819298e-12,1.0,5.364425015308427e-10,1.5130481707993338e-17
148,development,dev_initial100,24,b02p04,2,1502002,4,angry,outputs/study1_35f100_v1/angry/b02p04.wav,angry,1.0,angry,1.0,1.0,2.6558755195082995e-11,8.053531799778746e-12,6.739748203976603e-10,2.445961766461835e-10,1.345504789399335e-13,9.800891209721385e-10,9.113992893716727e-10,2.396920776318768e-20
149,development,dev_initial100,24,b02p04,2,1502002,4,surprise,outputs/study1_35f100_v1/surprise/b02p04.wav,surprised,0.9999998807907104,surprised,0.9999998807907104,2.4040847090844863e-10,8.056284805935121e-11,1.097262392057985e-09,1.2699877061095322e-07,3.161327311040907e-10,1.103270216373661e-21,2.558047773604244e-09,0.9999998807907104,1.2073087973330006e-20
150,development,dev_initial100,25,b02p05,2,1502002,5,normal,outputs/study1_35f100_v1/normal/b02p05.wav,sad,1.0,neutral,1.058797077790885e-10,2.5950798801521735e-11,4.340071857455996e-09,1.1763991558666476e-08,8.823981129113534e-11,1.058797077790885e-10,7.2422536717686725e-12,1.0,1.9821871921621437e-10,1.5520269633649697e-19
151,development,dev_initial100,25,b02p05,2,1502002,5,happy,outputs/study1_35f100_v1/happy/b02p05.wav,surprised,0.9165002107620239,happy,0.07960069179534912,1.847922794695478e-05,2.3991756279428955e-06,0.0022889834363013506,0.07960069179534912,6.732341716997325e-05,7.18548276434916e-11,0.0015218830667436123,0.9165002107620239,9.241753889943638e-11
152,development,dev_initial100,25,b02p05,2,1502002,5,sad,outputs/study1_35f100_v1/sad/b02p05.wav,sad,0.9999997615814209,sad,0.9999997615814209,1.0242171555319146e-09,3.1213541973329484e-08,2.7488297860145394e-07,6.15826900585148e-09,9.957362046009166e-09,2.3218975353511695e-10,0.9999997615814209,1.5243228901340444e-08,3.70715556776563e-14
153,development,dev_initial100,25,b02p05,2,1502002,5,calm,outputs/study1_35f100_v1/calm/b02p05.wav,sad,1.0,,,3.679995110722478e-12,1.682969735794515e-10,1.4008599835690916e-10,2.4083058464130502e-11,3.564802966704583e-11,2.919933717558665e-13,1.0,1.5661345484363487e-11,5.0950331194077955e-21
154,development,dev_initial100,25,b02p05,2,1502002,5,angry,outputs/study1_35f100_v1/angry/b02p05.wav,sad,0.966967761516571,angry,0.025127382948994637,0.025127382948994637,9.499379302724265e-06,0.005006544757634401,0.0009649543790146708,5.094482912681997e-05,1.0148287401534617e-06,0.966967761516571,0.0018718638457357883,1.24213306307297e-10
155,development,dev_initial100,25,b02p05,2,1502002,5,surprise,outputs/study1_35f100_v1/surprise/b02p05.wav,happy,0.9999982118606567,surprised,1.8300780766367097e-06,1.9497683467761817e-09,3.750872501484537e-09,1.1291956703018968e-08,0.9999982118606567,3.5611509296984423e-09,2.4562823563306635e-12,2.790604547442399e-08,1.8300780766367097e-06,3.251112226654307e-11
156,development,dev_initial100,26,b02p06,2,1502002,6,normal,outputs/study1_35f100_v1/normal/b02p06.wav,neutral,0.9997624754905701,neutral,0.9997624754905701,9.114466479331895e-07,6.048126692803635e-07,6.320774446066935e-07,0.00016370124649256468,0.9997624754905701,1.2695092754810844e-09,5.97806902078446e-05,1.1889915185747668e-05,1.0945152119704038e-12
157,development,dev_initial100,26,b02p06,2,1502002,6,happy,outputs/study1_35f100_v1/happy/b02p06.wav,happy,0.997548520565033,happy,0.997548520565033,1.2581542705447646e-06,6.144542112451745e-06,0.0001834738941397518,0.997548520565033,5.533739386009984e-05,1.9302619946870436e-08,8.08640179457143e-05,0.0021240420173853636,2.3723603703729168e-07
158,development,dev_initial100,26,b02p06,2,1502002,6,sad,outputs/study1_35f100_v1/sad/b02p06.wav,sad,1.0,sad,1.0,6.141232661294183e-11,3.6802392244794646e-09,4.47991688190541e-09,3.039848095465203e-10,5.544610881536016e-10,1.527854578964316e-11,1.0,2.2445365011058982e-10,2.1847223437099956e-18
159,development,dev_initial100,26,b02p06,2,1502002,6,calm,outputs/study1_35f100_v1/calm/b02p06.wav,sad,0.8149657845497131,,,0.0018089540535584092,8.578382403356954e-05,0.0013541141524910927,0.00034010346280410886,0.16588656604290009,1.2113473246699868e-07,0.8149657845497131,0.015558610670268536,1.500034318979715e-09
160,development,dev_initial100,26,b02p06,2,1502002,6,angry,outputs/study1_35f100_v1/angry/b02p06.wav,sad,0.9999523162841797,angry,2.290266093041282e-05,2.290266093041282e-05,6.829865242252708e-07,4.756496991831227e-07,1.6165844499482773e-05,6.870647666801233e-06,3.4152535022258235e-07,0.9999523162841797,1.71987380781502e-07,3.2159150342714327e-11
161,development,dev_initial100,26,b02p06,2,1502002,6,surprise,outputs/study1_35f100_v1/surprise/b02p06.wav,disgusted,0.7389647364616394,surprised,0.09579489380121231,0.0010001977207139134,0.7389647364616394,0.010288967750966549,0.019122764468193054,0.00020768125250469893,4.680733763962053e-05,0.13445928692817688,0.09579489380121231,0.00011468285811133683
162,development,dev_initial100,27,b02p07,2,1502002,7,normal,outputs/study1_35f100_v1/normal/b02p07.wav,neutral,0.5654998421669006,neutral,0.5654998421669006,0.00013280814164318144,2.552042315073777e-05,0.005166642367839813,0.0001862494827946648,0.5654998421669006,2.0444352877291294e-09,0.008053109981119633,0.42093580961227417,3.366080036926178e-08
163,development,dev_initial100,27,b02p07,2,1502002,7,happy,outputs/study1_35f100_v1/happy/b02p07.wav,surprised,0.41317811608314514,happy,0.23268696665763855,0.001023986958898604,0.0024248750414699316,0.01287342980504036,0.23268696665763855,0.2581193149089813,3.08087510347832e-06,0.07964937388896942,0.41317811608314514,4.095094118383713e-05
164,development,dev_initial100,27,b02p07,2,1502002,7,sad,outputs/study1_35f100_v1/sad/b02p07.wav,sad,1.0,sad,1.0,2.325531260616298e-11,3.2860461018913156e-09,2.582773284132145e-08,5.652649875953486e-11,8.283704971967509e-11,6.1434321171893735e-12,1.0,1.5817064324963326e-10,1.7306641129700973e-20
165,development,dev_initial100,27,b02p07,2,1502002,7,calm,outputs/study1_35f100_v1/calm/b02p07.wav,sad,0.9060859680175781,,,3.5292123357066885e-05,2.143556048395112e-05,0.014245668426156044,8.928008173825219e-05,0.04686795175075531,2.6979718015240906e-08,0.9060859680175781,0.03265443816781044,1.6956411386104264e-08
166,development,dev_initial100,27,b02p07,2,1502002,7,angry,outputs/study1_35f100_v1/angry/b02p07.wav,angry,0.9987891316413879,angry,0.9987891316413879,0.9987891316413879,6.883932201162679e-06,3.146984226987115e-06,7.316849223570898e-05,5.038878612140252e-07,9.24127089092508e-05,0.001034711254760623,6.882953584863571e-08,1.67746784345002e-12
167,development,dev_initial100,27,b02p07,2,1502002,7,surprise,outputs/study1_35f100_v1/surprise/b02p07.wav,sad,0.6963139772415161,surprised,0.27637070417404175,0.000650108908303082,2.639493868628051e-05,0.02501574158668518,0.00012657747720368207,0.001496408018283546,1.3693597367137045e-08,0.6963139772415161,0.27637070417404175,3.557103056550659e-08
168,development,dev_initial100,28,b02p08,2,1502002,8,normal,outputs/study1_35f100_v1/normal/b02p08.wav,sad,0.44428175687789917,neutral,0.1542617380619049,0.05678960680961609,0.0036939873825758696,0.007683138363063335,0.26323240995407104,0.1542617380619049,0.0697663351893425,0.44428175687789917,0.0002735612215474248,1.7471147657488473e-05
169,development,dev_initial100,28,b02p08,2,1502002,8,happy,outputs/study1_35f100_v1/happy/b02p08.wav,happy,0.9955193996429443,happy,0.9955193996429443,5.1677088777069e-06,2.843150832632091e-05,0.0001227237080456689,0.9955193996429443,0.0005437082145363092,9.021741220749391e-08,0.0023259036242961884,0.0014546273741871119,1.0869928068757417e-08
170,development,dev_initial100,28,b02p08,2,1502002,8,sad,outputs/study1_35f100_v1/sad/b02p08.wav,sad,1.0,sad,1.0,5.5043795720412583e-14,3.283397208633798e-12,6.549248556669829e-12,3.6474851459501745e-13,1.9204185767660031e-13,1.1077565705618704e-15,1.0,3.7801746867287267e-13,1.129547204212623e-26
171,development,dev_initial100,28,b02p08,2,1502002,8,calm,outputs/study1_35f100_v1/calm/b02p08.wav,surprised,0.5906293392181396,,,8.16200117697008e-05,1.4718885722686537e-05,0.00045016923104412854,0.00688670901581645,0.39891111850738525,4.887034110723221e-10,0.0030263096559792757,0.5906293392181396,3.805098902631698e-09
172,development,dev_initial100,28,b02p08,2,1502002,8,angry,outputs/study1_35f100_v1/angry/b02p08.wav,angry,1.0,angry,1.0,1.0,1.3883479869220006e-13,6.688965821391533e-15,1.3619111264087658e-12,9.156039641744496e-13,1.273561787679242e-15,6.390876543249657e-12,3.0607122196955883e-13,7.782440238095827e-27
173,development,dev_initial100,28,b02p08,2,1502002,8,surprise,outputs/study1_35f100_v1/surprise/b02p08.wav,sad,0.9999163150787354,surprised,5.250339654594427e-06,2.456834806707775e-07,2.525362106098328e-07,7.623279088875279e-05,1.3414950217338628e-07,1.5084942788234912e-06,2.928205677932283e-09,0.9999163150787354,5.250339654594427e-06,5.023632551615087e-11
174,development,dev_initial100,29,b02p09,2,1502002,9,normal,outputs/study1_35f100_v1/normal/b02p09.wav,neutral,0.4795224368572235,neutral,0.4795224368572235,0.0001942802919074893,2.8382946766214445e-05,0.00040863436879590154,0.2847321331501007,0.4795224368572235,5.237372313615651e-09,0.019202420487999916,0.21591174602508545,1.6066458163876973e-09
175,development,dev_initial100,29,b02p09,2,1502002,9,happy,outputs/study1_35f100_v1/happy/b02p09.wav,happy,0.5252503752708435,happy,0.5252503752708435,0.00011658122093649581,0.00015211816935334355,0.0030991367530077696,0.5252503752708435,0.10527203232049942,1.1680083389364881e-07,0.16618992388248444,0.19991952180862427,1.9153846153585619e-07
176,development,dev_initial100,29,b02p09,2,1502002,9,sad,outputs/study1_35f100_v1/sad/b02p09.wav,sad,0.5454932451248169,sad,0.5454932451248169,1.7366226529702544e-05,2.7669634619087446e-06,8.77927741385065e-05,0.0007146908901631832,0.45287418365478516,2.5951245596900208e-09,0.5454932451248169,0.0008099952829070389,2.9227781219581805e-13
177,development,dev_initial100,29,b02p09,2,1502002,9,calm,outputs/study1_35f100_v1/calm/b02p09.wav,sad,0.9999998807907104,,,4.946735288058335e-08,6.818286379939309e-09,1.0213851986407008e-08,2.9195398099091108e-08,5.899860511249244e-08,2.0618522167392683e-10,0.9999998807907104,7.22962134602767e-09,1.082669720477332e-14
178,development,dev_initial100,29,b02p09,2,1502002,9,angry,outputs/study1_35f100_v1/angry/b02p09.wav,angry,0.9998432397842407,angry,0.9998432397842407,0.9998432397842407,1.6533331290702336e-05,3.1208332984533627e-06,7.365978672169149e-05,3.2701294117032376e-07,1.1142439689137973e-05,5.132453588885255e-05,5.427551741377101e-07,1.3140813957812636e-11
179,development,dev_initial100,29,b02p09,2,1502002,9,surprise,outputs/study1_35f100_v1/surprise/b02p09.wav,happy,1.0,surprised,1.0230410268929901e-11,5.7280041820817473e-11,5.33684693659886e-11,1.0880020842596316e-11,1.0,4.005352093831155e-13,5.3713205758199045e-12,1.5406955225505392e-11,1.0230410268929901e-11,1.823757014886838e-15
180,development,dev_initial100,30,b03p00,3,1502003,0,normal,outputs/study1_35f100_v1/normal/b03p00.wav,surprised,0.9955926537513733,neutral,1.8028942577075213e-05,7.771926902933046e-06,2.1217038010945544e-06,0.00013205758295953274,0.0013150705490261316,1.8028942577075213e-05,5.197234569792597e-12,0.002932355273514986,0.9955926537513733,1.5713419454499444e-10
181,development,dev_initial100,30,b03p00,3,1502003,0,happy,outputs/study1_35f100_v1/happy/b03p00.wav,surprised,0.9748685359954834,happy,0.022801201790571213,3.0884122679708526e-05,1.80703336809529e-05,0.000835214857943356,0.022801201790571213,0.00011003565305145457,2.431562728943959e-10,0.0013361233286559582,0.9748685359954834,3.67059671546599e-09
182,development,dev_initial100,30,b03p00,3,1502003,0,sad,outputs/study1_35f100_v1/sad/b03p00.wav,sad,1.0,sad,1.0,9.297286898690693e-12,5.588289830882331e-10,6.826195719789041e-10,9.14568143439709e-11,8.22513723797158e-11,1.7656269241800304e-12,1.0,5.194836227850885e-11,5.936287515380945e-19
183,development,dev_initial100,30,b03p00,3,1502003,0,calm,outputs/study1_35f100_v1/calm/b03p00.wav,sad,0.4726751744747162,,,0.0001252478250535205,5.7765981182456017e-05,0.0011618750868365169,0.1997007131576538,0.0010177396470680833,7.370701382569678e-09,0.4726751744747162,0.3252614736557007,1.7957395570533663e-09
184,development,dev_initial100,30,b03p00,3,1502003,0,angry,outputs/study1_35f100_v1/angry/b03p00.wav,surprised,0.8601359128952026,angry,0.03988870233297348,0.03988870233297348,0.009499086998403072,0.0849653035402298,0.0017322079511359334,5.6087661505443975e-05,1.4736892808286939e-06,0.0037074792198836803,0.8601359128952026,1.3715174645767547e-05
185,development,dev_initial100,30,b03p00,3,1502003,0,surprise,outputs/study1_35f100_v1/surprise/b03p00.wav,sad,0.9914442896842957,surprised,0.005163959227502346,5.049671381129883e-05,7.551718226750381e-06,0.0031175671610981226,4.523324241745286e-05,0.0001708190538920462,4.100479600310791e-08,0.9914442896842957,0.005163959227502346,6.019163834025676e-08
186,development,dev_initial100,31,b03p01,3,1502003,1,normal,outputs/study1_35f100_v1/normal/b03p01.wav,neutral,0.9994474053382874,neutral,0.9994474053382874,5.788655812466459e-07,1.5442894891748438e-06,1.0537231901253108e-05,1.70277326105861e-06,0.9994474053382874,5.43478873016312e-10,0.0004848271200899035,5.33005477336701e-05,4.330758321402506e-11
187,development,dev_initial100,31,b03p01,3,1502003,1,happy,outputs/study1_35f100_v1/happy/b03p01.wav,happy,0.9999866485595703,happy,0.9999866485595703,1.1429464485956942e-08,1.1484838857711566e-08,1.363221855399388e-07,0.9999866485595703,8.213467239670535e-09,6.171653899739171e-12,5.012032033846481e-07,1.2678821804001927e-05,2.429606212397961e-12
188,development,dev_initial100,31,b03p01,3,1502003,1,sad,outputs/study1_35f100_v1/sad/b03p01.wav,sad,0.9999998807907104,sad,0.9999998807907104,1.1210316008813948e-09,2.8752086933536702e-08,7.362240239672246e-08,6.428221066556716e-09,1.3928285191866507e-08,6.521282402971451e-10,0.9999998807907104,3.103987733510394e-09,7.894187690690724e-13
189,development,dev_initial100,31,b03p01,3,1502003,1,calm,outputs/study1_35f100_v1/calm/b03p01.wav,neutral,0.9999954700469971,,,9.184036642295723e-09,8.812579999073478e-09,2.59492480836343e-07,2.4770994144773795e-08,0.9999954700469971,1.048737702583069e-12,2.0840836896240944e-06,2.1331645712052705e-06,5.949033366620116e-12
190,development,dev_initial100,31,b03p01,3,1502003,1,angry,outputs/study1_35f100_v1/angry/b03p01.wav,surprised,0.9997108578681946,angry,8.340486488123133e-07,8.340486488123133e-07,8.829730404613656e-07,7.204001576610608e-06,0.00026732656988315284,2.790698374610656e-07,4.1158672607274904e-14,1.2640643944905605e-05,0.9997108578681946,1.2551221346968067e-11
191,development,dev_initial100,31,b03p01,3,1502003,1,surprise,outputs/study1_35f100_v1/surprise/b03p01.wav,surprised,0.9999978542327881,surprised,0.9999978542327881,1.5832570454676897e-07,1.0432916752733945e-08,2.347383976086803e-08,1.9480869468679884e-06,1.0197207522821827e-08,5.5150749465549085e-18,7.918938393913777e-08,0.9999978542327881,2.061433824611684e-15
192,development,dev_initial100,32,b03p02,3,1502003,2,normal,outputs/study1_35f100_v1/normal/b03p02.wav,angry,0.9785265922546387,neutral,0.0007927156984806061,0.9785265922546387,0.0007098164060153067,0.002206370932981372,0.010161809623241425,0.0007927156984806061,0.00019098327902611345,0.0054215858690440655,0.0019846234936267138,5.485260317072971e-06
193,development,dev_initial100,32,b03p02,3,1502003,2,happy,outputs/study1_35f100_v1/happy/b03p02.wav,happy,0.5684596300125122,happy,0.5684596300125122,4.8794213398650754e-06,1.5821835859242128e-06,1.8906510376837105e-05,0.5684596300125122,1.9753263131860876e-06,7.207014932758549e-13,3.6040222767041996e-05,0.43147701025009155,7.968659640564951e-14
194,development,dev_initial100,32,b03p02,3,1502003,2,sad,outputs/study1_35f100_v1/sad/b03p02.wav,surprised,0.9679126143455505,sad,0.029828786849975586,0.0005202935426495969,9.882631275104359e-05,0.0004809884412679821,0.0011038979282602668,5.46087758266367e-05,7.425697834406719e-10,0.029828786849975586,0.9679126143455505,4.254294250216617e-09
195,development,dev_initial100,32,b03p02,3,1502003,2,calm,outputs/study1_35f100_v1/calm/b03p02.wav,sad,0.9999996423721313,,,6.166766208792751e-09,4.021720201308199e-08,7.99294497255687e-08,2.2774154118110346e-08,8.563541342709868e-08,7.335220764126404e-10,0.9999996423721313,1.395697601935808e-08,5.584634317490345e-13
196,development,dev_initial100,32,b03p02,3,1502003,2,angry,outputs/study1_35f100_v1/angry/b03p02.wav,surprised,0.836952269077301,angry,0.009750645607709885,0.009750645607709885,3.35817712766584e-05,0.1491003930568695,0.003256375202909112,1.2022511327813845e-05,1.5551732346352765e-08,0.0008946111775003374,0.836952269077301,1.3355056616148886e-08
197,development,dev_initial100,32,b03p02,3,1502003,2,surprise,outputs/study1_35f100_v1/surprise/b03p02.wav,surprised,1.0,surprised,1.0,2.820728199626199e-11,3.5754527810683e-11,1.4545899207352164e-10,1.330067722626893e-09,3.748865454178407e-11,8.782287483629656e-23,1.7048587541701465e-10,1.0,3.5191300561817515e-21
198,development,dev_initial100,33,b03p03,3,1502003,3,normal,outputs/study1_35f100_v1/normal/b03p03.wav,surprised,0.9934050440788269,neutral,1.0546937119215727e-05,0.00018077528511639684,8.096707460936159e-05,0.000662293576169759,0.0004727244668174535,1.0546937119215727e-05,3.253048108664558e-10,0.0051875910721719265,0.9934050440788269,1.0042101372675916e-08
199,development,dev_initial100,33,b03p03,3,1502003,3,happy,outputs/study1_35f100_v1/happy/b03p03.wav,surprised,0.9640001654624939,happy,0.0022684193681925535,0.00011739552428480238,9.533267075312324e-06,0.009287848137319088,0.0022684193681925535,2.2815311240265146e-05,4.642448647729225e-10,0.024293754249811172,0.9640001654624939,1.148574568787808e-09
200,development,dev_initial100,33,b03p03,3,1502003,3,sad,outputs/study1_35f100_v1/sad/b03p03.wav,sad,1.0,sad,1.0,4.639758716118436e-11,1.1627578899719992e-08,9.008108037278362e-09,6.823275972012155e-11,1.220223921905017e-10,1.8530534745542226e-11,1.0,1.2008090355397627e-10,4.979458943389875e-20
201,development,dev_initial100,33,b03p03,3,1502003,3,calm,outputs/study1_35f100_v1/calm/b03p03.wav,sad,1.0,,,6.636925731218213e-11,5.685954831968765e-11,3.2333224986302866e-10,5.868382862983523e-11,3.518518809642046e-10,3.3248675758131355e-14,1.0,6.055915213742935e-10,6.543549560507106e-21
202,development,dev_initial100,33,b03p03,3,1502003,3,angry,outputs/study1_35f100_v1/angry/b03p03.wav,angry,1.0,angry,1.0,1.0,2.669691134826735e-10,4.736054950993385e-11,4.178075663219261e-09,1.423893114527175e-09,5.973640093866195e-13,1.0317623422295696e-09,9.147661295116905e-09,1.7458639444666713e-18
203,development,dev_initial100,33,b03p03,3,1502003,3,surprise,outputs/study1_35f100_v1/surprise/b03p03.wav,sad,0.6319902539253235,surprised,1.4408042261493392e-05,0.36417436599731445,5.18884917255491e-06,0.00012082173634553328,0.003686022013425827,1.1491162013044232e-06,7.718337656115182e-06,0.6319902539253235,1.4408042261493392e-05,1.8584363648682656e-12
204,development,dev_initial100,34,b03p04,3,1502003,4,normal,outputs/study1_35f100_v1/normal/b03p04.wav,sad,0.9996041655540466,neutral,0.00021040915453340858,3.0432793209911324e-06,2.9688665108551504e-06,5.4943026043474674e-05,5.335114565241383e-06,0.00021040915453340858,9.564447012166966e-09,0.9996041655540466,0.00011922894918825477,9.139938250690705e-10
205,development,dev_initial100,34,b03p04,3,1502003,4,happy,outputs/study1_35f100_v1/happy/b03p04.wav,sad,0.8632746338844299,happy,0.0001501347724115476,0.00013287777255754918,1.026924655889161e-05,0.002150413114577532,0.0001501347724115476,0.05318774655461311,2.7182065487352247e-09,0.8632746338844299,0.08109387755393982,2.9218433228450635e-10
206,development,dev_initial100,34,b03p04,3,1502003,4,sad,outputs/study1_35f100_v1/sad/b03p04.wav,surprised,0.8675598502159119,sad,0.02214205637574196,0.0002134944952558726,2.190256054745987e-06,0.0007658375543542206,0.003000610740855336,0.10631590336561203,1.272838778820784e-10,0.02214205637574196,0.8675598502159119,3.1334535660620944e-11
207,development,dev_initial100,34,b03p04,3,1502003,4,calm,outputs/study1_35f100_v1/calm/b03p04.wav,sad,0.9346227049827576,,,0.00012202360812807456,0.00014068922610022128,0.002332257805392146,0.0018559115706011653,0.016549188643693924,1.8671407531201112e-07,0.9346227049827576,0.04437582194805145,1.2966733038410894e-06
208,development,dev_initial100,34,b03p04,3,1502003,4,angry,outputs/study1_35f100_v1/angry/b03p04.wav,sad,0.9371659755706787,angry,0.0004051236901432276,0.0004051236901432276,0.02552640251815319,0.026527198031544685,0.007046845741569996,0.00042335805483162403,0.001271116198040545,0.9371659755706787,0.001594038330949843,3.996038867626339e-05
209,development,dev_initial100,34,b03p04,3,1502003,4,surprise,outputs/study1_35f100_v1/surprise/b03p04.wav,surprised,0.9999994039535522,surprised,0.9999994039535522,1.5974334743873442e-08,2.637839635610817e-08,4.1659323102294366e-08,5.244272642812575e-07,1.2928811798929019e-08,6.886843563862329e-18,6.017323528340057e-08,0.9999994039535522,3.825306160699059e-14
210,development,dev_initial100,35,b03p05,3,1502003,5,normal,outputs/study1_35f100_v1/normal/b03p05.wav,sad,0.9846583604812622,neutral,0.012095829471945763,0.0005762908258475363,1.922237606777344e-05,3.7161906220717356e-05,0.002568094525486231,0.012095829471945763,3.854943861369975e-05,0.9846583604812622,6.4120763454411644e-06,8.233248749434097e-09
211,development,dev_initial100,35,b03p05,3,1502003,5,happy,outputs/study1_35f100_v1/happy/b03p05.wav,neutral,0.8887571096420288,happy,0.025980336591601372,5.4243671911535785e-05,0.00017537211533635855,0.006582434289157391,0.025980336591601372,0.8887571096420288,1.4731296005265904e-06,0.05768181011080742,0.020751075819134712,1.6192105249501765e-05
212,development,dev_initial100,35,b03p05,3,1502003,5,sad,outputs/study1_35f100_v1/sad/b03p05.wav,sad,1.0,sad,1.0,4.019105794700328e-12,1.6125951962653318e-10,1.1290953588760644e-10,6.069322995572168e-12,1.7146574091131406e-11,1.754393749416397e-13,1.0,7.697334089562524e-12,7.813959460293416e-23
213,development,dev_initial100,35,b03p05,3,1502003,5,calm,outputs/study1_35f100_v1/calm/b03p05.wav,sad,0.9937103986740112,,,2.0033908185723703e-06,3.2184332212636946e-06,0.0004615000798366964,0.000295880192425102,1.0629903954395559e-05,1.7013448427860567e-09,0.9937103986740112,0.005516339559108019,1.7095062032623787e-09
214,development,dev_initial100,35,b03p05,3,1502003,5,angry,outputs/study1_35f100_v1/angry/b03p05.wav,angry,0.9975855350494385,angry,0.9975855350494385,0.9975855350494385,5.821977993036853e-07,1.7823289226726047e-06,6.3851884988253005e-06,4.14313399232924e-06,7.743836127893644e-11,1.046501438395353e-05,0.002391104120761156,2.031002969971052e-11
215,development,dev_initial100,35,b03p05,3,1502003,5,surprise,outputs/study1_35f100_v1/surprise/b03p05.wav,angry,0.9999998807907104,surprised,3.32059801877449e-09,0.9999998807907104,5.4975279883962e-10,3.160242345590092e-10,7.506326227257887e-09,8.199425138855077e-09,3.652542851506624e-11,1.5174661882610962e-07,3.32059801877449e-09,7.417430461414466e-17
216,development,dev_initial100,36,b03p06,3,1502003,6,normal,outputs/study1_35f100_v1/normal/b03p06.wav,happy,0.8610920310020447,neutral,0.00017350366397295147,0.07197979837656021,0.016341637820005417,0.0031445706263184547,0.8610920310020447,0.00017350366397295147,8.130479545798153e-05,0.007226759102195501,0.03992464765906334,3.5752367693930864e-05
217,development,dev_initial100,36,b03p06,3,1502003,6,happy,outputs/study1_35f100_v1/happy/b03p06.wav,happy,0.9958409667015076,happy,0.9958409667015076,3.3273677217948716e-06,7.498052582377568e-06,1.4029571502760518e-05,0.9958409667015076,0.0025875475257635117,3.2081587164611847e-07,0.0015166285447776318,2.964550549222622e-05,8.260499506640429e-10
218,development,dev_initial100,36,b03p06,3,1502003,6,sad,outputs/study1_35f100_v1/sad/b03p06.wav,sad,1.0,sad,1.0,5.743281284581458e-13,8.871329885973278e-12,1.3682101458745155e-11,1.6448353096221169e-12,2.53324748331063e-12,6.698055755464992e-15,1.0,2.818489582348538e-12,2.6722309754676236e-23
219,development,dev_initial100,36,b03p06,3,1502003,6,calm,outputs/study1_35f100_v1/calm/b03p06.wav,disgusted,0.9978823065757751,,,2.5607650968595408e-05,0.9978823065757751,0.0003291321045253426,0.0008173995884135365,0.00014740711776539683,0.00016027619130909443,0.0003969573590438813,9.959274757420644e-05,0.00014128765906207263
220,development,dev_initial100,36,b03p06,3,1502003,6,angry,outputs/study1_35f100_v1/angry/b03p06.wav,angry,0.9995315074920654,angry,0.9995315074920654,0.9995315074920654,7.347669907176169e-06,8.364895620616153e-06,2.734409827098716e-05,5.746942861151183e-06,4.579600044962717e-06,0.000412201537983492,2.9166533295210684e-06,6.054946127820315e-11
221,development,dev_initial100,36,b03p06,3,1502003,6,surprise,outputs/study1_35f100_v1/surprise/b03p06.wav,surprised,0.7159972190856934,surprised,0.7159972190856934,0.014933873899281025,0.00014611829828936607,0.002045226749032736,0.0012511477107182145,0.1266157180070877,2.84212582357668e-08,0.13901065289974213,0.7159972190856934,3.982724550155581e-08
222,development,dev_initial100,37,b03p07,3,1502003,7,normal,outputs/study1_35f100_v1/normal/b03p07.wav,neutral,0.9950260519981384,neutral,0.9950260519981384,1.6790799008958857e-06,1.4960173757572193e-06,0.00021390849724411964,1.9625051209004596e-05,0.9950260519981384,1.453572151532967e-09,0.004187911283224821,0.0005493422504514456,1.0940055111818836e-10
223,development,dev_initial100,37,b03p07,3,1502003,7,happy,outputs/study1_35f100_v1/happy/b03p07.wav,sad,0.9999918937683105,happy,6.900561402289895e-06,1.799608995156632e-08,4.199375069902089e-08,3.123919327663316e-07,6.900561402289895e-06,1.5833352051686234e-07,2.0587588578369065e-10,0.9999918937683105,6.284886922003352e-07,2.853859726661967e-13
224,development,dev_initial100,37,b03p07,3,1502003,7,sad,outputs/study1_35f100_v1/sad/b03p07.wav,sad,0.9999229907989502,sad,0.9999229907989502,5.82247764668864e-07,2.1567241503817058e-07,1.271462951990543e-05,1.0047299383586505e-06,1.6295520026687882e-06,3.3487707051804705e-10,0.9999229907989502,6.081670289859176e-05,7.382727068572237e-11
225,development,dev_initial100,37,b03p07,3,1502003,7,calm,outputs/study1_35f100_v1/calm/b03p07.wav,sad,0.9999946355819702,,,2.5365355327267025e-07,6.000089456392743e-07,2.2193294171302114e-06,2.13392254977407e-07,1.7113313788286177e-06,1.957281625664109e-08,0.9999946355819702,3.0970022635301575e-07,1.4122326918997175e-10
226,development,dev_initial100,37,b03p07,3,1502003,7,angry,outputs/study1_35f100_v1/angry/b03p07.wav,sad,0.9998108744621277,angry,0.00015736401837784797,0.00015736401837784797,5.742062057834119e-06,1.3930934073869139e-05,5.564033472182928e-06,1.9391763999010436e-06,4.3037093178099894e-07,0.9998108744621277,4.0689096749702e-06,2.1899666802216444e-10
227,development,dev_initial100,37,b03p07,3,1502003,7,surprise,outputs/study1_35f100_v1/surprise/b03p07.wav,surprised,0.9999994039535522,surprised,0.9999994039535522,1.2050909603544824e-08,1.14449898447333e-08,7.948079883135506e-08,3.533924086696061e-07,2.2015104406136743e-08,5.640962323208435e-18,1.078197158221883e-07,0.9999994039535522,2.7981731718479917e-14
228,development,dev_initial100,38,b03p08,3,1502003,8,normal,outputs/study1_35f100_v1/normal/b03p08.wav,happy,0.8117181658744812,neutral,0.00026046912535093725,0.0022180050145834684,0.000492770632263273,0.0008480810793116689,0.8117181658744812,0.00026046912535093725,1.7526446072224644e-07,0.0008310752455145121,0.18362990021705627,1.4344539067678852e-06
229,development,dev_initial100,38,b03p08,3,1502003,8,happy,outputs/study1_35f100_v1/happy/b03p08.wav,neutral,0.7523387670516968,happy,0.24238693714141846,1.255064216820756e-05,6.708111413900042e-06,0.00010873920837184414,0.24238693714141846,0.7523387670516968,3.3759415263290293e-09,6.986381049500778e-05,0.0050765094347298145,5.826581578327605e-11
230,development,dev_initial100,38,b03p08,3,1502003,8,sad,outputs/study1_35f100_v1/sad/b03p08.wav,sad,0.9999995231628418,sad,0.9999995231628418,2.0309591786116243e-09,1.9114036575729187e-08,1.7994373990859458e-08,7.475566121684096e-08,3.1302445790970523e-07,2.691460110337829e-10,0.9999995231628418,8.442903265404311e-09,3.1837100772542926e-13
231,development,dev_initial100,38,b03p08,3,1502003,8,calm,outputs/study1_35f100_v1/calm/b03p08.wav,neutral,0.9991766810417175,,,8.967812448190671e-08,5.672071665685507e-07,7.725803357061523e-07,2.2742246983398218e-06,0.9991766810417175,1.5039034906294546e-08,0.0008194282418116927,8.095162939980582e-08,7.335312370536362e-13
232,development,dev_initial100,38,b03p08,3,1502003,8,angry,outputs/study1_35f100_v1/angry/b03p08.wav,angry,0.9999969005584717,angry,0.9999969005584717,0.9999969005584717,7.790838196797267e-08,8.366340153997953e-08,2.699825074614637e-07,1.4236077561236016e-07,9.148692914351386e-10,1.3204438573666266e-06,1.2600401078088908e-06,6.857090849993197e-13
233,development,dev_initial100,38,b03p08,3,1502003,8,surprise,outputs/study1_35f100_v1/surprise/b03p08.wav,happy,0.9869575500488281,surprised,0.0008014993509277701,0.00026126878219656646,0.011381362564861774,0.0001519307552371174,0.9869575500488281,5.227224755799398e-05,3.506167922751047e-05,0.00032008724519982934,0.0008014993509277701,3.902905518771149e-05
234,development,dev_initial100,39,b03p09,3,1502003,9,normal,outputs/study1_35f100_v1/normal/b03p09.wav,happy,0.9121138453483582,neutral,0.0023225864861160517,0.0001839261967688799,9.768833842827007e-05,0.0004198823298793286,0.9121138453483582,0.0023225864861160517,5.6093274025670325e-08,0.006598948035389185,0.07826273143291473,2.392362432601658e-07
235,development,dev_initial100,39,b03p09,3,1502003,9,happy,outputs/study1_35f100_v1/happy/b03p09.wav,sad,0.9999939203262329,happy,1.566037781230989e-06,1.748961686587336e-08,2.440482091969898e-07,3.7271743167366367e-06,1.566037781230989e-06,4.244480749093782e-07,2.648336305810517e-08,0.9999939203262329,1.112395509039743e-07,1.5979356726703031e-09
236,development,dev_initial100,39,b03p09,3,1502003,9,sad,outputs/study1_35f100_v1/sad/b03p09.wav,sad,0.9999971389770508,sad,0.9999971389770508,1.1353575857242504e-09,3.870244142945012e-07,2.532620101192151e-06,8.463892697818665e-09,1.0235666536573262e-08,7.122895162581244e-09,0.9999971389770508,5.354364507326181e-09,3.0580453788128055e-15
237,development,dev_initial100,39,b03p09,3,1502003,9,calm,outputs/study1_35f100_v1/calm/b03p09.wav,sad,1.0,,,4.625768518229378e-12,1.6972827310279825e-10,7.627788956021675e-10,4.896730937398175e-11,4.271208386974479e-11,3.671670985912895e-13,1.0,5.499371444339651e-11,3.425358793991209e-20
238,development,dev_initial100,39,b03p09,3,1502003,9,angry,outputs/study1_35f100_v1/angry/b03p09.wav,angry,0.9736379981040955,angry,0.9736379981040955,0.9736379981040955,0.00010191276669502258,0.00028303192812018096,0.0012981516774743795,0.00020599417621269822,2.597574848550721e-07,0.003072881605476141,0.021399669349193573,3.520397129364028e-08
239,development,dev_initial100,39,b03p09,3,1502003,9,surprise,outputs/study1_35f100_v1/surprise/b03p09.wav,angry,0.9999978542327881,surprised,1.794324589354801e-06,0.9999978542327881,5.622107224212414e-09,2.9843580939825642e-09,1.7661430717907933e-07,3.884462529413213e-08,4.27614497630624e-12,6.19388202949267e-08,1.794324589354801e-06,8.155644556539414e-16
240,development,dev_initial100,40,b04p00,4,1502004,0,normal,outputs/study1_35f100_v1/normal/b04p00.wav,sad,0.9992628693580627,neutral,0.0002574635436758399,8.172211209966918e-07,7.700722335357568e-07,0.00017339868645649403,7.172755431383848e-06,0.0002574635436758399,2.3359558731783636e-09,0.9992628693580627,0.00029748096130788326,5.748675979688755e-10
241,development,dev_initial100,40,b04p00,4,1502004,0,happy,outputs/study1_35f100_v1/happy/b04p00.wav,sad,0.999460756778717,happy,6.293940714385826e-06,3.232791812024516e-07,1.12824352527241e-06,7.686827302677557e-06,6.293940714385826e-06,0.0005155890830792487,3.908914969485977e-09,0.999460756778717,8.225757483160123e-06,3.0061732183422896e-12
242,development,dev_initial100,40,b04p00,4,1502004,0,sad,outputs/study1_35f100_v1/sad/b04p00.wav,sad,1.0,sad,1.0,1.463740240126299e-11,3.8194761242671404e-10,8.265181317135273e-10,6.908396077420775e-11,1.213789485587924e-10,6.298707757625144e-13,1.0,1.6102501276815673e-10,2.6474399405417994e-18
243,development,dev_initial100,40,b04p00,4,1502004,0,calm,outputs/study1_35f100_v1/calm/b04p00.wav,sad,0.9996346235275269,,,1.4336147557969525e-07,1.0411702078272356e-07,8.348340543307131e-07,5.340120310393104e-07,0.0003607501566875726,7.30324273279237e-11,0.9996346235275269,2.9008035653532716e-06,1.116330661570452e-15
244,development,dev_initial100,40,b04p00,4,1502004,0,angry,outputs/study1_35f100_v1/angry/b04p00.wav,angry,0.9961369633674622,angry,0.9961369633674622,0.9961369633674622,0.0001483117521274835,4.4190368498675525e-05,0.00011905427527381107,1.3779244909528643e-05,1.1070466143792146e-07,5.25845171068795e-05,0.003485040972009301,2.72343303464595e-08
245,development,dev_initial100,40,b04p00,4,1502004,0,surprise,outputs/study1_35f100_v1/surprise/b04p00.wav,surprised,0.5604949593544006,surprised,0.5604949593544006,0.00016040392802096903,3.4447413781890646e-05,0.0003245893167331815,0.4380553364753723,0.0001292646338697523,8.26253787611364e-10,0.0008009519660845399,0.5604949593544006,1.9569788012319123e-09
246,development,dev_initial100,41,b04p01,4,1502004,1,normal,outputs/study1_35f100_v1/normal/b04p01.wav,surprised,0.999848484992981,neutral,2.8477828891482204e-05,4.891606977253105e-07,1.8507790855437634e-07,2.400165840299451e-06,5.0325088523095474e-05,2.8477828891482204e-05,1.5195478000342398e-14,6.953252159291878e-05,0.999848484992981,1.6495434575561352e-12
247,development,dev_initial100,41,b04p01,4,1502004,1,happy,outputs/study1_35f100_v1/happy/b04p01.wav,surprised,0.919750988483429,happy,0.005972677376121283,0.00014684966299682856,6.22952138655819e-05,0.0009170441189780831,0.005972677376121283,0.009655007161200047,2.1209070055761003e-09,0.06349516659975052,0.919750988483429,1.7804024921019845e-08
248,development,dev_initial100,41,b04p01,4,1502004,1,sad,outputs/study1_35f100_v1/sad/b04p01.wav,sad,1.0,sad,1.0,9.986124774319372e-12,1.3971702683690523e-09,1.2261575088601262e-09,3.3091446249855494e-11,6.871455487944544e-11,2.440167208919708e-12,1.0,3.143264468152829e-11,3.594004845798789e-21
249,development,dev_initial100,41,b04p01,4,1502004,1,calm,outputs/study1_35f100_v1/calm/b04p01.wav,sad,1.0,,,1.729734758204593e-11,2.98400038012403e-09,6.511815975329682e-09,4.903553951773887e-11,6.109909106433165e-11,5.7042339601798275e-12,1.0,8.090748904177048e-11,3.495743786183802e-20
250,development,dev_initial100,41,b04p01,4,1502004,1,angry,outputs/study1_35f100_v1/angry/b04p01.wav,surprised,1.0,angry,2.2910017632993274e-11,2.2910017632993274e-11,3.562614439567291e-11,2.0606022443914185e-10,1.0173718534289833e-09,2.9293307363120746e-11,7.761170150693474e-23,3.1806821065849533e-10,1.0,1.977482286955633e-21
251,development,dev_initial100,41,b04p01,4,1502004,1,surprise,outputs/study1_35f100_v1/surprise/b04p01.wav,happy,0.9998326301574707,surprised,0.00016453731223009527,2.878863938349241e-07,6.422073397516215e-07,8.461620950583892e-07,0.9998326301574707,1.2479451072522352e-07,1.3352836891744602e-10,1.0100102372234687e-06,0.00016453731223009527,4.738887615651777e-10
252,development,dev_initial100,42,b04p02,4,1502004,2,normal,outputs/study1_35f100_v1/normal/b04p02.wav,neutral,0.8280189037322998,neutral,0.8280189037322998,2.7414016585680656e-05,1.6312837033183314e-05,0.005779265891760588,0.00020830091671086848,0.8280189037322998,2.603310456095187e-09,0.004888979252427816,0.16106079518795013,3.779237900403132e-08
253,development,dev_initial100,42,b04p02,4,1502004,2,happy,outputs/study1_35f100_v1/happy/b04p02.wav,neutral,0.3270706236362457,happy,0.29030686616897583,8.8308377598878e-05,0.0003362195857334882,0.0049428194761276245,0.29030686616897583,0.3270706236362457,3.5037083989664097e-07,0.2112027108669281,0.16605030000209808,1.800480958991102e-06
254,development,dev_initial100,42,b04p02,4,1502004,2,sad,outputs/study1_35f100_v1/sad/b04p02.wav,sad,1.0,sad,1.0,1.2134971846822218e-11,5.866818697519705e-10,1.6497517796310035e-09,8.085082950359812e-12,3.5387349300863846e-11,1.466412982795845e-13,1.0,1.674171912213751e-10,1.7959427996879527e-21
255,development,dev_initial100,42,b04p02,4,1502004,2,calm,outputs/study1_35f100_v1/calm/b04p02.wav,sad,1.0,,,4.182462536028719e-12,1.9147523844242897e-10,1.511862163239286e-10,4.428131038930472e-12,2.1232763811052102e-11,2.7525047128704183e-13,1.0,9.037747113194161e-12,3.8218014199873e-21
256,development,dev_initial100,42,b04p02,4,1502004,2,angry,outputs/study1_35f100_v1/angry/b04p02.wav,sad,0.5446529984474182,angry,0.4533401429653168,0.4533401429653168,0.00020808848785236478,0.000633975665550679,0.00021529941295739263,0.00015565886860713363,6.06741150477319e-06,0.5446529984474182,0.0007877323077991605,7.737664953211265e-10
257,development,dev_initial100,42,b04p02,4,1502004,2,surprise,outputs/study1_35f100_v1/surprise/b04p02.wav,surprised,0.5926111340522766,surprised,0.5926111340522766,0.05410246551036835,0.0016313849482685328,0.003577643074095249,0.3324005603790283,0.000589375093113631,1.0466347930560005e-06,0.015084609389305115,0.5926111340522766,1.7794590121411602e-06
258,development,dev_initial100,43,b04p03,4,1502004,3,normal,outputs/study1_35f100_v1/normal/b04p03.wav,sad,1.0,neutral,2.383702124575393e-10,2.8733845164330418e-11,3.1485900553462898e-09,7.581030914138864e-09,3.432492068355941e-10,2.383702124575393e-10,1.6309467665287514e-11,1.0,1.8826414038830563e-10,4.213621230807864e-18
259,development,dev_initial100,43,b04p03,4,1502004,3,happy,outputs/study1_35f100_v1/happy/b04p03.wav,happy,0.9999996423721313,happy,0.9999996423721313,6.725206502800063e-11,1.5240826656270912e-10,1.2273176919208595e-09,0.9999996423721313,1.159469881217845e-10,1.6806976817218544e-14,6.155437937138686e-09,3.290382153409155e-07,6.407582958621312e-16
260,development,dev_initial100,43,b04p03,4,1502004,3,sad,outputs/study1_35f100_v1/sad/b04p03.wav,sad,1.0,sad,1.0,6.8924574381235e-11,6.408120700740483e-09,8.625536729311989e-09,1.884201461521684e-09,8.287723285427262e-10,6.470420033100055e-11,1.0,3.7878739034269415e-10,1.7988485287651675e-15
261,development,dev_initial100,43,b04p03,4,1502004,3,calm,outputs/study1_35f100_v1/calm/b04p03.wav,sad,0.9999908208847046,,,1.642974325477553e-07,1.769466990708679e-07,6.607830073335208e-06,2.2455148496192123e-07,5.342864142221515e-07,2.9679545487937276e-09,0.9999908208847046,1.4961927945478237e-06,1.7586788969570222e-10
262,development,dev_initial100,43,b04p03,4,1502004,3,angry,outputs/study1_35f100_v1/angry/b04p03.wav,surprised,1.0,angry,6.953660564024133e-11,6.953660564024133e-11,4.142917259253309e-11,1.2738006482937436e-10,3.76727454787229e-10,2.8856871753246693e-11,1.1193363216524605e-22,1.4140083548497273e-10,1.0,5.724327330175634e-21
263,development,dev_initial100,43,b04p03,4,1502004,3,surprise,outputs/study1_35f100_v1/surprise/b04p03.wav,surprised,0.9999983310699463,surprised,0.9999983310699463,3.574456997057496e-08,1.0319407550696269e-07,1.5876318570917647e-07,1.2196356919957907e-06,1.849536346298919e-08,5.433410630681937e-17,1.8467522977516637e-07,0.9999983310699463,4.382914387326964e-13
264,development,dev_initial100,44,b04p04,4,1502004,4,normal,outputs/study1_35f100_v1/normal/b04p04.wav,sad,0.9535034894943237,neutral,1.648973375267815e-05,3.193936572642997e-05,2.2748605260858312e-05,0.001015348476357758,0.006084398366510868,1.648973375267815e-05,5.889935650316147e-09,0.9535034894943237,0.03932555764913559,9.579725901431857e-10
265,development,dev_initial100,44,b04p04,4,1502004,4,happy,outputs/study1_35f100_v1/happy/b04p04.wav,surprised,0.999994158744812,happy,5.6920721362985205e-06,2.6655100349159966e-09,1.0970488961703495e-09,1.6906767541513545e-08,5.6920721362985205e-06,5.485810028460492e-09,2.0257654493893355e-19,4.742072690078203e-08,0.999994158744812,9.040045983535838e-18
266,development,dev_initial100,44,b04p04,4,1502004,4,sad,outputs/study1_35f100_v1/sad/b04p04.wav,sad,1.0,sad,1.0,2.6616388129965807e-13,7.521205880323123e-12,8.453174792089069e-12,8.745056545231278e-13,1.3708424586450496e-12,3.984713187394403e-15,1.0,8.854792441816139e-13,1.3858313952470125e-25
267,development,dev_initial100,44,b04p04,4,1502004,4,calm,outputs/study1_35f100_v1/calm/b04p04.wav,sad,0.9605487585067749,,,5.8507830544840544e-05,9.813872748054564e-05,0.009959552437067032,0.0022015408612787724,0.00013445454533211887,2.189849936939936e-07,0.9605487585067749,0.02699865587055683,1.863213441311018e-07
268,development,dev_initial100,44,b04p04,4,1502004,4,angry,outputs/study1_35f100_v1/angry/b04p04.wav,angry,0.5669483542442322,angry,0.5669483542442322,0.5669483542442322,0.0022166769485920668,0.0019940342754125595,0.017698990181088448,0.00027463468722999096,6.683061656076461e-05,0.40367791056632996,0.007122201845049858,3.3097816753979714e-07
269,development,dev_initial100,44,b04p04,4,1502004,4,surprise,outputs/study1_35f100_v1/surprise/b04p04.wav,surprised,0.8757456541061401,surprised,0.8757456541061401,0.0001650784251978621,0.0003810030175372958,0.11122757941484451,0.006719138007611036,2.083643812511582e-05,3.7222143589588086e-08,0.005740475840866566,0.8757456541061401,3.049240717700741e-07
270,development,dev_initial100,45,b04p05,4,1502004,5,normal,outputs/study1_35f100_v1/normal/b04p05.wav,sad,0.9999474287033081,neutral,2.8478065360104665e-05,1.6084990193121484e-06,6.898819719936e-06,1.2106974281778093e-05,1.3317373941390542e-06,2.8478065360104665e-05,3.069631020480301e-07,0.9999474287033081,1.695747414487414e-06,7.419479430836873e-08
271,development,dev_initial100,45,b04p05,4,1502004,5,happy,outputs/study1_35f100_v1/happy/b04p05.wav,happy,0.9999998807907104,happy,0.9999998807907104,4.6425313593445594e-10,4.423393207275694e-09,4.125777497421268e-09,0.9999998807907104,7.674058610795953e-11,3.3031706710151543e-12,5.860557816816936e-09,9.201439610251327e-08,5.368080654467866e-13
272,development,dev_initial100,45,b04p05,4,1502004,5,sad,outputs/study1_35f100_v1/sad/b04p05.wav,sad,0.9999716281890869,sad,0.9999716281890869,2.3894818568237497e-08,8.844305625643756e-07,2.688808490347583e-05,1.199306183252702e-07,1.7388468620538333e-07,1.3455975533815945e-07,0.9999716281890869,5.653996737464695e-08,3.1836142055929884e-10
273,development,dev_initial100,45,b04p05,4,1502004,5,calm,outputs/study1_35f100_v1/calm/b04p05.wav,sad,0.9537081718444824,,,1.5610596619808348e-06,3.878958978020819e-06,4.252784856362268e-05,1.2262324162293226e-05,0.04621617868542671,1.3134899390365717e-08,0.9537081718444824,1.5440775314345956e-05,3.179045568457717e-13
274,development,dev_initial100,45,b04p05,4,1502004,5,angry,outputs/study1_35f100_v1/angry/b04p05.wav,angry,1.0,angry,1.0,1.0,5.897981322083856e-12,6.178340716637976e-13,1.1358063795041673e-10,6.056870976989259e-11,2.964992414458169e-14,1.0441468523136876e-10,6.560128135157939e-11,1.0421429373063464e-22
275,development,dev_initial100,45,b04p05,4,1502004,5,surprise,outputs/study1_35f100_v1/surprise/b04p05.wav,angry,0.4508970081806183,surprised,0.14188580214977264,0.4508970081806183,0.03492350876331329,0.024653712287545204,0.29588836431503296,0.00016370236699003726,0.00020010292064398527,0.051361631602048874,0.14188580214977264,2.613656033645384e-05
276,development,dev_initial100,46,b04p06,4,1502004,6,normal,outputs/study1_35f100_v1/normal/b04p06.wav,neutral,0.6908808350563049,neutral,0.6908808350563049,5.503114880411886e-05,0.00013069092528894544,0.0026096815709024668,0.0842016339302063,0.6908808350563049,4.7168391859031544e-08,0.004328595008701086,0.2177928388118744,6.711461537634023e-07
277,development,dev_initial100,46,b04p06,4,1502004,6,happy,outputs/study1_35f100_v1/happy/b04p06.wav,surprised,0.9904845952987671,happy,0.009510365314781666,2.7605588570622785e-07,1.0846027720390339e-07,1.635479748074431e-06,0.009510365314781666,2.3645978330932849e-07,1.3195325950673378e-15,2.783623585855821e-06,0.9904845952987671,2.7762616577002965e-15
278,development,dev_initial100,46,b04p06,4,1502004,6,sad,outputs/study1_35f100_v1/sad/b04p06.wav,sad,0.9999970197677612,sad,0.9999970197677612,2.4843140877806036e-08,3.180780367983971e-07,2.1524915609916206e-06,9.765101083303307e-08,3.2917290582190617e-07,1.8710071714167498e-08,0.9999970197677612,6.884708625420899e-08,2.3369575719023317e-10
279,development,dev_initial100,46,b04p06,4,1502004,6,calm,outputs/study1_35f100_v1/calm/b04p06.wav,sad,0.9999984502792358,,,3.4135676507673907e-09,1.109336178473086e-08,5.2637560088442115e-08,9.849107982518035e-07,5.311594009071996e-07,1.2026339646364903e-10,0.9999984502792358,5.77130023771133e-08,4.143916248556048e-14
280,development,dev_initial100,46,b04p06,4,1502004,6,angry,outputs/study1_35f100_v1/angry/b04p06.wav,sad,0.9997164607048035,angry,0.0002598589926492423,0.0002598589926492423,5.465296908369055e-07,9.571751434123144e-06,4.460422587726498e-06,2.220062697233516e-06,3.4365136514225014e-08,0.9997164607048035,6.888247298775241e-06,6.402068111754922e-12
281,development,dev_initial100,46,b04p06,4,1502004,6,surprise,outputs/study1_35f100_v1/surprise/b04p06.wav,sad,1.0,surprised,3.9991385311806404e-13,1.4768123789837828e-13,2.682402910902937e-12,3.4326718984650784e-12,2.53485085569341e-13,2.8081638576982204e-13,1.7135686163608941e-15,1.0,3.9991385311806404e-13,7.003071763940074e-25
282,development,dev_initial100,47,b04p07,4,1502004,7,normal,outputs/study1_35f100_v1/normal/b04p07.wav,sad,0.9993348717689514,neutral,3.469381408649497e-05,0.0005368854617699981,3.5604914501163876e-06,2.5330738935736008e-05,3.0462239010375924e-05,3.469381408649497e-05,2.129442009390914e-07,0.9993348717689514,3.3849046303657815e-05,2.2365116703060295e-10
283,development,dev_initial100,47,b04p07,4,1502004,7,happy,outputs/study1_35f100_v1/happy/b04p07.wav,surprised,0.35379719734191895,happy,0.17525312304496765,3.5482909879647195e-05,0.00037974471342749894,0.33374112844467163,0.17525312304496765,8.046616858337075e-05,2.683885043097689e-07,0.136712446808815,0.35379719734191895,1.4904217948696896e-07
284,development,dev_initial100,47,b04p07,4,1502004,7,sad,outputs/study1_35f100_v1/sad/b04p07.wav,sad,0.9735906720161438,sad,0.9735906720161438,2.9183269134591683e-07,1.8212443819720647e-06,0.02636125683784485,2.4360339011764154e-05,3.181660758855287e-06,3.8657194068036915e-07,0.9735906720161438,1.7970292901736684e-05,2.3566023799048708e-08
285,development,dev_initial100,47,b04p07,4,1502004,7,calm,outputs/study1_35f100_v1/calm/b04p07.wav,sad,0.9999998807907104,,,3.9896681514051124e-09,1.3512894803113795e-08,4.838452483113542e-08,6.1188010214152655e-09,9.461673045052521e-08,3.728534495039959e-11,0.9999998807907104,3.528603187419321e-08,3.220267815969881e-14
286,development,dev_initial100,47,b04p07,4,1502004,7,angry,outputs/study1_35f100_v1/angry/b04p07.wav,surprised,0.9999973773956299,angry,5.452124529625735e-09,5.452124529625735e-09,1.864665311046565e-09,1.1555628134374274e-06,1.224483270334531e-07,6.568243282600861e-09,2.231889423008688e-18,1.3042508726357482e-06,0.9999973773956299,2.292231032738931e-16
287,development,dev_initial100,47,b04p07,4,1502004,7,surprise,outputs/study1_35f100_v1/surprise/b04p07.wav,surprised,0.9999940395355225,surprised,0.9999940395355225,3.869085958285723e-06,7.030070747759964e-08,1.3106098606385785e-07,1.4758852557861246e-06,7.850736949421844e-08,2.523967335706887e-16,3.845804883439996e-07,0.9999940395355225,3.325908884237172e-13
288,development,dev_initial100,48,b04p08,4,1502004,8,normal,outputs/study1_35f100_v1/normal/b04p08.wav,surprised,0.9808194041252136,neutral,0.0016779160359874368,0.0007219865219667554,0.00011870415619341657,0.00024975783890113235,0.01442783884704113,0.0016779160359874368,1.9137862405926853e-09,0.0019844903144985437,0.9808194041252136,2.427258927184539e-08
289,development,dev_initial100,48,b04p08,4,1502004,8,happy,outputs/study1_35f100_v1/happy/b04p08.wav,surprised,0.9766319394111633,happy,0.0020132933277636766,1.9756642359425314e-05,7.5636094152287114e-06,0.001345157972536981,0.0020132933277636766,0.011878633871674538,2.104063312469151e-10,0.008103664964437485,0.9766319394111633,4.321634161641441e-09
290,development,dev_initial100,48,b04p08,4,1502004,8,sad,outputs/study1_35f100_v1/sad/b04p08.wav,sad,1.0,sad,1.0,3.3583146680227216e-11,2.7387114798216317e-09,1.775111391211226e-09,2.3469287277477768e-11,5.35781974342342e-10,2.556332099126757e-12,1.0,9.202637957228532e-11,1.783715309244443e-20
291,development,dev_initial100,48,b04p08,4,1502004,8,calm,outputs/study1_35f100_v1/calm/b04p08.wav,sad,1.0,,,2.7777702013564998e-11,6.425068255211386e-10,9.013619850506416e-10,1.8445691155055677e-11,1.189395804068738e-10,4.238660475126138e-13,1.0,1.4178894169880607e-10,1.379574087437927e-20
292,development,dev_initial100,48,b04p08,4,1502004,8,angry,outputs/study1_35f100_v1/angry/b04p08.wav,angry,0.9966288208961487,angry,0.9966288208961487,0.9966288208961487,2.143278379662661e-06,8.547977813577745e-06,7.988879588083364e-06,2.1469156763487263e-06,2.9051588912309967e-10,6.984094943618402e-05,0.0032804375514388084,4.158729784153881e-12
293,development,dev_initial100,48,b04p08,4,1502004,8,surprise,outputs/study1_35f100_v1/surprise/b04p08.wav,angry,1.0,surprised,4.125317795700134e-11,1.0,7.483742792135928e-12,6.545224431886432e-13,5.2656441706933066e-11,4.725263583194028e-11,4.1825541646648215e-14,1.4261618275224208e-10,4.125317795700134e-11,1.8492228691233633e-22
294,development,dev_initial100,49,b04p09,4,1502004,9,normal,outputs/study1_35f100_v1/normal/b04p09.wav,neutral,0.9722469449043274,neutral,0.9722469449043274,6.569748802576214e-05,5.576678449870087e-05,8.444779814453796e-05,0.015390859916806221,0.9722469449043274,1.6311350492514975e-08,0.0006142733036540449,0.011541876010596752,2.0556047974906733e-09
295,development,dev_initial100,49,b04p09,4,1502004,9,happy,outputs/study1_35f100_v1/happy/b04p09.wav,happy,0.9761590361595154,happy,0.9761590361595154,1.064208049683657e-06,3.416858589844196e-06,2.4028649932006374e-05,0.9761590361595154,8.694026473676786e-05,4.4329237169904445e-08,0.02370847947895527,1.6979025531327352e-05,1.520268963885532e-13
296,development,dev_initial100,49,b04p09,4,1502004,9,sad,outputs/study1_35f100_v1/sad/b04p09.wav,sad,0.9999998807907104,sad,0.9999998807907104,1.2269006643972347e-10,5.410534686944857e-09,1.0422580487556843e-07,9.350575869149225e-10,3.551644534027787e-10,1.2941306880287495e-11,0.9999998807907104,2.8202356006090668e-09,7.311409067942319e-17
297,development,dev_initial100,49,b04p09,4,1502004,9,calm,outputs/study1_35f100_v1/calm/b04p09.wav,sad,0.9981437921524048,,,1.4726080053151236e-06,2.7953933567914646e-06,6.738092633895576e-05,3.5831912100547925e-05,0.00166287028696388,1.3011445254562659e-08,0.9981437921524048,8.599081775173545e-05,7.688166075991987e-11
298,development,dev_initial100,49,b04p09,4,1502004,9,angry,outputs/study1_35f100_v1/angry/b04p09.wav,angry,1.0,angry,1.0,1.0,2.643393837153951e-10,1.4443022298971098e-11,1.0602949629401337e-09,3.9805606033560537e-10,1.8573411038336207e-12,3.2195210941665664e-09,4.030263900389741e-10,1.2775923306535854e-20
299,development,dev_initial100,49,b04p09,4,1502004,9,surprise,outputs/study1_35f100_v1/surprise/b04p09.wav,happy,0.7153794765472412,surprised,0.0006639118655584753,3.526774526108056e-05,2.9744762287009507e-05,1.891431566036772e-05,0.7153794765472412,0.28279632329940796,4.1684533158559134e-08,0.0010763525497168303,0.0006639118655584753,2.7851703582326692e-11
300,development,dev_initial100,50,b05p00,5,1502005,0,normal,outputs/study1_35f100_v1/normal/b05p00.wav,neutral,0.9999078512191772,neutral,0.9999078512191772,2.0997755711960053e-07,6.26400321834808e-07,6.961221856727207e-07,5.994193270453252e-05,0.9999078512191772,1.1714829106779234e-09,2.2730184355168603e-05,7.903273399278987e-06,2.456939096617816e-10
301,development,dev_initial100,50,b05p00,5,1502005,0,happy,outputs/study1_35f100_v1/happy/b05p00.wav,surprised,0.4519284963607788,happy,0.16128727793693542,0.0010196620132774115,0.0004575051134452224,0.0022999276407063007,0.16128727793693542,0.3387013077735901,1.6952422754457075e-07,0.04430435225367546,0.4519284963607788,1.3375544085647562e-06
302,development,dev_initial100,50,b05p00,5,1502005,0,sad,outputs/study1_35f100_v1/sad/b05p00.wav,sad,0.9999998807907104,sad,0.9999998807907104,5.881843345711957e-10,2.3621158362630013e-08,1.648059679837388e-07,7.450237649031521e-10,8.726195765973443e-09,9.918248861096046e-11,0.9999998807907104,5.351060927694107e-09,6.9391242968688815e-15
303,development,dev_initial100,50,b05p00,5,1502005,0,calm,outputs/study1_35f100_v1/calm/b05p00.wav,sad,0.9221974611282349,,,0.00038062722887843847,0.0280001237988472,0.0072880401276052,0.0004154628550168127,0.03791946917772293,0.0001767577778082341,0.9221974611282349,0.0034970298875123262,0.00012505800987128168
304,development,dev_initial100,50,b05p00,5,1502005,0,angry,outputs/study1_35f100_v1/angry/b05p00.wav,angry,1.0,angry,1.0,1.0,5.985558728348328e-13,4.0371799328066393e-14,1.235525657478087e-11,9.043091796223646e-12,3.018509057208527e-15,2.0821329035913827e-11,4.07887959519293e-12,1.2991496333480975e-25
305,development,dev_initial100,50,b05p00,5,1502005,0,surprise,outputs/study1_35f100_v1/surprise/b05p00.wav,angry,0.5855205059051514,surprised,0.0005655470886267722,0.5855205059051514,0.034921929240226746,0.0018839241238310933,0.00223548780195415,0.006403384264558554,0.007216827943921089,0.3612503111362457,0.0005655470886267722,2.095240006383392e-06
306,development,dev_initial100,51,b05p01,5,1502005,1,normal,outputs/study1_35f100_v1/normal/b05p01.wav,happy,0.9997746348381042,neutral,1.3294841664901469e-05,1.2254407010914292e-05,0.0001333834370598197,9.752833648235537e-06,0.9997746348381042,1.3294841664901469e-05,3.99404370909906e-06,1.3337536074686795e-05,2.4249615307780914e-05,1.5178638022916857e-05
307,development,dev_initial100,51,b05p01,5,1502005,1,happy,outputs/study1_35f100_v1/happy/b05p01.wav,neutral,0.8804338574409485,happy,0.0012223828816786408,1.4466719221672975e-05,1.738794890115969e-05,0.008381255902349949,0.0012223828816786408,0.8804338574409485,1.2651381275929907e-08,0.033879354596138,0.0760512724518776,3.874717080520895e-08
308,development,dev_initial100,51,b05p01,5,1502005,1,sad,outputs/study1_35f100_v1/sad/b05p01.wav,sad,0.9999837875366211,sad,0.9999837875366211,4.09977610615897e-06,2.009644504141761e-06,7.594968565172167e-07,4.920864853374951e-07,8.520028131897561e-06,9.186771166014296e-08,0.9999837875366211,2.1262350458073342e-07,7.540781193915436e-11
309,development,dev_initial100,51,b05p01,5,1502005,1,calm,outputs/study1_35f100_v1/calm/b05p01.wav,sad,1.0,,,2.632432900134818e-12,1.13198048157237e-10,5.82760298351026e-11,5.606379943623452e-12,8.906425076615765e-12,4.035334349658526e-13,1.0,2.2187358287434344e-12,7.914852750587266e-22
310,development,dev_initial100,51,b05p01,5,1502005,1,angry,outputs/study1_35f100_v1/angry/b05p01.wav,angry,0.8755273818969727,angry,0.8755273818969727,0.8755273818969727,0.0002192222309531644,0.0009373247157782316,0.12040483206510544,4.247282049618661e-06,9.077609138330445e-05,0.00265898578800261,0.00015725757111795247,1.7613806246874475e-10
311,development,dev_initial100,51,b05p01,5,1502005,1,surprise,outputs/study1_35f100_v1/surprise/b05p01.wav,surprised,0.7393404245376587,surprised,0.7393404245376587,0.016581078991293907,0.0021930544171482325,0.001296243746764958,0.23630458116531372,0.00010814385314006358,1.713414263804225e-07,0.004176178015768528,0.7393404245376587,2.0900779418298043e-07
312,development,dev_initial100,52,b05p02,5,1502005,2,normal,outputs/study1_35f100_v1/normal/b05p02.wav,happy,0.999998927116394,neutral,6.394080287464021e-07,2.3793178538511484e-09,1.0694545693468172e-08,3.303943074683957e-08,0.999998927116394,6.394080287464021e-07,1.418602041391992e-10,7.264658563599369e-08,3.193366637788131e-07,5.366732613865111e-10
313,development,dev_initial100,52,b05p02,5,1502005,2,happy,outputs/study1_35f100_v1/happy/b05p02.wav,happy,0.9999653100967407,happy,0.9999653100967407,2.2672564270465045e-08,6.457470647092123e-08,8.932252058002632e-07,0.9999653100967407,4.0668419387657195e-06,3.7002907404826146e-09,2.859259802789893e-05,9.058122145688685e-07,9.353988937588209e-12
314,development,dev_initial100,52,b05p02,5,1502005,2,sad,outputs/study1_35f100_v1/sad/b05p02.wav,sad,0.9999983310699463,sad,0.9999983310699463,2.9316328920003798e-08,2.565138004229084e-07,8.405078233408858e-07,5.2691998320142375e-08,4.859868454332172e-07,7.189389084061304e-09,0.9999983310699463,6.502673244312973e-08,4.9754669134705054e-11
315,development,dev_initial100,52,b05p02,5,1502005,2,calm,outputs/study1_35f100_v1/calm/b05p02.wav,sad,0.9999977350234985,,,5.111508016852895e-07,1.5482555681956e-07,6.818314091106004e-08,2.8855325240328966e-07,1.0987287168973126e-06,1.365768564909331e-08,0.9999977350234985,2.1342090761322652e-08,3.321579990223089e-12
316,development,dev_initial100,52,b05p02,5,1502005,2,angry,outputs/study1_35f100_v1/angry/b05p02.wav,angry,0.9894132614135742,angry,0.9894132614135742,0.9894132614135742,6.340703839669004e-05,0.0001761242892825976,5.8003628510050476e-05,7.625246507814154e-05,8.684092733801663e-08,0.0028643303085118532,0.007348565384745598,2.0538657441449004e-09
317,development,dev_initial100,52,b05p02,5,1502005,2,surprise,outputs/study1_35f100_v1/surprise/b05p02.wav,angry,1.0,surprised,8.021471399437263e-13,1.0,2.999950277342983e-13,7.439031283877108e-15,1.172329052410992e-12,1.4417610985292817e-12,4.3828817236189353e-16,6.0833699189188906e-12,8.021471399437263e-13,6.810318913464106e-28
318,development,dev_initial100,53,b05p03,5,1502005,3,normal,outputs/study1_35f100_v1/normal/b05p03.wav,happy,0.9989972710609436,neutral,0.00031115184538066387,0.00043223670218139887,1.4724532775289845e-05,7.423332135658711e-06,0.9989972710609436,0.00031115184538066387,4.6138276843521453e-07,0.00012037663691444322,0.00011634224938461557,8.49764347776727e-09
319,development,dev_initial100,53,b05p03,5,1502005,3,happy,outputs/study1_35f100_v1/happy/b05p03.wav,sad,0.9247783422470093,happy,0.0016905766678974032,0.07275467365980148,4.3845582695212215e-05,0.00020832012523896992,0.0016905766678974032,0.00013253255747258663,3.9907331483846065e-06,0.9247783422470093,0.000387665000744164,4.231905936791236e-10
320,development,dev_initial100,53,b05p03,5,1502005,3,sad,outputs/study1_35f100_v1/sad/b05p03.wav,sad,0.9929803013801575,sad,0.9929803013801575,0.0033982405439019203,1.8040260329144076e-05,2.8706113880616613e-05,0.0034755542874336243,4.351647476141807e-06,9.64578475759481e-07,0.9929803013801575,9.377636160934344e-05,8.222815206515577e-10
321,development,dev_initial100,53,b05p03,5,1502005,3,calm,outputs/study1_35f100_v1/calm/b05p03.wav,sad,0.7569518089294434,,,0.0030847101006656885,0.004956625401973724,0.0014822473749518394,0.0008794714813120663,0.23098084330558777,0.001444439752958715,0.7569518089294434,0.00021509161160793155,4.842723683395889e-06
322,development,dev_initial100,53,b05p03,5,1502005,3,angry,outputs/study1_35f100_v1/angry/b05p03.wav,sad,1.0,angry,1.4036082518487092e-08,1.4036082518487092e-08,2.3599769249926794e-08,5.582893791711285e-08,5.373050004919833e-09,2.6405835296117175e-09,7.922996703157992e-10,1.0,2.579601421359712e-09,1.4192007385092648e-15
323,development,dev_initial100,53,b05p03,5,1502005,3,surprise,outputs/study1_35f100_v1/surprise/b05p03.wav,neutral,0.9666538834571838,surprised,0.00028369648498483,0.00753304036334157,1.370256177324336e-05,7.592672773171216e-05,0.0014787559630349278,0.9666538834571838,6.061302428861381e-07,0.023960258811712265,0.00028369648498483,1.5498564931437642e-10
324,development,dev_initial100,54,b05p04,5,1502005,4,normal,outputs/study1_35f100_v1/normal/b05p04.wav,sad,0.9660623073577881,neutral,0.0007315443363040686,0.015123296529054642,0.0004678781551774591,0.014408955350518227,0.0019866121001541615,0.0007315443363040686,0.0009407621691934764,0.9660623073577881,0.0002786052064038813,7.657972389552015e-08
325,development,dev_initial100,54,b05p04,5,1502005,4,happy,outputs/study1_35f100_v1/happy/b05p04.wav,happy,1.0,happy,1.0,5.287422930044805e-11,3.131716552751129e-10,4.670313025201267e-10,1.0,4.725626556734142e-10,3.3526089890378863e-13,2.3839854534912774e-09,5.140986303331374e-08,1.7643578655371361e-12
326,development,dev_initial100,54,b05p04,5,1502005,4,sad,outputs/study1_35f100_v1/sad/b05p04.wav,sad,1.0,sad,1.0,6.61445620497858e-11,9.297402292496315e-10,3.141649385085543e-09,2.1838855723821382e-10,3.0278118900994855e-10,3.0435580271326312e-12,1.0,4.2292588875447734e-10,8.139460536244243e-18
327,development,dev_initial100,54,b05p04,5,1502005,4,calm,outputs/study1_35f100_v1/calm/b05p04.wav,sad,0.5985988974571228,,,0.032882630825042725,0.00040427566273137927,0.0022822816390544176,0.3062935471534729,0.045926470309495926,1.804474595701322e-05,0.5985988974571228,0.01359363179653883,2.6095287353200547e-07
328,development,dev_initial100,54,b05p04,5,1502005,4,angry,outputs/study1_35f100_v1/angry/b05p04.wav,angry,1.0,angry,1.0,1.0,3.5758737550878328e-12,2.309624117392134e-13,2.5796380656584184e-11,1.4028654626851988e-10,4.5981424099056714e-14,3.4408692561882503e-10,1.3804805389094899e-11,6.597607257468448e-23
329,development,dev_initial100,54,b05p04,5,1502005,4,surprise,outputs/study1_35f100_v1/surprise/b05p04.wav,angry,0.9999973773956299,surprised,6.934804730462929e-08,0.9999973773956299,2.39492408127262e-07,2.8813390784421244e-08,5.853589186699537e-07,3.805610049312236e-08,1.2844356689356573e-08,1.5937752095851465e-06,6.934804730462929e-08,1.431346767456418e-14
330,development,dev_initial100,55,b05p05,5,1502005,5,normal,outputs/study1_35f100_v1/normal/b05p05.wav,happy,0.9999998807907104,neutral,5.019170079556545e-10,3.8052017092837787e-10,5.179502937657787e-10,1.5596968161446512e-09,0.9999998807907104,5.019170079556545e-10,1.1336709565892833e-12,2.6848692158409904e-09,1.1617962769605583e-07,6.3702112161612146e-12
331,development,dev_initial100,55,b05p05,5,1502005,5,happy,outputs/study1_35f100_v1/happy/b05p05.wav,happy,0.9999672174453735,happy,0.9999672174453735,3.931643455246103e-09,9.986993454447202e-09,1.4777933543541621e-08,0.9999672174453735,2.168937696112039e-09,7.024472014260583e-14,4.2345163819845766e-08,3.270544402766973e-05,2.134388772358697e-15
332,development,dev_initial100,55,b05p05,5,1502005,5,sad,outputs/study1_35f100_v1/sad/b05p05.wav,sad,0.6399369239807129,sad,0.6399369239807129,3.3182426705025136e-05,3.3740994695108384e-05,0.023076264187693596,0.029998574405908585,0.00028829736402258277,1.3401892040576513e-08,0.6399369239807129,0.30663299560546875,4.0536671797042345e-09
333,development,dev_initial100,55,b05p05,5,1502005,5,calm,outputs/study1_35f100_v1/calm/b05p05.wav,surprised,0.642955482006073,,,0.0001518459030194208,0.00010245836165267974,0.0037667639553546906,0.2686198949813843,0.010677888058125973,2.3433836204844738e-08,0.07372564822435379,0.642955482006073,4.768417127820612e-08
334,development,dev_initial100,55,b05p05,5,1502005,5,angry,outputs/study1_35f100_v1/angry/b05p05.wav,angry,1.0,angry,1.0,1.0,1.3201266468865214e-10,8.89259568759293e-11,1.778422520359868e-09,5.3690754064916746e-09,2.846001862996661e-12,1.3987895286504681e-08,3.324768238499587e-09,1.9395044443234974e-17
335,development,dev_initial100,55,b05p05,5,1502005,5,surprise,outputs/study1_35f100_v1/surprise/b05p05.wav,surprised,0.5717530250549316,surprised,0.5717530250549316,0.4257833659648895,0.00019494962180033326,0.0003425627073738724,0.0009159789187833667,3.7573940062429756e-05,4.581475643306021e-09,0.0009725253330543637,0.5717530250549316,2.89692247967821e-09
336,development,dev_initial100,56,b05p06,5,1502005,6,normal,outputs/study1_35f100_v1/normal/b05p06.wav,sad,0.784905731678009,neutral,0.1724371612071991,0.003955209162086248,0.020405152812600136,0.006954741198569536,0.0008091608178801835,0.1724371612071991,0.010294470936059952,0.784905731678009,0.00023231646628119051,6.048393970559118e-06
337,development,dev_initial100,56,b05p06,5,1502005,6,happy,outputs/study1_35f100_v1/happy/b05p06.wav,happy,1.0,happy,1.0,2.587626293792944e-11,6.63482463414411e-11,2.6488132867652503e-11,1.0,5.4829071838291554e-11,2.8522094408511833e-11,1.4264013581399837e-10,1.5944183473504125e-11,5.841485606859764e-13
338,development,dev_initial100,56,b05p06,5,1502005,6,sad,outputs/study1_35f100_v1/sad/b05p06.wav,sad,1.0,sad,1.0,3.6236795898994534e-13,3.9579901855990585e-11,1.0182604065489542e-10,1.417763584483922e-12,8.524638785666061e-13,1.7380496049540853e-14,1.0,2.383945471584603e-12,3.7741141952984807e-25
339,development,dev_initial100,56,b05p06,5,1502005,6,calm,outputs/study1_35f100_v1/calm/b05p06.wav,sad,1.0,,,1.20011925744401e-11,6.125454032890332e-10,3.6248257173632226e-10,3.0017963809081394e-11,1.8931668732680151e-10,1.2752407636817953e-12,1.0,2.152394061594176e-11,2.5953290531378833e-21
340,development,dev_initial100,56,b05p06,5,1502005,6,angry,outputs/study1_35f100_v1/angry/b05p06.wav,angry,0.6385653018951416,angry,0.6385653018951416,0.6385653018951416,0.05735892802476883,0.0046975635923445225,0.042407091706991196,9.205182868754491e-05,1.4334234037960414e-05,0.0016023128991946578,0.25525251030921936,1.0002920134866145e-05
341,development,dev_initial100,56,b05p06,5,1502005,6,surprise,outputs/study1_35f100_v1/surprise/b05p06.wav,surprised,0.9023930430412292,surprised,0.9023930430412292,9.55932482611388e-05,8.289688412332907e-05,0.0023283190093934536,0.03714647889137268,0.03832421824336052,6.515927353234474e-09,0.01962936297059059,0.9023930430412292,4.738437908713422e-08
342,development,dev_initial100,57,b05p07,5,1502005,7,normal,outputs/study1_35f100_v1/normal/b05p07.wav,angry,0.9999991655349731,neutral,2.102997598285583e-07,0.9999991655349731,1.2541360838724813e-08,4.8505328642534096e-09,1.7413026398571674e-07,2.102997598285583e-07,4.6878483317414066e-09,3.7761401472380385e-07,9.922244359472643e-09,6.603469703827473e-15
343,development,dev_initial100,57,b05p07,5,1502005,7,happy,outputs/study1_35f100_v1/happy/b05p07.wav,sad,1.0,happy,2.32691105966909e-11,3.4630870220098142e-12,4.3855960529803895e-10,7.245908317798921e-10,2.32691105966909e-11,7.074135548179594e-12,5.087644173139283e-13,1.0,1.8034556487078746e-11,2.121390105061944e-22
344,development,dev_initial100,57,b05p07,5,1502005,7,sad,outputs/study1_35f100_v1/sad/b05p07.wav,sad,1.0,sad,1.0,9.857541172220152e-11,1.7510751959548543e-08,3.618943722472068e-08,6.844343425349564e-10,4.325590718945449e-10,1.618526979108026e-10,1.0,3.4196970255528925e-10,2.9893102962694543e-16
345,development,dev_initial100,57,b05p07,5,1502005,7,calm,outputs/study1_35f100_v1/calm/b05p07.wav,sad,1.0,,,2.435113621856999e-08,3.467383535848967e-08,5.41194147274382e-08,7.028017279253618e-09,1.2228999146657316e-08,7.952883906980901e-10,1.0,5.9731619650449375e-09,5.314144103604236e-15
346,development,dev_initial100,57,b05p07,5,1502005,7,angry,outputs/study1_35f100_v1/angry/b05p07.wav,surprised,0.5852839350700378,angry,0.07050658762454987,0.07050658762454987,0.0102648651227355,0.0043316734954714775,0.31305229663848877,0.0002171926898881793,3.724562930074171e-06,0.01633463427424431,0.5852839350700378,5.041082658863161e-06
347,development,dev_initial100,57,b05p07,5,1502005,7,surprise,outputs/study1_35f100_v1/surprise/b05p07.wav,sad,0.9498357176780701,surprised,0.04784233868122101,4.457483009900898e-05,3.5209064662922174e-05,0.001545280683785677,4.278534106560983e-05,0.0006540328613482416,7.516125499762438e-09,0.9498357176780701,0.04784233868122101,1.3447606761474162e-07
348,development,dev_initial100,58,b05p08,5,1502005,8,normal,outputs/study1_35f100_v1/normal/b05p08.wav,neutral,0.9999899864196777,neutral,0.9999899864196777,1.5249913332127107e-08,3.8455898021538815e-08,5.236754319071224e-08,2.0921891064062947e-06,0.9999899864196777,1.3086491612579465e-10,7.704499694227707e-06,1.44604797469583e-07,3.505350957416775e-12
349,development,dev_initial100,58,b05p08,5,1502005,8,happy,outputs/study1_35f100_v1/happy/b05p08.wav,happy,0.8705584406852722,happy,0.8705584406852722,1.8681841538636945e-05,2.0367871911730617e-05,0.00026349781546741724,0.8705584406852722,0.008843574672937393,2.9776778820433947e-09,0.000308558635879308,0.11998693645000458,3.7092121374371345e-08
350,development,dev_initial100,58,b05p08,5,1502005,8,sad,outputs/study1_35f100_v1/sad/b05p08.wav,sad,1.0,sad,1.0,5.1048223807803605e-12,9.850704696390267e-10,3.02146774266987e-09,2.430879109116546e-10,1.577508956795981e-11,3.251544649848781e-12,1.0,4.4704545620888325e-11,2.0769513210706315e-20
351,development,dev_initial100,58,b05p08,5,1502005,8,calm,outputs/study1_35f100_v1/calm/b05p08.wav,sad,0.9120222330093384,,,1.3448465324472636e-05,1.0075384125229903e-05,0.0001863631041487679,0.08616583794355392,0.00031575473258271813,2.3102021629028968e-08,0.9120222330093384,0.0012863052543252707,1.3270024835920768e-11
352,development,dev_initial100,58,b05p08,5,1502005,8,angry,outputs/study1_35f100_v1/angry/b05p08.wav,sad,0.9999995231628418,angry,4.109252493833537e-09,4.109252493833537e-09,1.4337865650304593e-07,2.1666966176780988e-07,4.755812099688228e-08,2.700801715604939e-08,4.12568201824115e-09,0.9999995231628418,1.1274023492546803e-08,6.2445556538170965e-12
353,development,dev_initial100,58,b05p08,5,1502005,8,surprise,outputs/study1_35f100_v1/surprise/b05p08.wav,happy,0.35864195227622986,surprised,0.27245408296585083,0.35027870535850525,0.00817220751196146,0.003659989684820175,0.35864195227622986,0.00015363255806732923,6.556229891430121e-06,0.006632077042013407,0.27245408296585083,8.599852208135417e-07
354,development,dev_initial100,59,b05p09,5,1502005,9,normal,outputs/study1_35f100_v1/normal/b05p09.wav,sad,0.9966800212860107,neutral,0.00012577087909448892,8.899437489162665e-06,3.332010464873747e-06,5.739345942856744e-05,0.0029745050705969334,0.00012577087909448892,3.8370302490875474e-08,0.9966800212860107,0.00015008698392193764,6.802788887760869e-11
355,development,dev_initial100,59,b05p09,5,1502005,9,happy,outputs/study1_35f100_v1/happy/b05p09.wav,sad,0.9905874133110046,happy,0.0012235252652317286,2.844231858034618e-06,5.741809218307026e-06,0.0007083275122568011,0.0012235252652317286,8.52864541229792e-05,6.060652868455918e-09,0.9905874133110046,0.007386952172964811,6.143402675462539e-09
356,development,dev_initial100,59,b05p09,5,1502005,9,sad,outputs/study1_35f100_v1/sad/b05p09.wav,sad,0.9999955892562866,sad,0.9999955892562866,4.1882382006974694e-09,1.7143449326795235e-08,2.436642034808756e-07,4.035215624753619e-06,1.9581460009021612e-08,1.5521248175609514e-10,0.9999955892562866,7.951825864438433e-08,7.241492189149091e-15
357,development,dev_initial100,59,b05p09,5,1502005,9,calm,outputs/study1_35f100_v1/calm/b05p09.wav,sad,0.9997345805168152,,,5.3258180088278095e-09,4.02181044023564e-09,7.791792100420025e-09,9.642089935368858e-07,0.00026447579148225486,5.598719057808843e-11,0.9997345805168152,3.46052941857522e-09,1.3395268747889052e-18
358,development,dev_initial100,59,b05p09,5,1502005,9,angry,outputs/study1_35f100_v1/angry/b05p09.wav,sad,0.9981240630149841,angry,0.0013756919652223587,0.0013756919652223587,2.0656120796047617e-06,7.116530923667597e-06,4.6121607738314196e-05,0.00042185449274256825,7.764197818005414e-08,0.9981240630149841,2.299967127328273e-05,8.172411532225698e-12
359,development,dev_initial100,59,b05p09,5,1502005,9,surprise,outputs/study1_35f100_v1/surprise/b05p09.wav,sad,1.0,surprised,1.0226255606204937e-11,6.735021611595227e-13,4.516142321220329e-11,1.1744609451636023e-10,1.5373277737623647e-12,9.080871363024989e-13,7.543017283646782e-15,1.0,1.0226255606204937e-11,1.7945019704881155e-24
360,development,dev_initial100,60,b06p00,6,1502006,0,normal,outputs/study1_35f100_v1/normal/b06p00.wav,surprised,0.9999678134918213,neutral,5.994055527480668e-07,2.2388719571608817e-06,1.021018420033215e-06,4.067177997058025e-06,1.8787994122249074e-05,5.994055527480668e-07,4.735958736182093e-14,5.4264396567305084e-06,0.9999678134918213,6.414294650980423e-10
361,development,dev_initial100,60,b06p00,6,1502006,0,happy,outputs/study1_35f100_v1/happy/b06p00.wav,surprised,0.9983970522880554,happy,0.0015944321639835835,1.6456403955089627e-06,1.736531061169444e-07,1.6503489632668789e-06,0.0015944321639835835,2.348908196836419e-07,5.6558943692505605e-15,4.763280230690725e-06,0.9983970522880554,4.470805236439501e-14
362,development,dev_initial100,60,b06p00,6,1502006,0,sad,outputs/study1_35f100_v1/sad/b06p00.wav,sad,0.9998164772987366,sad,0.9998164772987366,1.3432190826279111e-06,1.1852170018755714e-06,2.230090785815264e-06,9.503949513600674e-06,0.00016004529607016593,4.220700677848299e-09,0.9998164772987366,9.157464774034452e-06,1.0520321593043835e-11
363,development,dev_initial100,60,b06p00,6,1502006,0,calm,outputs/study1_35f100_v1/calm/b06p00.wav,neutral,0.9999995231628418,,,1.8224125541976832e-09,6.957392439943533e-09,9.528910105416344e-09,5.204111808154721e-09,0.9999995231628418,2.0093527536291234e-11,5.008436687603535e-07,3.59604790389767e-09,7.024733225668989e-12
364,development,dev_initial100,60,b06p00,6,1502006,0,angry,outputs/study1_35f100_v1/angry/b06p00.wav,angry,0.48820701241493225,angry,0.48820701241493225,0.48820701241493225,0.3739842474460602,0.0021934164687991142,0.0012621618807315826,0.00017167528858408332,0.0009434009552933276,0.1308300644159317,0.002406936837360263,1.0846880513781798e-06
365,development,dev_initial100,60,b06p00,6,1502006,0,surprise,outputs/study1_35f100_v1/surprise/b06p00.wav,surprised,0.9795046448707581,surprised,0.9795046448707581,0.003189820796251297,9.322995174443349e-05,0.00048626316129229963,0.0009222067892551422,0.0010970846051350236,2.266481669011e-09,0.014706791378557682,0.9795046448707581,2.439287349886854e-08
366,development,dev_initial100,61,b06p01,6,1502006,1,normal,outputs/study1_35f100_v1/normal/b06p01.wav,angry,0.7135971188545227,neutral,0.043612368404865265,0.7135971188545227,0.0011434376938268542,0.01229340024292469,0.003756331279873848,0.043612368404865265,6.163331818243023e-06,0.017601029947400093,0.20798614621162415,4.1028461055248044e-06
367,development,dev_initial100,61,b06p01,6,1502006,1,happy,outputs/study1_35f100_v1/happy/b06p01.wav,surprised,0.6799455285072327,happy,0.2320486605167389,0.000906946777831763,6.753268098691478e-05,0.017590483650565147,0.2320486605167389,0.000488888006657362,5.2887003221258055e-08,0.0689518004655838,0.6799455285072327,8.59994386814833e-08
368,development,dev_initial100,61,b06p01,6,1502006,1,sad,outputs/study1_35f100_v1/sad/b06p01.wav,sad,0.9999992847442627,sad,0.9999992847442627,6.851224920723098e-09,1.3952552890827974e-08,1.1925746434826578e-07,5.637583626594278e-07,7.2881825019521784e-09,9.484157459382914e-09,0.9999992847442627,8.159772857396774e-10,7.976516040557324e-14
369,development,dev_initial100,61,b06p01,6,1502006,1,calm,outputs/study1_35f100_v1/calm/b06p01.wav,sad,0.9990074038505554,,,3.8289540498226415e-06,8.841833732731175e-06,0.00012105904897907749,6.695344836771255e-06,0.0008363412925973535,3.0636203973699594e-07,0.9990074038505554,1.5426519894390367e-05,1.648350789196229e-08
370,development,dev_initial100,61,b06p01,6,1502006,1,angry,outputs/study1_35f100_v1/angry/b06p01.wav,surprised,0.9931401610374451,angry,0.0002456803049426526,0.0002456803049426526,3.157949322485365e-05,0.0023538852110505104,0.001731374184601009,1.2057270396326203e-05,5.195047725337076e-10,0.0024852559436112642,0.9931401610374451,4.20796286704217e-09
371,development,dev_initial100,61,b06p01,6,1502006,1,surprise,outputs/study1_35f100_v1/surprise/b06p01.wav,surprised,0.8919140696525574,surprised,0.8919140696525574,8.007541327970102e-05,0.0011527346214279532,0.0006016307161189616,0.10577142983675003,1.0080453648697585e-05,2.01967287338789e-09,0.0004698398115579039,0.8919140696525574,2.268676269068237e-08
372,development,dev_initial100,62,b06p02,6,1502006,2,normal,outputs/study1_35f100_v1/normal/b06p02.wav,neutral,0.9990206956863403,neutral,0.9990206956863403,4.7719087348241374e-08,1.6578484007823135e-07,1.5702169548603706e-05,7.47185353588975e-08,0.9990206956863403,1.641345739877842e-11,0.0009353000787086785,2.8082840799470432e-05,1.5406624001741698e-13
373,development,dev_initial100,62,b06p02,6,1502006,2,happy,outputs/study1_35f100_v1/happy/b06p02.wav,neutral,0.6059540510177612,happy,0.03329344838857651,0.0009769632015377283,8.219694427680224e-05,0.001863426761701703,0.03329344838857651,0.6059540510177612,1.0489777935163147e-07,0.2396651655435562,0.1181645467877388,1.1766584862016316e-07
374,development,dev_initial100,62,b06p02,6,1502006,2,sad,outputs/study1_35f100_v1/sad/b06p02.wav,sad,1.0,sad,1.0,1.561730779420234e-12,4.164611711043875e-10,4.923274010693035e-10,5.8771616046060515e-12,6.352909084211822e-12,8.967444842244987e-13,1.0,4.434537806408123e-12,2.160362105699269e-21
375,development,dev_initial100,62,b06p02,6,1502006,2,calm,outputs/study1_35f100_v1/calm/b06p02.wav,sad,0.9999997615814209,,,6.185639556122169e-09,2.0841937953264278e-08,2.511937502447381e-08,6.523400042368621e-09,2.3398551718400995e-07,1.0267031669286553e-09,0.9999997615814209,1.6041502570729449e-09,3.9192424533627396e-14
376,development,dev_initial100,62,b06p02,6,1502006,2,angry,outputs/study1_35f100_v1/angry/b06p02.wav,surprised,0.9476312398910522,angry,0.0317651703953743,0.0317651703953743,0.00014282613119576126,0.0004552589380182326,0.019895119592547417,8.715483090782072e-06,2.42689424112541e-09,0.00010172174370381981,0.9476312398910522,2.5438293693724745e-09
377,development,dev_initial100,62,b06p02,6,1502006,2,surprise,outputs/study1_35f100_v1/surprise/b06p02.wav,happy,0.6169776320457458,surprised,0.013710126280784607,7.340707816183567e-05,4.374675336293876e-05,0.0001772955438354984,0.6169776320457458,0.34094929695129395,4.7072845177353884e-08,0.02806851826608181,0.013710126280784607,3.150467220436326e-09
378,development,dev_initial100,63,b06p03,6,1502006,3,normal,outputs/study1_35f100_v1/normal/b06p03.wav,surprised,0.7372082471847534,neutral,0.13914473354816437,0.00040909633389674127,0.0013905017403885722,0.004454900044947863,0.009770539589226246,0.13914473354816437,1.6891840459720697e-07,0.10761543363332748,0.7372082471847534,6.372497409756761e-06
379,development,dev_initial100,63,b06p03,6,1502006,3,happy,outputs/study1_35f100_v1/happy/b06p03.wav,surprised,0.9997594952583313,happy,0.00023835817410144955,1.6897749333111278e-07,3.93828791800388e-08,6.026265282343957e-07,0.00023835817410144955,2.1838842201304942e-07,5.201504391728938e-16,1.1044913890145835e-06,0.9997594952583313,1.863809264259289e-13
380,development,dev_initial100,63,b06p03,6,1502006,3,sad,outputs/study1_35f100_v1/sad/b06p03.wav,sad,0.9999996423721313,sad,0.9999996423721313,4.12467526800242e-09,3.096396028468007e-08,1.9495017511417245e-07,1.4517692825677386e-08,4.2329499905235934e-08,2.442632207610984e-10,0.9999996423721313,3.991496200228539e-08,4.773667355503775e-13
381,development,dev_initial100,63,b06p03,6,1502006,3,calm,outputs/study1_35f100_v1/calm/b06p03.wav,sad,0.9891781806945801,,,1.157513997895876e-05,7.85951669968199e-06,0.0012859537964686751,7.125883712433279e-05,0.0007002863567322493,1.0092150226626018e-08,0.9891781806945801,0.008744856342673302,1.3938075582586862e-08
382,development,dev_initial100,63,b06p03,6,1502006,3,angry,outputs/study1_35f100_v1/angry/b06p03.wav,surprised,0.9969636797904968,angry,2.431050597806461e-05,2.431050597806461e-05,2.096434218401555e-05,0.0001020600029733032,0.001143977977335453,0.00020324600336607546,4.7038588302239503e-11,0.0015417539980262518,0.9969636797904968,2.901910045594036e-09
383,development,dev_initial100,63,b06p03,6,1502006,3,surprise,outputs/study1_35f100_v1/surprise/b06p03.wav,neutral,0.8891341090202332,surprised,0.0005033810739405453,0.0004957611672580242,7.937478585517965e-06,4.591103788698092e-05,0.04202611371874809,0.8891341090202332,1.7022063047988922e-07,0.06778667122125626,0.0005033810739405453,7.728874762413795e-10
384,development,dev_initial100,64,b06p04,6,1502006,4,normal,outputs/study1_35f100_v1/normal/b06p04.wav,sad,0.848896861076355,neutral,0.0035314802080392838,5.847332431585528e-05,2.6701125534600578e-05,0.000604971603024751,0.13101057708263397,0.0035314802080392838,4.1143731976944764e-08,0.848896861076355,0.015870865434408188,1.066990718001648e-09
385,development,dev_initial100,64,b06p04,6,1502006,4,happy,outputs/study1_35f100_v1/happy/b06p04.wav,happy,0.9998251795768738,happy,0.9998251795768738,1.8029376747108472e-07,1.0774660950119141e-06,7.241274033731315e-07,0.9998251795768738,0.0001604031858732924,3.719328844908887e-09,1.482419179410499e-06,1.0993319847329985e-05,1.118366441121843e-10
386,development,dev_initial100,64,b06p04,6,1502006,4,sad,outputs/study1_35f100_v1/sad/b06p04.wav,sad,0.9999953508377075,sad,0.9999953508377075,9.852110238739442e-09,7.573792117909761e-07,3.7076704302307917e-06,1.2689654660391625e-08,5.2920380966270386e-08,2.1934710048299166e-08,0.9999953508377075,1.9682294905010167e-08,1.8675053094652921e-13
387,development,dev_initial100,64,b06p04,6,1502006,4,calm,outputs/study1_35f100_v1/calm/b06p04.wav,sad,0.9209681749343872,,,2.778515226964373e-05,0.00010146079875994474,0.00016656883235555142,0.0029982232954353094,0.07520874589681625,4.5088270894666493e-07,0.9209681749343872,0.0005287209642119706,5.797524682549238e-09
388,development,dev_initial100,64,b06p04,6,1502006,4,angry,outputs/study1_35f100_v1/angry/b06p04.wav,angry,0.9999998807907104,angry,0.9999998807907104,0.9999998807907104,3.9387201833385177e-10,2.1039948949752585e-10,7.216753417083055e-09,6.2793352739731745e-09,7.281669299648297e-13,9.650786836346015e-09,6.516862782746102e-08,3.35551241786954e-17
389,development,dev_initial100,64,b06p04,6,1502006,4,surprise,outputs/study1_35f100_v1/surprise/b06p04.wav,surprised,0.9866660237312317,surprised,0.9866660237312317,0.00447316886857152,0.00011046066356357187,0.000413195404689759,0.00030412530759349465,0.0001298937131650746,1.1384098108635499e-09,0.007903141900897026,0.9866660237312317,1.1437187197316234e-08
390,development,dev_initial100,65,b06p05,6,1502006,5,normal,outputs/study1_35f100_v1/normal/b06p05.wav,sad,1.0,neutral,2.638398610699255e-09,3.3263905518943204e-10,4.284267163257027e-09,6.4701306534686864e-09,1.0317976473217527e-09,2.638398610699255e-09,3.725234530571608e-12,1.0,6.776346150871859e-09,2.7881193248684686e-16
391,development,dev_initial100,65,b06p05,6,1502006,5,happy,outputs/study1_35f100_v1/happy/b06p05.wav,happy,0.4186534285545349,happy,0.4186534285545349,0.0002264644717797637,0.00028291353373788297,0.006419575307518244,0.4186534285545349,0.23387393355369568,2.492722899205546e-07,0.009026878513395786,0.3315141201019287,2.396539002802456e-06
392,development,dev_initial100,65,b06p05,6,1502006,5,sad,outputs/study1_35f100_v1/sad/b06p05.wav,sad,0.9999998807907104,sad,0.9999998807907104,5.621528131882769e-09,4.539569786743414e-08,1.0442997933068909e-07,2.0182053805939404e-09,1.6549778436569795e-08,5.936076630241871e-10,0.9999998807907104,4.360083849519469e-09,1.5705642556341874e-15
393,development,dev_initial100,65,b06p05,6,1502006,5,calm,outputs/study1_35f100_v1/calm/b06p05.wav,sad,0.9998301267623901,,,2.160256826755358e-06,3.262254494984518e-06,1.1693629858200438e-05,6.2356857597478665e-06,0.00012656862963922322,2.0114848453545164e-08,0.9998301267623901,1.9918392354156822e-05,9.344104379138685e-10
394,development,dev_initial100,65,b06p05,6,1502006,5,angry,outputs/study1_35f100_v1/angry/b06p05.wav,angry,0.6105371117591858,angry,0.6105371117591858,0.6105371117591858,0.002459708135575056,0.007147376891225576,0.004608874674886465,8.412163879256696e-05,9.861487342277542e-07,0.004375654738396406,0.3707856237888336,5.794185540253238e-07
395,development,dev_initial100,65,b06p05,6,1502006,5,surprise,outputs/study1_35f100_v1/surprise/b06p05.wav,surprised,0.9999986886978149,surprised,0.9999986886978149,2.2835584534419695e-09,3.613667365343076e-09,1.2465208421019724e-08,1.2659684216487221e-06,3.4243547997192536e-09,2.556085545004772e-19,2.1446002307357048e-08,0.9999986886978149,7.316143188024083e-17
396,development,dev_initial100,66,b06p06,6,1502006,6,normal,outputs/study1_35f100_v1/normal/b06p06.wav,sad,0.9999972581863403,neutral,2.6530230456955906e-07,2.254267350565442e-08,1.2938313886934338e-07,1.7355606587443617e-06,2.277313626564137e-07,2.6530230456955906e-07,2.4180548674479496e-09,0.9999972581863403,3.073172933909518e-07,4.227793462541207e-11
397,development,dev_initial100,66,b06p06,6,1502006,6,happy,outputs/study1_35f100_v1/happy/b06p06.wav,happy,0.6378660202026367,happy,0.6378660202026367,1.5829205949557945e-05,5.374979991756845e-06,0.0004074209136888385,0.6378660202026367,1.7426480553695e-05,7.709635707620066e-11,0.00023749245156068355,0.3614504039287567,4.136474149318836e-11
398,development,dev_initial100,66,b06p06,6,1502006,6,sad,outputs/study1_35f100_v1/sad/b06p06.wav,sad,0.9999871253967285,sad,0.9999871253967285,5.6376844526084824e-08,1.6856331797043822e-07,9.203311037708772e-07,7.227940386655973e-06,2.0641498394979862e-06,1.0003240458189566e-09,0.9999871253967285,2.361245833526482e-06,2.4626970601682174e-11
399,development,dev_initial100,66,b06p06,6,1502006,6,calm,outputs/study1_35f100_v1/calm/b06p06.wav,sad,0.9999805688858032,,,9.171750470216011e-09,4.595048785915878e-09,9.943966006176197e-08,4.7584844651282765e-06,1.2759102901327424e-05,4.885336492982395e-12,0.9999805688858032,1.8440349549564417e-06,3.292344538781357e-16
400,development,dev_initial100,66,b06p06,6,1502006,6,angry,outputs/study1_35f100_v1/angry/b06p06.wav,angry,0.9999986886978149,angry,0.9999986886978149,0.9999986886978149,1.813182493037857e-08,6.226687787602714e-08,3.04371553738747e-07,4.17092245186268e-08,2.539648713550946e-09,7.959866934470483e-07,1.1600611315998322e-07,7.993659987409751e-14
401,development,dev_initial100,66,b06p06,6,1502006,6,surprise,outputs/study1_35f100_v1/surprise/b06p06.wav,surprised,0.9983808994293213,surprised,0.9983808994293213,0.00030176303698681295,1.3675969967152923e-05,0.000453588756499812,0.000558479456230998,6.875706731079845e-06,1.0159100644058228e-10,0.00028477917658165097,0.9983808994293213,3.1263148514426575e-08
402,development,dev_initial100,67,b06p07,6,1502006,7,normal,outputs/study1_35f100_v1/normal/b06p07.wav,sad,0.9999998807907104,neutral,9.791639721257184e-10,2.929823328390313e-10,4.0683904245497615e-08,1.0245270942732532e-07,3.5961569833098395e-10,9.791639721257184e-10,1.1499293184336068e-10,0.9999998807907104,1.0046984355582822e-09,2.5592610396775747e-18
403,development,dev_initial100,67,b06p07,6,1502006,7,happy,outputs/study1_35f100_v1/happy/b06p07.wav,surprised,0.7246178984642029,happy,0.03651197627186775,0.2178686410188675,0.0008512551430612803,0.0017928144661709666,0.03651197627186775,0.00010333240788895637,1.7309351107996918e-07,0.018253836780786514,0.7246178984642029,6.317507939002098e-08
404,development,dev_initial100,67,b06p07,6,1502006,7,sad,outputs/study1_35f100_v1/sad/b06p07.wav,sad,0.9999974966049194,sad,0.9999974966049194,2.741758109436887e-08,2.3127002179990086e-07,1.9694298316608183e-06,1.6062935870309047e-08,8.61981277466839e-08,2.9683371316480134e-09,0.9999974966049194,9.124450173203513e-08,6.372793460475423e-13
405,development,dev_initial100,67,b06p07,6,1502006,7,calm,outputs/study1_35f100_v1/calm/b06p07.wav,sad,0.999427080154419,,,4.8087713366840035e-05,4.030754610084841e-07,7.463190286216559e-06,9.772859357326524e-07,0.0005064515862613916,2.894121164942476e-09,0.999427080154419,9.55565701588057e-06,2.9971264727847446e-14
406,development,dev_initial100,67,b06p07,6,1502006,7,angry,outputs/study1_35f100_v1/angry/b06p07.wav,angry,1.0,angry,1.0,1.0,1.7793062162541062e-11,6.920763007817188e-12,2.86071027977286e-10,5.720244833362642e-10,1.3607881606204821e-14,1.816714889635307e-09,5.038279571323301e-09,1.424990826711063e-20
407,development,dev_initial100,67,b06p07,6,1502006,7,surprise,outputs/study1_35f100_v1/surprise/b06p07.wav,surprised,1.0,surprised,1.0,4.688296972865658e-10,4.642434492385661e-10,2.2759345519318686e-09,3.2206280309310387e-08,2.758632211552481e-10,6.282148773933629e-21,8.509482896101872e-09,1.0,4.1022634367101967e-19
408,development,dev_initial100,68,b06p08,6,1502006,8,normal,outputs/study1_35f100_v1/normal/b06p08.wav,sad,0.9998723268508911,neutral,4.9729107558960095e-05,4.6768099082328263e-07,7.717245011917839e-07,2.7646601665765047e-05,5.39665097676334e-06,4.9729107558960095e-05,3.925508362812025e-09,0.9998723268508911,4.3593790906015784e-05,6.273515595900392e-10
409,development,dev_initial100,68,b06p08,6,1502006,8,happy,outputs/study1_35f100_v1/happy/b06p08.wav,surprised,0.9141125679016113,happy,0.08585517108440399,3.0285202683444368e-06,5.705109060727409e-07,1.0642280358297285e-05,0.08585517108440399,1.622595277694927e-06,8.64264307906884e-14,1.6412266631959938e-05,0.9141125679016113,8.5454734922389e-14
410,development,dev_initial100,68,b06p08,6,1502006,8,sad,outputs/study1_35f100_v1/sad/b06p08.wav,sad,0.9998250603675842,sad,0.9998250603675842,4.979243044545001e-07,1.9865421563736163e-05,1.7122043573181145e-05,8.004566188901663e-05,1.379364312015241e-05,3.877366339111177e-08,0.9998250603675842,4.357489160611294e-05,5.840985473071214e-10
411,development,dev_initial100,68,b06p08,6,1502006,8,calm,outputs/study1_35f100_v1/calm/b06p08.wav,sad,1.0,,,1.042754641314425e-12,1.2530258948484363e-11,2.979470142827623e-11,3.0231635337468754e-12,3.0908619847586083e-12,1.0274981447546284e-14,1.0,6.223975328178977e-12,5.93543741362593e-23
412,development,dev_initial100,68,b06p08,6,1502006,8,angry,outputs/study1_35f100_v1/angry/b06p08.wav,angry,1.0,angry,1.0,1.0,2.3340843147146018e-12,1.7639901583703377e-13,1.139088216112194e-11,2.06997648188878e-11,3.963317304553349e-14,8.142564400515084e-11,3.5267860680476826e-12,9.609056310790158e-24
413,development,dev_initial100,68,b06p08,6,1502006,8,surprise,outputs/study1_35f100_v1/surprise/b06p08.wav,surprised,0.7614911794662476,surprised,0.7614911794662476,3.874193498631939e-05,2.098082404700108e-05,0.0004979363875463605,0.2367643266916275,6.784193101339042e-05,2.438637902724139e-10,0.0011190370423719287,0.7614911794662476,4.878449866296819e-10
414,development,dev_initial100,69,b06p09,6,1502006,9,normal,outputs/study1_35f100_v1/normal/b06p09.wav,neutral,0.5845234990119934,neutral,0.5845234990119934,0.00021185939840506762,7.776980055496097e-05,0.00042026632581837475,0.04858852177858353,0.5845234990119934,7.01660862745257e-09,0.07022261619567871,0.2959554195404053,8.228099979135095e-09
415,development,dev_initial100,69,b06p09,6,1502006,9,happy,outputs/study1_35f100_v1/happy/b06p09.wav,fearful,0.8428016304969788,happy,0.0018019299022853374,4.191214429738466e-06,4.354104385129176e-05,0.8428016304969788,0.0018019299022853374,7.896857823652681e-06,1.3440304655887303e-06,0.15322275459766388,0.00211663288064301,4.61581315391868e-08
416,development,dev_initial100,69,b06p09,6,1502006,9,sad,outputs/study1_35f100_v1/sad/b06p09.wav,sad,1.0,sad,1.0,9.247774258609037e-14,6.4604896952979995e-12,1.2943259311559707e-11,4.992381833456017e-13,2.9233497675536235e-13,4.253826142648935e-15,1.0,2.9888415418836967e-13,9.45548479557733e-27
417,development,dev_initial100,69,b06p09,6,1502006,9,calm,outputs/study1_35f100_v1/calm/b06p09.wav,sad,0.9981531500816345,,,0.00013098632916808128,6.071594907552935e-05,0.000214176980080083,4.499762144405395e-05,0.0010800824966281652,7.938753014968825e-07,0.9981531500816345,0.00031492969719693065,7.263501089482816e-08
418,development,dev_initial100,69,b06p09,6,1502006,9,angry,outputs/study1_35f100_v1/angry/b06p09.wav,angry,0.7474877238273621,angry,0.7474877238273621,0.7474877238273621,0.00022673983767163008,0.0009766097646206617,9.955458517652005e-05,7.513408945669653e-06,1.1651870863715885e-06,0.24991637468338013,0.0012843562290072441,1.7974824753630436e-11
419,development,dev_initial100,69,b06p09,6,1502006,9,surprise,outputs/study1_35f100_v1/surprise/b06p09.wav,sad,1.0,surprised,5.334758768071879e-08,1.1988140480312381e-09,3.0664331074348183e-09,1.624863443794311e-08,1.93475724330483e-09,5.34492095027872e-09,1.6224137918546822e-12,1.0,5.334758768071879e-08,7.900909985564524e-16
420,development,dev_initial100,70,b07p00,7,1502007,0,normal,outputs/study1_35f100_v1/normal/b07p00.wav,sad,1.0,neutral,8.376576654534063e-10,1.0915008480383293e-10,3.314605923065983e-09,2.939850807237576e-09,9.229356862094917e-11,8.376576654534063e-10,1.337614654456365e-11,1.0,1.6192402974013476e-10,4.209797588426338e-18
421,development,dev_initial100,70,b07p00,7,1502007,0,happy,outputs/study1_35f100_v1/happy/b07p00.wav,happy,1.0,happy,1.0,4.096820539062351e-12,2.3707605323330938e-11,2.0974709816212744e-11,1.0,1.847740710436696e-12,1.0783837337642252e-13,5.452205700806623e-11,4.49522724599305e-10,2.127996468815653e-14
422,development,dev_initial100,70,b07p00,7,1502007,0,sad,outputs/study1_35f100_v1/sad/b07p00.wav,sad,1.0,sad,1.0,2.1155015673263167e-12,4.854514012997413e-10,1.2278846828195356e-09,1.3109575057457246e-11,6.2731252484238276e-12,3.739570502217515e-13,1.0,1.713735403585659e-11,6.178851489984547e-23
423,development,dev_initial100,70,b07p00,7,1502007,0,calm,outputs/study1_35f100_v1/calm/b07p00.wav,sad,0.9998810291290283,,,4.6340159087776556e-07,3.7924623939034063e-06,8.239330782089382e-06,1.948529870787752e-06,0.00010342921450501308,1.6401139646404772e-07,0.9998810291290283,8.441130603387137e-07,5.437232442062623e-09
424,development,dev_initial100,70,b07p00,7,1502007,0,angry,outputs/study1_35f100_v1/angry/b07p00.wav,sad,0.6374062299728394,angry,0.00011344575614202768,0.00011344575614202768,0.00010995791672030464,0.0020868824794888496,0.0029872136656194925,0.3467019200325012,2.4942954723883304e-07,0.6374062299728394,0.010594082064926624,1.5869568770199294e-08
425,development,dev_initial100,70,b07p00,7,1502007,0,surprise,outputs/study1_35f100_v1/surprise/b07p00.wav,sad,0.9996048808097839,surprised,9.523947483103257e-06,9.385501584802114e-07,2.9132229428796563e-06,0.0003579877666197717,2.8469273729569977e-06,1.9535684259608388e-05,3.4017722327917e-07,0.9996048808097839,9.523947483103257e-06,1.0452465630805818e-06
426,development,dev_initial100,71,b07p01,7,1502007,1,normal,outputs/study1_35f100_v1/normal/b07p01.wav,sad,0.9371408224105835,neutral,3.7847952626179904e-05,0.047463539987802505,2.7531568775884807e-06,0.0005660177557729185,0.0005731080309487879,3.7847952626179904e-05,9.737993522662691e-09,0.9371408224105835,0.014215855859220028,2.191754807159829e-12
427,development,dev_initial100,71,b07p01,7,1502007,1,happy,outputs/study1_35f100_v1/happy/b07p01.wav,angry,0.9705988168716431,happy,0.010616129264235497,0.9705988168716431,0.00020820973441004753,0.0003211581497453153,0.010616129264235497,0.0028798524290323257,0.0005585631006397307,0.014718928374350071,9.83620120678097e-05,4.901057337747261e-08
428,development,dev_initial100,71,b07p01,7,1502007,1,sad,outputs/study1_35f100_v1/sad/b07p01.wav,sad,0.999988317489624,sad,0.999988317489624,8.92076513991924e-06,1.2717605102352536e-07,1.1577839131859946e-06,6.643409165008052e-07,4.1176838294632034e-07,1.3372185136972803e-08,0.999988317489624,3.4448660812813614e-07,4.076732007529671e-12
429,development,dev_initial100,71,b07p01,7,1502007,1,calm,outputs/study1_35f100_v1/calm/b07p01.wav,sad,0.9958914518356323,,,1.607566900929669e-06,3.6336382436275017e-06,4.4135129428468645e-05,3.3081464607676025e-06,0.0040391781367361546,1.626412249322584e-08,0.9958914518356323,1.6687070456100628e-05,1.4794089564507118e-11
430,development,dev_initial100,71,b07p01,7,1502007,1,angry,outputs/study1_35f100_v1/angry/b07p01.wav,angry,1.0,angry,1.0,1.0,5.702123235390433e-12,3.8778206448882024e-13,3.4586000730030264e-11,7.104102722754746e-11,8.346464795347397e-14,2.0005440359849302e-10,1.4406512441333952e-11,2.1630164648731567e-22
431,development,dev_initial100,71,b07p01,7,1502007,1,surprise,outputs/study1_35f100_v1/surprise/b07p01.wav,happy,0.6188735365867615,surprised,0.014694173820316792,0.3466978371143341,0.0010803802870213985,0.0024483362212777138,0.6188735365867615,0.00024834138457663357,3.21378574881237e-05,0.015924999490380287,0.014694173820316792,2.3259181602952594e-07
432,development,dev_initial100,72,b07p02,7,1502007,2,normal,outputs/study1_35f100_v1/normal/b07p02.wav,sad,0.9999977350234985,neutral,1.3490191577147925e-06,7.166547799641876e-09,3.1255243726491244e-08,1.0762023805455101e-07,6.241261871764436e-07,1.3490191577147925e-06,2.366757900773564e-10,0.9999977350234985,1.4018158367434808e-07,5.756395794059843e-13
433,development,dev_initial100,72,b07p02,7,1502007,2,happy,outputs/study1_35f100_v1/happy/b07p02.wav,happy,0.9999738931655884,happy,0.9999738931655884,2.9837476489547043e-08,1.5171980294326204e-07,4.964961135556223e-07,0.9999738931655884,1.9092485814553584e-08,6.149675907396457e-11,8.248182439274387e-07,2.461695476085879e-05,1.9801053158241544e-11
434,development,dev_initial100,72,b07p02,7,1502007,2,sad,outputs/study1_35f100_v1/sad/b07p02.wav,sad,0.9999995231628418,sad,0.9999995231628418,4.402718634111125e-09,1.3216865113463427e-07,3.715425123118621e-07,1.1543250799661564e-08,1.874812838309481e-08,6.190830514896106e-09,0.9999995231628418,4.525578134462194e-09,3.189641137476239e-14
435,development,dev_initial100,72,b07p02,7,1502007,2,calm,outputs/study1_35f100_v1/calm/b07p02.wav,neutral,0.9999963045120239,,,2.4627471617577612e-08,5.237776434796615e-08,2.2742143812592985e-07,8.313840282880847e-08,0.9999963045120239,1.0204789790968505e-10,3.092396354986704e-06,2.761263147021964e-07,5.404365288619317e-10
436,development,dev_initial100,72,b07p02,7,1502007,2,angry,outputs/study1_35f100_v1/angry/b07p02.wav,disgusted,0.9860092997550964,angry,0.005934128537774086,0.005934128537774086,0.9860092997550964,0.0008233721600845456,7.013148569967598e-05,3.582498538889922e-05,5.1800510846078396e-05,0.005966018419712782,0.001107888063415885,1.5815500091775903e-06
437,development,dev_initial100,72,b07p02,7,1502007,2,surprise,outputs/study1_35f100_v1/surprise/b07p02.wav,sad,0.8909231424331665,surprised,0.09912841022014618,1.4682345863548107e-05,4.121040092286421e-06,0.0023309304378926754,0.0075318822637200356,6.686255073873326e-05,1.1175822489661869e-09,0.8909231424331665,0.09912841022014618,3.086860489442955e-10
438,development,dev_initial100,73,b07p03,7,1502007,3,normal,outputs/study1_35f100_v1/normal/b07p03.wav,sad,1.0,neutral,2.7577243873894153e-12,2.54636454066412e-13,1.4384265263275853e-12,9.289978725526837e-13,1.8364168692663885e-12,2.7577243873894153e-12,3.3287935311720118e-15,1.0,3.497664126644179e-13,3.513774220749829e-23
439,development,dev_initial100,73,b07p03,7,1502007,3,happy,outputs/study1_35f100_v1/happy/b07p03.wav,happy,0.9240929484367371,happy,0.9240929484367371,2.448751729389187e-05,1.1542653737706132e-05,0.00023192355001810938,0.9240929484367371,0.0005948441103100777,2.1921595649843084e-09,0.0005307962419465184,0.07451339811086655,1.5819708876207983e-09
440,development,dev_initial100,73,b07p03,7,1502007,3,sad,outputs/study1_35f100_v1/sad/b07p03.wav,sad,1.0,sad,1.0,3.682285726336332e-11,3.8207752517394056e-09,6.470315394579984e-09,4.824587951368642e-10,1.657737558335981e-10,1.1351279291527128e-11,1.0,3.518062507978925e-10,1.3577740944628402e-16
441,development,dev_initial100,73,b07p03,7,1502007,3,calm,outputs/study1_35f100_v1/calm/b07p03.wav,sad,0.9863600134849548,,,1.9738261471502483e-05,7.433518476318568e-06,0.001532095018774271,6.877913983771577e-05,0.005477711092680693,1.3370975437965171e-08,0.9863600134849548,0.006534174084663391,3.8750300745959976e-09
442,development,dev_initial100,73,b07p03,7,1502007,3,angry,outputs/study1_35f100_v1/angry/b07p03.wav,angry,1.0,angry,1.0,1.0,8.23135670735553e-10,4.1990987076356845e-11,1.6808149316815957e-09,6.30225038822374e-10,8.55717493392083e-12,6.607628222354833e-09,5.646467737818739e-10,1.020515016809118e-19
443,development,dev_initial100,73,b07p03,7,1502007,3,surprise,outputs/study1_35f100_v1/surprise/b07p03.wav,surprised,0.901689350605011,surprised,0.901689350605011,4.655027805711143e-05,1.903704833239317e-05,0.0009913811227306724,0.002244550734758377,4.169227395323105e-05,1.76857764544458e-10,0.09496746212244034,0.901689350605011,3.79593051436089e-10
444,development,dev_initial100,74,b07p04,7,1502007,4,normal,outputs/study1_35f100_v1/normal/b07p04.wav,sad,0.9999991655349731,neutral,4.406649338761781e-07,8.775108639724749e-09,1.1283866996336656e-07,1.9331071143824374e-07,1.917859471234351e-08,4.406649338761781e-07,2.069179494412765e-09,0.9999991655349731,1.937958771236481e-08,1.6242151720802234e-11
445,development,dev_initial100,74,b07p04,7,1502007,4,happy,outputs/study1_35f100_v1/happy/b07p04.wav,neutral,0.568505048751831,happy,0.07450924068689346,6.695362390019e-05,0.00013258447870612144,0.006750378757715225,0.07450924068689346,0.568505048751831,2.2788556464092835e-07,0.23524369299411774,0.11479087173938751,1.0061304465125431e-06
446,development,dev_initial100,74,b07p04,7,1502007,4,sad,outputs/study1_35f100_v1/sad/b07p04.wav,sad,0.9999854564666748,sad,0.9999854564666748,7.31178317892045e-08,2.7977358740827185e-07,9.55514406086877e-06,5.051529115007725e-07,3.743107981790672e-06,2.4463671977059676e-08,0.9999854564666748,4.3582380726547854e-07,2.4148001376289585e-09
447,development,dev_initial100,74,b07p04,7,1502007,4,calm,outputs/study1_35f100_v1/calm/b07p04.wav,sad,1.0,,,1.6410036524083793e-11,1.8121328881903764e-09,9.652144639105131e-10,3.223659186812888e-11,5.830438215559397e-11,5.227594832707405e-12,1.0,2.31762265628932e-11,1.732883606574639e-20
448,development,dev_initial100,74,b07p04,7,1502007,4,angry,outputs/study1_35f100_v1/angry/b07p04.wav,surprised,0.9999973773956299,angry,6.236152216843038e-08,6.236152216843038e-08,2.3367821455622106e-08,9.301786718651783e-08,2.217822611783049e-06,2.7196016105790477e-08,2.965969906361168e-17,1.626975034696443e-07,0.9999973773956299,8.81671106023503e-14
449,development,dev_initial100,74,b07p04,7,1502007,4,surprise,outputs/study1_35f100_v1/surprise/b07p04.wav,happy,1.0,surprised,9.013986002059937e-09,4.135580766728708e-12,3.6734660452397705e-12,9.084414470672542e-11,1.0,2.3710033502516437e-12,1.4085647575488294e-15,1.061423587911392e-10,9.013986002059937e-09,3.582254535171146e-17
450,development,dev_initial100,75,b07p05,7,1502007,5,normal,outputs/study1_35f100_v1/normal/b07p05.wav,happy,0.8461058139801025,neutral,0.05239338055253029,0.037856318056583405,2.7251886422163807e-05,0.00011086501035606489,0.8461058139801025,0.05239338055253029,6.151448178570718e-05,0.06333402544260025,0.00011084724974352866,1.1834247359843175e-08
451,development,dev_initial100,75,b07p05,7,1502007,5,happy,outputs/study1_35f100_v1/happy/b07p05.wav,sad,0.999756395816803,happy,0.00018875703972298652,4.0787287503007974e-07,2.2318458832160104e-06,4.0118462493410334e-05,0.00018875703972298652,4.359470040071756e-06,7.93065879634014e-08,0.999756395816803,7.546163942606654e-06,8.865845835259734e-10
452,development,dev_initial100,75,b07p05,7,1502007,5,sad,outputs/study1_35f100_v1/sad/b07p05.wav,sad,0.9999982118606567,sad,0.9999982118606567,1.577586594692093e-08,2.2277292544004013e-07,9.523783432996424e-07,2.3160941964306403e-07,2.5118603730334144e-07,7.971583393384662e-09,0.9999982118606567,7.78226407760485e-08,2.9920521615878215e-10
453,development,dev_initial100,75,b07p05,7,1502007,5,calm,outputs/study1_35f100_v1/calm/b07p05.wav,sad,0.9991928935050964,,,1.1830787116196007e-05,2.5275985535699874e-05,8.075966616161168e-05,1.7385305909556337e-05,0.000653024879284203,1.0498467872821493e-06,0.9991928935050964,1.7776737877284177e-05,7.006615021509788e-08
454,development,dev_initial100,75,b07p05,7,1502007,5,angry,outputs/study1_35f100_v1/angry/b07p05.wav,surprised,0.9999978542327881,angry,7.064154150526747e-09,7.064154150526747e-09,3.0402604878077e-09,1.762168189145541e-08,1.9881981643266045e-06,6.653738005013565e-09,6.399792484758323e-19,4.4849961966519913e-08,0.9999978542327881,1.6415061766424913e-16
455,development,dev_initial100,75,b07p05,7,1502007,5,surprise,outputs/study1_35f100_v1/surprise/b07p05.wav,sad,0.6552883982658386,surprised,0.15394774079322815,0.0005534468800760806,7.747876952635124e-05,0.0183486919850111,0.17167647182941437,0.00010768318315967917,1.231351234309841e-07,0.6552883982658386,0.15394774079322815,4.534981723480769e-09
456,development,dev_initial100,76,b07p06,7,1502007,6,normal,outputs/study1_35f100_v1/normal/b07p06.wav,sad,1.0,neutral,1.4524996483356034e-10,1.5631195339829707e-12,2.2521203651981736e-12,1.238678083714806e-11,1.1136658262245192e-10,1.4524996483356034e-10,1.7552487783546733e-15,1.0,4.530749039832749e-11,1.118482711044139e-22
457,development,dev_initial100,76,b07p06,7,1502007,6,happy,outputs/study1_35f100_v1/happy/b07p06.wav,surprised,0.8177441954612732,happy,0.012672682292759418,0.0002465982106514275,7.404913048958406e-05,0.03747937083244324,0.012672682292759418,0.0033518250565975904,3.806805537465152e-08,0.12843109667301178,0.8177441954612732,1.3590894809567544e-07
458,development,dev_initial100,76,b07p06,7,1502007,6,sad,outputs/study1_35f100_v1/sad/b07p06.wav,sad,0.9999879598617554,sad,0.9999879598617554,1.1427953694465032e-08,9.749064133757201e-08,1.0983131687680725e-05,1.7392576268093762e-08,7.490065456750017e-08,2.2698151691535884e-10,0.9999879598617554,8.858639830577886e-07,3.488108510796978e-13
459,development,dev_initial100,76,b07p06,7,1502007,6,calm,outputs/study1_35f100_v1/calm/b07p06.wav,sad,1.0,,,3.513389937054995e-13,4.764014183145093e-11,4.617599011491613e-11,8.547758312792142e-13,1.0034406031783627e-12,3.147567316920223e-14,1.0,9.234259407478462e-13,5.760788894578063e-25
460,development,dev_initial100,76,b07p06,7,1502007,6,angry,outputs/study1_35f100_v1/angry/b07p06.wav,angry,0.969961941242218,angry,0.969961941242218,0.969961941242218,1.0609962373564485e-05,3.350033512106165e-05,0.00013665953883901238,6.761193617421668e-06,1.8971270492329495e-06,0.029820237308740616,2.8450136596802622e-05,6.109256850406197e-11
461,development,dev_initial100,76,b07p06,7,1502007,6,surprise,outputs/study1_35f100_v1/surprise/b07p06.wav,angry,0.9990779161453247,surprised,0.0005562686710618436,0.9990779161453247,3.6142886528978124e-05,1.4657963220088277e-05,0.0002760194765869528,5.175172645977e-06,1.323535769870432e-07,3.37039127771277e-05,0.0005562686710618436,2.066532278632849e-09
462,development,dev_initial100,77,b07p07,7,1502007,7,normal,outputs/study1_35f100_v1/normal/b07p07.wav,neutral,0.7238662242889404,neutral,0.7238662242889404,0.0009734949562698603,5.233057891018689e-06,0.00037242486723698676,0.0016909862169995904,0.7238662242889404,7.95519039531456e-10,0.006445393431931734,0.26664620637893677,1.2859092679562423e-09
463,development,dev_initial100,77,b07p07,7,1502007,7,happy,outputs/study1_35f100_v1/happy/b07p07.wav,sad,0.4388686418533325,happy,0.07720360904932022,0.0036510531790554523,0.032100338488817215,0.030039474368095398,0.07720360904932022,0.0008320685010403395,1.893572334665805e-05,0.4388686418533325,0.41724693775177,3.8905676774447784e-05
464,development,dev_initial100,77,b07p07,7,1502007,7,sad,outputs/study1_35f100_v1/sad/b07p07.wav,sad,1.0,sad,1.0,1.8549922708999134e-10,2.2545229683146317e-08,4.035144840486282e-08,5.055411644860897e-10,7.927244416450208e-10,1.523838971673186e-10,1.0,4.740919878898353e-10,1.715869217402641e-17
465,development,dev_initial100,77,b07p07,7,1502007,7,calm,outputs/study1_35f100_v1/calm/b07p07.wav,sad,0.9999991655349731,,,6.905946925428452e-09,5.7663967822918494e-08,3.5223621352997725e-07,6.81048675232887e-08,2.0338794115559722e-07,9.598931649534848e-10,0.9999991655349731,6.360724569276499e-08,1.693613478626066e-11
466,development,dev_initial100,77,b07p07,7,1502007,7,angry,outputs/study1_35f100_v1/angry/b07p07.wav,sad,0.991710364818573,angry,4.725498001789674e-06,4.725498001789674e-06,2.113083382937475e-06,0.0001275067770620808,1.8195532902609557e-06,3.750290852622129e-05,1.0104301423341511e-10,0.991710364818573,0.00811590813100338,1.2860401632508456e-10
467,development,dev_initial100,77,b07p07,7,1502007,7,surprise,outputs/study1_35f100_v1/surprise/b07p07.wav,neutral,0.9989261031150818,surprised,1.537393018224975e-06,9.258797035727184e-07,5.324237122295017e-07,1.7135654388766852e-06,1.6835748795074323e-07,0.9989261031150818,5.647842749034737e-10,0.0010689571499824524,1.537393018224975e-06,1.475619654950095e-14
468,development,dev_initial100,78,b07p08,7,1502007,8,normal,outputs/study1_35f100_v1/normal/b07p08.wav,happy,0.6579118967056274,neutral,0.0830727368593216,0.0001496083423262462,0.00024667364777997136,0.0008726778323762119,0.6579118967056274,0.0830727368593216,4.4017063771661924e-08,0.000872347445692867,0.2568736672401428,3.133270922717202e-07
469,development,dev_initial100,78,b07p08,7,1502007,8,happy,outputs/study1_35f100_v1/happy/b07p08.wav,happy,0.9991745352745056,happy,0.9991745352745056,1.1199067273537366e-07,1.809092253779454e-07,4.6378600018215366e-06,0.9991745352745056,0.0006546281510964036,1.8033742554823817e-10,1.0341657343815314e-06,0.00016470617265440524,6.008484508546186e-12
470,development,dev_initial100,78,b07p08,7,1502007,8,sad,outputs/study1_35f100_v1/sad/b07p08.wav,sad,0.9999998807907104,sad,0.9999998807907104,1.0903838942866173e-09,7.236450105807535e-09,8.874528845126406e-08,3.0412177220995318e-09,2.6473623293554738e-08,5.2082890084070854e-11,0.9999998807907104,1.1714528014294956e-08,2.735550840211355e-14
471,development,dev_initial100,78,b07p08,7,1502007,8,calm,outputs/study1_35f100_v1/calm/b07p08.wav,sad,0.9999756813049316,,,1.0500391454115743e-06,1.776761337168864e-06,4.340002305980306e-06,3.835269126284402e-06,9.682685231382493e-06,2.999204440357062e-08,0.9999756813049316,3.6523936159937875e-06,1.65695213105721e-09
472,development,dev_initial100,78,b07p08,7,1502007,8,angry,outputs/study1_35f100_v1/angry/b07p08.wav,angry,1.0,angry,1.0,1.0,1.3990409525321823e-11,1.7031831674174658e-12,2.562295098318401e-10,7.969841453459026e-11,1.5378021393178815e-13,1.6320210460829543e-10,1.0357783380987584e-10,5.777812957830283e-21
473,development,dev_initial100,78,b07p08,7,1502007,8,surprise,outputs/study1_35f100_v1/surprise/b07p08.wav,sad,0.9967644214630127,surprised,0.0004183575510978699,5.213265922066057e-06,9.793195204110816e-05,9.01547318790108e-05,0.0004578980733640492,0.002165641635656357,2.4555404820603144e-07,0.9967644214630127,0.0004183575510978699,3.718923125006768e-08
474,development,dev_initial100,79,b07p09,7,1502007,9,normal,outputs/study1_35f100_v1/normal/b07p09.wav,happy,0.9999985694885254,neutral,6.590693146790727e-08,2.023028855546727e-08,1.4171379802974116e-07,9.43876941050803e-08,0.9999985694885254,6.590693146790727e-08,1.1734185845213574e-09,1.371450792930773e-07,9.66018433246063e-07,1.859568321549432e-08
475,development,dev_initial100,79,b07p09,7,1502007,9,happy,outputs/study1_35f100_v1/happy/b07p09.wav,happy,0.9998044371604919,happy,0.9998044371604919,2.743827280937694e-07,2.3661979753342166e-07,1.4390503565664403e-05,0.9998044371604919,6.278183661834191e-08,4.558771693474739e-10,6.690982991131023e-05,0.00011370181164238602,1.5028294580998747e-11
476,development,dev_initial100,79,b07p09,7,1502007,9,sad,outputs/study1_35f100_v1/sad/b07p09.wav,sad,1.0,sad,1.0,1.9291884756356126e-10,3.4997129638725255e-09,6.456089440831647e-09,4.2824105372929466e-10,8.486041869204541e-10,3.779197788045252e-11,1.0,2.973918888926619e-10,4.773713908963951e-17
477,development,dev_initial100,79,b07p09,7,1502007,9,calm,outputs/study1_35f100_v1/calm/b07p09.wav,sad,1.0,,,1.709680487460563e-11,2.614248817423004e-09,1.1668769062112005e-08,1.0022711133261808e-10,1.1633956992218586e-10,2.7427062357365806e-12,1.0,2.8393631890111237e-10,2.942016482561161e-20
478,development,dev_initial100,79,b07p09,7,1502007,9,angry,outputs/study1_35f100_v1/angry/b07p09.wav,sad,0.6067776679992676,angry,0.022295497357845306,0.022295497357845306,0.0016106721013784409,0.00892375037074089,0.004844435025006533,0.004418883007019758,1.7964105154533172e-06,0.6067776679992676,0.35112252831459045,4.786819317814661e-06
479,development,dev_initial100,79,b07p09,7,1502007,9,surprise,outputs/study1_35f100_v1/surprise/b07p09.wav,sad,0.9999728202819824,surprised,1.1000738595612347e-06,1.9454229516213672e-07,1.5361475789177348e-06,1.6951751604210585e-05,5.89327044053789e-07,6.669908998446772e-06,7.23701703009283e-08,0.9999728202819824,1.1000738595612347e-06,3.9918003125194446e-08
480,development,dev_initial100,80,b08p00,8,1502008,0,normal,outputs/study1_35f100_v1/normal/b08p00.wav,happy,0.7545936703681946,neutral,6.768811726942658e-05,1.3697840586246457e-05,8.533346408512443e-05,0.003574998350813985,0.7545936703681946,6.768811726942658e-05,4.27627037424827e-06,0.2414725124835968,0.00018779477977659553,6.103993005490693e-11
481,development,dev_initial100,80,b08p00,8,1502008,0,happy,outputs/study1_35f100_v1/happy/b08p00.wav,surprised,0.9978659749031067,happy,0.002009610878303647,3.6637718494603178e-06,3.9813562580093276e-07,1.0183968697674572e-05,0.002009610878303647,4.2869260141742416e-06,1.4095819509448576e-13,0.00010598719381960109,0.9978659749031067,1.856243240713762e-12
482,development,dev_initial100,80,b08p00,8,1502008,0,sad,outputs/study1_35f100_v1/sad/b08p00.wav,sad,0.9999988079071045,sad,0.9999988079071045,6.174599942454506e-09,7.615053476683897e-08,9.27961821162171e-07,2.924976705287463e-08,1.4926679625659744e-07,2.488927508537131e-09,0.9999988079071045,3.576702312102498e-08,1.4027909042702014e-11
483,development,dev_initial100,80,b08p00,8,1502008,0,calm,outputs/study1_35f100_v1/calm/b08p00.wav,surprised,0.8476092219352722,,,4.954637915943749e-05,7.155000275815837e-06,0.005145036615431309,0.004802619107067585,0.0018898571142926812,8.131604278815985e-10,0.14049659669399261,0.8476092219352722,3.436500195519443e-09
484,development,dev_initial100,80,b08p00,8,1502008,0,angry,outputs/study1_35f100_v1/angry/b08p00.wav,sad,0.999998927116394,angry,5.604350761245769e-09,5.604350761245769e-09,1.78765464653452e-08,2.562505052594588e-08,3.349424559928593e-08,9.316854061580671e-07,1.0816678108760414e-10,0.999998927116394,1.8004868707066635e-08,1.1911855677456274e-14
485,development,dev_initial100,80,b08p00,8,1502008,0,surprise,outputs/study1_35f100_v1/surprise/b08p00.wav,surprised,0.8630292415618896,surprised,0.8630292415618896,3.6756715417141095e-05,7.680495036765933e-05,0.006177498493343592,0.12821245193481445,1.3373914043768309e-05,1.452715947536376e-09,0.002453757217153907,0.8630292415618896,1.9188475253173465e-09
486,development,dev_initial100,81,b08p01,8,1502008,1,normal,outputs/study1_35f100_v1/normal/b08p01.wav,angry,0.8025762438774109,neutral,0.004309901036322117,0.8025762438774109,6.19501224718988e-05,0.0014033104525879025,0.02002064883708954,0.004309901036322117,3.329249693706515e-07,0.039775170385837555,0.13185237348079681,2.032174606370063e-08
487,development,dev_initial100,81,b08p01,8,1502008,1,happy,outputs/study1_35f100_v1/happy/b08p01.wav,happy,0.9999006986618042,happy,0.9999006986618042,2.278610899963951e-08,1.603442569830804e-07,9.911535698847729e-07,0.9999006986618042,2.1068251498945756e-07,4.9762624576565884e-11,1.485612301621586e-06,9.642084478400648e-05,5.424161120259896e-10
488,development,dev_initial100,81,b08p01,8,1502008,1,sad,outputs/study1_35f100_v1/sad/b08p01.wav,sad,0.916293740272522,sad,0.916293740272522,1.2249448445800226e-05,6.548120381921763e-06,0.00043284648563712835,7.407178782159463e-05,0.0830627903342247,7.939882351593042e-08,0.916293740272522,0.00011765847011702135,4.988366664182564e-11
489,development,dev_initial100,81,b08p01,8,1502008,1,calm,outputs/study1_35f100_v1/calm/b08p01.wav,sad,0.9975879192352295,,,7.592161182401469e-06,2.9846230972907506e-05,0.0008933420176617801,0.00043053089757449925,0.0006468596402555704,8.480542987854278e-07,0.9975879192352295,0.00040281921974383295,2.6555937893135706e-07
490,development,dev_initial100,81,b08p01,8,1502008,1,angry,outputs/study1_35f100_v1/angry/b08p01.wav,sad,0.9777325391769409,angry,0.006457716692239046,0.006457716692239046,1.0796105925692245e-05,0.00892663560807705,6.480215961346403e-05,5.942398729530396e-06,5.760097465667968e-08,0.9777325391769409,0.0068014939315617085,3.582678598235134e-11
491,development,dev_initial100,81,b08p01,8,1502008,1,surprise,outputs/study1_35f100_v1/surprise/b08p01.wav,sad,0.9916518330574036,surprised,0.0077244872227311134,1.0743923667178024e-05,2.0337497517175507e-06,6.691293674521148e-05,0.00012607612006831914,0.00041786005022004247,6.719695910817336e-10,0.9916518330574036,0.0077244872227311134,3.29304528090546e-10
492,development,dev_initial100,82,b08p02,8,1502008,2,normal,outputs/study1_35f100_v1/normal/b08p02.wav,surprised,0.9999710321426392,neutral,4.41763567948783e-08,3.8171119598473524e-08,1.0496807867355074e-08,1.5101002759365656e-07,2.8519805709947832e-05,4.41763567948783e-08,2.9993307622099217e-17,2.4922715624597913e-07,0.9999710321426392,2.254725980845463e-14
493,development,dev_initial100,82,b08p02,8,1502008,2,happy,outputs/study1_35f100_v1/happy/b08p02.wav,surprised,0.8637692928314209,happy,0.12691110372543335,6.343217683024704e-05,1.6823923942865804e-05,0.0027212800923734903,0.12691110372543335,0.0002938989200629294,1.0166428809910144e-09,0.006224172655493021,0.8637692928314209,1.8031901527493233e-09
494,development,dev_initial100,82,b08p02,8,1502008,2,sad,outputs/study1_35f100_v1/sad/b08p02.wav,sad,1.0,sad,1.0,3.626874191600682e-13,1.3171834283010053e-11,5.778988398930096e-11,2.0852319437131284e-12,6.904331707052735e-13,4.639430692106403e-15,1.0,4.509391558077391e-12,3.009296044835375e-25
495,development,dev_initial100,82,b08p02,8,1502008,2,calm,outputs/study1_35f100_v1/calm/b08p02.wav,sad,0.9999997615814209,,,3.79286158036507e-10,5.254053547787407e-08,2.9169751769586583e-07,1.4313836782520184e-09,3.881831300844851e-09,3.5520575369929475e-10,0.9999997615814209,2.8011022390472817e-09,4.1874579877975674e-16
496,development,dev_initial100,82,b08p02,8,1502008,2,angry,outputs/study1_35f100_v1/angry/b08p02.wav,surprised,0.853059709072113,angry,0.1463698148727417,0.1463698148727417,5.18221604579594e-05,6.346805457724258e-05,0.0003197620972059667,2.4195736841647886e-05,1.6020312854081453e-10,0.00011119440023321658,0.853059709072113,4.6362591543669396e-10
497,development,dev_initial100,82,b08p02,8,1502008,2,surprise,outputs/study1_35f100_v1/surprise/b08p02.wav,surprised,0.696614682674408,surprised,0.696614682674408,0.02795318141579628,0.0005602670717053115,0.001261688768863678,0.2684997320175171,0.000361777376383543,1.1393467502784915e-07,0.004748456180095673,0.696614682674408,1.409586047884659e-07
498,development,dev_initial100,83,b08p03,8,1502008,3,normal,outputs/study1_35f100_v1/normal/b08p03.wav,surprised,0.8400596380233765,neutral,0.00023848617274779826,0.006162173114717007,0.0020751175470650196,0.016574077308177948,0.05993206799030304,0.00023848617274779826,7.568929731860408e-07,0.07495592534542084,0.8400596380233765,1.83653935437178e-06
499,development,dev_initial100,83,b08p03,8,1502008,3,happy,outputs/study1_35f100_v1/happy/b08p03.wav,surprised,0.9999586343765259,happy,2.5502891730866395e-05,7.570447735361086e-08,4.0248931298947355e-08,1.3157588227841188e-06,2.5502891730866395e-05,1.3958273825664946e-07,5.345332703755087e-16,1.430053362128092e-05,0.9999586343765259,7.122670237901668e-14
500,development,dev_initial100,83,b08p03,8,1502008,3,sad,outputs/study1_35f100_v1/sad/b08p03.wav,sad,0.9999996423721313,sad,0.9999996423721313,5.184365159394133e-10,3.7226413951430004e-08,3.6601508668354654e-07,2.197008797111266e-09,5.8967732918802085e-09,2.4733776138319286e-10,0.9999996423721313,6.7091088240545105e-09,1.534249920306322e-14
501,development,dev_initial100,83,b08p03,8,1502008,3,calm,outputs/study1_35f100_v1/calm/b08p03.wav,sad,0.9999995231628418,,,1.0656434845657259e-08,2.9341817864292352e-08,4.513563567343226e-08,1.7805062313414055e-08,3.359761535648431e-07,8.616891228330203e-11,0.9999995231628418,5.1569525538752714e-08,4.1397651094881444e-14
502,development,dev_initial100,83,b08p03,8,1502008,3,angry,outputs/study1_35f100_v1/angry/b08p03.wav,surprised,0.9848365187644958,angry,0.0018571745604276657,0.0018571745604276657,0.00028559708152897656,0.0010491486173123121,0.005140220280736685,0.005755926016718149,1.712833253009194e-08,0.0010693800868466496,0.9848365187644958,6.030789336364251e-06
503,development,dev_initial100,83,b08p03,8,1502008,3,surprise,outputs/study1_35f100_v1/surprise/b08p03.wav,sad,0.9999991655349731,surprised,8.5828652629516e-08,1.0526716387460056e-08,2.8973259347253588e-08,9.50029317436929e-08,4.727621671918314e-07,5.8822156034921136e-08,3.1083563500899913e-10,0.9999991655349731,8.5828652629516e-08,1.1730281459718106e-12
504,development,dev_initial100,84,b08p04,8,1502008,4,normal,outputs/study1_35f100_v1/normal/b08p04.wav,neutral,0.5240546464920044,neutral,0.5240546464920044,4.6472430881294713e-07,3.473623735317233e-07,1.2579978374560596e-06,4.52215431323566e-07,0.5240546464920044,1.2407233018763009e-09,0.47594261169433594,1.6980379768938292e-07,2.8305468743241915e-17
505,development,dev_initial100,84,b08p04,8,1502008,4,happy,outputs/study1_35f100_v1/happy/b08p04.wav,happy,0.4992150366306305,happy,0.4992150366306305,0.000891592469997704,9.938372386386618e-05,0.0003890893131028861,0.4992150366306305,8.631306263851002e-05,3.6868823549696117e-09,0.0004899206105619669,0.4988286793231964,4.8463064672432665e-09
506,development,dev_initial100,84,b08p04,8,1502008,4,sad,outputs/study1_35f100_v1/sad/b08p04.wav,sad,0.9999595880508423,sad,0.9999595880508423,9.63256479735719e-06,4.5938182324789523e-07,5.258931196294725e-06,6.299872552517627e-07,6.643306846854102e-07,1.2609767674476302e-09,0.9999595880508423,2.3873226382420398e-05,1.8569340509699828e-11
507,development,dev_initial100,84,b08p04,8,1502008,4,calm,outputs/study1_35f100_v1/calm/b08p04.wav,sad,0.9251933693885803,,,1.3461789194479934e-06,3.7983998026902555e-06,7.378520967904478e-05,9.74481736193411e-06,0.07431899011135101,7.794990763976273e-10,0.9251933693885803,0.00039895286317914724,4.14898855289475e-13
508,development,dev_initial100,84,b08p04,8,1502008,4,angry,outputs/study1_35f100_v1/angry/b08p04.wav,angry,0.9999966621398926,angry,0.9999966621398926,0.9999966621398926,5.8221264254143534e-08,2.156067502312453e-08,2.696382807698683e-06,4.448696699910215e-08,4.908446094020746e-09,4.6731111069675535e-07,1.1210376271719724e-07,2.22269898748342e-14
509,development,dev_initial100,84,b08p04,8,1502008,4,surprise,outputs/study1_35f100_v1/surprise/b08p04.wav,surprised,0.9954440593719482,surprised,0.9954440593719482,0.00036670573172159493,2.7149066227138974e-05,6.445668259402737e-05,0.0034469948150217533,0.00011604537576204166,1.2844547647716809e-10,0.0005344989476725459,0.9954440593719482,1.4579576657069993e-08
510,development,dev_initial100,85,b08p05,8,1502008,5,normal,outputs/study1_35f100_v1/normal/b08p05.wav,surprised,0.9994245767593384,neutral,8.293464634334669e-05,3.4107097235391848e-06,2.0988659343856853e-06,1.6429290553787723e-05,0.00045565972686745226,8.293464634334669e-05,1.1277817872287765e-12,1.4771415408176836e-05,0.9994245767593384,4.6599599734520325e-09
511,development,dev_initial100,85,b08p05,8,1502008,5,happy,outputs/study1_35f100_v1/happy/b08p05.wav,happy,0.9997932314872742,happy,0.9997932314872742,1.0605420186493575e-07,2.5329961772513343e-07,6.476385578935151e-07,0.9997932314872742,5.266200631126594e-08,2.0387032340085653e-11,7.429831043737067e-07,0.0002050227631116286,2.6804791025680785e-11
512,development,dev_initial100,85,b08p05,8,1502008,5,sad,outputs/study1_35f100_v1/sad/b08p05.wav,sad,0.9999995231628418,sad,0.9999995231628418,2.3978430352400437e-09,1.5492840788056128e-08,5.9430249166325666e-08,7.674019641967789e-09,4.764194159179169e-07,1.28915933483853e-10,0.9999995231628418,1.1801764010499483e-08,8.000881451504863e-14
513,development,dev_initial100,85,b08p05,8,1502008,5,calm,outputs/study1_35f100_v1/calm/b08p05.wav,sad,0.9999997615814209,,,1.3144513255625156e-09,6.292334120416854e-08,1.227798946956682e-07,4.68484762095045e-09,1.9576836152168653e-08,1.418471340386418e-09,0.9999997615814209,3.252708991041686e-09,7.370397694939079e-13
514,development,dev_initial100,85,b08p05,8,1502008,5,angry,outputs/study1_35f100_v1/angry/b08p05.wav,sad,0.9999942779541016,angry,1.065898036500812e-08,1.065898036500812e-08,5.833108502883988e-07,4.871191777056083e-06,3.672086279493669e-08,8.487977254389989e-08,1.1670423560872223e-07,0.9999942779541016,9.543320800275978e-09,1.7996862680669246e-11
515,development,dev_initial100,85,b08p05,8,1502008,5,surprise,outputs/study1_35f100_v1/surprise/b08p05.wav,sad,1.0,surprised,1.0275159195716199e-10,9.354046183462916e-12,1.0009452294790222e-10,4.993693791810472e-10,1.1412163436474998e-09,2.1788001958178427e-11,3.4690948572980995e-13,1.0,1.0275159195716199e-10,1.327979795329183e-19
516,development,dev_initial100,86,b08p06,8,1502008,6,normal,outputs/study1_35f100_v1/normal/b08p06.wav,happy,0.9999992847442627,neutral,7.55627435622408e-11,9.441859100123295e-11,3.103392265391136e-10,4.688195387458904e-10,0.9999992847442627,7.55627435622408e-11,5.3605619326302454e-15,1.4538990011914166e-09,7.121789735720085e-07,2.332351277681223e-16
517,development,dev_initial100,86,b08p06,8,1502008,6,happy,outputs/study1_35f100_v1/happy/b08p06.wav,angry,0.9989100694656372,happy,6.414260496967472e-06,0.9989100694656372,0.00022294613881967962,2.3438058633473702e-05,6.414260496967472e-06,9.650696483731735e-06,4.610044925357215e-06,0.0008018009830266237,2.1062300220364705e-05,1.3468529069804447e-10
518,development,dev_initial100,86,b08p06,8,1502008,6,sad,outputs/study1_35f100_v1/sad/b08p06.wav,sad,0.999964714050293,sad,0.999964714050293,2.7090513299299346e-07,1.1004814268744667e-06,7.230950814118842e-06,1.0752928147894636e-07,2.6114059437531978e-05,2.884566185912263e-08,0.999964714050293,4.0227706676887465e-07,2.984434366304356e-10
519,development,dev_initial100,86,b08p06,8,1502008,6,calm,outputs/study1_35f100_v1/calm/b08p06.wav,sad,1.0,,,6.328099155794575e-10,3.748004129278115e-09,4.976106637855082e-09,1.1220221418639653e-09,4.7016804671784485e-08,3.997174813363813e-11,1.0,7.567736437508188e-10,1.2670054350301385e-15
520,development,dev_initial100,86,b08p06,8,1502008,6,angry,outputs/study1_35f100_v1/angry/b08p06.wav,surprised,0.7470945715904236,angry,0.00016130147560033947,0.00016130147560033947,0.001491472707130015,0.005067644640803337,0.004227811936289072,1.9791295926552266e-05,1.7384783390639313e-08,0.24193736910820007,0.7470945715904236,4.0117065225331316e-08
521,development,dev_initial100,86,b08p06,8,1502008,6,surprise,outputs/study1_35f100_v1/surprise/b08p06.wav,sad,0.9990259408950806,surprised,0.00014716875739395618,2.897170270443894e-05,1.5995741705410182e-05,8.850092854117975e-05,1.4317789464257658e-05,0.0006789748440496624,1.0001853922858572e-07,0.9990259408950806,0.00014716875739395618,7.139238089592936e-09
522,development,dev_initial100,87,b08p07,8,1502008,7,normal,outputs/study1_35f100_v1/normal/b08p07.wav,surprised,0.9998643398284912,neutral,2.602107542770682e-07,1.2572402852129017e-07,1.0735537614436907e-07,5.604868533737317e-07,0.00013399722229223698,2.602107542770682e-07,8.691347897052436e-16,6.330220116979035e-07,0.9998643398284912,1.09586970574449e-12
523,development,dev_initial100,87,b08p07,8,1502008,7,happy,outputs/study1_35f100_v1/happy/b08p07.wav,fearful,0.6257672905921936,happy,0.1406218260526657,0.0005203505279496312,0.0003120407636743039,0.6257672905921936,0.1406218260526657,0.00010475642193341628,2.284004949615337e-06,0.033501673489809036,0.19916903972625732,7.720814210188109e-07
524,development,dev_initial100,87,b08p07,8,1502008,7,sad,outputs/study1_35f100_v1/sad/b08p07.wav,sad,1.0,sad,1.0,3.098804546297629e-10,2.462084580656665e-08,2.9213115482207286e-08,2.3399628901188407e-09,1.070010191561721e-09,9.155175922925807e-11,1.0,2.306692392650689e-09,1.4724351498815978e-14
525,development,dev_initial100,87,b08p07,8,1502008,7,calm,outputs/study1_35f100_v1/calm/b08p07.wav,sad,0.9912943243980408,,,1.569712111404442e-07,5.981504500596202e-07,9.632637556933332e-06,5.675668035109993e-06,0.008684782311320305,1.3581408220275648e-09,0.9912943243980408,4.829456884181127e-06,1.3490548061252314e-14
526,development,dev_initial100,87,b08p07,8,1502008,7,angry,outputs/study1_35f100_v1/angry/b08p07.wav,angry,0.9974992871284485,angry,0.9974992871284485,0.9974992871284485,4.853804512094939e-06,9.470884833717719e-05,2.5255003492929973e-05,8.4494095062837e-06,1.495354240432789e-08,0.0004379693418741226,0.0019293857039883733,6.334668900542795e-11
527,development,dev_initial100,87,b08p07,8,1502008,7,surprise,outputs/study1_35f100_v1/surprise/b08p07.wav,neutral,0.6072506904602051,surprised,0.014898307621479034,0.0005380075890570879,0.00023096591758076102,0.0016740253195166588,0.00040927331428974867,0.6072506904602051,1.8418992908664222e-07,0.3749985992908478,0.014898307621479034,5.107246181523806e-09
528,development,dev_initial100,88,b08p08,8,1502008,8,normal,outputs/study1_35f100_v1/normal/b08p08.wav,sad,0.9996898174285889,neutral,2.2484416604129365e-06,1.0567339359113248e-06,3.6465194170887116e-06,2.642910840222612e-05,9.274018520954996e-05,2.2484416604129365e-06,4.681091070324328e-09,0.9996898174285889,0.00018406826711725444,1.6998570329107565e-09
529,development,dev_initial100,88,b08p08,8,1502008,8,happy,outputs/study1_35f100_v1/happy/b08p08.wav,happy,0.8109614849090576,happy,0.8109614849090576,3.963301423937082e-05,1.582892036822159e-05,0.00016239278193097562,0.8109614849090576,0.18056948482990265,1.1156706669623873e-08,7.50812396290712e-05,0.008176134899258614,8.697498971033113e-11
530,development,dev_initial100,88,b08p08,8,1502008,8,sad,outputs/study1_35f100_v1/sad/b08p08.wav,sad,0.8725419640541077,sad,0.8725419640541077,1.533008980914019e-05,1.4345052932185354e-06,0.0002946893800981343,0.0007543058600276709,0.00021971837850287557,9.208751816647265e-11,0.8725419640541077,0.1261724978685379,2.6075889711374423e-11
531,development,dev_initial100,88,b08p08,8,1502008,8,calm,outputs/study1_35f100_v1/calm/b08p08.wav,sad,0.9999996423721313,,,3.5997747005467318e-09,2.665022869052791e-08,7.59181233433992e-08,1.333827892580075e-08,1.1569586888526828e-07,1.9930251893285345e-10,0.9999996423721313,1.9914921267627506e-08,5.957215921731027e-14
532,development,dev_initial100,88,b08p08,8,1502008,8,angry,outputs/study1_35f100_v1/angry/b08p08.wav,angry,1.0,angry,1.0,1.0,1.1081851582217528e-12,1.248687161699638e-13,1.611539894585956e-11,7.567934473540205e-11,4.3160199603175554e-15,5.072253381199765e-11,2.9387995509333464e-11,2.5585909866772866e-23
533,development,dev_initial100,88,b08p08,8,1502008,8,surprise,outputs/study1_35f100_v1/surprise/b08p08.wav,surprised,0.9999603033065796,surprised,0.9999603033065796,1.9871991696618352e-07,6.890893189392955e-08,4.5509005985877593e-07,3.786664456129074e-05,1.5186235202691023e-07,6.115246477535435e-16,8.583722319599474e-07,0.9999603033065796,1.3770064732562814e-12
534,development,dev_initial100,89,b08p09,8,1502008,9,normal,outputs/study1_35f100_v1/normal/b08p09.wav,sad,0.9999996423721313,neutral,6.370805039068728e-08,4.199181447006595e-09,6.892255299817407e-08,1.6336456098997587e-07,9.262569378165608e-09,6.370805039068728e-08,1.7931599538556497e-09,0.9999996423721313,6.825702225654595e-09,2.507880784551747e-13
535,development,dev_initial100,89,b08p09,8,1502008,9,happy,outputs/study1_35f100_v1/happy/b08p09.wav,happy,0.9022813439369202,happy,0.9022813439369202,8.15629173303023e-05,8.039685781113803e-05,0.001514206058345735,0.9022813439369202,0.0007315961411222816,5.570246841557491e-08,0.012218884192407131,0.08309191465377808,3.663957315325206e-08
536,development,dev_initial100,89,b08p09,8,1502008,9,sad,outputs/study1_35f100_v1/sad/b08p09.wav,sad,1.0,sad,1.0,2.0411344598021686e-13,2.2847746264376134e-11,3.043826649062886e-11,4.583163275978519e-13,4.52745317364861e-13,4.453925817976502e-15,1.0,1.9102306542118086e-12,5.022752325328178e-25
537,development,dev_initial100,89,b08p09,8,1502008,9,calm,outputs/study1_35f100_v1/calm/b08p09.wav,neutral,0.936338484287262,,,1.125378275901312e-05,9.424540621694177e-06,0.0015028336783871055,9.445907198823988e-05,0.936338484287262,9.536805789522873e-10,0.011114396154880524,0.05092907324433327,1.1132167410110583e-09
538,development,dev_initial100,89,b08p09,8,1502008,9,angry,outputs/study1_35f100_v1/angry/b08p09.wav,angry,0.9980144500732422,angry,0.9980144500732422,0.9980144500732422,2.481074261595495e-07,5.699924940927303e-07,6.554891569976462e-06,9.84124426395283e-07,9.397195695204363e-12,1.374137241327844e-06,0.001975861145183444,1.0660397532172988e-13
539,development,dev_initial100,89,b08p09,8,1502008,9,surprise,outputs/study1_35f100_v1/surprise/b08p09.wav,neutral,0.8632030487060547,surprised,0.015879204496741295,0.000756466353777796,2.2255311705521308e-05,0.00016412643890362233,0.048752881586551666,0.8632030487060547,3.932114722715596e-08,0.07122206687927246,0.015879204496741295,5.990955287416e-09
540,development,dev_initial100,90,b09p00,9,1502009,0,normal,outputs/study1_35f100_v1/normal/b09p00.wav,sad,0.9989169836044312,neutral,0.0005497866659425199,6.998307071626186e-07,0.00011528436152730137,0.00016085633251350373,0.00019649018940981477,0.0005497866659425199,1.2883622275694506e-06,0.9989169836044312,5.842148675583303e-05,1.0403712025208733e-07
541,development,dev_initial100,90,b09p00,9,1502009,0,happy,outputs/study1_35f100_v1/happy/b09p00.wav,happy,0.9999805688858032,happy,0.9999805688858032,4.848953238933973e-09,1.1249237985566651e-08,3.644030144300814e-08,0.9999805688858032,1.0995315768980163e-08,1.1899024517439405e-12,8.898255998701643e-08,1.9260418412159197e-05,6.481012341380543e-12
542,development,dev_initial100,90,b09p00,9,1502009,0,sad,outputs/study1_35f100_v1/sad/b09p00.wav,sad,1.0,sad,1.0,1.0761313368190528e-10,9.71994595921899e-10,2.0486583540701986e-09,1.4991215213644438e-10,5.798810875923266e-10,2.1389530771576126e-12,1.0,5.339415576344209e-10,1.1028013285587593e-17
543,development,dev_initial100,90,b09p00,9,1502009,0,calm,outputs/study1_35f100_v1/calm/b09p00.wav,sad,0.9999992847442627,,,2.0643742271175824e-09,8.625102410064756e-09,1.3300624601697564e-08,6.772429372858824e-08,5.668847506967722e-07,5.774356687249238e-11,0.9999992847442627,1.226393386843938e-08,6.8259124142377135e-15
544,development,dev_initial100,90,b09p00,9,1502009,0,angry,outputs/study1_35f100_v1/angry/b09p00.wav,sad,0.9996587038040161,angry,1.8968755739479093e-06,1.8968755739479093e-06,5.159105512575479e-06,1.6481262719025835e-05,5.099108761896787e-07,0.0003159763873554766,1.702661336366873e-07,0.9996587038040161,1.2103680546715623e-06,1.3654741781721214e-09
545,development,dev_initial100,90,b09p00,9,1502009,0,surprise,outputs/study1_35f100_v1/surprise/b09p00.wav,sad,0.9989925026893616,surprised,4.856337181990966e-05,7.375182349278475e-07,5.418221917352639e-06,0.00010486217797733843,0.00013200842658989131,0.000715653644874692,9.918274912479319e-08,0.9989925026893616,4.856337181990966e-05,2.6151889542802564e-09
546,development,dev_initial100,91,b09p01,9,1502009,1,normal,outputs/study1_35f100_v1/normal/b09p01.wav,surprised,0.9631760120391846,neutral,0.0011752217542380095,0.00019445890211500227,3.7188739952398464e-05,0.0004303686146158725,0.034713972359895706,0.0011752217542380095,9.043260029706346e-10,0.00027269910788163543,0.9631760120391846,7.233835219722096e-08
547,development,dev_initial100,91,b09p01,9,1502009,1,happy,outputs/study1_35f100_v1/happy/b09p01.wav,happy,0.9999933242797852,happy,0.9999933242797852,1.5109419271297497e-09,3.8306589011938286e-09,8.523688421746556e-09,0.9999933242797852,1.180882280849005e-09,1.738267461828119e-13,1.7141255526098576e-08,6.646684141742298e-06,1.1942575021354346e-13
548,development,dev_initial100,91,b09p01,9,1502009,1,sad,outputs/study1_35f100_v1/sad/b09p01.wav,sad,0.9999672174453735,sad,0.9999672174453735,2.0089078844875985e-08,4.1558882912795525e-07,3.116314474027604e-05,8.201652690331684e-07,2.3929342773953977e-07,1.3841477652931644e-07,0.9999672174453735,5.723118690070805e-08,1.0846338271974787e-09
549,development,dev_initial100,91,b09p01,9,1502009,1,calm,outputs/study1_35f100_v1/calm/b09p01.wav,neutral,0.9652737379074097,,,6.3214747569873e-06,1.6707923350622877e-05,9.434069215785712e-05,5.906102614972042e-06,0.9652737379074097,5.48486678297877e-09,0.034319523721933365,0.0002834262850228697,1.0985739228031033e-11
550,development,dev_initial100,91,b09p01,9,1502009,1,angry,outputs/study1_35f100_v1/angry/b09p01.wav,angry,1.0,angry,1.0,1.0,2.2480368955246632e-10,4.3755003092948996e-11,3.469545317713596e-09,6.95821511520478e-10,1.7152855524837918e-11,6.838918320539733e-09,2.3188399811413518e-10,1.742802083730518e-19
551,development,dev_initial100,91,b09p01,9,1502009,1,surprise,outputs/study1_35f100_v1/surprise/b09p01.wav,sad,0.9999803304672241,surprised,7.529100685133017e-07,6.597628043891746e-08,1.123971401284507e-06,1.5894880561972968e-05,8.394033557124203e-07,9.380121355206938e-07,5.156725535471196e-08,0.9999803304672241,7.529100685133017e-07,1.0586258980538332e-08
552,development,dev_initial100,92,b09p02,9,1502009,2,normal,outputs/study1_35f100_v1/normal/b09p02.wav,happy,0.9700512886047363,neutral,0.00014705295325256884,6.601554923690856e-05,5.762862565461546e-05,0.0005697833839803934,0.9700512886047363,0.00014705295325256884,6.995981038926402e-08,0.0011962847784161568,0.027911417186260223,3.358144340381841e-07
553,development,dev_initial100,92,b09p02,9,1502009,2,happy,outputs/study1_35f100_v1/happy/b09p02.wav,happy,0.9296045303344727,happy,0.9296045303344727,7.013784488663077e-05,2.459352253936231e-05,0.00018594473658595234,0.9296045303344727,0.00014872101019136608,4.474545622912274e-09,0.0002905059664044529,0.06967561691999435,1.1098121532882033e-08
554,development,dev_initial100,92,b09p02,9,1502009,2,sad,outputs/study1_35f100_v1/sad/b09p02.wav,sad,0.9999991655349731,sad,0.9999991655349731,1.6465479646399217e-08,1.955694415300968e-07,3.8555012338292727e-07,1.82497998935105e-08,2.215246723835662e-07,2.105953633702029e-09,0.9999991655349731,4.18694519055407e-08,6.19230361431633e-13
555,development,dev_initial100,92,b09p02,9,1502009,2,calm,outputs/study1_35f100_v1/calm/b09p02.wav,sad,0.46472546458244324,,,0.0010860019829124212,0.00013295109965838492,0.0026832157745957375,0.02248130366206169,0.3051387667655945,1.2302140817155305e-07,0.46472546458244324,0.20375190675258636,2.7197145868740336e-07
556,development,dev_initial100,92,b09p02,9,1502009,2,angry,outputs/study1_35f100_v1/angry/b09p02.wav,angry,0.9999520778656006,angry,0.9999520778656006,0.9999520778656006,1.614651068848616e-06,8.568758289584366e-07,1.6960924767772667e-05,2.820504505507415e-07,1.2102863422569499e-07,2.587505332485307e-05,2.2592103050556034e-06,5.2365451384817074e-12
557,development,dev_initial100,92,b09p02,9,1502009,2,surprise,outputs/study1_35f100_v1/surprise/b09p02.wav,sad,0.8606458902359009,surprised,0.004869315307587385,0.07900281995534897,0.008148711174726486,0.014706114307045937,0.0014424079563468695,0.03066612035036087,0.0005179803702048957,0.8606458902359009,0.004869315307587385,5.166650680621387e-07
558,development,dev_initial100,93,b09p03,9,1502009,3,normal,outputs/study1_35f100_v1/normal/b09p03.wav,happy,0.9605912566184998,neutral,0.01517654862254858,0.009720636531710625,0.0018036713590845466,0.0006921805324964225,0.9605912566184998,0.01517654862254858,2.4993743863888085e-05,0.0024464898742735386,0.009540229104459286,4.1038429117179476e-06
559,development,dev_initial100,93,b09p03,9,1502009,3,happy,outputs/study1_35f100_v1/happy/b09p03.wav,happy,0.5416306257247925,happy,0.5416306257247925,5.833852628711611e-05,6.570119876414537e-05,0.0020098909735679626,0.5416306257247925,3.650811413535848e-05,2.7664728285969886e-09,0.0030414178036153316,0.4531574845314026,1.6554912996014082e-09
560,development,dev_initial100,93,b09p03,9,1502009,3,sad,outputs/study1_35f100_v1/sad/b09p03.wav,sad,0.6907219290733337,sad,0.6907219290733337,0.0001617513771634549,0.0006733171176165342,0.004099450074136257,0.07067558914422989,0.024814855307340622,3.5913100759898953e-07,0.6907219290733337,0.20885123312473297,1.442167103959946e-06
561,development,dev_initial100,93,b09p03,9,1502009,3,calm,outputs/study1_35f100_v1/calm/b09p03.wav,sad,0.9999408721923828,,,2.6550503662292613e-07,1.0060846307169413e-06,1.1161534530401696e-05,2.3860318378865486e-06,4.088622881681658e-05,1.8452404049185134e-08,0.9999408721923828,3.3444903237977996e-06,6.184386336371972e-10
562,development,dev_initial100,93,b09p03,9,1502009,3,angry,outputs/study1_35f100_v1/angry/b09p03.wav,angry,1.0,angry,1.0,1.0,6.357850986134228e-13,4.4021555877567925e-14,1.0861712571030857e-11,5.78466528150523e-12,8.003685787010808e-16,1.1611493884455815e-11,1.4008780246932417e-11,1.6821224976078505e-25
563,development,dev_initial100,93,b09p03,9,1502009,3,surprise,outputs/study1_35f100_v1/surprise/b09p03.wav,surprised,0.5097274780273438,surprised,0.5097274780273438,0.3572826683521271,0.00046594772720709443,0.0014436515048146248,0.05581756681203842,0.06277021020650864,4.609906909536221e-07,0.01249185111373663,0.5097274780273438,1.24859653283238e-07
564,development,dev_initial100,94,b09p04,9,1502009,4,normal,outputs/study1_35f100_v1/normal/b09p04.wav,neutral,0.9990487694740295,neutral,0.9990487694740295,2.963998440463911e-06,1.1682015610858798e-05,2.169965227949433e-05,0.0003860321012325585,0.9990487694740295,1.2768018109454715e-07,0.0004766503698192537,5.216050340095535e-05,5.121901125448858e-08
565,development,dev_initial100,94,b09p04,9,1502009,4,happy,outputs/study1_35f100_v1/happy/b09p04.wav,happy,0.9999994039535522,happy,0.9999994039535522,3.696539252473485e-08,3.9795448714130544e-08,5.441749095780324e-08,0.9999994039535522,5.541832592825813e-08,2.7959343729122565e-09,3.6153591054244316e-07,1.617019620425708e-07,1.0111690373904025e-09
566,development,dev_initial100,94,b09p04,9,1502009,4,sad,outputs/study1_35f100_v1/sad/b09p04.wav,neutral,0.5873648524284363,sad,0.0027365009300410748,1.4757655662833713e-05,8.671561886330892e-07,8.416845957981423e-05,0.008946661837399006,0.5873648524284363,1.184824894445713e-11,0.0027365009300410748,0.40085217356681824,3.732906345144116e-12
567,development,dev_initial100,94,b09p04,9,1502009,4,calm,outputs/study1_35f100_v1/calm/b09p04.wav,sad,0.773816704750061,,,9.371239138999954e-05,0.0001431656419299543,0.0333833172917366,0.03457699716091156,0.01694365218281746,5.190538558963453e-07,0.773816704750061,0.1410408616065979,1.0049519687527209e-06
568,development,dev_initial100,94,b09p04,9,1502009,4,angry,outputs/study1_35f100_v1/angry/b09p04.wav,angry,1.0,angry,1.0,1.0,5.094179201733939e-13,1.9607125439306122e-14,4.282700496321956e-12,7.208737079489325e-12,7.060453190354469e-16,8.054115534228412e-12,4.952475061992256e-12,4.837928932878541e-26
569,development,dev_initial100,94,b09p04,9,1502009,4,surprise,outputs/study1_35f100_v1/surprise/b09p04.wav,angry,1.0,surprised,3.05794348176569e-11,1.0,4.567091930335332e-12,8.715549983107085e-13,9.174771359310441e-11,3.849768767660855e-11,6.848089939082494e-14,2.2552776313133904e-10,3.05794348176569e-11,2.0918498516251863e-22
570,development,dev_initial100,95,b09p05,9,1502009,5,normal,outputs/study1_35f100_v1/normal/b09p05.wav,happy,0.9382092952728271,neutral,0.05700983107089996,6.931696407264099e-05,4.9192858568858355e-05,4.7512225137325004e-05,0.9382092952728271,0.05700983107089996,3.410553617300138e-08,0.0001632996863918379,0.004451611079275608,8.926854810908935e-10
571,development,dev_initial100,95,b09p05,9,1502009,5,happy,outputs/study1_35f100_v1/happy/b09p05.wav,sad,0.4308091998100281,happy,0.3555041551589966,0.0016969864955171943,0.003094377228990197,0.0036821027752012014,0.3555041551589966,0.06667347252368927,4.103197170479689e-06,0.4308091998100281,0.13853314518928528,2.5062352051463677e-06
572,development,dev_initial100,95,b09p05,9,1502009,5,sad,outputs/study1_35f100_v1/sad/b09p05.wav,sad,1.0,sad,1.0,4.253009333599067e-10,1.2978135011110226e-08,3.663076597604231e-08,5.778308387327513e-10,1.4204345477608626e-09,2.766793044672866e-11,1.0,2.2180790537618122e-09,1.9457062309661137e-18
573,development,dev_initial100,95,b09p05,9,1502009,5,calm,outputs/study1_35f100_v1/calm/b09p05.wav,sad,0.9996185302734375,,,1.4013211284691351e-06,7.607154088873358e-07,2.0638623027480207e-05,3.273937909398228e-05,0.00013191944162826985,1.6079153564163562e-09,0.9996185302734375,0.0001939326903084293,5.3904124219794625e-11
574,development,dev_initial100,95,b09p05,9,1502009,5,angry,outputs/study1_35f100_v1/angry/b09p05.wav,angry,0.9260959625244141,angry,0.9260959625244141,0.9260959625244141,1.9098770280834287e-05,7.654855835426133e-06,3.754508725251071e-05,1.436783804820152e-05,9.53000525716341e-11,2.0189356291666627e-05,0.07380520552396774,5.414592732511103e-11
575,development,dev_initial100,95,b09p05,9,1502009,5,surprise,outputs/study1_35f100_v1/surprise/b09p05.wav,angry,0.987381637096405,surprised,6.743729318259284e-05,0.987381637096405,7.185861613834277e-05,1.96125365619082e-05,0.012384233064949512,2.3835832507757004e-06,2.342307425351464e-06,7.050645217532292e-05,6.743729318259284e-05,1.7469968180416906e-11
576,development,dev_initial100,96,b09p06,9,1502009,6,normal,outputs/study1_35f100_v1/normal/b09p06.wav,sad,0.9999988079071045,neutral,4.3253695025669003e-07,2.390668285556785e-08,2.3235469370774808e-07,2.3438484220150713e-07,1.4661081593203562e-07,4.3253695025669003e-07,4.656329721797192e-08,0.9999988079071045,7.539291857483477e-09,7.179247751842865e-10
577,development,dev_initial100,96,b09p06,9,1502009,6,happy,outputs/study1_35f100_v1/happy/b09p06.wav,surprised,1.0,happy,1.8236617771449914e-09,3.06800383709227e-11,6.897849652576227e-11,4.478385162709486e-10,1.8236617771449914e-09,6.424501208801559e-11,3.0116091605310345e-22,3.2751945600040244e-10,1.0,6.671722165774478e-20
578,development,dev_initial100,96,b09p06,9,1502009,6,sad,outputs/study1_35f100_v1/sad/b09p06.wav,sad,1.0,sad,1.0,1.9154599781301407e-11,4.863689451184428e-10,7.287780379172659e-10,8.313368049517322e-11,1.525950615866023e-10,2.5074716608619596e-12,1.0,5.3424591139883404e-11,1.3217742346750219e-18
579,development,dev_initial100,96,b09p06,9,1502009,6,calm,outputs/study1_35f100_v1/calm/b09p06.wav,sad,1.0,,,2.210279702319351e-12,1.939830740482762e-09,1.3673687737636442e-09,7.824412992518681e-12,5.3224096137338694e-12,9.416640644327456e-13,1.0,8.686213207043103e-12,1.052469820753286e-23
580,development,dev_initial100,96,b09p06,9,1502009,6,angry,outputs/study1_35f100_v1/angry/b09p06.wav,sad,0.999911904335022,angry,2.0731015126784769e-07,2.0731015126784769e-07,2.3183993107522838e-06,8.081255509750918e-05,9.944066050593392e-07,2.5527187972329557e-06,3.628516651588143e-07,0.999911904335022,6.85940676703467e-07,1.2151413386618515e-07
581,development,dev_initial100,96,b09p06,9,1502009,6,surprise,outputs/study1_35f100_v1/surprise/b09p06.wav,neutral,0.966452419757843,surprised,0.030041590332984924,0.00018597028974909335,4.817149238078855e-05,0.0007396918372251093,0.00019675787189044058,0.966452419757843,2.2084282846890346e-08,0.002335075056180358,0.030041590332984924,3.5037615475630446e-07
582,development,dev_initial100,97,b09p07,9,1502009,7,normal,outputs/study1_35f100_v1/normal/b09p07.wav,neutral,0.9997301697731018,neutral,0.9997301697731018,1.4165820516609529e-07,8.266459161632156e-08,1.4574207853002008e-05,2.56332441495033e-06,0.9997301697731018,1.3809164749190028e-11,6.811071216361597e-06,0.00024572128313593566,3.967423278794513e-09
583,development,dev_initial100,97,b09p07,9,1502009,7,happy,outputs/study1_35f100_v1/happy/b09p07.wav,happy,0.9994925260543823,happy,0.9994925260543823,5.897387609365978e-07,4.940768008054874e-07,5.365708602766972e-06,0.9994925260543823,1.4094449397816788e-05,6.826063603249111e-10,2.350415115870419e-06,0.00048456055810675025,7.644059607514464e-09
584,development,dev_initial100,97,b09p07,9,1502009,7,sad,outputs/study1_35f100_v1/sad/b09p07.wav,sad,0.7567412257194519,sad,0.7567412257194519,8.756689567235298e-06,8.685901775606908e-06,0.00010716941324062645,0.00017854664474725723,0.24183328449726105,2.6995661261963733e-09,0.7567412257194519,0.0011223704786971211,1.11672585241529e-12
585,development,dev_initial100,97,b09p07,9,1502009,7,calm,outputs/study1_35f100_v1/calm/b09p07.wav,sad,0.999972939491272,,,2.351578309855995e-08,5.2690662499799146e-08,6.014258815412177e-07,1.4305817863657921e-08,2.6145997253479436e-05,1.295032275860919e-10,0.999972939491272,1.8256085354551033e-07,1.5731849755729922e-14
586,development,dev_initial100,97,b09p07,9,1502009,7,angry,outputs/study1_35f100_v1/angry/b09p07.wav,sad,0.995505690574646,angry,0.0001234102383023128,0.0001234102383023128,1.8430945374348084e-06,0.0034897245932370424,1.08126523628016e-05,0.00012998930469620973,6.196015078785422e-08,0.995505690574646,0.0007384734926745296,4.0884304830512974e-09
587,development,dev_initial100,97,b09p07,9,1502009,7,surprise,outputs/study1_35f100_v1/surprise/b09p07.wav,surprised,0.9381558895111084,surprised,0.9381558895111084,2.5337925762869418e-05,7.209393515950069e-05,0.0008644625777378678,0.055675871670246124,0.0005717274616472423,1.3125698306026834e-09,0.004634476732462645,0.9381558895111084,8.255372563326091e-08
588,development,dev_initial100,98,b09p08,9,1502009,8,normal,outputs/study1_35f100_v1/normal/b09p08.wav,sad,0.9999701976776123,neutral,2.2862412151880562e-05,9.538582190771194e-08,2.2812429278928903e-07,4.821175025426783e-06,4.5108902213542024e-07,2.2862412151880562e-05,3.3610696448249655e-09,0.9999701976776123,1.3092338804199244e-06,8.071471963022603e-11
589,development,dev_initial100,98,b09p08,9,1502009,8,happy,outputs/study1_35f100_v1/happy/b09p08.wav,happy,0.9991546869277954,happy,0.9991546869277954,3.706756785959442e-07,1.1082954642915865e-06,6.246663360798266e-06,0.9991546869277954,4.212486601318233e-06,4.5936868198204195e-10,6.732369001838379e-06,0.0008267759112641215,4.031639466717252e-09
590,development,dev_initial100,98,b09p08,9,1502009,8,sad,outputs/study1_35f100_v1/sad/b09p08.wav,sad,1.0,sad,1.0,1.2622465572764696e-11,2.1896886526207027e-09,4.326847324875871e-09,2.6235669886576218e-11,6.007409847352818e-11,2.195255262293916e-12,1.0,7.540702090524931e-11,3.927416389897696e-21
591,development,dev_initial100,98,b09p08,9,1502009,8,calm,outputs/study1_35f100_v1/calm/b09p08.wav,sad,1.0,,,1.312874947645426e-10,9.663311928420626e-09,3.588884212035737e-08,2.1594019627979577e-10,1.2534813187414784e-09,4.246052467959949e-11,1.0,6.754843906442431e-10,9.410983383270545e-17
592,development,dev_initial100,98,b09p08,9,1502009,8,angry,outputs/study1_35f100_v1/angry/b09p08.wav,angry,0.8534055352210999,angry,0.8534055352210999,0.8534055352210999,0.0005382879753597081,0.0006248362478800118,0.0014563202857971191,3.0028943001525477e-05,9.012970991761904e-08,0.0007480668718926609,0.14319677650928497,4.538424747124736e-08
593,development,dev_initial100,98,b09p08,9,1502009,8,surprise,outputs/study1_35f100_v1/surprise/b09p08.wav,surprised,0.9690913558006287,surprised,0.9690913558006287,0.011415245942771435,7.42867196095176e-05,0.000737100257538259,0.0031802516896277666,0.0006019480060786009,4.304681500144625e-09,0.014899784699082375,0.9690913558006287,5.935607561013967e-09
594,development,dev_initial100,99,b09p09,9,1502009,9,normal,outputs/study1_35f100_v1/normal/b09p09.wav,sad,0.9999929666519165,neutral,5.64211677556159e-06,2.2191436244156648e-08,1.3101204565657554e-08,7.07113301245954e-08,8.505642767886457e-07,5.64211677556159e-06,3.1943003797607616e-11,0.9999929666519165,3.744505079339433e-07,2.108193007915437e-15
595,development,dev_initial100,99,b09p09,9,1502009,9,happy,outputs/study1_35f100_v1/happy/b09p09.wav,sad,0.9978061318397522,happy,0.0001382755726808682,8.467961833957816e-07,3.2194751042879943e-07,3.676005871966481e-05,0.0001382755726808682,0.0013059118064120412,2.8792973560953783e-10,0.9978061318397522,0.0007117060595192015,3.751542045765666e-12
596,development,dev_initial100,99,b09p09,9,1502009,9,sad,outputs/study1_35f100_v1/sad/b09p09.wav,neutral,0.9859148263931274,sad,0.013452808372676373,0.0005781253566965461,1.4756478776689619e-05,6.709508852509316e-06,9.959873750631232e-06,0.9859148263931274,5.022583593472518e-08,0.013452808372676373,2.2697155145579018e-05,1.3725059500382941e-12
597,development,dev_initial100,99,b09p09,9,1502009,9,calm,outputs/study1_35f100_v1/calm/b09p09.wav,sad,1.0,,,7.991689532360624e-10,1.4886111232570443e-09,5.488228094208125e-09,2.851924030267128e-09,1.794167303614813e-08,8.608857550440607e-12,1.0,2.6848181455818576e-09,7.522578352159756e-17
598,development,dev_initial100,99,b09p09,9,1502009,9,angry,outputs/study1_35f100_v1/angry/b09p09.wav,sad,0.9972672462463379,angry,0.00027145471540279686,0.00027145471540279686,1.8107401047018357e-05,0.001669319230131805,0.00033489256747998297,8.969940381575725e-07,4.891362550552003e-07,0.9972672462463379,0.0004375506250653416,5.319251705770967e-10
599,development,dev_initial100,99,b09p09,9,1502009,9,surprise,outputs/study1_35f100_v1/surprise/b09p09.wav,sad,0.9795414805412292,surprised,0.019040213897824287,2.475494875397999e-05,1.8341089571549674e-06,0.0001641437120269984,2.1284693502821028e-05,0.0012062027817592025,2.1317486664784724e-10,0.9795414805412292,0.019040213897824287,1.620888319397995e-11
600,development,dev_extension200,100,b10p00,10,1502010,0,normal,outputs/study1_35f300_extension_v1/normal/b10p00.wav,sad,0.974207878112793,neutral,0.0256670992821455,1.3759752619080245e-05,2.6077054826600943e-07,3.475037829048233e-06,0.00010502561053726822,0.0256670992821455,8.302601273157961e-09,0.974207878112793,2.4622117962280754e-06,5.1597511731434585e-15
601,development,dev_extension200,100,b10p00,10,1502010,0,happy,outputs/study1_35f300_extension_v1/happy/b10p00.wav,happy,0.9741180539131165,happy,0.9741180539131165,0.0034144006203860044,0.001653811545111239,0.0006738820229656994,0.9741180539131165,0.005149222910404205,2.530072924855631e-05,0.008350742980837822,0.006600852590054274,1.3725930330110714e-05
602,development,dev_extension200,100,b10p00,10,1502010,0,sad,outputs/study1_35f300_extension_v1/sad/b10p00.wav,sad,1.0,sad,1.0,5.8335863917236e-11,6.374451189117281e-09,3.795666714268009e-08,2.897579676197637e-10,2.056291387164677e-10,1.1980744521467024e-11,1.0,4.710094536619636e-10,1.4937991674196905e-20
603,development,dev_extension200,100,b10p00,10,1502010,0,calm,outputs/study1_35f300_extension_v1/calm/b10p00.wav,sad,0.9999982118606567,,,2.1983115061630087e-07,2.9600293771636643e-08,6.040651783223439e-07,1.0080722745442472e-07,7.86147268172499e-07,1.2525255277395786e-09,0.9999982118606567,1.5687596999214293e-07,1.1798889773192989e-12
604,development,dev_extension200,100,b10p00,10,1502010,0,angry,outputs/study1_35f300_extension_v1/angry/b10p00.wav,angry,1.0,angry,1.0,1.0,2.2957235613386973e-13,1.2239276263217424e-14,1.833532891487577e-12,1.2329589389389883e-12,2.2329289855522365e-15,1.3148514395322497e-11,4.15278678415551e-13,1.27496908985825e-26
605,development,dev_extension200,100,b10p00,10,1502010,0,surprise,outputs/study1_35f300_extension_v1/surprise/b10p00.wav,angry,0.999996542930603,surprised,5.108382765683928e-07,0.999996542930603,1.2232619361896013e-08,1.1965466839569672e-08,1.481339637621204e-07,1.1711657066371117e-07,9.506887638233152e-11,2.588739562270348e-06,5.108382765683928e-07,1.5100520101241034e-15
606,development,dev_extension200,101,b10p01,10,1502010,1,normal,outputs/study1_35f300_extension_v1/normal/b10p01.wav,sad,0.9999982118606567,neutral,1.7900199509313097e-06,3.4613758526091942e-09,2.5590387586760244e-09,1.1788520382083334e-08,1.1791533971461376e-08,1.7900199509313097e-06,2.7771227158190914e-12,0.9999982118606567,3.3467909332784984e-08,1.3422647392188792e-17
607,development,dev_extension200,101,b10p01,10,1502010,1,happy,outputs/study1_35f300_extension_v1/happy/b10p01.wav,surprised,0.5131470561027527,happy,0.10310349613428116,7.126174750737846e-05,2.9981167244841345e-05,0.00964018888771534,0.10310349613428116,0.0005860157543793321,8.459056566323397e-09,0.37342196702957153,0.5131470561027527,6.550317621645263e-09
608,development,dev_extension200,101,b10p01,10,1502010,1,sad,outputs/study1_35f300_extension_v1/sad/b10p01.wav,sad,0.9999995231628418,sad,0.9999995231628418,4.599742453592626e-08,1.8251243716349563e-07,1.0233978287033096e-07,1.7533368534827787e-08,9.352704211096352e-08,3.718629404403373e-09,0.9999995231628418,1.2597393350688435e-08,1.0421253026108787e-13
609,development,dev_extension200,101,b10p01,10,1502010,1,calm,outputs/study1_35f300_extension_v1/calm/b10p01.wav,sad,0.9999998807907104,,,9.339257145413171e-10,1.1927244747411692e-09,2.0008958934170096e-09,9.067401274265308e-10,1.1508241470892244e-07,2.926234775324499e-12,0.9999998807907104,1.5263296182510544e-09,5.539671989249785e-18
610,development,dev_extension200,101,b10p01,10,1502010,1,angry,outputs/study1_35f300_extension_v1/angry/b10p01.wav,surprised,1.0,angry,2.306338106605743e-11,2.306338106605743e-11,9.477789386647117e-11,1.3744543003735288e-10,9.449576537923221e-11,2.3434486989826198e-11,7.784267366909621e-23,1.7763671089632282e-10,1.0,5.969822661415938e-21
611,development,dev_extension200,101,b10p01,10,1502010,1,surprise,outputs/study1_35f300_extension_v1/surprise/b10p01.wav,surprised,1.0,surprised,1.0,6.1183723018554126e-12,1.0958517947246005e-11,7.214284031276108e-11,1.2499376533803286e-10,1.1623570161933827e-11,2.3995242848876165e-23,4.3110594954987036e-11,1.0,5.3227505298267455e-21
612,development,dev_extension200,102,b10p02,10,1502010,2,normal,outputs/study1_35f300_extension_v1/normal/b10p02.wav,sad,0.997607946395874,neutral,0.001295869704335928,0.0001601038093212992,1.072570853466459e-06,0.00018854730296880007,1.1178426575497724e-05,0.001295869704335928,3.950199278790478e-09,0.997607946395874,0.0007352799293585122,5.634094753237395e-12
613,development,dev_extension200,102,b10p02,10,1502010,2,happy,outputs/study1_35f300_extension_v1/happy/b10p02.wav,sad,0.9999967813491821,happy,2.7310161954119394e-07,3.8849549355290947e-08,2.1585273657365178e-07,4.5011648808213067e-07,2.7310161954119394e-07,2.0609929833881324e-06,5.5980993174387095e-09,0.9999967813491821,1.0274690254163943e-07,4.473467776766604e-11
614,development,dev_extension200,102,b10p02,10,1502010,2,sad,outputs/study1_35f300_extension_v1/sad/b10p02.wav,sad,1.0,sad,1.0,1.6069664696138908e-11,2.012267863449324e-08,2.2684123024419023e-08,1.5357760896339556e-10,7.511103544688424e-11,2.1606451003353122e-11,1.0,1.427797602371328e-10,1.7605957726822993e-20
615,development,dev_extension200,102,b10p02,10,1502010,2,calm,outputs/study1_35f300_extension_v1/calm/b10p02.wav,sad,0.9999728202819824,,,5.765496879917009e-08,2.0144338463978784e-07,4.3225377339695115e-06,2.0246008716640063e-05,1.4681133961857995e-06,1.0270638561848955e-08,0.9999728202819824,8.914329328035819e-07,3.0975680354039525e-10
616,development,dev_extension200,102,b10p02,10,1502010,2,angry,outputs/study1_35f300_extension_v1/angry/b10p02.wav,angry,0.999961256980896,angry,0.999961256980896,0.999961256980896,4.380834752737428e-07,1.8045628280560777e-07,3.5697034036275e-05,4.060705549591148e-08,3.8217902442738705e-07,1.934316060214769e-06,4.662696184709603e-08,1.9341572140012427e-14
617,development,dev_extension200,102,b10p02,10,1502010,2,surprise,outputs/study1_35f300_extension_v1/surprise/b10p02.wav,angry,1.0,surprised,4.744624604313685e-08,1.0,1.4565951778067188e-09,2.6604399239182897e-10,3.822247851559268e-09,5.242370537672514e-09,1.4124490422748326e-12,2.0483859941577975e-08,4.744624604313685e-08,9.469136827310983e-18
618,development,dev_extension200,103,b10p03,10,1502010,3,normal,outputs/study1_35f300_extension_v1/normal/b10p03.wav,happy,0.9926856756210327,neutral,0.0028988688718527555,2.857565959857311e-05,9.30390233406797e-05,0.0006134675932116807,0.9926856756210327,0.0028988688718527555,1.6524346619917196e-06,0.0008351493743248284,0.0028319719713181257,1.1596504009503406e-05
619,development,dev_extension200,103,b10p03,10,1502010,3,happy,outputs/study1_35f300_extension_v1/happy/b10p03.wav,surprised,0.9864925742149353,happy,0.00034337921533733606,1.509713547420688e-05,4.6480740820697974e-06,0.0006905113696120679,0.00034337921533733606,0.00015696386981289834,3.051732477832303e-11,0.012296737171709538,0.9864925742149353,4.136617992589464e-10
620,development,dev_extension200,103,b10p03,10,1502010,3,sad,outputs/study1_35f300_extension_v1/sad/b10p03.wav,sad,0.9999991655349731,sad,0.9999991655349731,1.0886722773273405e-10,3.0295307928973614e-10,3.537507176076815e-09,8.627569627606135e-07,4.60589899553554e-10,3.1477539758767437e-12,0.9999991655349731,6.207272473801595e-10,4.8850440312851896e-20
621,development,dev_extension200,103,b10p03,10,1502010,3,calm,outputs/study1_35f300_extension_v1/calm/b10p03.wav,sad,0.9727228283882141,,,3.8847707628519856e-07,2.691240865715372e-07,4.781780717166839e-06,3.0370676995516988e-06,0.02726350724697113,2.8873747837110386e-10,0.9727228283882141,5.11345479026204e-06,4.3796076765800014e-16
622,development,dev_extension200,103,b10p03,10,1502010,3,angry,outputs/study1_35f300_extension_v1/angry/b10p03.wav,angry,0.4754445552825928,angry,0.4754445552825928,0.4754445552825928,0.004183014389127493,0.026999445632100105,0.21141842007637024,0.00874022115021944,0.0028010059613734484,0.2599027454853058,0.010463928803801537,4.664945663535036e-05
623,development,dev_extension200,103,b10p03,10,1502010,3,surprise,outputs/study1_35f300_extension_v1/surprise/b10p03.wav,surprised,1.0,surprised,1.0,1.9661729189213162e-10,2.6774987782474113e-10,7.786323807934536e-10,7.615291508500377e-09,2.884786298729125e-10,1.4903038042658354e-21,1.1395393517688035e-09,1.0,2.0296061523709958e-19
624,development,dev_extension200,104,b10p04,10,1502010,4,normal,outputs/study1_35f300_extension_v1/normal/b10p04.wav,neutral,0.9838322401046753,neutral,0.9838322401046753,0.00033771354355849326,1.5408313629450276e-05,0.0001493606687290594,0.0009792589116841555,0.9838322401046753,2.09933972428189e-08,0.008650068193674088,0.006035948637872934,6.508700689522584e-09
625,development,dev_extension200,104,b10p04,10,1502010,4,happy,outputs/study1_35f300_extension_v1/happy/b10p04.wav,sad,0.9906582832336426,happy,0.0005663534393534064,0.00470656156539917,2.981362194987014e-05,0.0017175128450617194,0.0005663534393534064,0.00022694174549542367,1.311564233219542e-06,0.9906582832336426,0.002093218034133315,9.288601887647019e-09
626,development,dev_extension200,104,b10p04,10,1502010,4,sad,outputs/study1_35f300_extension_v1/sad/b10p04.wav,sad,0.9999995231628418,sad,0.9999995231628418,4.202016956611487e-09,1.2026232809603243e-07,2.0283830792777735e-07,1.1360907770097128e-08,6.866968504937176e-08,1.761901291530421e-09,0.9999995231628418,1.4071458664943748e-08,2.1581729459096977e-11
627,development,dev_extension200,104,b10p04,10,1502010,4,calm,outputs/study1_35f300_extension_v1/calm/b10p04.wav,sad,0.9986622333526611,,,0.0004385132051538676,6.644987934123492e-06,4.5147018681745976e-05,8.988015179056674e-05,0.0006671288865618408,2.385207551469648e-07,0.9986622333526611,9.027548367157578e-05,4.408694798119228e-10
628,development,dev_extension200,104,b10p04,10,1502010,4,angry,outputs/study1_35f300_extension_v1/angry/b10p04.wav,angry,0.999969482421875,angry,0.999969482421875,0.999969482421875,1.5578640955027367e-07,4.58103421863143e-08,2.842474771114212e-07,1.3073969284960185e-07,1.5619222928919818e-11,2.3690294881362206e-07,2.9729453672189265e-05,1.3773119099489296e-14
629,development,dev_extension200,104,b10p04,10,1502010,4,surprise,outputs/study1_35f300_extension_v1/surprise/b10p04.wav,surprised,0.9971703886985779,surprised,0.9971703886985779,4.0300349724020634e-07,7.241582267170088e-08,2.2350839117279975e-06,0.002818457316607237,2.8690769227068813e-07,2.506427030374704e-15,8.123231054923963e-06,0.9971703886985779,2.4554754998501634e-14
630,development,dev_extension200,105,b10p05,10,1502010,5,normal,outputs/study1_35f300_extension_v1/normal/b10p05.wav,happy,0.9464036822319031,neutral,1.1462381735327654e-05,4.993114089302253e-06,4.9156369641423225e-06,3.6127563362242654e-05,0.9464036822319031,1.1462381735327654e-05,7.755476122417448e-11,2.7603524358710274e-05,0.05351113900542259,4.0202144391265904e-10
631,development,dev_extension200,105,b10p05,10,1502010,5,happy,outputs/study1_35f300_extension_v1/happy/b10p05.wav,surprised,0.9986360669136047,happy,0.0012374349171295762,6.958487119845813e-06,3.9206330257002264e-05,3.664922769530676e-05,0.0012374349171295762,8.96085020940518e-06,1.1435213886912265e-11,3.4686850995058194e-05,0.9986360669136047,5.3152625412167254e-08
632,development,dev_extension200,105,b10p05,10,1502010,5,sad,outputs/study1_35f300_extension_v1/sad/b10p05.wav,sad,1.0,sad,1.0,3.8485461020289213e-13,8.088048286669647e-11,8.672047802082972e-11,4.019067630783857e-12,2.0299345971502847e-12,3.348025456591068e-14,1.0,2.86522867064265e-12,2.952442346358031e-25
633,development,dev_extension200,105,b10p05,10,1502010,5,calm,outputs/study1_35f300_extension_v1/calm/b10p05.wav,sad,0.9999097585678101,,,3.6676414083558484e-07,2.296838374604704e-06,5.1561288273660466e-05,6.117908924352378e-06,2.0581788703566417e-05,8.224956360436408e-08,0.9999097585678101,9.04423632164253e-06,1.9671539064347598e-07
634,development,dev_extension200,105,b10p05,10,1502010,5,angry,outputs/study1_35f300_extension_v1/angry/b10p05.wav,angry,0.6013504862785339,angry,0.6013504862785339,0.6013504862785339,0.01885046623647213,0.0006134856375865638,0.0006741141551174223,0.0002272116980748251,3.018337508819968e-07,0.0009291080059483647,0.3773520290851593,2.7423507162893657e-06
635,development,dev_extension200,105,b10p05,10,1502010,5,surprise,outputs/study1_35f300_extension_v1/surprise/b10p05.wav,sad,1.0,surprised,4.364088083963491e-12,9.960230340153031e-13,2.8682389796585994e-10,5.206643449717774e-10,2.2726874202017022e-11,4.379648119862134e-12,5.575228863644033e-13,1.0,4.364088083963491e-12,1.8000493192597202e-23
636,development,dev_extension200,106,b10p06,10,1502010,6,normal,outputs/study1_35f300_extension_v1/normal/b10p06.wav,sad,0.9999985694885254,neutral,4.591929609887302e-07,1.5357248805969448e-09,2.8576846444750004e-10,7.500262633186594e-09,9.252822223970725e-07,4.591929609887302e-07,2.31593021669807e-12,0.9999985694885254,2.8405697349853654e-08,1.1238601061834405e-17
637,development,dev_extension200,106,b10p06,10,1502010,6,happy,outputs/study1_35f300_extension_v1/happy/b10p06.wav,happy,0.999997615814209,happy,0.999997615814209,2.4070765380912462e-09,1.0190750465710607e-08,4.074796322584007e-08,0.999997615814209,1.4120848490506432e-08,1.2327873964712577e-11,5.058297958271396e-08,2.3099728423403576e-06,2.1511832593024138e-10
638,development,dev_extension200,106,b10p06,10,1502010,6,sad,outputs/study1_35f300_extension_v1/sad/b10p06.wav,sad,1.0,sad,1.0,2.690092072710204e-13,1.5847375495203764e-11,1.4230933272074697e-11,1.2692761338500835e-12,8.017937984557133e-13,6.282479368685404e-15,1.0,7.33119782329178e-13,4.4080584418777946e-27
639,development,dev_extension200,106,b10p06,10,1502010,6,calm,outputs/study1_35f300_extension_v1/calm/b10p06.wav,sad,1.0,,,1.9840813020310932e-11,2.385726338705041e-10,1.899300855479069e-10,1.276371230929385e-10,2.929209097501939e-10,1.549382150356493e-12,1.0,3.4585802971554e-11,2.51108231848973e-18
640,development,dev_extension200,106,b10p06,10,1502010,6,angry,outputs/study1_35f300_extension_v1/angry/b10p06.wav,angry,0.9985567927360535,angry,0.9985567927360535,0.9985567927360535,1.6197011063923128e-05,5.463116849568905e-06,2.1970174202579074e-05,3.0241694730648305e-06,4.683926579929221e-09,1.4851096238999162e-05,0.0013816499849781394,6.35614894051173e-10
641,development,dev_extension200,106,b10p06,10,1502010,6,surprise,outputs/study1_35f300_extension_v1/surprise/b10p06.wav,sad,1.0,surprised,3.0460117761421657e-10,4.253672067355829e-11,6.566394539220255e-09,1.577577535272212e-08,5.1410566775933475e-11,1.1969193691729885e-10,6.926283331598615e-12,1.0,3.0460117761421657e-10,1.6117923394349686e-18
642,development,dev_extension200,107,b10p07,10,1502010,7,normal,outputs/study1_35f300_extension_v1/normal/b10p07.wav,happy,0.9999994039535522,neutral,8.537021756183094e-08,2.613854732658183e-08,1.1448089587418053e-08,2.7366590771293886e-08,0.9999994039535522,8.537021756183094e-08,4.572218714748999e-10,1.7557204046170227e-07,2.469977005148394e-07,4.174430801029416e-10
643,development,dev_extension200,107,b10p07,10,1502010,7,happy,outputs/study1_35f300_extension_v1/happy/b10p07.wav,sad,0.971855640411377,happy,2.3119722754927352e-05,9.122653136728331e-05,0.00012126203364459798,0.0007785012712702155,2.3119722754927352e-05,9.712829341879115e-05,1.4737395304109668e-08,0.971855640411377,0.027032870799303055,1.332223860117665e-07
644,development,dev_extension200,107,b10p07,10,1502010,7,sad,outputs/study1_35f300_extension_v1/sad/b10p07.wav,sad,0.995381236076355,sad,0.995381236076355,6.732240080964402e-07,2.245413725177059e-06,0.004593137186020613,1.2334234043009928e-06,1.3725919416174293e-05,4.0065697248792276e-07,0.995381236076355,7.321355951717123e-06,1.0573634057209347e-07
645,development,dev_extension200,107,b10p07,10,1502010,7,calm,outputs/study1_35f300_extension_v1/calm/b10p07.wav,sad,1.0,,,3.025196759764981e-10,2.622524197803955e-09,3.6873357700528686e-09,4.2466136163099577e-10,1.6009686909512766e-09,2.3263297538322902e-11,1.0,3.984130803047492e-10,1.9546501544265678e-16
646,development,dev_extension200,107,b10p07,10,1502010,7,angry,outputs/study1_35f300_extension_v1/angry/b10p07.wav,angry,0.7021820545196533,angry,0.7021820545196533,0.7021820545196533,0.019476268440485,0.006018574815243483,0.19902370870113373,1.1752736099879257e-05,0.018966682255268097,0.05406154692173004,0.00025922400527633727,2.1413030992789572e-07
647,development,dev_extension200,107,b10p07,10,1502010,7,surprise,outputs/study1_35f300_extension_v1/surprise/b10p07.wav,surprised,0.9998713731765747,surprised,0.9998713731765747,1.6604713891865686e-05,1.6886436924323789e-06,3.613703665905632e-05,7.149598786782008e-06,5.539245080399269e-07,2.6299052996101024e-13,6.644843961112201e-05,0.9998713731765747,1.2167065965851265e-10
648,development,dev_extension200,108,b10p08,10,1502010,8,normal,outputs/study1_35f300_extension_v1/normal/b10p08.wav,sad,1.0,neutral,1.366679824865713e-10,2.2757629114522615e-11,2.4594173364533845e-09,5.599741115247525e-09,6.170303851193992e-11,1.366679824865713e-10,2.604047836737844e-12,1.0,2.221346440123284e-10,5.627806015565779e-20
649,development,dev_extension200,108,b10p08,10,1502010,8,happy,outputs/study1_35f300_extension_v1/happy/b10p08.wav,happy,0.9997115731239319,happy,0.9997115731239319,3.861626112211525e-07,3.089515701049095e-07,1.5869065919105196e-06,0.9997115731239319,4.62169936099599e-07,1.5626405724944448e-10,2.4838350327627268e-06,0.0002832028258126229,9.748051255087375e-10
650,development,dev_extension200,108,b10p08,10,1502010,8,sad,outputs/study1_35f300_extension_v1/sad/b10p08.wav,sad,0.9999821186065674,sad,0.9999821186065674,3.945579152286882e-08,1.2463801795092877e-06,1.5789693861734122e-05,1.3247638719349197e-07,4.790271077581565e-07,1.3649537322635297e-07,0.9999821186065674,9.898433717125954e-08,1.4271520631936596e-09
651,development,dev_extension200,108,b10p08,10,1502010,8,calm,outputs/study1_35f300_extension_v1/calm/b10p08.wav,sad,1.0,,,2.2592169801605166e-10,1.3988509017792694e-08,4.4004060839597514e-08,1.5349362891825535e-09,1.7216853498425166e-09,2.0943340117707265e-10,1.0,8.255144900992661e-10,2.3311176800726655e-15
652,development,dev_extension200,108,b10p08,10,1502010,8,angry,outputs/study1_35f300_extension_v1/angry/b10p08.wav,angry,0.9999997615814209,angry,0.9999997615814209,0.9999997615814209,2.8191975420810422e-09,1.4481791321685478e-09,3.547470583953327e-08,2.5061900998935016e-08,2.1906882557987117e-11,7.556347725312662e-08,8.719959510017361e-08,8.064641983664372e-16
653,development,dev_extension200,108,b10p08,10,1502010,8,surprise,outputs/study1_35f300_extension_v1/surprise/b10p08.wav,happy,0.6305572986602783,surprised,0.00017759963520802557,0.36750686168670654,0.0001710152719169855,0.0002265196671942249,0.6305572986602783,5.0962812565558124e-06,1.995306956814602e-05,0.0013355347327888012,0.00017759963520802557,2.2226206985997976e-11
654,development,dev_extension200,109,b10p09,10,1502010,9,normal,outputs/study1_35f300_extension_v1/normal/b10p09.wav,happy,0.9928458333015442,neutral,0.004204081371426582,8.960068043961655e-06,1.789850284694694e-05,7.733610254945233e-05,0.9928458333015442,0.004204081371426582,3.8817503877908166e-08,0.00018893675587605685,0.002656905446201563,2.923137820687316e-08
655,development,dev_extension200,109,b10p09,10,1502010,9,happy,outputs/study1_35f300_extension_v1/happy/b10p09.wav,surprised,0.8502813577651978,happy,0.14682628214359283,3.7288973544491455e-05,1.1030979294446297e-05,0.0013113655149936676,0.14682628214359283,0.00043299488606862724,4.0770312126348074e-10,0.0010996392229571939,0.8502813577651978,1.9923456218151614e-09
656,development,dev_extension200,109,b10p09,10,1502010,9,sad,outputs/study1_35f300_extension_v1/sad/b10p09.wav,sad,0.9999998807907104,sad,0.9999998807907104,1.7496751825163415e-09,3.3458839254763006e-08,1.7329512047581375e-07,1.2854162179110062e-09,1.0485664780901516e-08,2.560799627904231e-10,0.9999998807907104,5.260830437947561e-09,1.2107711294201623e-15
657,development,dev_extension200,109,b10p09,10,1502010,9,calm,outputs/study1_35f300_extension_v1/calm/b10p09.wav,sad,0.9985774755477905,,,4.7093129751374363e-07,3.431825490451956e-08,6.333430064842105e-07,2.238274419141817e-06,0.0014174608513712883,6.937030810894029e-11,0.9985774755477905,1.7944727233043523e-06,9.817163474747564e-17
658,development,dev_extension200,109,b10p09,10,1502010,9,angry,outputs/study1_35f300_extension_v1/angry/b10p09.wav,angry,1.0,angry,1.0,1.0,2.1209420331125273e-10,3.571050052886271e-11,6.177973133070225e-10,3.9204850477148057e-10,6.670044291195998e-12,1.0330860611418302e-08,2.1343500578030472e-10,1.0594648192792233e-19
659,development,dev_extension200,109,b10p09,10,1502010,9,surprise,outputs/study1_35f300_extension_v1/surprise/b10p09.wav,happy,0.43066251277923584,surprised,0.13390162587165833,0.00035166728775948286,6.418657721951604e-05,0.002271171659231186,0.43066251277923584,0.42688894271850586,7.681111213742042e-08,0.005859688855707645,0.13390162587165833,5.559063609439363e-08
660,development,dev_extension200,110,b11p00,11,1502011,0,normal,outputs/study1_35f300_extension_v1/normal/b11p00.wav,sad,0.9975813627243042,neutral,0.0002783674863167107,2.3057358703226782e-05,1.4927151823940221e-05,0.0001226890308316797,5.893109482713044e-05,0.0002783674863167107,1.9821380092821528e-08,0.9975813627243042,0.0019205763237550855,6.341265290643605e-09
661,development,dev_extension200,110,b11p00,11,1502011,0,happy,outputs/study1_35f300_extension_v1/happy/b11p00.wav,sad,0.9997703433036804,happy,5.62331588298548e-05,2.9267486752360128e-05,1.036303729051724e-05,2.2769771021557972e-05,5.62331588298548e-05,1.801823054847773e-05,9.788021770873456e-08,0.9997703433036804,9.284181578550488e-05,8.400045103940101e-09
662,development,dev_extension200,110,b11p00,11,1502011,0,sad,outputs/study1_35f300_extension_v1/sad/b11p00.wav,sad,0.999941349029541,sad,0.999941349029541,3.0513791671182844e-07,3.071915699592864e-08,2.8727959033858497e-06,3.7947080500089214e-07,8.394703399972059e-06,1.6932313190443082e-11,0.999941349029541,4.666854511015117e-05,6.88530179052127e-14
663,development,dev_extension200,110,b11p00,11,1502011,0,calm,outputs/study1_35f300_extension_v1/calm/b11p00.wav,sad,0.4899630844593048,,,0.04400746896862984,0.00028365483740344644,0.0012040440924465656,0.05928513780236244,0.2903657555580139,6.565439889527624e-07,0.4899630844593048,0.1148902028799057,2.1774189562506763e-08
664,development,dev_extension200,110,b11p00,11,1502011,0,angry,outputs/study1_35f300_extension_v1/angry/b11p00.wav,angry,1.0,angry,1.0,1.0,2.2131662821833764e-11,2.7068674992442032e-12,1.7652045103400127e-10,5.667626368222045e-10,2.5404933826122036e-14,4.4565542922647694e-10,1.3505057072649151e-09,1.3802582885891305e-20
665,development,dev_extension200,110,b11p00,11,1502011,0,surprise,outputs/study1_35f300_extension_v1/surprise/b11p00.wav,surprised,0.9999960660934448,surprised,0.9999960660934448,3.396287979740009e-07,8.66050555714537e-08,3.6037187101101154e-07,2.036407295236131e-06,1.9880911850123084e-07,4.981425644395366e-16,9.030118803821097e-07,0.9999960660934448,2.3872303873267997e-12
666,development,dev_extension200,111,b11p01,11,1502011,1,normal,outputs/study1_35f300_extension_v1/normal/b11p01.wav,neutral,0.9254960417747498,neutral,0.9254960417747498,0.0017107794992625713,8.653233294353413e-07,1.1849103429995012e-05,0.000304561632219702,0.9254960417747498,4.2024339563795365e-09,0.07225171476602554,0.0002242460468551144,2.1108405279766929e-13
667,development,dev_extension200,111,b11p01,11,1502011,1,happy,outputs/study1_35f300_extension_v1/happy/b11p01.wav,angry,0.8194810748100281,happy,0.023519085720181465,0.8194810748100281,0.0003757186932489276,0.0013704884331673384,0.023519085720181465,0.004522083327174187,1.314595692747389e-06,0.019794054329395294,0.13093607127666473,1.349661573613048e-07
668,development,dev_extension200,111,b11p01,11,1502011,1,sad,outputs/study1_35f300_extension_v1/sad/b11p01.wav,sad,1.0,sad,1.0,1.8996160200401846e-10,5.175455064510004e-10,3.66110497473926e-09,4.858907498572762e-09,2.2380268749344623e-09,5.734820170827382e-13,1.0,1.1790520559884499e-08,6.922646753187707e-17
669,development,dev_extension200,111,b11p01,11,1502011,1,calm,outputs/study1_35f300_extension_v1/calm/b11p01.wav,sad,0.6693899035453796,,,5.690303623850923e-07,3.3019088618857495e-07,2.227940785815008e-05,1.964303919521626e-06,0.33038291335105896,2.0755105967218412e-11,0.6693899035453796,0.00020205169857945293,2.21125666821489e-16
670,development,dev_extension200,111,b11p01,11,1502011,1,angry,outputs/study1_35f300_extension_v1/angry/b11p01.wav,angry,1.0,angry,1.0,1.0,8.433435894072971e-11,1.3719234949471915e-11,5.412338910382175e-10,7.438198945663999e-10,4.695576826668768e-12,1.413068950739671e-08,9.746154577827681e-11,2.357771545772855e-20
671,development,dev_extension200,111,b11p01,11,1502011,1,surprise,outputs/study1_35f300_extension_v1/surprise/b11p01.wav,angry,0.8334234356880188,surprised,0.16340312361717224,0.8334234356880188,0.0001059440037352033,0.00037917017471045256,0.0013915594900026917,0.00013804649643134326,2.612349447872475e-08,0.0011587314074859023,0.16340312361717224,6.74118760812803e-09
672,development,dev_extension200,112,b11p02,11,1502011,2,normal,outputs/study1_35f300_extension_v1/normal/b11p02.wav,sad,1.0,neutral,4.188012783790107e-11,3.126605571668328e-11,2.909730789646403e-10,6.537947405682587e-10,2.2689105802498055e-11,4.188012783790107e-11,3.150619955899492e-13,1.0,8.947464297248686e-11,8.346940519804892e-22
673,development,dev_extension200,112,b11p02,11,1502011,2,happy,outputs/study1_35f300_extension_v1/happy/b11p02.wav,happy,0.9995391368865967,happy,0.9995391368865967,8.220304721362481e-07,2.6856330350710778e-06,1.1644892765616532e-05,0.9995391368865967,7.713517788943136e-07,2.5116795310253792e-09,2.3642667656531557e-05,0.00042117011616937816,8.682024876804917e-09
674,development,dev_extension200,112,b11p02,11,1502011,2,sad,outputs/study1_35f300_extension_v1/sad/b11p02.wav,sad,0.9069729447364807,sad,0.9069729447364807,7.672239803468983e-07,3.7055854136269772e-06,0.0929168239235878,4.4234624510863796e-05,9.763522029970773e-06,9.103818570110889e-07,0.9069729447364807,5.0780152378138155e-05,1.974095766854589e-07
675,development,dev_extension200,112,b11p02,11,1502011,2,calm,outputs/study1_35f300_extension_v1/calm/b11p02.wav,sad,0.6275932192802429,,,0.00012904396862722933,2.8410418963176198e-05,0.009356070309877396,0.00246642017737031,0.000802287133410573,8.260985673302912e-09,0.6275932192802429,0.3596245050430298,1.7112052219658835e-08
676,development,dev_extension200,112,b11p02,11,1502011,2,angry,outputs/study1_35f300_extension_v1/angry/b11p02.wav,sad,0.9972104430198669,angry,0.00015149854880291969,0.00015149854880291969,5.7170650507032406e-06,6.546372605953366e-05,8.428394357906654e-05,1.245618022949202e-06,3.982912666344873e-09,0.9972104430198669,0.0024812882766127586,2.519408570655912e-10
677,development,dev_extension200,112,b11p02,11,1502011,2,surprise,outputs/study1_35f300_extension_v1/surprise/b11p02.wav,sad,0.9999808073043823,surprised,1.7284675095652346e-06,3.872174545449525e-07,1.2570671970024705e-06,2.750577777987928e-06,7.579697467008373e-06,5.408252491179155e-06,3.296166539712431e-08,0.9999808073043823,1.7284675095652346e-06,2.1719683829246605e-09
678,development,dev_extension200,113,b11p03,11,1502011,3,normal,outputs/study1_35f300_extension_v1/normal/b11p03.wav,sad,0.7756131291389465,neutral,0.00016649457393214107,4.2217434383928776e-05,9.303225851908792e-06,0.01270004641264677,0.0004701095458585769,0.00016649457393214107,2.239878948984142e-09,0.7756131291389465,0.2109987437725067,4.1030645547834865e-09
679,development,dev_extension200,113,b11p03,11,1502011,3,happy,outputs/study1_35f300_extension_v1/happy/b11p03.wav,happy,0.5628140568733215,happy,0.5628140568733215,6.726988067384809e-05,2.7180965844308957e-05,0.00036942181759513915,0.5628140568733215,6.405563181033358e-05,6.154674547786954e-10,0.0006922043394297361,0.4359658658504486,1.3702227130707456e-09
680,development,dev_extension200,113,b11p03,11,1502011,3,sad,outputs/study1_35f300_extension_v1/sad/b11p03.wav,sad,0.9999915361404419,sad,0.9999915361404419,4.6920192176003184e-08,3.1810117206987343e-07,6.942600066395244e-06,2.576064161985414e-07,6.217044870027166e-07,1.810570715576887e-08,0.9999915361404419,2.875921154554817e-07,1.4610126441993998e-09
681,development,dev_extension200,113,b11p03,11,1502011,3,calm,outputs/study1_35f300_extension_v1/calm/b11p03.wav,sad,0.9588130116462708,,,2.9097485821694136e-05,2.1249312339932658e-05,0.025405634194612503,0.0001480072969570756,0.0032488435972481966,1.8005873414495e-07,0.9588130116462708,0.012333501130342484,3.9731625633976364e-07
682,development,dev_extension200,113,b11p03,11,1502011,3,angry,outputs/study1_35f300_extension_v1/angry/b11p03.wav,angry,0.7696737051010132,angry,0.7696737051010132,0.7696737051010132,7.947894118842669e-06,5.035094000049867e-05,0.00014192110393196344,9.602425961929839e-06,6.825467274707009e-11,2.291967575729359e-05,0.23009352385997772,1.2763301700247087e-11
683,development,dev_extension200,113,b11p03,11,1502011,3,surprise,outputs/study1_35f300_extension_v1/surprise/b11p03.wav,surprised,0.9518569707870483,surprised,0.9518569707870483,0.00039354650652967393,1.1592185728659388e-05,0.00111635762732476,0.00023611698998138309,0.03255637362599373,3.5055461311550573e-10,0.01382903940975666,0.9518569707870483,2.098475171408154e-09
684,development,dev_extension200,114,b11p04,11,1502011,4,normal,outputs/study1_35f300_extension_v1/normal/b11p04.wav,happy,0.9338175058364868,neutral,0.005331840366125107,0.000259138090768829,0.00015732199244666845,0.0004915522877126932,0.9338175058364868,0.005331840366125107,1.5213186088658404e-07,0.0023659467697143555,0.057575736194849014,7.39418624107202e-07
685,development,dev_extension200,114,b11p04,11,1502011,4,happy,outputs/study1_35f300_extension_v1/happy/b11p04.wav,surprised,0.8433771729469299,happy,0.004928879905492067,0.000389999826438725,0.00019221872207708657,0.008719510398805141,0.004928879905492067,0.0029919638764113188,2.7101235033910598e-08,0.13940013945102692,0.8433771729469299,7.843243565730518e-08
686,development,dev_extension200,114,b11p04,11,1502011,4,sad,outputs/study1_35f300_extension_v1/sad/b11p04.wav,sad,0.999947190284729,sad,0.999947190284729,2.2437395941210525e-08,2.345820604432447e-07,5.094149673823267e-05,4.586752595514554e-07,6.552241984536522e-07,1.813040739762073e-08,0.999947190284729,4.4289811285125325e-07,1.866806709216462e-09
687,development,dev_extension200,114,b11p04,11,1502011,4,calm,outputs/study1_35f300_extension_v1/calm/b11p04.wav,sad,0.9999991655349731,,,1.3605049309362016e-09,1.487365466346091e-07,6.605928319913801e-07,2.8327680201556404e-09,7.601556717418134e-09,6.694849119526225e-10,0.9999991655349731,7.106787602850773e-09,2.959465619768541e-17
688,development,dev_extension200,114,b11p04,11,1502011,4,angry,outputs/study1_35f300_extension_v1/angry/b11p04.wav,angry,1.0,angry,1.0,1.0,1.459134570981624e-12,2.617991001936659e-13,2.0252058710590326e-11,3.949506346967446e-11,6.971574129078194e-15,1.9801429940180526e-10,2.5409042925250702e-11,6.2905567185187385e-24
689,development,dev_extension200,114,b11p04,11,1502011,4,surprise,outputs/study1_35f300_extension_v1/surprise/b11p04.wav,surprised,0.9932857155799866,surprised,0.9932857155799866,3.4585591492941603e-06,5.25597397427191e-06,2.8374046451062895e-05,0.00663177901878953,1.2734130905300844e-06,1.0084713012586954e-12,4.418418393470347e-05,0.9932857155799866,8.299488180041337e-11
690,development,dev_extension200,115,b11p05,11,1502011,5,normal,outputs/study1_35f300_extension_v1/normal/b11p05.wav,sad,0.9999951124191284,neutral,5.37698667812947e-07,1.9298617814911267e-08,1.5328896552091464e-07,2.952357817775919e-06,7.327312232519034e-07,5.37698667812947e-07,4.644539863818409e-09,0.9999951124191284,3.818913398845325e-07,4.53831444646724e-10
691,development,dev_extension200,115,b11p05,11,1502011,5,happy,outputs/study1_35f300_extension_v1/happy/b11p05.wav,happy,0.9998276233673096,happy,0.9998276233673096,8.491828680234903e-07,2.7000257887266343e-06,2.1462078620970715e-06,0.9998276233673096,0.0001336019777227193,3.381901692023348e-08,1.5253714082064107e-05,1.7745162040228024e-05,3.0945102036383787e-09
692,development,dev_extension200,115,b11p05,11,1502011,5,sad,outputs/study1_35f300_extension_v1/sad/b11p05.wav,sad,1.0,sad,1.0,9.68688150526642e-12,8.458533873323404e-11,5.033510414031994e-11,1.1902098230598401e-11,4.6984905549551925e-11,1.0559477283452606e-13,1.0,1.9954820781875604e-11,5.954902310337656e-21
693,development,dev_extension200,115,b11p05,11,1502011,5,calm,outputs/study1_35f300_extension_v1/calm/b11p05.wav,sad,1.0,,,2.2485224131837261e-13,6.040099789685754e-14,2.6447515510084896e-13,5.015488350156028e-13,4.24734639820068e-12,9.55046936104026e-18,1.0,2.2191673412080837e-12,7.095243011663196e-27
694,development,dev_extension200,115,b11p05,11,1502011,5,angry,outputs/study1_35f300_extension_v1/angry/b11p05.wav,surprised,0.9999732971191406,angry,1.805057945603039e-05,1.805057945603039e-05,6.04565002504387e-08,2.5180048623951734e-07,7.476532573491568e-06,1.1704239710752518e-07,7.172378006422284e-16,6.993484475970035e-07,0.9999732971191406,9.656654680533991e-14
695,development,dev_extension200,115,b11p05,11,1502011,5,surprise,outputs/study1_35f300_extension_v1/surprise/b11p05.wav,disgusted,0.5387452244758606,surprised,0.0032598080579191446,0.006690618582069874,0.5387452244758606,0.0011300340993329883,0.4483768045902252,0.00010142864630324766,0.0006146340747363865,0.0009552350966259837,0.0032598080579191446,0.000126182334497571
696,development,dev_extension200,116,b11p06,11,1502011,6,normal,outputs/study1_35f300_extension_v1/normal/b11p06.wav,sad,0.9999998807907104,neutral,6.889608328286556e-10,9.508841630756493e-11,1.8414571201219587e-08,7.611431840359728e-08,1.3998796566383476e-10,6.889608328286556e-10,4.046367407806173e-11,0.9999998807907104,5.600421237872411e-10,1.2274643745081307e-18
697,development,dev_extension200,116,b11p06,11,1502011,6,happy,outputs/study1_35f300_extension_v1/happy/b11p06.wav,happy,0.38216137886047363,happy,0.38216137886047363,0.01271547470241785,0.00018621256458573043,0.0012900233268737793,0.38216137886047363,0.0010129546280950308,1.2332111509749666e-07,0.23534177243709564,0.36729201674461365,5.5573469381897667e-08
698,development,dev_extension200,116,b11p06,11,1502011,6,sad,outputs/study1_35f300_extension_v1/sad/b11p06.wav,sad,0.9999995231628418,sad,0.9999995231628418,1.1697832980051004e-10,1.8811073232427589e-07,2.935935299319681e-07,9.343780194015494e-10,2.830985168511546e-10,1.8615414765221772e-10,0.9999995231628418,9.373787301925063e-10,6.48337055535674e-20
699,development,dev_extension200,116,b11p06,11,1502011,6,calm,outputs/study1_35f300_extension_v1/calm/b11p06.wav,sad,1.0,,,1.748601914305925e-12,3.190243555439842e-11,3.839136300531898e-11,3.1034682202585318e-12,9.42570240608509e-12,2.5432714812726083e-14,1.0,7.743853301656056e-12,4.307189125313373e-22
700,development,dev_extension200,116,b11p06,11,1502011,6,angry,outputs/study1_35f300_extension_v1/angry/b11p06.wav,happy,0.9276400208473206,angry,0.06734839826822281,0.06734839826822281,0.0005175504484213889,0.0016832692781463265,0.9276400208473206,1.8564877564131166e-06,0.0006874414975754917,0.0020677789580076933,5.3607815061695874e-05,1.7784901329420677e-09
701,development,dev_extension200,116,b11p06,11,1502011,6,surprise,outputs/study1_35f300_extension_v1/surprise/b11p06.wav,sad,0.9999672174453735,surprised,2.576945371401962e-05,3.6267110203880293e-07,2.2058708282202133e-07,4.029348929179832e-06,1.994933569449131e-07,2.1872701836400665e-06,1.800630755610655e-10,0.9999672174453735,2.576945371401962e-05,3.604023329772943e-11
702,development,dev_extension200,117,b11p07,11,1502011,7,normal,outputs/study1_35f300_extension_v1/normal/b11p07.wav,sad,0.9151264429092407,neutral,0.06651569902896881,6.149262844701298e-06,1.0525503057579044e-05,0.00015532359248027205,0.017323767766356468,0.06651569902896881,5.509693323801912e-08,0.9151264429092407,0.0008620103471912444,7.373409660615948e-10
703,development,dev_extension200,117,b11p07,11,1502011,7,happy,outputs/study1_35f300_extension_v1/happy/b11p07.wav,happy,0.9999397993087769,happy,0.9999397993087769,7.497190424032851e-09,2.7643993760761987e-08,3.4016057526287113e-08,0.9999397993087769,1.94214351267874e-08,4.00968917357164e-13,6.106358085844477e-08,6.003595990478061e-05,1.088060034865751e-13
704,development,dev_extension200,117,b11p07,11,1502011,7,sad,outputs/study1_35f300_extension_v1/sad/b11p07.wav,sad,0.9971121549606323,sad,0.9971121549606323,1.9081310256297e-06,5.848688942933222e-06,4.3259547965135425e-05,0.002402769634500146,0.0002630269154906273,2.470842908053328e-08,0.9971121549606323,0.0001709604257484898,1.1557911572257495e-10
705,development,dev_extension200,117,b11p07,11,1502011,7,calm,outputs/study1_35f300_extension_v1/calm/b11p07.wav,sad,1.0,,,1.1911841305001225e-11,4.801655739683497e-10,2.0239830644808166e-10,3.0397014766370134e-11,2.5703225658979534e-10,1.2633152987259755e-12,1.0,1.5076457443585767e-11,3.762205641792268e-21
706,development,dev_extension200,117,b11p07,11,1502011,7,angry,outputs/study1_35f300_extension_v1/angry/b11p07.wav,angry,1.0,angry,1.0,1.0,8.856857955374942e-12,3.201297462795266e-13,9.01770880190611e-11,9.920123056339492e-11,3.859278077233269e-13,1.8170223659019769e-10,4.10400012584855e-12,2.906882384891045e-23
707,development,dev_extension200,117,b11p07,11,1502011,7,surprise,outputs/study1_35f300_extension_v1/surprise/b11p07.wav,surprised,0.8921329379081726,surprised,0.8921329379081726,0.008650556206703186,0.000196777778910473,0.001272411085665226,0.0005653171101585031,0.00230268482118845,9.01128149877195e-09,0.09487928450107574,0.8921329379081726,1.2528501791564395e-08
708,development,dev_extension200,118,b11p08,11,1502011,8,normal,outputs/study1_35f300_extension_v1/normal/b11p08.wav,sad,0.9775233864784241,neutral,0.022437332198023796,1.8379935227130773e-06,6.660057039198364e-08,1.084231030290539e-06,3.0018816687515937e-05,0.022437332198023796,1.137508975901369e-10,0.9775233864784241,6.293473688856466e-06,7.733314855480706e-17
709,development,dev_extension200,118,b11p08,11,1502011,8,happy,outputs/study1_35f300_extension_v1/happy/b11p08.wav,sad,0.999526858329773,happy,5.182050517760217e-05,3.1297079772230063e-07,9.579285631389212e-08,4.938846541335806e-05,5.182050517760217e-05,1.0926761206064839e-05,2.436411350448253e-10,0.999526858329773,0.0003607485559768975,3.778749882443755e-11
710,development,dev_extension200,118,b11p08,11,1502011,8,sad,outputs/study1_35f300_extension_v1/sad/b11p08.wav,sad,0.9999998807907104,sad,0.9999998807907104,1.1123240523103206e-10,2.526000564273545e-08,1.2523686621079833e-07,5.969741367906067e-10,7.036032867446806e-10,1.2387328662821773e-10,0.9999998807907104,6.039350686215528e-10,8.988512631373785e-19
711,development,dev_extension200,118,b11p08,11,1502011,8,calm,outputs/study1_35f300_extension_v1/calm/b11p08.wav,sad,0.9999998807907104,,,3.63938712499845e-10,5.357454035959108e-09,5.993295104644858e-08,2.9647564403489923e-09,3.2456568543892672e-09,5.277810133375027e-11,0.9999998807907104,3.514174284902083e-09,1.0536871752859578e-15
712,development,dev_extension200,118,b11p08,11,1502011,8,angry,outputs/study1_35f300_extension_v1/angry/b11p08.wav,neutral,0.6805249452590942,angry,0.0585128515958786,0.0585128515958786,0.0025409942027181387,0.0026213987730443478,0.06248800456523895,0.6805249452590942,0.0001947954879142344,0.18634024262428284,0.006773211993277073,3.5588702758104773e-06
713,development,dev_extension200,118,b11p08,11,1502011,8,surprise,outputs/study1_35f300_extension_v1/surprise/b11p08.wav,sad,0.7611702084541321,surprised,0.009546075016260147,0.006654161959886551,0.00026930676540359855,0.0008960009436123073,0.004352741874754429,0.21710993349552155,1.4782766584175988e-06,0.7611702084541321,0.009546075016260147,1.2906737012485792e-08
714,development,dev_extension200,119,b11p09,11,1502011,9,normal,outputs/study1_35f300_extension_v1/normal/b11p09.wav,happy,0.8652535676956177,neutral,0.007502591237425804,0.0008253137930296361,0.0006075085839256644,0.0017465077107772231,0.8652535676956177,0.007502591237425804,9.801249234442366e-07,0.026420483365654945,0.0976375862956047,5.4372176236938685e-06
715,development,dev_extension200,119,b11p09,11,1502011,9,happy,outputs/study1_35f300_extension_v1/happy/b11p09.wav,happy,0.6434011459350586,happy,0.6434011459350586,1.3571366253017914e-05,8.481550139549654e-06,0.00014198498683981597,0.6434011459350586,4.200298008072423e-06,2.632815319925097e-11,0.0001194448268506676,0.35631120204925537,5.182649448487453e-12
716,development,dev_extension200,119,b11p09,11,1502011,9,sad,outputs/study1_35f300_extension_v1/sad/b11p09.wav,sad,0.9999972581863403,sad,0.9999972581863403,5.140119085922379e-08,3.172985429955588e-07,2.027437631113571e-06,1.5739537673198356e-07,4.102447448417479e-08,5.833790694964591e-08,0.9999972581863403,2.2237760077814528e-08,1.8057087075584732e-11
717,development,dev_extension200,119,b11p09,11,1502011,9,calm,outputs/study1_35f300_extension_v1/calm/b11p09.wav,sad,0.9926143884658813,,,3.242356251575984e-05,1.2045354651490925e-06,1.3490035598806571e-05,1.2011601029371377e-05,0.006785749923437834,3.558320027519102e-10,0.9926143884658813,0.0005406931741163135,1.270177539536288e-13
718,development,dev_extension200,119,b11p09,11,1502011,9,angry,outputs/study1_35f300_extension_v1/angry/b11p09.wav,angry,0.988081693649292,angry,0.988081693649292,0.988081693649292,5.378396235755645e-05,0.00031829666113480926,0.0033783558756113052,2.6727275326265953e-06,9.631196917325724e-06,0.007986199110746384,0.00016938061162363738,1.771301855191254e-10
719,development,dev_extension200,119,b11p09,11,1502011,9,surprise,outputs/study1_35f300_extension_v1/surprise/b11p09.wav,surprised,0.9584652781486511,surprised,0.9584652781486511,0.0024273486342281103,5.5644330132054165e-05,0.0010174595518037677,0.006880797445774078,0.0033113579265773296,4.763134775487288e-09,0.027842087671160698,0.9584652781486511,1.4194837305581132e-08
720,development,dev_extension200,120,b12p00,12,1502012,0,normal,outputs/study1_35f300_extension_v1/normal/b12p00.wav,happy,0.9999511241912842,neutral,4.873350917478092e-06,1.4327105724021294e-08,4.0999533666763455e-05,5.140021812621853e-07,0.9999511241912842,4.873350917478092e-06,4.2807361211316675e-08,6.403604970728338e-07,1.7353482917314977e-06,1.733354970667733e-08
721,development,dev_extension200,120,b12p00,12,1502012,0,happy,outputs/study1_35f300_extension_v1/happy/b12p00.wav,sad,0.9929628968238831,happy,0.001385107054375112,5.6986373238032684e-05,2.196720743086189e-05,0.0009587879758328199,0.001385107054375112,0.0034653032198548317,6.364938940350839e-07,0.9929628968238831,0.0011481725377961993,1.6249944678747852e-07
722,development,dev_extension200,120,b12p00,12,1502012,0,sad,outputs/study1_35f300_extension_v1/sad/b12p00.wav,sad,0.9999847412109375,sad,0.9999847412109375,1.4139781967514864e-07,8.699913678356097e-07,2.5666192868811777e-06,6.381148409673187e-07,1.0567861863819417e-05,3.7487851045625575e-08,0.9999847412109375,3.078526162880735e-07,9.480560780872338e-10
723,development,dev_extension200,120,b12p00,12,1502012,0,calm,outputs/study1_35f300_extension_v1/calm/b12p00.wav,sad,0.9999324083328247,,,2.143449222558047e-07,8.217761546802649e-07,2.215083213741309e-06,1.425148639100371e-07,6.395405216608196e-05,1.3383838037839269e-08,0.9999324083328247,2.6644940476217016e-07,3.379909893630462e-11
724,development,dev_extension200,120,b12p00,12,1502012,0,angry,outputs/study1_35f300_extension_v1/angry/b12p00.wav,sad,0.9999305009841919,angry,5.2009450882906094e-05,5.2009450882906094e-05,1.1363991916368832e-06,2.844429218384903e-06,4.7870944399619475e-06,7.1056128945201635e-06,1.4074709042688482e-07,0.9999305009841919,1.4125301959211356e-06,1.6001210079163997e-10
725,development,dev_extension200,120,b12p00,12,1502012,0,surprise,outputs/study1_35f300_extension_v1/surprise/b12p00.wav,surprised,0.9397444128990173,surprised,0.9397444128990173,8.118844561977312e-05,0.0005881423130631447,0.003391357371583581,0.03914063423871994,0.0005857569049112499,2.1779390735332527e-08,0.01646755076944828,0.9397444128990173,9.258518502974766e-07
726,development,dev_extension200,121,b12p01,12,1502012,1,normal,outputs/study1_35f300_extension_v1/normal/b12p01.wav,happy,0.8783969283103943,neutral,0.008493481203913689,0.029026199132204056,0.003943698480725288,0.0020756484009325504,0.8783969283103943,0.008493481203913689,2.27931268454995e-05,0.01706026867032051,0.06096203997731209,1.8922781237051822e-05
727,development,dev_extension200,121,b12p01,12,1502012,1,happy,outputs/study1_35f300_extension_v1/happy/b12p01.wav,happy,0.9974621534347534,happy,0.9974621534347534,3.9126530282374006e-07,5.972391363684437e-07,3.1455260796064977e-06,0.9974621534347534,1.8921663240689668e-06,2.8541237082069237e-11,2.6574214189167833e-06,0.0025291386991739273,1.2208868638285963e-10
728,development,dev_extension200,121,b12p01,12,1502012,1,sad,outputs/study1_35f300_extension_v1/sad/b12p01.wav,sad,1.0,sad,1.0,8.460777217722537e-11,2.8507344040917815e-08,5.172568862121807e-08,1.860321202640236e-10,5.989347351409435e-10,8.886338886959777e-11,1.0,3.7350070258845847e-10,9.7454879437976e-18
729,development,dev_extension200,121,b12p01,12,1502012,1,calm,outputs/study1_35f300_extension_v1/calm/b12p01.wav,sad,0.9999442100524902,,,5.692004734214606e-08,1.8861190653751692e-07,8.399584316975961e-07,1.8238419841054565e-07,5.4134492529556155e-05,8.31354152186492e-10,0.9999442100524902,3.8246562894528324e-07,2.2688510683925578e-13
730,development,dev_extension200,121,b12p01,12,1502012,1,angry,outputs/study1_35f300_extension_v1/angry/b12p01.wav,angry,0.9999833106994629,angry,0.9999833106994629,0.9999833106994629,1.0640521850291407e-06,3.2741422728577163e-07,2.2843501028546598e-06,5.78456962330165e-08,4.6091503236311837e-07,1.2389718904159963e-05,6.861646539846333e-08,1.0626763547903414e-13
731,development,dev_extension200,121,b12p01,12,1502012,1,surprise,outputs/study1_35f300_extension_v1/surprise/b12p01.wav,angry,0.9999897480010986,surprised,1.2489621212807833e-06,0.9999897480010986,3.072245746693625e-08,7.786207589788319e-08,8.651803682369064e-07,1.8519675393235957e-07,8.754993396919986e-10,7.798238584655337e-06,1.2489621212807833e-06,1.7270184577127673e-13
732,development,dev_extension200,122,b12p02,12,1502012,2,normal,outputs/study1_35f300_extension_v1/normal/b12p02.wav,sad,0.9843575954437256,neutral,0.0014331068377941847,4.7655580601713154e-06,5.788576800114242e-07,0.00017485608987044543,7.160734639910515e-06,0.0014331068377941847,4.114074012018243e-11,0.9843575954437256,0.014022025279700756,2.5616477255380188e-12
733,development,dev_extension200,122,b12p02,12,1502012,2,happy,outputs/study1_35f300_extension_v1/happy/b12p02.wav,surprised,0.9015876650810242,happy,0.09810289740562439,8.671637260704301e-06,2.391368070675526e-06,5.7119879784295335e-05,0.09810289740562439,4.912797885481268e-05,4.3349594747166265e-12,0.00019214855274185538,0.9015876650810242,1.0666465107000977e-11
734,development,dev_extension200,122,b12p02,12,1502012,2,sad,outputs/study1_35f300_extension_v1/sad/b12p02.wav,sad,0.9999994039535522,sad,0.9999994039535522,5.581780371244349e-09,1.4002222492592864e-08,1.834064562444837e-07,2.8510766014733235e-07,5.740671937815023e-09,8.384148375562006e-10,0.9999994039535522,8.786114058523253e-09,9.265530779688919e-14
735,development,dev_extension200,122,b12p02,12,1502012,2,calm,outputs/study1_35f300_extension_v1/calm/b12p02.wav,sad,1.0,,,7.379015454223037e-11,2.1329429333860617e-09,1.3082711580736373e-09,1.32621913451203e-10,4.179452617325552e-10,1.2528154728908003e-11,1.0,8.232608345037917e-11,2.800181942577013e-18
736,development,dev_extension200,122,b12p02,12,1502012,2,angry,outputs/study1_35f300_extension_v1/angry/b12p02.wav,angry,0.9999775886535645,angry,0.9999775886535645,0.9999775886535645,8.171549836788472e-08,1.4034853279554227e-07,2.125196078850422e-05,3.439811280259164e-08,3.860023856105954e-09,3.819855578512943e-07,6.045523832653998e-07,2.702536333487756e-15
737,development,dev_extension200,122,b12p02,12,1502012,2,surprise,outputs/study1_35f300_extension_v1/surprise/b12p02.wav,sad,0.9999771118164062,surprised,2.9285336040629772e-06,2.0208923956488434e-07,3.3627618449827423e-06,7.92785704106791e-06,3.522232418617932e-06,4.767221071233507e-06,5.093541233236465e-08,0.9999771118164062,2.9285336040629772e-06,2.8122714823552997e-08
738,development,dev_extension200,123,b12p03,12,1502012,3,normal,outputs/study1_35f300_extension_v1/normal/b12p03.wav,surprised,0.5691901445388794,neutral,0.01680462248623371,0.3913700580596924,0.0031785094179213047,0.002177356742322445,0.007053485605865717,0.01680462248623371,1.142023506872647e-06,0.010223452001810074,0.5691901445388794,1.2160752476120251e-06
739,development,dev_extension200,123,b12p03,12,1502012,3,happy,outputs/study1_35f300_extension_v1/happy/b12p03.wav,happy,0.9997475743293762,happy,0.9997475743293762,3.83078088361799e-07,9.780170557860401e-07,1.2022635473840637e-06,0.9997475743293762,1.7818182129758497e-07,1.9122875505317438e-10,1.8746748082776321e-06,0.00024778555962257087,8.764350356571526e-10
740,development,dev_extension200,123,b12p03,12,1502012,3,sad,outputs/study1_35f300_extension_v1/sad/b12p03.wav,sad,0.9999998807907104,sad,0.9999998807907104,2.303939705683433e-09,1.61077391425124e-08,1.453898619274696e-07,9.579441684337553e-10,4.471865544530829e-09,6.093603399648373e-11,0.9999998807907104,1.0737294608986758e-08,5.013126911237542e-16
741,development,dev_extension200,123,b12p03,12,1502012,3,calm,outputs/study1_35f300_extension_v1/calm/b12p03.wav,sad,1.0,,,1.000445615240153e-09,6.542728581138135e-09,7.807996027509034e-09,8.377167848294675e-10,3.5392801578382205e-08,2.035650641107889e-11,1.0,2.854639857829966e-09,3.704878489093526e-15
742,development,dev_extension200,123,b12p03,12,1502012,3,angry,outputs/study1_35f300_extension_v1/angry/b12p03.wav,sad,0.9997672438621521,angry,2.2062502466724254e-05,2.2062502466724254e-05,1.112349650611577e-06,1.8168560700360104e-06,0.00012982171028852463,7.635318615939468e-05,2.0967949865280389e-07,0.9997672438621521,1.3796470739180222e-06,4.132499203945983e-11
743,development,dev_extension200,123,b12p03,12,1502012,3,surprise,outputs/study1_35f300_extension_v1/surprise/b12p03.wav,sad,0.9994315505027771,surprised,0.0001960273366421461,1.9258694010204636e-05,1.3077844414510764e-05,1.8229939087177627e-05,0.00031502105412073433,6.71887801217963e-06,4.2515853948543736e-08,0.9994315505027771,0.0001960273366421461,7.137506585763731e-09
744,development,dev_extension200,124,b12p04,12,1502012,4,normal,outputs/study1_35f300_extension_v1/normal/b12p04.wav,sad,0.8042894601821899,neutral,0.19058626890182495,3.7606514524668455e-05,1.3793664948025253e-05,3.339546674396843e-05,0.004986146930605173,0.19058626890182495,2.877164320125303e-07,0.8042894601821899,5.307274841470644e-05,4.7601731584245854e-11
745,development,dev_extension200,124,b12p04,12,1502012,4,happy,outputs/study1_35f300_extension_v1/happy/b12p04.wav,happy,0.999997615814209,happy,0.999997615814209,8.346594526642548e-09,1.1492875984231432e-08,1.0447476483932405e-07,0.999997615814209,6.751859160658569e-08,6.790439044390695e-11,4.741480950087862e-07,1.7799260376705206e-06,4.509862535501119e-12
746,development,dev_extension200,124,b12p04,12,1502012,4,sad,outputs/study1_35f300_extension_v1/sad/b12p04.wav,sad,1.0,sad,1.0,4.0420133060915797e-13,7.53011975690443e-12,8.132377583847106e-12,1.4589731332781408e-12,1.167226254886189e-12,1.1422891509093626e-14,1.0,7.417063382746114e-13,4.9118337488886726e-24
747,development,dev_extension200,124,b12p04,12,1502012,4,calm,outputs/study1_35f300_extension_v1/calm/b12p04.wav,sad,0.9999996423721313,,,3.921822588903723e-10,9.672229683843625e-10,2.693166800682434e-09,9.89295845243987e-09,2.996101216012903e-07,6.535666105533799e-13,0.9999996423721313,1.4413345184038917e-08,6.8924171068297114e-18
748,development,dev_extension200,124,b12p04,12,1502012,4,angry,outputs/study1_35f300_extension_v1/angry/b12p04.wav,surprised,1.0,angry,2.789666275759828e-09,2.789666275759828e-09,8.188825173505165e-10,3.40210704052879e-09,6.831173848809158e-09,5.152800408581015e-10,1.587480279848162e-20,1.2509000946181459e-08,1.0,1.4663505164982651e-18
749,development,dev_extension200,124,b12p04,12,1502012,4,surprise,outputs/study1_35f300_extension_v1/surprise/b12p04.wav,surprised,0.999998927116394,surprised,0.999998927116394,3.206140242184574e-09,5.767907818032825e-10,8.913107585328817e-09,1.0656714266588097e-06,3.936029724371792e-09,8.33647096991661e-20,2.0223543728548066e-08,0.999998927116394,6.763666030895526e-18
750,development,dev_extension200,125,b12p05,12,1502012,5,normal,outputs/study1_35f300_extension_v1/normal/b12p05.wav,happy,0.9960544109344482,neutral,0.0005068787722848356,3.618052232923219e-06,4.1184805013472214e-05,3.728534284164198e-05,0.9960544109344482,0.0005068787722848356,2.8181149858141907e-08,0.00023059472732711583,0.003125916700810194,1.0170668929276871e-07
751,development,dev_extension200,125,b12p05,12,1502012,5,happy,outputs/study1_35f300_extension_v1/happy/b12p05.wav,neutral,0.9984763264656067,happy,0.0012770845787599683,2.024581817750004e-06,6.487935934273992e-06,2.704965118027758e-05,0.0012770845787599683,0.9984763264656067,1.6494993815285852e-08,1.6806230632937513e-05,0.00019412422261666507,1.1372443964319245e-07
752,development,dev_extension200,125,b12p05,12,1502012,5,sad,outputs/study1_35f300_extension_v1/sad/b12p05.wav,sad,1.0,sad,1.0,1.808855663995232e-13,2.106399256407432e-11,2.5337031084315953e-11,1.0295275916505364e-12,4.599522260458067e-13,6.797645654238417e-15,1.0,1.2527312086979547e-12,1.2459625357063174e-25
753,development,dev_extension200,125,b12p05,12,1502012,5,calm,outputs/study1_35f300_extension_v1/calm/b12p05.wav,sad,1.0,,,8.092801428993823e-11,8.945386653635978e-10,1.525258919166106e-09,3.232520640050751e-10,4.662222830020823e-10,5.186863959172339e-12,1.0,2.4648730279075437e-10,4.6501102952636224e-17
754,development,dev_extension200,125,b12p05,12,1502012,5,angry,outputs/study1_35f300_extension_v1/angry/b12p05.wav,angry,1.0,angry,1.0,1.0,5.422082227646285e-10,4.615811552421967e-11,2.298134660350115e-08,4.193402292074211e-10,6.633926047383554e-11,2.575859969766725e-09,1.3626037798086799e-10,4.6263762526867616e-20
755,development,dev_extension200,125,b12p05,12,1502012,5,surprise,outputs/study1_35f300_extension_v1/surprise/b12p05.wav,sad,0.9987706542015076,surprised,0.0010773824760690331,5.255459200270707e-06,1.75140385749728e-07,3.7752670323243365e-06,5.416184649220668e-05,8.858952060109004e-05,5.0344999003026913e-11,0.9987706542015076,0.0010773824760690331,7.02462719069652e-13
756,development,dev_extension200,126,b12p06,12,1502012,6,normal,outputs/study1_35f300_extension_v1/normal/b12p06.wav,neutral,0.9997913241386414,neutral,0.9997913241386414,7.163658665376715e-06,3.029757920103293e-07,3.297844841654296e-07,0.0001867139944806695,0.9997913241386414,1.760540269124533e-09,9.396079803991597e-06,4.7038520278874785e-06,2.660809127284086e-13
757,development,dev_extension200,126,b12p06,12,1502012,6,happy,outputs/study1_35f300_extension_v1/happy/b12p06.wav,sad,0.9922767281532288,happy,0.0028432076796889305,0.0011287645902484655,7.60084658395499e-05,0.00014903664123266935,0.0028432076796889305,0.0024911039508879185,1.3054665259915055e-06,0.9922767281532288,0.0010338941356167197,4.312908785664149e-08
758,development,dev_extension200,126,b12p06,12,1502012,6,sad,outputs/study1_35f300_extension_v1/sad/b12p06.wav,sad,0.9999980926513672,sad,0.9999980926513672,3.001125392643189e-08,9.565539471623197e-08,1.140393237619719e-06,2.7717305783880875e-08,4.3690630491255433e-07,2.3812996019501043e-09,0.9999980926513672,8.486649250016853e-08,2.5115893739768858e-11
759,development,dev_extension200,126,b12p06,12,1502012,6,calm,outputs/study1_35f300_extension_v1/calm/b12p06.wav,sad,0.9999983310699463,,,1.8755544672899305e-08,2.080587506725351e-07,7.816879019628686e-07,2.6087963789223068e-08,5.853550533174712e-07,4.144099730041262e-09,0.9999983310699463,5.434782934798932e-08,1.5726333429944006e-11
760,development,dev_extension200,126,b12p06,12,1502012,6,angry,outputs/study1_35f300_extension_v1/angry/b12p06.wav,angry,1.0,angry,1.0,1.0,2.897032613802253e-10,1.4120322099075988e-11,1.753326817066636e-09,3.464537545738722e-10,1.563751732269747e-12,6.41486752606113e-10,6.856716860959011e-10,9.949258614423633e-20
761,development,dev_extension200,126,b12p06,12,1502012,6,surprise,outputs/study1_35f300_extension_v1/surprise/b12p06.wav,angry,0.9994718432426453,surprised,0.0005254230927675962,0.9994718432426453,9.657826893771926e-08,5.922873569375042e-08,1.7116915387305198e-06,3.5885986449102347e-07,1.7864702772651953e-12,5.82422558181861e-07,0.0005254230927675962,7.128017726304274e-15
762,development,dev_extension200,127,b12p07,12,1502012,7,normal,outputs/study1_35f300_extension_v1/normal/b12p07.wav,sad,0.917439877986908,neutral,0.05754481628537178,0.0015805413713678718,2.984589991683606e-05,0.01100747287273407,0.00017941335681825876,0.05754481628537178,3.347797985497891e-07,0.917439877986908,0.012217654846608639,8.570697040966024e-09
763,development,dev_extension200,127,b12p07,12,1502012,7,happy,outputs/study1_35f300_extension_v1/happy/b12p07.wav,surprised,0.9985998272895813,happy,0.00039335177280008793,4.269259534339653e-06,2.2783588065067306e-06,6.26802138867788e-05,0.00039335177280008793,0.0001986952847801149,3.2833306386204075e-12,0.0007388993981294334,0.9985998272895813,3.0783298132774917e-10
764,development,dev_extension200,127,b12p07,12,1502012,7,sad,outputs/study1_35f300_extension_v1/sad/b12p07.wav,sad,0.9998261332511902,sad,0.9998261332511902,2.1361589460866526e-05,3.7604624480991333e-07,2.796020999085158e-05,1.4892348190187477e-06,1.3579728147306014e-05,1.5115886320415939e-09,0.9998261332511902,0.00010908200783887878,1.708542161915627e-11
765,development,dev_extension200,127,b12p07,12,1502012,7,calm,outputs/study1_35f300_extension_v1/calm/b12p07.wav,neutral,0.9529201984405518,,,1.4505892977467738e-05,7.428869866998866e-05,0.00018016954709310085,0.00015258349594660103,0.9529201984405518,5.658024520016625e-07,0.04656437784433365,9.32263646973297e-05,2.5730055863704138e-09
766,development,dev_extension200,127,b12p07,12,1502012,7,angry,outputs/study1_35f300_extension_v1/angry/b12p07.wav,angry,1.0,angry,1.0,1.0,5.941898855539238e-14,1.4311067394949897e-15,3.1336714364886553e-13,3.2163900991373506e-13,6.301049639611668e-17,1.2037958520630387e-12,3.5622367685825274e-13,1.764266181149156e-28
767,development,dev_extension200,127,b12p07,12,1502012,7,surprise,outputs/study1_35f300_extension_v1/surprise/b12p07.wav,surprised,0.9250471591949463,surprised,0.9250471591949463,0.0005944804288446903,5.90535782976076e-05,0.004411947447806597,0.020573576912283897,0.007698584347963333,1.4328692010678878e-08,0.04161509498953819,0.9250471591949463,1.3484773830896302e-07
768,development,dev_extension200,128,b12p08,12,1502012,8,normal,outputs/study1_35f300_extension_v1/normal/b12p08.wav,neutral,0.986987829208374,neutral,0.986987829208374,2.657231925695669e-05,5.644531483994797e-06,1.6021300325519405e-05,0.01182765606790781,0.986987829208374,4.548498466760975e-08,0.0010118080535903573,0.00012433457595761865,7.82021045142578e-11
769,development,dev_extension200,128,b12p08,12,1502012,8,happy,outputs/study1_35f300_extension_v1/happy/b12p08.wav,happy,0.9702760577201843,happy,0.9702760577201843,0.0020664851181209087,0.015187334269285202,0.0005827727145515382,0.9702760577201843,0.00026450399309396744,2.8452268452383578e-05,0.0007844712818041444,0.010703585110604763,0.00010641173867043108
770,development,dev_extension200,128,b12p08,12,1502012,8,sad,outputs/study1_35f300_extension_v1/sad/b12p08.wav,sad,0.9440970420837402,sad,0.9440970420837402,0.001597182941623032,0.000633437535725534,0.031760334968566895,0.015032059513032436,2.307949762325734e-05,2.072929055429995e-05,0.9440970420837402,0.0068360064178705215,1.7143882757864048e-07
771,development,dev_extension200,128,b12p08,12,1502012,8,calm,outputs/study1_35f300_extension_v1/calm/b12p08.wav,neutral,0.9988183379173279,,,3.646212235253188e-06,3.2964662750600837e-06,5.258896999293938e-05,0.0004997350042685866,0.9988183379173279,2.0843062387143618e-08,0.00033512996742501855,0.0002870952303055674,2.087243302639763e-07
772,development,dev_extension200,128,b12p08,12,1502012,8,angry,outputs/study1_35f300_extension_v1/angry/b12p08.wav,angry,0.9934989213943481,angry,0.9934989213943481,0.9934989213943481,1.0063205309052137e-06,1.0316811085431254e-06,4.108362645638408e-06,2.8240160645509604e-06,1.020076297736372e-11,4.048801656608703e-06,0.006488061510026455,4.800764278299618e-13
773,development,dev_extension200,128,b12p08,12,1502012,8,surprise,outputs/study1_35f300_extension_v1/surprise/b12p08.wav,sad,0.9999978542327881,surprised,5.432627290247183e-07,1.2435424423529184e-07,6.59814674008885e-08,2.4936269937825273e-07,1.0354581263527507e-06,7.804647594866765e-08,5.114845214038155e-10,0.9999978542327881,5.432627290247183e-07,1.4040922287697488e-12
774,development,dev_extension200,129,b12p09,12,1502012,9,normal,outputs/study1_35f300_extension_v1/normal/b12p09.wav,sad,0.9967701435089111,neutral,6.991255645516503e-07,1.4881276229061768e-06,0.00018615563749335706,0.000535198429133743,0.0024497751146554947,6.991255645516503e-07,9.554929647492827e-07,0.9967701435089111,5.568193591898307e-05,2.2920514097801714e-10
775,development,dev_extension200,129,b12p09,12,1502012,9,happy,outputs/study1_35f300_extension_v1/happy/b12p09.wav,sad,0.9999998807907104,happy,8.008981922102976e-09,5.033666261589076e-10,1.1274559064133882e-09,1.0746200596045696e-09,8.008981922102976e-09,1.2457553566491697e-07,1.55751904429291e-11,0.9999998807907104,4.63482502377488e-10,5.863463154637236e-17
776,development,dev_extension200,129,b12p09,12,1502012,9,sad,outputs/study1_35f300_extension_v1/sad/b12p09.wav,sad,0.9999985694885254,sad,0.9999985694885254,5.979739481354329e-10,4.456801434571389e-07,9.14687348085863e-07,3.306209528375348e-09,5.358683274891973e-09,1.1331718896556708e-09,0.9999985694885254,5.324806373607771e-09,2.2381770296398568e-17
777,development,dev_extension200,129,b12p09,12,1502012,9,calm,outputs/study1_35f300_extension_v1/calm/b12p09.wav,sad,1.0,,,6.100441679590674e-11,2.1989159104673917e-10,2.128796444678116e-10,4.668682662689605e-10,1.1308006753196764e-09,6.461657381037766e-13,1.0,2.3015933603431904e-10,4.309202364178673e-18
778,development,dev_extension200,129,b12p09,12,1502012,9,angry,outputs/study1_35f300_extension_v1/angry/b12p09.wav,angry,0.8829225301742554,angry,0.8829225301742554,0.8829225301742554,0.0012633586302399635,0.01260384451597929,0.005922327283769846,2.2090393031248823e-05,1.9472907297313213e-05,0.08179979026317596,0.015446536242961884,1.639675772935334e-08
779,development,dev_extension200,129,b12p09,12,1502012,9,surprise,outputs/study1_35f300_extension_v1/surprise/b12p09.wav,sad,0.6683001518249512,surprised,0.14623098075389862,0.002285880735144019,9.219066851073876e-05,0.0008521025301888585,0.008852082304656506,0.17338652908802032,4.4706194302079894e-08,0.6683001518249512,0.14623098075389862,6.846900379997578e-09
780,development,dev_extension200,130,b13p00,13,1502013,0,normal,outputs/study1_35f300_extension_v1/normal/b13p00.wav,happy,1.0,neutral,2.576822977218285e-09,4.7354276055955324e-09,1.0762781776918473e-08,5.929505775270627e-09,1.0,2.576822977218285e-09,4.290013622121336e-10,1.520295889179124e-08,3.247838264996972e-08,3.6643883483122863e-09
781,development,dev_extension200,130,b13p00,13,1502013,0,happy,outputs/study1_35f300_extension_v1/happy/b13p00.wav,happy,1.0,happy,1.0,6.41102448906139e-11,2.4064472636808887e-10,2.90405310909847e-10,1.0,6.603791818937665e-11,2.692016802616909e-13,1.7835551924250126e-09,2.651860420144203e-08,3.3922704597601216e-13
782,development,dev_extension200,130,b13p00,13,1502013,0,sad,outputs/study1_35f300_extension_v1/sad/b13p00.wav,sad,0.9999779462814331,sad,0.9999779462814331,2.0859458160771283e-08,2.2286053535935935e-06,1.943193274200894e-05,5.65642750416373e-08,1.3244931551525951e-07,1.5836678812775062e-07,0.9999779462814331,4.614722470819288e-08,2.412232739945619e-12
783,development,dev_extension200,130,b13p00,13,1502013,0,calm,outputs/study1_35f300_extension_v1/calm/b13p00.wav,sad,0.9783346056938171,,,1.0394773198640905e-05,1.1972187166975345e-05,0.0020646508783102036,0.0006820421549491584,0.009476874023675919,2.926159048399768e-08,0.9783346056938171,0.009419324807822704,2.2244957875727778e-08
784,development,dev_extension200,130,b13p00,13,1502013,0,angry,outputs/study1_35f300_extension_v1/angry/b13p00.wav,surprised,0.9998339414596558,angry,0.00014379274216480553,0.00014379274216480553,2.4484484129061457e-07,1.0266362551192287e-06,1.4983103937993292e-05,8.477705364384747e-07,1.608644315843899e-14,5.153086021891795e-06,0.9998339414596558,1.9366038720575185e-12
785,development,dev_extension200,130,b13p00,13,1502013,0,surprise,outputs/study1_35f300_extension_v1/surprise/b13p00.wav,happy,0.9945652484893799,surprised,0.0027587066870182753,1.3970868621981936e-06,1.8665086827240884e-06,0.0010271077044308186,0.9945652484893799,3.4572494769236073e-06,4.923190743966188e-09,0.0016421652399003506,0.0027587066870182753,1.3989424896276859e-10
786,development,dev_extension200,131,b13p01,13,1502013,1,normal,outputs/study1_35f300_extension_v1/normal/b13p01.wav,sad,0.9845394492149353,neutral,0.009126479737460613,1.1370597349014133e-05,3.4017142752418295e-05,0.005824869964271784,3.4281489206478e-05,0.009126479737460613,1.1927966170333093e-06,0.9845394492149353,0.0004278499982319772,3.6213995713296754e-07
787,development,dev_extension200,131,b13p01,13,1502013,1,happy,outputs/study1_35f300_extension_v1/happy/b13p01.wav,happy,1.0,happy,1.0,1.7241154684488613e-11,3.500483930496401e-11,1.5583639934035887e-10,1.0,5.881223980042094e-11,2.765318085195395e-13,1.932076276744965e-09,2.7260265156314745e-09,9.541075340815247e-14
788,development,dev_extension200,131,b13p01,13,1502013,1,sad,outputs/study1_35f300_extension_v1/sad/b13p01.wav,sad,0.989122211933136,sad,0.989122211933136,8.692531991982833e-06,5.293961748975562e-06,5.702216367353685e-05,0.0003220733779016882,0.00020307916565798223,9.98590099499097e-10,0.989122211933136,0.010281531140208244,5.390514701275606e-10
789,development,dev_extension200,131,b13p01,13,1502013,1,calm,outputs/study1_35f300_extension_v1/calm/b13p01.wav,sad,0.9999985694885254,,,3.827261174649266e-09,2.1339095823691423e-08,1.2232825952196436e-07,2.38002954233707e-07,9.80641743808519e-07,2.664874709790155e-10,0.9999985694885254,5.877792830233375e-08,4.3165777484539813e-13
790,development,dev_extension200,131,b13p01,13,1502013,1,angry,outputs/study1_35f300_extension_v1/angry/b13p01.wav,angry,0.9999934434890747,angry,0.9999934434890747,0.9999934434890747,8.048914992286882e-07,4.966301148101593e-08,3.548453378243721e-06,6.409463537693227e-08,2.2441417613094927e-09,1.801534352807721e-07,1.8905637944044429e-06,1.3002495130934322e-13
791,development,dev_extension200,131,b13p01,13,1502013,1,surprise,outputs/study1_35f300_extension_v1/surprise/b13p01.wav,angry,0.8583909273147583,surprised,0.056962355971336365,0.8583909273147583,0.000558068510144949,0.001625191536732018,0.08178796619176865,1.7490750906290486e-05,8.246605034401e-07,0.0006572187412530184,0.056962355971336365,4.753440308036261e-09
792,development,dev_extension200,132,b13p02,13,1502013,2,normal,outputs/study1_35f300_extension_v1/normal/b13p02.wav,sad,1.0,neutral,3.143571791763833e-10,5.1511666460113403e-11,1.0610441414371508e-08,1.0211983259011959e-08,6.913062483571153e-11,3.143571791763833e-10,9.22057222241257e-12,1.0,1.6454047846448105e-10,1.6927083974193474e-21
793,development,dev_extension200,132,b13p02,13,1502013,2,happy,outputs/study1_35f300_extension_v1/happy/b13p02.wav,happy,0.7412959933280945,happy,0.7412959933280945,0.0001218919423990883,2.3989134206203744e-05,0.0001275753602385521,0.7412959933280945,7.203379482234595e-06,2.626610873246449e-10,0.00013225933071225882,0.258291095495224,5.6398306164107126e-11
794,development,dev_extension200,132,b13p02,13,1502013,2,sad,outputs/study1_35f300_extension_v1/sad/b13p02.wav,sad,0.9999995231628418,sad,0.9999995231628418,1.7800530494049838e-10,1.555007571596434e-07,3.177647158736363e-07,1.1881486905451766e-09,1.4123077152206065e-09,1.871421462240619e-09,0.9999995231628418,5.681651260580622e-10,5.865679336934388e-16
795,development,dev_extension200,132,b13p02,13,1502013,2,calm,outputs/study1_35f300_extension_v1/calm/b13p02.wav,sad,0.9999904632568359,,,8.008162666328644e-08,4.2824416368603124e-07,1.507380716248008e-06,1.4332896114410687e-07,3.6312374049884966e-06,5.782708201174103e-10,0.9999904632568359,3.7104960028955247e-06,7.305173826965827e-11
796,development,dev_extension200,132,b13p02,13,1502013,2,angry,outputs/study1_35f300_extension_v1/angry/b13p02.wav,angry,0.6273526549339294,angry,0.6273526549339294,0.6273526549339294,0.021675897762179375,0.031188135966658592,0.025409646332263947,0.00010506709077162668,4.2816092900466174e-05,0.0692327469587326,0.2249901294708252,2.8913004825881217e-06
797,development,dev_extension200,132,b13p02,13,1502013,2,surprise,outputs/study1_35f300_extension_v1/surprise/b13p02.wav,surprised,0.9158174991607666,surprised,0.9158174991607666,0.003637950634583831,3.943075716961175e-05,0.0005016198265366256,0.06998030841350555,0.00963971670717001,2.9579230176324245e-09,0.0003835653478745371,0.9158174991607666,4.702270572920497e-09
798,development,dev_extension200,133,b13p03,13,1502013,3,normal,outputs/study1_35f300_extension_v1/normal/b13p03.wav,sad,0.9666597843170166,neutral,8.93417454790324e-05,9.604482329450548e-06,4.674343017541105e-06,0.03230321779847145,6.774895155103877e-05,8.93417454790324e-05,3.2632371471663646e-07,0.9666597843170166,0.0008651816169731319,1.1207294647874733e-07
799,development,dev_extension200,133,b13p03,13,1502013,3,happy,outputs/study1_35f300_extension_v1/happy/b13p03.wav,happy,0.9999984502792358,happy,0.9999984502792358,6.927419082813913e-09,6.414779107899449e-08,2.0516371534995415e-07,0.9999984502792358,1.5666461194996373e-07,1.8706878268659466e-09,5.400294185164967e-07,4.480102404613717e-07,2.1567736485650357e-09
800,development,dev_extension200,133,b13p03,13,1502013,3,sad,outputs/study1_35f300_extension_v1/sad/b13p03.wav,sad,0.9999901056289673,sad,0.9999901056289673,7.551501646219094e-09,3.0202635059595195e-08,9.544113709125668e-06,4.305427481199331e-08,1.4141855331217812e-07,9.57520174260651e-10,0.9999901056289673,1.6877034170192928e-07,6.896225777930365e-12
801,development,dev_extension200,133,b13p03,13,1502013,3,calm,outputs/study1_35f300_extension_v1/calm/b13p03.wav,sad,0.9999963045120239,,,2.2699836677020357e-08,2.035709485426196e-07,5.877771513951302e-07,4.816835712517786e-07,2.3703598799329484e-06,1.1712743663849778e-08,0.9999963045120239,6.485244341547514e-08,1.6742550401627199e-10
802,development,dev_extension200,133,b13p03,13,1502013,3,angry,outputs/study1_35f300_extension_v1/angry/b13p03.wav,sad,0.9708686470985413,angry,0.00022194553457666188,0.00022194553457666188,6.978453893680125e-05,0.0015448254998773336,0.019522102549672127,1.172111660707742e-05,1.7691741049929988e-07,0.9708686470985413,0.007760765962302685,2.471464588538197e-09
803,development,dev_extension200,133,b13p03,13,1502013,3,surprise,outputs/study1_35f300_extension_v1/surprise/b13p03.wav,sad,0.9999939203262329,surprised,1.0460811381562962e-06,1.8950044022858492e-07,1.034209617500892e-06,2.031834355875617e-06,5.434751528810011e-07,1.2789150787284598e-06,1.2505823043795772e-08,0.9999939203262329,1.0460811381562962e-06,3.1306834902267155e-09
804,development,dev_extension200,134,b13p04,13,1502013,4,normal,outputs/study1_35f300_extension_v1/normal/b13p04.wav,happy,0.5050697326660156,neutral,0.0011769832344725728,9.363369463244453e-05,8.919129322748631e-05,0.000607837806455791,0.5050697326660156,0.0011769832344725728,4.126734065579285e-09,0.0017552042845636606,0.491207480430603,1.2897009682433236e-08
805,development,dev_extension200,134,b13p04,13,1502013,4,happy,outputs/study1_35f300_extension_v1/happy/b13p04.wav,happy,0.9703744053840637,happy,0.9703744053840637,1.494046864536358e-05,0.0001853351277532056,0.000431241060141474,0.9703744053840637,0.0008130145724862814,8.749648117145625e-08,0.004203983582556248,0.023976890370249748,1.0349897650030471e-07
806,development,dev_extension200,134,b13p04,13,1502013,4,sad,outputs/study1_35f300_extension_v1/sad/b13p04.wav,sad,0.9999946355819702,sad,0.9999946355819702,8.001324403039689e-08,1.760841428222193e-07,4.20399510403513e-06,1.7103971572396404e-07,2.3510203561727394e-07,4.23029522522711e-09,0.9999946355819702,4.487658031848696e-07,1.704586194417601e-10
807,development,dev_extension200,134,b13p04,13,1502013,4,calm,outputs/study1_35f300_extension_v1/calm/b13p04.wav,sad,0.6585227251052856,,,9.288911314797588e-06,3.3607254863454727e-06,0.0004434830043464899,2.8554617529152893e-05,0.33842211961746216,9.81917880338301e-10,0.6585227251052856,0.00257051270455122,6.830852615317962e-13
808,development,dev_extension200,134,b13p04,13,1502013,4,angry,outputs/study1_35f300_extension_v1/angry/b13p04.wav,angry,1.0,angry,1.0,1.0,3.873513055446809e-12,5.741189316489648e-13,5.82078205080272e-11,4.2047570286696256e-11,1.5950882311494517e-14,8.844303067689907e-11,7.824476483397902e-11,3.064991945967192e-22
809,development,dev_extension200,134,b13p04,13,1502013,4,surprise,outputs/study1_35f300_extension_v1/surprise/b13p04.wav,happy,0.9998482465744019,surprised,3.441496346567874e-06,2.9492650810425403e-06,1.7188456695294008e-05,2.8459602617658675e-05,0.9998482465744019,4.3202831875532866e-05,1.5556013750028796e-05,4.076132972841151e-05,3.441496346567874e-06,1.6376236544601852e-07
810,development,dev_extension200,135,b13p05,13,1502013,5,normal,outputs/study1_35f300_extension_v1/normal/b13p05.wav,neutral,0.9934752583503723,neutral,0.9934752583503723,1.3439326721709222e-05,1.1008556612068787e-05,1.4566536265192553e-05,0.006369802635163069,0.9934752583503723,4.97132752741436e-08,1.6050842532422394e-05,9.968975791707635e-05,4.515095852752893e-09
811,development,dev_extension200,135,b13p05,13,1502013,5,happy,outputs/study1_35f300_extension_v1/happy/b13p05.wav,sad,0.9990954399108887,happy,0.000512643891852349,5.13654958922416e-05,3.591676431824453e-07,1.9846333998430055e-06,0.000512643891852349,0.0003111274854745716,6.977416422415672e-09,0.9990954399108887,2.696048977668397e-05,2.136374410710573e-12
812,development,dev_extension200,135,b13p05,13,1502013,5,sad,outputs/study1_35f300_extension_v1/sad/b13p05.wav,sad,1.0,sad,1.0,4.8042392286618e-10,4.7447215045792746e-09,3.6361562649744883e-09,2.225469586392137e-09,1.9538232365334807e-08,3.435018242070598e-11,1.0,1.0956396900851928e-09,2.5738434414378578e-15
813,development,dev_extension200,135,b13p05,13,1502013,5,calm,outputs/study1_35f300_extension_v1/calm/b13p05.wav,sad,0.9996169805526733,,,0.00021144076890777797,2.8443130304367514e-06,1.1694326531141996e-05,5.9995065385010093e-05,4.131146124564111e-05,5.6753258093067416e-08,0.9996169805526733,5.5682921811239794e-05,2.4889487693080525e-10
814,development,dev_extension200,135,b13p05,13,1502013,5,angry,outputs/study1_35f300_extension_v1/angry/b13p05.wav,angry,1.0,angry,1.0,1.0,2.0083411930021944e-12,1.6691441523213058e-13,2.358627876342112e-11,3.8749857489417394e-11,6.067939390969751e-14,1.0668142758074595e-10,4.115617135286298e-12,2.796577542235801e-23
815,development,dev_extension200,135,b13p05,13,1502013,5,surprise,outputs/study1_35f300_extension_v1/surprise/b13p05.wav,sad,0.9085252285003662,surprised,0.05713723599910736,7.36341971787624e-05,5.639417940983549e-05,0.0023952629417181015,0.03175947815179825,5.279661127133295e-05,2.7709520011853783e-08,0.9085252285003662,0.05713723599910736,5.364199751056731e-09
816,development,dev_extension200,136,b13p06,13,1502013,6,normal,outputs/study1_35f300_extension_v1/normal/b13p06.wav,neutral,0.9807767271995544,neutral,0.9807767271995544,1.1365700629539788e-06,5.13524173584301e-06,0.0009265390690416098,0.0003702960384543985,0.9807767271995544,1.8893219078108814e-07,0.0178221445530653,9.77728414000012e-05,5.856115592450806e-09
817,development,dev_extension200,136,b13p06,13,1502013,6,happy,outputs/study1_35f300_extension_v1/happy/b13p06.wav,sad,0.9544417858123779,happy,0.03921729326248169,9.320116078015417e-06,2.511195452825632e-05,0.0008586068288423121,0.03921729326248169,9.625845268601552e-05,2.589191083757214e-08,0.9544417858123779,0.005351610481739044,1.0713067238876661e-10
818,development,dev_extension200,136,b13p06,13,1502013,6,sad,outputs/study1_35f300_extension_v1/sad/b13p06.wav,sad,0.9999847412109375,sad,0.9999847412109375,2.3647498892387375e-07,2.798590514885291e-07,1.2134753887949046e-05,2.891638075652736e-07,1.1143160918436479e-06,9.939337353159772e-09,0.9999847412109375,1.2056239029334392e-06,1.118095505070471e-09
819,development,dev_extension200,136,b13p06,13,1502013,6,calm,outputs/study1_35f300_extension_v1/calm/b13p06.wav,sad,0.9999003410339355,,,2.0372640108234918e-07,1.157424776465632e-06,1.8624232325237244e-05,6.927913545951014e-06,5.627821792586474e-06,2.2204651450863366e-09,0.9999003410339355,6.715208292007446e-05,5.3102064967447404e-09
820,development,dev_extension200,136,b13p06,13,1502013,6,angry,outputs/study1_35f300_extension_v1/angry/b13p06.wav,angry,1.0,angry,1.0,1.0,2.336696947047301e-10,2.587356162653265e-10,4.25840118722931e-09,1.2257926895742344e-09,2.423452064026499e-11,2.4127924547201474e-08,8.634585269007289e-10,2.5697877401529245e-18
821,development,dev_extension200,136,b13p06,13,1502013,6,surprise,outputs/study1_35f300_extension_v1/surprise/b13p06.wav,angry,0.5441837906837463,surprised,0.3196020722389221,0.5441837906837463,0.0004068584821652621,0.0016829498345032334,0.003486617701128125,0.11339222639799118,3.423803605073772e-07,0.017245057970285416,0.3196020722389221,6.27158769361813e-08
822,development,dev_extension200,137,b13p07,13,1502013,7,normal,outputs/study1_35f300_extension_v1/normal/b13p07.wav,happy,0.9628181457519531,neutral,0.011213368736207485,6.513718290079851e-06,4.479535709833726e-05,0.0006751601467840374,0.9628181457519531,0.011213368736207485,1.927445509863901e-07,0.02067234367132187,0.004569553770124912,2.9678041357783513e-08
823,development,dev_extension200,137,b13p07,13,1502013,7,happy,outputs/study1_35f300_extension_v1/happy/b13p07.wav,surprised,0.7319943904876709,happy,0.0018682862864807248,2.124471211573109e-05,5.159226020623464e-06,0.000877240439876914,0.0018682862864807248,0.000250233308179304,7.931994644438944e-11,0.26498350501060486,0.7319943904876709,6.226488075133929e-11
824,development,dev_extension200,137,b13p07,13,1502013,7,sad,outputs/study1_35f300_extension_v1/sad/b13p07.wav,sad,1.0,sad,1.0,3.312687277268189e-11,1.2519263847821094e-08,1.9540244977633847e-08,2.647006225320325e-10,2.029011680892978e-10,2.2472640068271765e-11,1.0,1.444228625580024e-10,9.1867858208747e-22
825,development,dev_extension200,137,b13p07,13,1502013,7,calm,outputs/study1_35f300_extension_v1/calm/b13p07.wav,surprised,0.8528778553009033,,,0.00013321284495759755,5.97930011281278e-05,0.0009348556632176042,0.008733097463846207,0.13392598927021027,2.3589781239508056e-09,0.003335123648867011,0.8528778553009033,7.67877708085507e-08
826,development,dev_extension200,137,b13p07,13,1502013,7,angry,outputs/study1_35f300_extension_v1/angry/b13p07.wav,sad,0.8944486379623413,angry,1.0271556675434113e-05,1.0271556675434113e-05,3.4279819374205545e-05,0.10486340522766113,0.0005055456422269344,3.897855094692204e-06,0.00011832918244181201,0.8944486379623413,1.5583140339003876e-05,5.618582576971676e-08
827,development,dev_extension200,137,b13p07,13,1502013,7,surprise,outputs/study1_35f300_extension_v1/surprise/b13p07.wav,surprised,1.0,surprised,1.0,5.194162808197511e-11,8.000897860904743e-11,5.384003798347692e-10,7.819635605699204e-09,1.1133451799372196e-10,4.350469190017419e-22,5.212744680349601e-10,1.0,5.198738061429147e-20
828,development,dev_extension200,138,b13p08,13,1502013,8,normal,outputs/study1_35f300_extension_v1/normal/b13p08.wav,sad,1.0,neutral,6.807424401955586e-09,6.37735420028207e-10,2.488835360026087e-09,3.684692329031236e-09,7.317658146099859e-10,6.807424401955586e-09,1.3580908966859262e-11,1.0,1.2659536752224199e-09,1.5560256762483962e-15
829,development,dev_extension200,138,b13p08,13,1502013,8,happy,outputs/study1_35f300_extension_v1/happy/b13p08.wav,surprised,0.9999984502792358,happy,1.4424797427636804e-06,7.067904483903931e-09,1.925873904795594e-09,2.646177144072226e-08,1.4424797427636804e-06,2.430928525143372e-08,1.1972231683010748e-18,4.2281278922473575e-08,0.9999984502792358,1.0049122653259766e-15
830,development,dev_extension200,138,b13p08,13,1502013,8,sad,outputs/study1_35f300_extension_v1/sad/b13p08.wav,sad,0.9998854398727417,sad,0.9998854398727417,1.0413634754513623e-06,6.633134717048961e-07,4.48520631834981e-06,1.1303132851026021e-05,2.1385156287578866e-05,9.95975080186895e-10,0.9998854398727417,7.565654959762469e-05,9.299046949129419e-11
831,development,dev_extension200,138,b13p08,13,1502013,8,calm,outputs/study1_35f300_extension_v1/calm/b13p08.wav,neutral,0.9695273041725159,,,9.071145177586004e-05,1.4583746633434203e-05,0.00011474396887933835,0.0002601752639748156,0.9695273041725159,2.1741282107967663e-09,0.019307415932416916,0.010684987530112267,1.309548858241527e-10
832,development,dev_extension200,138,b13p08,13,1502013,8,angry,outputs/study1_35f300_extension_v1/angry/b13p08.wav,happy,0.6379336714744568,angry,0.2187492996454239,0.2187492996454239,0.017151586711406708,0.003813015529885888,0.6379336714744568,0.00554464990273118,9.221441723639145e-05,0.02369662933051586,0.09300091117620468,1.7980946722673252e-05
833,development,dev_extension200,138,b13p08,13,1502013,8,surprise,outputs/study1_35f300_extension_v1/surprise/b13p08.wav,happy,0.9999475479125977,surprised,5.0820057367673144e-05,1.8466684181817072e-08,6.638553031734773e-07,5.577314254878729e-07,0.9999475479125977,5.486454401903984e-09,1.3640475901577354e-11,3.3941776678148017e-07,5.0820057367673144e-05,3.069010432073249e-13
834,development,dev_extension200,139,b13p09,13,1502013,9,normal,outputs/study1_35f300_extension_v1/normal/b13p09.wav,happy,1.0,neutral,1.1344163184778128e-14,2.0943986020309502e-13,1.654093257762862e-13,6.141411028814589e-14,1.0,1.1344163184778128e-14,2.7055058192425926e-15,3.468810525278365e-13,9.027612099705984e-13,2.3237714046801595e-18
835,development,dev_extension200,139,b13p09,13,1502013,9,happy,outputs/study1_35f300_extension_v1/happy/b13p09.wav,happy,0.9999988079071045,happy,0.9999988079071045,3.2254114934460176e-09,1.512112746127059e-08,4.5973973072932495e-08,0.9999988079071045,1.703016607734753e-07,8.425306979864544e-11,4.5965556694227416e-08,9.115612442656129e-07,6.537790309124603e-10
836,development,dev_extension200,139,b13p09,13,1502013,9,sad,outputs/study1_35f300_extension_v1/sad/b13p09.wav,sad,1.0,sad,1.0,3.334201664761949e-11,2.270367449597188e-09,1.2127585158339116e-08,1.4284649851870057e-10,1.2970104157350448e-10,1.563984293635745e-12,1.0,4.727032654194829e-10,9.44631575754713e-22
837,development,dev_extension200,139,b13p09,13,1502013,9,calm,outputs/study1_35f300_extension_v1/calm/b13p09.wav,sad,0.9532181024551392,,,3.4101751680282177e-06,7.945934157760348e-06,4.89481353724841e-05,1.127043469750788e-05,0.04666518047451973,1.1604814886823078e-08,0.9532181024551392,4.5097309339325875e-05,9.711156575067936e-13
838,development,dev_extension200,139,b13p09,13,1502013,9,angry,outputs/study1_35f300_extension_v1/angry/b13p09.wav,surprised,0.9999009370803833,angry,5.989671990391798e-05,5.989671990391798e-05,1.664454771344026e-06,2.9466596060956363e-06,2.755836430878844e-05,5.83992743941053e-07,1.1002131958303199e-13,6.389549525920302e-06,0.9999009370803833,5.0566051346123686e-11
839,development,dev_extension200,139,b13p09,13,1502013,9,surprise,outputs/study1_35f300_extension_v1/surprise/b13p09.wav,surprised,0.5674086809158325,surprised,0.5674086809158325,0.2729168236255646,0.0006619752966798842,0.007664453238248825,0.002507705707103014,0.0002917047531809658,2.717141569519299e-07,0.14854833483695984,0.5674086809158325,3.649518021120457e-08
840,development,dev_extension200,140,b14p00,14,1502014,0,normal,outputs/study1_35f300_extension_v1/normal/b14p00.wav,happy,0.5969054102897644,neutral,0.0004690468485932797,0.20466332137584686,0.0005820810911245644,0.002903132699429989,0.5969054102897644,0.0004690468485932797,1.7791077198126004e-06,0.012825902551412582,0.18164916336536407,1.2416946049143007e-07
841,development,dev_extension200,140,b14p00,14,1502014,0,happy,outputs/study1_35f300_extension_v1/happy/b14p00.wav,surprised,0.5707781314849854,happy,0.42867836356163025,3.057894718949683e-05,1.1943273420911282e-05,0.00021791696781292558,0.42867836356163025,8.988595800474286e-05,1.0931864441454664e-10,0.00019319247803650796,0.5707781314849854,2.4245999652450223e-10
842,development,dev_extension200,140,b14p00,14,1502014,0,sad,outputs/study1_35f300_extension_v1/sad/b14p00.wav,angry,0.7665324807167053,sad,0.21184147894382477,0.7665324807167053,0.0006514829583466053,0.0035975747741758823,0.0018555216956883669,0.013695291243493557,0.00018427128088660538,0.21184147894382477,0.0016418782761320472,1.0822676443922319e-07
843,development,dev_extension200,140,b14p00,14,1502014,0,calm,outputs/study1_35f300_extension_v1/calm/b14p00.wav,angry,1.0,,,1.0,1.9577259952052728e-11,9.273549810007164e-13,1.660991205687523e-10,5.122605811758163e-11,1.2322100838865844e-14,1.4392786962247328e-10,3.9701728016261484e-10,1.0522254000904123e-22
844,development,dev_extension200,140,b14p00,14,1502014,0,angry,outputs/study1_35f300_extension_v1/angry/b14p00.wav,angry,1.0,angry,1.0,1.0,2.0498104602584277e-10,1.97200740979786e-12,5.917116796538835e-11,4.426959493430971e-11,5.257186220099068e-14,2.0249059373700362e-10,1.9999642220103198e-10,2.1294402412731072e-23
845,development,dev_extension200,140,b14p00,14,1502014,0,surprise,outputs/study1_35f300_extension_v1/surprise/b14p00.wav,angry,1.0,surprised,1.7729391288412444e-09,1.0,3.614318011546658e-10,4.675827780520336e-11,4.077866933016594e-09,1.944720828817026e-09,4.26010051887693e-12,5.5191429204626274e-09,1.7729391288412444e-09,7.383124117446049e-19
846,development,dev_extension200,141,b14p01,14,1502014,1,normal,outputs/study1_35f300_extension_v1/normal/b14p01.wav,surprised,0.9815739989280701,neutral,3.7441845051944256e-05,1.9227256416343153e-05,4.099352281627944e-06,9.036492701852694e-05,0.018087446689605713,3.7441845051944256e-05,1.0769117368691905e-11,0.00018740500672720373,0.9815739989280701,1.2721358688683182e-10
847,development,dev_extension200,141,b14p01,14,1502014,1,happy,outputs/study1_35f300_extension_v1/happy/b14p01.wav,happy,0.8354822993278503,happy,0.8354822993278503,2.6758527383208275e-05,2.0575920643750578e-05,0.00014861105591990054,0.8354822993278503,0.00015451527724508196,6.245962080875245e-10,9.14395204745233e-05,0.1640758067369461,3.1378661891068305e-09
848,development,dev_extension200,141,b14p01,14,1502014,1,sad,outputs/study1_35f300_extension_v1/sad/b14p01.wav,sad,1.0,sad,1.0,9.552256763356581e-10,1.4610952447924319e-08,1.0949841922069936e-08,1.6238835831572374e-09,3.1094948838017444e-08,2.2694571222281468e-10,1.0,9.406369017028737e-10,4.3179652561842197e-14
849,development,dev_extension200,141,b14p01,14,1502014,1,calm,outputs/study1_35f300_extension_v1/calm/b14p01.wav,sad,1.0,,,2.382720282472113e-14,3.1371040205667444e-13,3.438856458707479e-13,3.8846313318852133e-13,9.14711489603641e-14,2.75133030168905e-16,1.0,3.689183561503967e-14,2.0093671277385456e-28
850,development,dev_extension200,141,b14p01,14,1502014,1,angry,outputs/study1_35f300_extension_v1/angry/b14p01.wav,surprised,0.9942518472671509,angry,0.005462278611958027,0.005462278611958027,7.0888545451452956e-06,2.7274185413261876e-05,4.4912500015925616e-05,6.612108791159699e-06,5.776887648800688e-12,0.00020001917437184602,0.9942518472671509,6.95601631850451e-11
851,development,dev_extension200,141,b14p01,14,1502014,1,surprise,outputs/study1_35f300_extension_v1/surprise/b14p01.wav,sad,0.9999990463256836,surprised,2.8981037303310586e-07,6.298717636354922e-08,9.024802949397781e-08,2.162310721587346e-07,3.9707330756755255e-08,1.805159399737022e-07,3.016654981369271e-10,0.9999990463256836,2.8981037303310586e-07,8.632423118340449e-13
852,development,dev_extension200,142,b14p02,14,1502014,2,normal,outputs/study1_35f300_extension_v1/normal/b14p02.wav,sad,0.9999992847442627,neutral,5.170703047951974e-07,1.388885628728076e-08,3.2019752183032324e-08,1.5042409984289407e-07,2.265250031996402e-08,5.170703047951974e-07,6.133224483839683e-10,0.9999992847442627,2.865817094743761e-08,1.0399216210377205e-12
853,development,dev_extension200,142,b14p02,14,1502014,2,happy,outputs/study1_35f300_extension_v1/happy/b14p02.wav,angry,1.0,happy,1.5517446216861686e-09,1.0,1.3376053042968294e-10,2.7980244857173098e-11,1.5517446216861686e-09,4.740431380767518e-10,1.486047070987928e-12,2.7470612451452325e-09,7.720147299217217e-10,7.599577767458599e-20
854,development,dev_extension200,142,b14p02,14,1502014,2,sad,outputs/study1_35f300_extension_v1/sad/b14p02.wav,sad,0.9999741315841675,sad,0.9999741315841675,1.3664283642356168e-06,5.613777034341183e-07,1.57722915901104e-05,9.58969394559972e-07,4.6762332317484834e-07,7.053834405468251e-09,0.9999741315841675,6.853088507341454e-06,4.744705184300813e-10
855,development,dev_extension200,142,b14p02,14,1502014,2,calm,outputs/study1_35f300_extension_v1/calm/b14p02.wav,sad,0.999998927116394,,,1.9755781011099316e-08,6.406602182096321e-08,4.0849818105925806e-07,1.1835757618428033e-07,2.952787099275156e-07,9.732421535346703e-10,0.999998927116394,1.4159441263927874e-07,1.0070140034346142e-11
856,development,dev_extension200,142,b14p02,14,1502014,2,angry,outputs/study1_35f300_extension_v1/angry/b14p02.wav,angry,1.0,angry,1.0,1.0,2.991079953162945e-11,1.2226129397080454e-12,4.491590779864829e-11,6.559127546656995e-11,3.6178094482870737e-13,4.5649717339557583e-10,1.6206638461802036e-11,2.00634780557205e-22
857,development,dev_extension200,142,b14p02,14,1502014,2,surprise,outputs/study1_35f300_extension_v1/surprise/b14p02.wav,angry,0.791118860244751,surprised,0.0720246285200119,0.791118860244751,0.00870757456868887,0.003297882853075862,0.09106083959341049,0.005418024025857449,6.2454397266265e-05,0.028305938467383385,0.0720246285200119,3.9110309444367886e-06
858,development,dev_extension200,143,b14p03,14,1502014,3,normal,outputs/study1_35f300_extension_v1/normal/b14p03.wav,happy,0.999947190284729,neutral,6.094906979114967e-08,6.344246799017128e-07,3.7433733268699143e-07,9.78971911536064e-07,0.999947190284729,6.094906979114967e-08,6.795178864038576e-10,2.864725729523343e-06,4.7882313083391637e-05,1.947736194551908e-09
859,development,dev_extension200,143,b14p03,14,1502014,3,happy,outputs/study1_35f300_extension_v1/happy/b14p03.wav,happy,0.5459193587303162,happy,0.5459193587303162,4.59794091511867e-06,1.522459842817625e-05,9.664905519457534e-05,0.5459193587303162,6.2491035350831226e-06,1.563749130184533e-11,9.528123337076977e-05,0.45386263728141785,3.8483435188529924e-11
860,development,dev_extension200,143,b14p03,14,1502014,3,sad,outputs/study1_35f300_extension_v1/sad/b14p03.wav,sad,0.9999831914901733,sad,0.9999831914901733,3.145961935402397e-09,1.9705016995885671e-07,1.6246465747826733e-05,9.58694545971639e-09,3.1293740931914726e-08,2.3902363421868245e-10,0.9999831914901733,3.8241964261942485e-07,5.2369817738016217e-14
861,development,dev_extension200,143,b14p03,14,1502014,3,calm,outputs/study1_35f300_extension_v1/calm/b14p03.wav,sad,1.0,,,6.993700618629362e-10,4.009778287183963e-09,6.151332332393622e-09,1.0681036055615323e-09,3.505225976141446e-08,3.173577720061438e-11,1.0,1.146093775439283e-09,1.1466762521805478e-15
862,development,dev_extension200,143,b14p03,14,1502014,3,angry,outputs/study1_35f300_extension_v1/angry/b14p03.wav,surprised,1.0,angry,6.7150915904201636e-12,6.7150915904201636e-12,3.3841700275427655e-11,1.3239292995237406e-10,4.3468440652505436e-11,1.0669602354407282e-11,3.9012809989673913e-23,1.6015327952700886e-10,1.0,5.404736730110395e-21
863,development,dev_extension200,143,b14p03,14,1502014,3,surprise,outputs/study1_35f300_extension_v1/surprise/b14p03.wav,surprised,0.9770609736442566,surprised,0.9770609736442566,4.504321259446442e-05,6.159974873298779e-06,0.0016200131503865123,3.503869811538607e-05,2.7191579647478648e-05,2.521060096793981e-11,0.021205486729741096,0.9770609736442566,2.792296394105165e-10
864,development,dev_extension200,144,b14p04,14,1502014,4,normal,outputs/study1_35f300_extension_v1/normal/b14p04.wav,sad,0.9998190999031067,neutral,5.653391053783707e-05,9.756290637596976e-06,1.7763451978680678e-05,1.9130256987409666e-05,6.693742761854082e-05,5.653391053783707e-05,1.1007956572939293e-06,0.9998190999031067,9.618424883228727e-06,3.10975032391525e-08
865,development,dev_extension200,144,b14p04,14,1502014,4,happy,outputs/study1_35f300_extension_v1/happy/b14p04.wav,sad,0.999357283115387,happy,2.0747633243445307e-05,7.496340117540967e-07,6.3652652215751e-07,0.0004664384468924254,2.0747633243445307e-05,1.4285432371252682e-05,1.3946706900469508e-08,0.999357283115387,0.000139733892865479,3.7087087179088485e-08
866,development,dev_extension200,144,b14p04,14,1502014,4,sad,outputs/study1_35f300_extension_v1/sad/b14p04.wav,sad,1.0,sad,1.0,5.914682632557344e-10,9.129029976406855e-09,1.1091136009611091e-08,8.734833967238842e-10,9.1270617730288e-09,1.4232433287464374e-10,1.0,6.863901114151361e-10,1.2467826081177368e-14
867,development,dev_extension200,144,b14p04,14,1502014,4,calm,outputs/study1_35f300_extension_v1/calm/b14p04.wav,sad,0.9999935626983643,,,8.424824216035631e-08,5.243342116045824e-07,1.5282071217370685e-06,7.353538080678845e-07,3.137968860755791e-06,1.4730510145000153e-08,0.9999935626983643,3.7228619476081803e-07,9.605690687308766e-10
868,development,dev_extension200,144,b14p04,14,1502014,4,angry,outputs/study1_35f300_extension_v1/angry/b14p04.wav,angry,0.9997515082359314,angry,0.9997515082359314,0.9997515082359314,2.9094812248331436e-07,5.70741178762546e-07,5.834053808939643e-06,1.3009728263568832e-06,2.2627562323851436e-10,5.495251116371946e-06,0.00023501836403738707,1.004126035791808e-11
869,development,dev_extension200,144,b14p04,14,1502014,4,surprise,outputs/study1_35f300_extension_v1/surprise/b14p04.wav,sad,0.49698406457901,surprised,0.4391379654407501,0.008928653784096241,3.586906677810475e-05,0.053579408675432205,0.0012589996913447976,7.505465327994898e-05,3.215142285739603e-08,0.49698406457901,0.4391379654407501,4.772433559452338e-09
870,development,dev_extension200,145,b14p05,14,1502014,5,normal,outputs/study1_35f300_extension_v1/normal/b14p05.wav,neutral,0.87551349401474,neutral,0.87551349401474,6.543673225678504e-05,0.00016858091112226248,0.002676357515156269,0.03795485943555832,0.87551349401474,6.551890692207962e-07,0.0602668859064579,0.02334984391927719,3.909047791239573e-06
871,development,dev_extension200,145,b14p05,14,1502014,5,happy,outputs/study1_35f300_extension_v1/happy/b14p05.wav,sad,0.9942675828933716,happy,0.00020582907018251717,2.30760656450002e-06,1.606686055311002e-05,3.5134471545461565e-05,0.00020582907018251717,0.005438691470772028,1.3312923385910835e-07,0.9942675828933716,3.419783752178773e-05,6.809978136956829e-10
872,development,dev_extension200,145,b14p05,14,1502014,5,sad,outputs/study1_35f300_extension_v1/sad/b14p05.wav,sad,1.0,sad,1.0,1.1413968186400891e-13,6.980580176396689e-12,1.0083104490243855e-11,5.317840352098147e-13,2.6689184174331915e-13,3.244570292369438e-15,1.0,4.569363550727124e-13,3.071282639355863e-26
873,development,dev_extension200,145,b14p05,14,1502014,5,calm,outputs/study1_35f300_extension_v1/calm/b14p05.wav,neutral,0.9995920062065125,,,1.0214034773525782e-07,7.853150663095221e-08,3.5559142474994587e-07,1.778584760359081e-06,0.9995920062065125,3.168757617411089e-11,0.0004032031574752182,2.429933829262154e-06,7.90118601242621e-15
874,development,dev_extension200,145,b14p05,14,1502014,5,angry,outputs/study1_35f300_extension_v1/angry/b14p05.wav,surprised,0.9824755191802979,angry,1.5266552509274334e-05,1.5266552509274334e-05,3.46689063235317e-07,0.0007634845096617937,0.00043354928493499756,1.4908921002643183e-05,2.3991841499593214e-12,0.016296925023198128,0.9824755191802979,1.1961436615498533e-12
875,development,dev_extension200,145,b14p05,14,1502014,5,surprise,outputs/study1_35f300_extension_v1/surprise/b14p05.wav,happy,0.9999972581863403,surprised,1.8017061620412278e-07,1.4429044625785536e-08,3.202701392979179e-08,2.1070515998644623e-08,0.9999972581863403,2.318460019523627e-06,6.340550862127259e-10,1.7003409880089748e-07,1.8017061620412278e-07,4.221959240546802e-11
876,development,dev_extension200,146,b14p06,14,1502014,6,normal,outputs/study1_35f300_extension_v1/normal/b14p06.wav,sad,1.0,neutral,5.1629292840971175e-08,1.0252024784662694e-09,8.430098397127495e-09,6.107934602539444e-09,1.5360726024482574e-09,5.1629292840971175e-08,2.2778083239027858e-11,1.0,3.217789812381966e-09,2.0795806584736603e-15
877,development,dev_extension200,146,b14p06,14,1502014,6,happy,outputs/study1_35f300_extension_v1/happy/b14p06.wav,sad,0.9517820477485657,happy,0.028097979724407196,2.3946868168422952e-05,1.685099232417997e-05,0.000563023379072547,0.028097979724407196,0.018400320783257484,3.1256527677214763e-07,0.9517820477485657,0.0011155313113704324,3.650089119844324e-09
878,development,dev_extension200,146,b14p06,14,1502014,6,sad,outputs/study1_35f300_extension_v1/sad/b14p06.wav,sad,1.0,sad,1.0,7.9320050527798e-11,7.56312257266245e-09,1.7070078683900647e-08,2.135502469302608e-10,6.786574080486218e-10,2.9558890057845844e-11,1.0,4.2522305121472925e-10,3.9943430123275085e-17
879,development,dev_extension200,146,b14p06,14,1502014,6,calm,outputs/study1_35f300_extension_v1/calm/b14p06.wav,sad,0.9546663165092468,,,2.663339046193869e-06,1.23547515613609e-05,2.3109909307095222e-05,2.869045056286268e-05,0.045240748673677444,1.979187835843277e-08,0.9546663165092468,2.6124322175746784e-05,1.1610302563108688e-12
880,development,dev_extension200,146,b14p06,14,1502014,6,angry,outputs/study1_35f300_extension_v1/angry/b14p06.wav,sad,0.49821212887763977,angry,0.10496135801076889,0.10496135801076889,0.00040222221286967397,0.000908585381694138,0.21944484114646912,0.0029281887691468,7.974672939781158e-07,0.49821212887763977,0.17314179241657257,8.021326891594072e-08
881,development,dev_extension200,146,b14p06,14,1502014,6,surprise,outputs/study1_35f300_extension_v1/surprise/b14p06.wav,sad,0.9573301076889038,surprised,0.03765026107430458,0.001412885612808168,2.3871156372479163e-05,0.001262111822143197,0.0022221652325242758,9.851347567746416e-05,4.141125131695844e-08,0.9573301076889038,0.03765026107430458,4.733417213742541e-09
882,development,dev_extension200,147,b14p07,14,1502014,7,normal,outputs/study1_35f300_extension_v1/normal/b14p07.wav,sad,0.6595376133918762,neutral,0.0009711924940347672,0.13231393694877625,0.00010218653187621385,0.013515623286366463,0.09259610623121262,0.0009711924940347672,2.374343011979363e-06,0.6595376133918762,0.10096094757318497,2.3281078398440513e-08
883,development,dev_extension200,147,b14p07,14,1502014,7,happy,outputs/study1_35f300_extension_v1/happy/b14p07.wav,surprised,0.7061013579368591,happy,0.0011677275178954005,0.0012694887118414044,1.5264075045706704e-05,0.0006666369154118001,0.0011677275178954005,0.004260338377207518,9.252550392524483e-10,0.2865191698074341,0.7061013579368591,5.017808391016843e-10
884,development,dev_extension200,147,b14p07,14,1502014,7,sad,outputs/study1_35f300_extension_v1/sad/b14p07.wav,sad,0.9999986886978149,sad,0.9999986886978149,9.72526148501629e-09,1.9723708533092577e-07,9.328978762823681e-07,1.8259228795614035e-08,8.485667279956033e-08,6.994308687779949e-09,0.9999986886978149,2.0589752125488303e-08,5.3197841097529786e-12
885,development,dev_extension200,147,b14p07,14,1502014,7,calm,outputs/study1_35f300_extension_v1/calm/b14p07.wav,neutral,0.8301249146461487,,,1.8156553778680973e-05,6.253740866668522e-05,0.00033102993620559573,0.00021057762205600739,0.8301249146461487,6.226974136325225e-08,0.16838622093200684,0.0008665357017889619,1.6653640966257655e-10
886,development,dev_extension200,147,b14p07,14,1502014,7,angry,outputs/study1_35f300_extension_v1/angry/b14p07.wav,angry,1.0,angry,1.0,1.0,9.38913946590958e-11,1.1389970563935314e-11,6.286955400724992e-10,1.1816517764273726e-09,3.2677155252514023e-12,5.612915021657727e-09,1.3536331777697086e-10,1.8690467442475305e-20
887,development,dev_extension200,147,b14p07,14,1502014,7,surprise,outputs/study1_35f300_extension_v1/surprise/b14p07.wav,sad,0.9559171795845032,surprised,0.04151530563831329,2.330800452909898e-05,0.00011806870315922424,0.0010250350460410118,6.055457197362557e-05,0.0013400678290054202,1.5313958101614844e-08,0.9559171795845032,0.04151530563831329,5.400972327151976e-07
888,development,dev_extension200,148,b14p08,14,1502014,8,normal,outputs/study1_35f300_extension_v1/normal/b14p08.wav,neutral,0.9977205395698547,neutral,0.9977205395698547,9.584622375768959e-07,1.061628267962078e-06,3.2518539228476584e-05,9.428847261006013e-05,0.9977205395698547,2.338826354808532e-10,0.00035161315463483334,0.0017989283660426736,5.307943529153647e-10
889,development,dev_extension200,148,b14p08,14,1502014,8,happy,outputs/study1_35f300_extension_v1/happy/b14p08.wav,happy,0.9999959468841553,happy,0.9999959468841553,6.52068454787269e-10,2.9576623372662425e-09,6.85764689478674e-09,0.9999959468841553,7.587796502228628e-10,7.069257695500528e-14,7.314115091361373e-09,4.051142241223715e-06,2.903147828473701e-15
890,development,dev_extension200,148,b14p08,14,1502014,8,sad,outputs/study1_35f300_extension_v1/sad/b14p08.wav,sad,1.0,sad,1.0,1.280037360829045e-11,1.1120749654480733e-08,1.5678104148264538e-08,7.981053318228959e-11,4.8001332075831016e-11,8.90272317671803e-12,1.0,1.0025961311166398e-10,1.8829003635309815e-21
891,development,dev_extension200,148,b14p08,14,1502014,8,calm,outputs/study1_35f300_extension_v1/calm/b14p08.wav,neutral,0.9072372913360596,,,2.338923150091432e-05,5.665251592290588e-05,0.0001348382793366909,0.08668071031570435,0.9072372913360596,2.2544982414274273e-07,0.004462367855012417,0.001404483919031918,3.803856074569012e-08
892,development,dev_extension200,148,b14p08,14,1502014,8,angry,outputs/study1_35f300_extension_v1/angry/b14p08.wav,angry,1.0,angry,1.0,1.0,2.0281272321287513e-12,2.2017958745297606e-13,2.3925287098713888e-11,2.649459818204747e-11,5.6360084920445766e-14,1.1764854368490063e-10,4.545331559052679e-12,2.4080431938030982e-23
893,development,dev_extension200,148,b14p08,14,1502014,8,surprise,outputs/study1_35f300_extension_v1/surprise/b14p08.wav,sad,0.9999583959579468,surprised,8.915628200156789e-07,6.2897221653202e-08,1.9541288054369943e-07,1.94527910934994e-06,3.832930451608263e-05,1.409839569532778e-07,2.2197135240986654e-09,0.9999583959579468,8.915628200156789e-07,1.3604291304591953e-12
894,development,dev_extension200,149,b14p09,14,1502014,9,normal,outputs/study1_35f300_extension_v1/normal/b14p09.wav,angry,0.6247074604034424,neutral,0.13836009800434113,0.6247074604034424,0.07428552210330963,0.005971927661448717,0.02752991020679474,0.13836009800434113,0.0005580433062277734,0.0675821602344513,0.06088215112686157,0.00012272117601241916
895,development,dev_extension200,149,b14p09,14,1502014,9,happy,outputs/study1_35f300_extension_v1/happy/b14p09.wav,sad,0.995406985282898,happy,0.00017202040180563927,4.309749783715233e-06,1.5245419490383938e-05,0.0006137277232483029,0.00017202040180563927,0.0026948272716253996,7.002722668403294e-08,0.995406985282898,0.0010927554685622454,2.413249866606293e-08
896,development,dev_extension200,149,b14p09,14,1502014,9,sad,outputs/study1_35f300_extension_v1/sad/b14p09.wav,sad,1.0,sad,1.0,3.3293083567809134e-11,8.194653289272935e-10,3.452322649977191e-09,9.875796014302551e-11,1.8622808850565775e-10,2.6645810124320546e-12,1.0,1.86021476000775e-10,3.316580924525306e-19
897,development,dev_extension200,149,b14p09,14,1502014,9,calm,outputs/study1_35f300_extension_v1/calm/b14p09.wav,neutral,0.9995781779289246,,,4.446324055606965e-07,3.2525596793675504e-07,8.231817446358036e-06,0.00015992599946912378,0.9995781779289246,4.813749399090739e-10,0.00010986040433635935,0.0001430123666068539,7.745822871996211e-10
898,development,dev_extension200,149,b14p09,14,1502014,9,angry,outputs/study1_35f300_extension_v1/angry/b14p09.wav,angry,1.0,angry,1.0,1.0,1.6814112324681219e-09,3.322731811916668e-10,1.4156317007518737e-08,8.940291174042159e-09,3.906681228516007e-11,2.5564348860029895e-08,7.579065375296068e-09,2.3806236853452455e-16
899,development,dev_extension200,149,b14p09,14,1502014,9,surprise,outputs/study1_35f300_extension_v1/surprise/b14p09.wav,happy,0.9995679259300232,surprised,0.00030674145091325045,7.154320337576792e-05,6.767733793822117e-06,7.3987703217426315e-06,0.9995679259300232,2.8938213745277608e-06,4.159903355116512e-08,3.6757002817466855e-05,0.00030674145091325045,1.3746113580737074e-08
900,development,dev_extension200,150,b15p00,15,1502015,0,normal,outputs/study1_35f300_extension_v1/normal/b15p00.wav,neutral,0.9994544386863708,neutral,0.9994544386863708,1.5458622328878846e-06,2.3791417333995923e-06,4.708198957814602e-06,0.0004960588994435966,0.9994544386863708,1.0818782314458986e-08,1.3260426385386381e-05,2.7619344109552912e-05,6.796641027762007e-09
901,development,dev_extension200,150,b15p00,15,1502015,0,happy,outputs/study1_35f300_extension_v1/happy/b15p00.wav,surprised,0.8789470195770264,happy,0.12090134620666504,2.6876452466240153e-05,3.128673597529996e-06,3.8922175008337945e-05,0.12090134620666504,5.79675270273583e-06,3.029817716160288e-12,7.688760524615645e-05,0.8789470195770264,1.8063455462305478e-12
902,development,dev_extension200,150,b15p00,15,1502015,0,sad,outputs/study1_35f300_extension_v1/sad/b15p00.wav,sad,1.0,sad,1.0,1.2988163062416236e-12,1.4336237752488046e-10,5.396557090087128e-10,5.567039017273512e-12,5.1242747024782265e-12,8.017521244347084e-14,1.0,1.696252686922417e-11,7.791783633614567e-23
903,development,dev_extension200,150,b15p00,15,1502015,0,calm,outputs/study1_35f300_extension_v1/calm/b15p00.wav,sad,1.0,,,5.280992657064054e-11,5.2302200764797746e-11,1.165781360334961e-10,9.179585563900972e-11,3.8661744916623775e-09,9.326262364380694e-14,1.0,1.276790062565425e-10,3.266480985891927e-20
904,development,dev_extension200,150,b15p00,15,1502015,0,angry,outputs/study1_35f300_extension_v1/angry/b15p00.wav,sad,0.9839905500411987,angry,0.0010311935329809785,0.0010311935329809785,2.3450767912436277e-05,0.0006271317834034562,0.011733097955584526,2.5068542527151294e-05,2.992321697092848e-07,0.9839905500411987,0.002569274278357625,1.109967007195678e-09
905,development,dev_extension200,150,b15p00,15,1502015,0,surprise,outputs/study1_35f300_extension_v1/surprise/b15p00.wav,sad,0.9998657703399658,surprised,2.2608107883570483e-06,3.7515401345444843e-06,5.7711731642484665e-06,5.543919996853219e-06,2.5118704797932878e-05,9.140898328041658e-05,3.8219462794586434e-07,0.9998657703399658,2.2608107883570483e-06,3.6689247195909047e-09
906,development,dev_extension200,151,b15p01,15,1502015,1,normal,outputs/study1_35f300_extension_v1/normal/b15p01.wav,neutral,0.38018786907196045,neutral,0.38018786907196045,0.0003897066053468734,0.0003559149045031518,0.0014908716548234224,0.2576512396335602,0.38018786907196045,8.390119887735636e-08,0.006552867125719786,0.35337114334106445,3.070890102208068e-07
907,development,dev_extension200,151,b15p01,15,1502015,1,happy,outputs/study1_35f300_extension_v1/happy/b15p01.wav,sad,0.9283057451248169,happy,0.06765228509902954,9.344370482722297e-05,5.734504520660266e-05,0.00045611325185745955,0.06765228509902954,0.00010966617264784873,1.4115990154550673e-07,0.9283057451248169,0.003325294004753232,7.448576755386682e-10
908,development,dev_extension200,151,b15p01,15,1502015,1,sad,outputs/study1_35f300_extension_v1/sad/b15p01.wav,sad,0.9998886585235596,sad,0.9998886585235596,4.0804434320307337e-07,1.2763498489221092e-06,4.828877717955038e-05,8.054871614149306e-06,9.236752703145612e-06,1.0601532984821915e-08,0.9998886585235596,4.409685425343923e-05,2.650189934172431e-08
909,development,dev_extension200,151,b15p01,15,1502015,1,calm,outputs/study1_35f300_extension_v1/calm/b15p01.wav,sad,0.9765440225601196,,,6.434215265471721e-06,2.229658275609836e-05,0.0007275765528902411,2.372146445850376e-05,0.022323356941342354,8.498032855186466e-08,0.9765440225601196,0.0003524858911987394,1.6060727192623858e-09
910,development,dev_extension200,151,b15p01,15,1502015,1,angry,outputs/study1_35f300_extension_v1/angry/b15p01.wav,angry,0.9999854564666748,angry,0.9999854564666748,0.9999854564666748,3.5828972499984957e-07,1.1890366380384876e-07,3.5935208870796487e-06,2.0792654709111957e-07,2.138835553111562e-09,5.4474112403113395e-06,4.703769718616968e-06,2.3126894279842936e-13
911,development,dev_extension200,151,b15p01,15,1502015,1,surprise,outputs/study1_35f300_extension_v1/surprise/b15p01.wav,surprised,0.9879868626594543,surprised,0.9879868626594543,0.0002910808252636343,2.3712156689725816e-05,7.179980457294732e-05,0.011478967033326626,1.8345381249673665e-05,7.666137863404643e-11,0.00012939120642840862,0.9879868626594543,3.7037979350174055e-09
912,development,dev_extension200,152,b15p02,15,1502015,2,normal,outputs/study1_35f300_extension_v1/normal/b15p02.wav,happy,0.9990923404693604,neutral,0.0008660134044475853,7.818068752385443e-07,3.1194445000437554e-06,2.7124233383801766e-06,0.9990923404693604,0.0008660134044475853,1.7501866622637863e-08,7.491419637517538e-06,2.757202491920907e-05,1.2782671587885375e-09
913,development,dev_extension200,152,b15p02,15,1502015,2,happy,outputs/study1_35f300_extension_v1/happy/b15p02.wav,happy,0.9999998807907104,happy,0.9999998807907104,3.587408425875793e-10,1.0991895171841293e-09,3.919058855217372e-09,0.9999998807907104,3.538645643175187e-08,3.890477870416298e-11,3.588616692695723e-08,2.7548381353881268e-08,3.4536049020594817e-10
914,development,dev_extension200,152,b15p02,15,1502015,2,sad,outputs/study1_35f300_extension_v1/sad/b15p02.wav,sad,1.0,sad,1.0,9.189776543905293e-12,9.144255352921959e-10,5.40491096323592e-10,2.9557988001638336e-11,4.5747575866394996e-11,2.3922079595006807e-12,1.0,2.197258867908669e-11,6.850943123946309e-20
915,development,dev_extension200,152,b15p02,15,1502015,2,calm,outputs/study1_35f300_extension_v1/calm/b15p02.wav,sad,0.9999949932098389,,,1.1634381991143528e-07,7.023667194516747e-07,5.414477186604927e-07,1.2057237199769588e-06,2.010219077419606e-06,1.3610345739323293e-08,0.9999949932098389,3.202488301212725e-07,7.646994149013153e-10
916,development,dev_extension200,152,b15p02,15,1502015,2,angry,outputs/study1_35f300_extension_v1/angry/b15p02.wav,sad,0.999969482421875,angry,2.3412980226567015e-05,2.3412980226567015e-05,1.8618716524088086e-07,4.286439889256144e-06,1.4713575637870235e-06,7.166352133936016e-07,6.379745087770061e-08,0.999969482421875,4.0177752680392587e-07,1.1402968846940809e-11
917,development,dev_extension200,152,b15p02,15,1502015,2,surprise,outputs/study1_35f300_extension_v1/surprise/b15p02.wav,sad,0.5476442575454712,surprised,0.3568008542060852,0.001669995952397585,1.0472396752447821e-05,0.0015727588906884193,0.00020289617532398552,0.09209874272346497,1.5464139968557333e-09,0.5476442575454712,0.3568008542060852,3.1264690836252385e-10
918,development,dev_extension200,153,b15p03,15,1502015,3,normal,outputs/study1_35f300_extension_v1/normal/b15p03.wav,surprised,0.7164440751075745,neutral,0.0002519185945857316,0.11326117813587189,0.11357169598340988,0.008305666968226433,0.003737471764907241,0.0002519185945857316,5.505867193278391e-06,0.04440438747406006,0.7164440751075745,1.8067044948111288e-05
919,development,dev_extension200,153,b15p03,15,1502015,3,happy,outputs/study1_35f300_extension_v1/happy/b15p03.wav,sad,0.9905409216880798,happy,0.008571182377636433,2.967075943161035e-06,4.329587682150304e-06,0.00012004213931504637,0.008571182377636433,5.84628687647637e-05,7.70938157756973e-09,0.9905409216880798,0.00070208590477705,1.1883953890401422e-11
920,development,dev_extension200,153,b15p03,15,1502015,3,sad,outputs/study1_35f300_extension_v1/sad/b15p03.wav,sad,0.9626527428627014,sad,0.9626527428627014,2.2428699594456702e-05,1.0854988431674428e-05,0.003356930799782276,0.0003745374851860106,8.730047557037324e-05,8.791621652903814e-09,0.9626527428627014,0.033495135605335236,6.708746269623589e-08
921,development,dev_extension200,153,b15p03,15,1502015,3,calm,outputs/study1_35f300_extension_v1/calm/b15p03.wav,surprised,0.8193657398223877,,,4.440011252881959e-05,3.5677276173373684e-05,0.00027950957883149385,0.17969191074371338,0.0002682878985069692,2.920577946152747e-10,0.0003145046648569405,0.8193657398223877,2.1313850684379076e-09
922,development,dev_extension200,153,b15p03,15,1502015,3,angry,outputs/study1_35f300_extension_v1/angry/b15p03.wav,angry,0.9999403953552246,angry,0.9999403953552246,0.9999403953552246,1.4037367691344116e-05,2.492382009222638e-06,2.2571282897843048e-05,7.537996111750545e-07,3.0715759749000426e-06,1.5372710549854673e-05,1.2920519338877057e-06,1.2902318102803179e-10
923,development,dev_extension200,153,b15p03,15,1502015,3,surprise,outputs/study1_35f300_extension_v1/surprise/b15p03.wav,surprised,0.9430140852928162,surprised,0.9430140852928162,0.008153155446052551,0.04663146659731865,0.0005589915090240538,0.0010263435542583466,0.00014930448378436267,7.09892375994059e-08,0.0004506124823819846,0.9430140852928162,1.6039532056311145e-05
924,development,dev_extension200,154,b15p04,15,1502015,4,normal,outputs/study1_35f300_extension_v1/normal/b15p04.wav,sad,0.6286184191703796,neutral,0.2536400854587555,0.0006632644217461348,9.872380360320676e-06,0.0007218133541755378,0.001911501749418676,0.2536400854587555,3.2850770992354228e-09,0.6286184191703796,0.11443506926298141,2.0632621999805423e-10
925,development,dev_extension200,154,b15p04,15,1502015,4,happy,outputs/study1_35f300_extension_v1/happy/b15p04.wav,happy,0.85966557264328,happy,0.85966557264328,2.560659595474135e-05,0.00010243595897918567,0.00042005249997600913,0.85966557264328,6.757785740774125e-05,5.037466888069275e-09,0.0010112198069691658,0.1387075036764145,1.1394625687444204e-08
926,development,dev_extension200,154,b15p04,15,1502015,4,sad,outputs/study1_35f300_extension_v1/sad/b15p04.wav,happy,0.6702495813369751,sad,0.002998416544869542,6.266734271775931e-05,0.00013135431800037622,0.0022642819676548243,0.6702495813369751,0.0014990759082138538,2.3896667755707313e-08,0.002998416544869542,0.32279446721076965,1.3069723081571283e-07
927,development,dev_extension200,154,b15p04,15,1502015,4,calm,outputs/study1_35f300_extension_v1/calm/b15p04.wav,sad,1.0,,,3.5988265145725506e-10,1.0005912542965234e-08,1.0380339254822957e-08,2.620132999453517e-10,9.750086960025328e-09,4.0232497888759156e-11,1.0,7.433461624017923e-10,1.7875676116247367e-16
928,development,dev_extension200,154,b15p04,15,1502015,4,angry,outputs/study1_35f300_extension_v1/angry/b15p04.wav,angry,1.0,angry,1.0,1.0,1.3630170603295966e-10,9.30136696830619e-12,1.1798793053685586e-09,2.4536717102563443e-10,4.824454204188644e-12,1.7114049066790926e-09,9.991674848608412e-11,3.593595052122277e-20
929,development,dev_extension200,154,b15p04,15,1502015,4,surprise,outputs/study1_35f300_extension_v1/surprise/b15p04.wav,sad,0.9980456829071045,surprised,2.6842426450457424e-06,4.6563568503188435e-06,1.3914644114265684e-05,1.6158826838363893e-05,9.934190893545747e-05,0.0018159224418923259,1.6417291135439882e-06,0.9980456829071045,2.6842426450457424e-06,1.7124868190165898e-09
930,development,dev_extension200,155,b15p05,15,1502015,5,normal,outputs/study1_35f300_extension_v1/normal/b15p05.wav,sad,0.9999970197677612,neutral,2.537319460316212e-06,4.225765071197429e-09,5.808903580373226e-09,6.265419472128997e-08,1.9685322172335873e-07,2.537319460316212e-06,2.0643165996037105e-11,0.9999970197677612,1.1488601359133099e-07,1.5647530802204309e-15
931,development,dev_extension200,155,b15p05,15,1502015,5,happy,outputs/study1_35f300_extension_v1/happy/b15p05.wav,neutral,0.998217761516571,happy,0.001481889747083187,1.7015998992064851e-06,3.2847744932951173e-06,3.1287374440580606e-05,0.001481889747083187,0.998217761516571,1.2858308195973223e-08,9.011637303046882e-05,0.000173953827470541,2.069413085337146e-09
932,development,dev_extension200,155,b15p05,15,1502015,5,sad,outputs/study1_35f300_extension_v1/sad/b15p05.wav,sad,1.0,sad,1.0,6.389614393143006e-10,6.2750022955526674e-09,1.5690339694174327e-08,3.7202113611911614e-10,2.5434975015059536e-08,3.2632518215391926e-11,1.0,1.3660966802220287e-09,6.39486264133592e-16
933,development,dev_extension200,155,b15p05,15,1502015,5,calm,outputs/study1_35f300_extension_v1/calm/b15p05.wav,sad,1.0,,,7.598656426299755e-11,1.0148232254536538e-09,8.303023824041134e-10,1.69176242459379e-10,9.316183380292387e-10,1.7656135884933088e-12,1.0,4.036171952215284e-10,3.4789343827073524e-17
934,development,dev_extension200,155,b15p05,15,1502015,5,angry,outputs/study1_35f300_extension_v1/angry/b15p05.wav,angry,1.0,angry,1.0,1.0,2.1317208415139177e-11,9.383400089921223e-13,4.4756844064242074e-11,1.0591545002158753e-10,1.0429629843143953e-13,1.4319238850202254e-10,4.191177266354984e-11,5.19306401844072e-22
935,development,dev_extension200,155,b15p05,15,1502015,5,surprise,outputs/study1_35f300_extension_v1/surprise/b15p05.wav,angry,0.9884341359138489,surprised,0.004591865465044975,0.9884341359138489,0.00015621074999216944,0.006460470613092184,4.297230043448508e-05,3.7314032397262054e-06,5.136409413353249e-07,0.00031006158678792417,0.004591865465044975,2.582963176678277e-09
936,development,dev_extension200,156,b15p06,15,1502015,6,normal,outputs/study1_35f300_extension_v1/normal/b15p06.wav,sad,1.0,neutral,4.865160363465293e-08,2.8619122627304705e-09,2.4708286527896917e-09,3.185321784116013e-09,4.636578676553427e-09,4.865160363465293e-08,9.804115852496409e-12,1.0,4.5416554961263955e-09,1.374135462281343e-16
937,development,dev_extension200,156,b15p06,15,1502015,6,happy,outputs/study1_35f300_extension_v1/happy/b15p06.wav,happy,0.6561572551727295,happy,0.6561572551727295,7.180582542787306e-06,3.298317824373953e-05,0.0001876462047221139,0.6561572551727295,0.06435100734233856,2.8202131829857535e-07,0.2784338593482971,0.0008298306493088603,8.903732862108882e-09
938,development,dev_extension200,156,b15p06,15,1502015,6,sad,outputs/study1_35f300_extension_v1/sad/b15p06.wav,sad,0.9999994039535522,sad,0.9999994039535522,2.472041273904324e-07,5.810638015191216e-08,9.489102836823804e-08,3.2790833159879185e-08,6.626495974160207e-08,1.0504249692289136e-09,0.9999994039535522,4.077306670069447e-08,4.1308363657845473e-14
939,development,dev_extension200,156,b15p06,15,1502015,6,calm,outputs/study1_35f300_extension_v1/calm/b15p06.wav,sad,1.0,,,3.2902902624698527e-10,1.5416679488566842e-08,4.062280822836328e-08,7.10689840310863e-10,4.285452881447327e-09,1.2358326861861002e-10,1.0,1.2432617157998038e-09,1.7673224918639545e-15
940,development,dev_extension200,156,b15p06,15,1502015,6,angry,outputs/study1_35f300_extension_v1/angry/b15p06.wav,angry,0.999967098236084,angry,0.999967098236084,0.999967098236084,2.33405799576758e-07,8.722190614207648e-07,2.7794455945695518e-06,9.772671205610095e-08,4.3829413698404096e-07,2.837920510501135e-05,7.355625797345056e-08,1.2349512688511477e-13
941,development,dev_extension200,156,b15p06,15,1502015,6,surprise,outputs/study1_35f300_extension_v1/surprise/b15p06.wav,surprised,0.7633711099624634,surprised,0.7633711099624634,0.21777772903442383,3.438948988332413e-05,0.0005892180488444865,0.00012827449245378375,5.963861622149125e-05,5.483249965188008e-10,0.018039587885141373,0.7633711099624634,1.3923604456900218e-11
942,development,dev_extension200,157,b15p07,15,1502015,7,normal,outputs/study1_35f300_extension_v1/normal/b15p07.wav,happy,0.9998282194137573,neutral,2.862040275886102e-07,0.00010405921057099476,5.565542323893169e-06,1.5428026017616503e-05,0.9998282194137573,2.862040275886102e-07,3.709025986609049e-05,8.986952707346063e-06,3.1278852929972345e-07,6.100374094764049e-10
943,development,dev_extension200,157,b15p07,15,1502015,7,happy,outputs/study1_35f300_extension_v1/happy/b15p07.wav,neutral,0.5558773875236511,happy,0.39552539587020874,0.00034612760646268725,0.0003320279938634485,0.0004982113605365157,0.39552539587020874,0.5558773875236511,2.3172854923814157e-07,0.008274838328361511,0.03914576396346092,2.680164179480471e-08
944,development,dev_extension200,157,b15p07,15,1502015,7,sad,outputs/study1_35f300_extension_v1/sad/b15p07.wav,sad,0.9999996423721313,sad,0.9999996423721313,2.0888897722670663e-08,7.25059976502962e-08,1.3941443910425733e-07,1.6077317255280832e-08,4.775792561417802e-08,4.4058756643039487e-10,0.9999996423721313,5.582518980418172e-08,3.7275700104713594e-13
945,development,dev_extension200,157,b15p07,15,1502015,7,calm,outputs/study1_35f300_extension_v1/calm/b15p07.wav,sad,0.9010468125343323,,,0.00030870595946907997,0.0001495987526141107,0.0003702692920342088,0.0011733599239960313,0.09369859844446182,2.644210894686694e-07,0.9010468125343323,0.0032523826230317354,2.285462041839992e-09
946,development,dev_extension200,157,b15p07,15,1502015,7,angry,outputs/study1_35f300_extension_v1/angry/b15p07.wav,angry,0.9999033212661743,angry,0.9999033212661743,0.9999033212661743,6.870608331155381e-07,3.95955021303962e-06,1.886756217572838e-05,1.2377897462556575e-07,2.244013785457355e-06,7.064403325784951e-05,1.8983071470302093e-07,1.2104435292634164e-12
947,development,dev_extension200,157,b15p07,15,1502015,7,surprise,outputs/study1_35f300_extension_v1/surprise/b15p07.wav,angry,0.9582521319389343,surprised,0.015810932964086533,0.9582521319389343,0.005208788439631462,0.002406366867944598,0.003528895787894726,0.0003380682610440999,3.442532761255279e-05,0.014419927261769772,0.015810932964086533,4.7391876023539226e-07
948,development,dev_extension200,158,b15p08,15,1502015,8,normal,outputs/study1_35f300_extension_v1/normal/b15p08.wav,sad,0.9812232255935669,neutral,0.01865319348871708,1.158239115284232e-06,1.2528372280939948e-05,8.90536030055955e-05,1.3248179129732307e-05,0.01865319348871708,1.9258071404237853e-07,0.9812232255935669,7.355398338404484e-06,4.458498500947705e-11
949,development,dev_extension200,158,b15p08,15,1502015,8,happy,outputs/study1_35f300_extension_v1/happy/b15p08.wav,sad,0.6820241212844849,happy,0.3165266513824463,5.023669018555665e-06,3.835849383904133e-06,1.7765734810382128e-05,0.3165266513824463,0.001382131827995181,3.776581181114125e-08,0.6820241212844849,4.040538624394685e-05,1.0462926369487341e-13
950,development,dev_extension200,158,b15p08,15,1502015,8,sad,outputs/study1_35f300_extension_v1/sad/b15p08.wav,sad,0.9999984502792358,sad,0.9999984502792358,5.160063043518903e-09,1.3558960176851542e-08,1.4051263406145154e-06,1.1711160929905873e-08,1.92791471675946e-08,8.954399027816251e-11,0.9999984502792358,1.24748680718767e-07,9.4414215757576e-14
951,development,dev_extension200,158,b15p08,15,1502015,8,calm,outputs/study1_35f300_extension_v1/calm/b15p08.wav,sad,0.999875545501709,,,9.635677997721359e-06,1.9354274627403356e-06,3.740559350262629e-06,1.9058867337662377e-06,0.00010651823686202988,1.6339228636752523e-07,0.999875545501709,6.798020990572695e-07,7.478121594184373e-11
952,development,dev_extension200,158,b15p08,15,1502015,8,angry,outputs/study1_35f300_extension_v1/angry/b15p08.wav,surprised,0.9419742822647095,angry,1.8666241885512136e-05,1.8666241885512136e-05,7.945470315462444e-06,5.556317773880437e-05,0.0578744076192379,1.3918906006438192e-05,8.336584894630406e-12,5.514082658919506e-05,0.9419742822647095,9.978962101087063e-11
953,development,dev_extension200,158,b15p08,15,1502015,8,surprise,outputs/study1_35f300_extension_v1/surprise/b15p08.wav,angry,0.8572776317596436,surprised,0.0013210183242335916,0.8572776317596436,0.0007740840082988143,0.004029070492833853,0.1313307136297226,2.0767614842043258e-05,0.00012698456703219563,0.005119721405208111,0.0013210183242335916,5.113143242141405e-09
954,development,dev_extension200,159,b15p09,15,1502015,9,normal,outputs/study1_35f300_extension_v1/normal/b15p09.wav,sad,0.9999998807907104,neutral,1.669806515280925e-09,2.0264277755810411e-10,1.9663248806978117e-08,1.3072994420326722e-07,6.832890919739043e-10,1.669806515280925e-09,1.2048488595706175e-10,0.9999998807907104,1.2315928277217836e-09,2.4967651042163864e-17
955,development,dev_extension200,159,b15p09,15,1502015,9,happy,outputs/study1_35f300_extension_v1/happy/b15p09.wav,sad,0.9204613566398621,happy,0.00983908586204052,6.390129419742152e-05,3.92709844163619e-05,0.01541947852820158,0.00983908586204052,0.016311272978782654,4.20724745708867e-07,0.9204613566398621,0.037862688302993774,2.592448936411529e-06
956,development,dev_extension200,159,b15p09,15,1502015,9,sad,outputs/study1_35f300_extension_v1/sad/b15p09.wav,neutral,0.9991735816001892,sad,0.0007286128820851445,7.167682269937359e-08,4.145605885241821e-07,3.8978141674306244e-05,1.2393429642543197e-06,0.9991735816001892,1.7112949945996547e-10,0.0007286128820851445,5.711063931812532e-05,1.823540277112734e-11
957,development,dev_extension200,159,b15p09,15,1502015,9,calm,outputs/study1_35f300_extension_v1/calm/b15p09.wav,sad,1.0,,,1.1742973260453482e-10,2.1070363231956435e-09,2.1792720961144596e-09,4.051211865974125e-10,4.29021218550929e-09,1.9446038529435938e-11,1.0,2.334709925388978e-10,1.627618277378869e-15
958,development,dev_extension200,159,b15p09,15,1502015,9,angry,outputs/study1_35f300_extension_v1/angry/b15p09.wav,surprised,1.0,angry,4.43559737550725e-11,4.43559737550725e-11,2.533736935539377e-11,9.076447926581466e-11,1.0464197564008515e-10,2.5544032167257313e-11,5.35778423390262e-23,7.498363735480851e-11,1.0,4.167639656423325e-21
959,development,dev_extension200,159,b15p09,15,1502015,9,surprise,outputs/study1_35f300_extension_v1/surprise/b15p09.wav,angry,0.9993564486503601,surprised,0.0002743086079135537,0.9993564486503601,1.1454185369075276e-05,8.317695574078243e-06,0.0003067707293666899,4.172924946033163e-06,7.446218575068997e-08,3.845908577204682e-05,0.0002743086079135537,1.3278400601279827e-10
960,development,dev_extension200,160,b16p00,16,1502016,0,normal,outputs/study1_35f300_extension_v1/normal/b16p00.wav,angry,0.9996122717857361,neutral,1.6791741472843569e-06,0.9996122717857361,8.90077935764566e-05,1.5306088243960403e-05,7.628545426996425e-05,1.6791741472843569e-06,5.764283628195699e-07,9.608702384866774e-05,0.00010878891043830663,4.07272437996653e-10
961,development,dev_extension200,160,b16p00,16,1502016,0,happy,outputs/study1_35f300_extension_v1/happy/b16p00.wav,happy,1.0,happy,1.0,4.981514506452456e-11,1.0684270829175446e-10,3.929535863367306e-10,1.0,1.5688678134395673e-10,8.289133810769622e-13,1.6337442509950506e-09,8.988164879042415e-09,3.0720189846816792e-12
962,development,dev_extension200,160,b16p00,16,1502016,0,sad,outputs/study1_35f300_extension_v1/sad/b16p00.wav,sad,0.7355690598487854,sad,0.7355690598487854,5.956534369033761e-05,0.00029453373281285167,0.02302873693406582,0.24074687063694,2.9948525934742065e-06,2.7416641387389973e-05,0.7355690598487854,0.0002709220570977777,3.6235292544262165e-10
963,development,dev_extension200,160,b16p00,16,1502016,0,calm,outputs/study1_35f300_extension_v1/calm/b16p00.wav,happy,0.7402476668357849,,,3.693309918162413e-05,1.5063271348481067e-05,0.00011704005009960383,0.7402476668357849,1.9257913663750514e-05,1.3806805698735047e-10,0.00011611117952270433,0.2594479024410248,6.732686630428475e-11
964,development,dev_extension200,160,b16p00,16,1502016,0,angry,outputs/study1_35f300_extension_v1/angry/b16p00.wav,angry,1.0,angry,1.0,1.0,5.559062585258623e-11,1.19492401542097e-13,2.150682756885125e-11,4.586593691652263e-12,1.484148632983906e-13,2.81517587019664e-11,1.0227361492420872e-12,8.053286077290938e-27
965,development,dev_extension200,160,b16p00,16,1502016,0,surprise,outputs/study1_35f300_extension_v1/surprise/b16p00.wav,happy,0.9994346499443054,surprised,0.0005612439708784223,2.3968911477822985e-07,6.183145728755335e-07,1.5592964928146102e-06,0.9994346499443054,1.2060384335654817e-07,3.419131297532907e-11,1.5049246258058702e-06,0.0005612439708784223,3.158171293926593e-11
966,development,dev_extension200,161,b16p01,16,1502016,1,normal,outputs/study1_35f300_extension_v1/normal/b16p01.wav,neutral,0.9998717308044434,neutral,0.9998717308044434,1.080651443885472e-07,1.2065751775480749e-07,8.776844424573937e-07,1.4113438737695105e-05,0.9998717308044434,3.239147838840495e-10,0.00010981012019328773,3.1308882171288133e-06,2.734890005434698e-12
967,development,dev_extension200,161,b16p01,16,1502016,1,happy,outputs/study1_35f300_extension_v1/happy/b16p01.wav,sad,0.9994106292724609,happy,9.577945093042217e-06,5.23027949839161e-07,1.9719266219908604e-06,4.475080459087621e-06,9.577945093042217e-06,0.0005663677002303302,7.315818173481148e-09,0.9994106292724609,6.433639555325499e-06,4.7894938882964144e-12
968,development,dev_extension200,161,b16p01,16,1502016,1,sad,outputs/study1_35f300_extension_v1/sad/b16p01.wav,sad,0.999675989151001,sad,0.999675989151001,7.189135544649616e-07,5.289865612212452e-07,5.642905762215378e-06,2.554946377131273e-06,0.00030340132070705295,1.3863294956451e-09,0.999675989151001,1.1238430488447193e-05,1.1987964874254908e-12
969,development,dev_extension200,161,b16p01,16,1502016,1,calm,outputs/study1_35f300_extension_v1/calm/b16p01.wav,sad,0.9932076334953308,,,4.2023959423431734e-08,5.8404278746593263e-08,1.1645186077657854e-06,1.2133172333506081e-07,0.006790549959987402,7.002944057976634e-11,0.9932076334953308,3.647316759725072e-07,1.9271394176548097e-17
970,development,dev_extension200,161,b16p01,16,1502016,1,angry,outputs/study1_35f300_extension_v1/angry/b16p01.wav,neutral,0.931502640247345,angry,0.04980231076478958,0.04980231076478958,0.006176063325256109,0.0005105999880470335,0.00019114758470095694,0.931502640247345,1.2800156582670752e-05,0.008350715972483158,0.003453485667705536,2.4267990283988183e-07
971,development,dev_extension200,161,b16p01,16,1502016,1,surprise,outputs/study1_35f300_extension_v1/surprise/b16p01.wav,angry,1.0,surprised,3.3682163724790826e-09,1.0,5.193739327502556e-10,2.2832062629429828e-11,7.990210715291823e-10,5.921342305370558e-10,3.8318312281862554e-13,9.327242311840678e-10,3.3682163724790826e-09,6.399022043565912e-20
972,development,dev_extension200,162,b16p02,16,1502016,2,normal,outputs/study1_35f300_extension_v1/normal/b16p02.wav,happy,0.9999728202819824,neutral,3.432611947573605e-06,4.921824370285321e-07,2.48344167630421e-06,2.5776366783247795e-06,0.9999728202819824,3.432611947573605e-06,5.302011629737535e-08,7.2714215093583334e-06,1.0840484719665255e-05,5.965045346556508e-08
973,development,dev_extension200,162,b16p02,16,1502016,2,happy,outputs/study1_35f300_extension_v1/happy/b16p02.wav,happy,1.0,happy,1.0,2.1225736283620594e-13,6.088183342883857e-13,2.7546999512191583e-13,1.0,1.3700883282714502e-14,2.793612598229209e-16,6.371958624802609e-13,3.9477362351325596e-11,5.014879657324705e-19
974,development,dev_extension200,162,b16p02,16,1502016,2,sad,outputs/study1_35f300_extension_v1/sad/b16p02.wav,sad,0.753679096698761,sad,0.753679096698761,0.001140227192081511,5.800632425234653e-05,0.0004560293164104223,0.0005618507857434452,0.003360063536092639,5.548108195085888e-09,0.753679096698761,0.24074476957321167,9.928506017331529e-09
975,development,dev_extension200,162,b16p02,16,1502016,2,calm,outputs/study1_35f300_extension_v1/calm/b16p02.wav,sad,0.9999895095825195,,,1.6206423980591467e-09,2.7663369905894797e-07,1.013116525427904e-05,9.279627732894369e-09,2.4883453519919385e-08,5.8373261779820496e-09,0.9999895095825195,1.5573302647453602e-08,2.84237795789271e-14
976,development,dev_extension200,162,b16p02,16,1502016,2,angry,outputs/study1_35f300_extension_v1/angry/b16p02.wav,angry,1.0,angry,1.0,1.0,5.2474490681506114e-14,1.2903349458590085e-15,4.4432646039045676e-13,9.38402675877692e-13,1.876780959747602e-16,1.7035275100274472e-12,1.7159971360536375e-13,3.406944553049257e-28
977,development,dev_extension200,162,b16p02,16,1502016,2,surprise,outputs/study1_35f300_extension_v1/surprise/b16p02.wav,happy,0.9570304155349731,surprised,0.02238280698657036,0.019007625058293343,0.00024311308516189456,0.00017579230188857764,0.9570304155349731,0.00029071973403915763,5.051579705650511e-07,0.0008689449750818312,0.02238280698657036,4.4330093373901036e-08
978,development,dev_extension200,163,b16p03,16,1502016,3,normal,outputs/study1_35f300_extension_v1/normal/b16p03.wav,surprised,0.5195515155792236,neutral,0.15737131237983704,7.809044473106042e-05,2.5013914637384005e-05,0.005176957696676254,0.2933296859264374,0.15737131237983704,1.1789931697592237e-08,0.024467453360557556,0.5195515155792236,2.2177578884452487e-08
979,development,dev_extension200,163,b16p03,16,1502016,3,happy,outputs/study1_35f300_extension_v1/happy/b16p03.wav,sad,0.9999963045120239,happy,3.5731375191971892e-06,2.023277767548848e-09,8.964300413083492e-09,7.688502989822155e-08,3.5731375191971892e-06,3.6402645342548112e-09,2.911396679294853e-10,0.9999963045120239,5.0109667526498924e-09,5.123267664160203e-16
980,development,dev_extension200,163,b16p03,16,1502016,3,sad,outputs/study1_35f300_extension_v1/sad/b16p03.wav,sad,1.0,sad,1.0,8.215674776775039e-13,2.752766348201874e-10,3.1350752549563765e-10,6.233479444422985e-12,2.290288401637919e-12,3.3431837485019267e-13,1.0,1.723266386359501e-12,2.8352987206040067e-25
981,development,dev_extension200,163,b16p03,16,1502016,3,calm,outputs/study1_35f300_extension_v1/calm/b16p03.wav,sad,1.0,,,4.149558301136391e-12,6.093479054669615e-10,9.821849999980259e-10,8.880827497004251e-12,1.1131555746612953e-11,2.939199990163732e-13,1.0,2.919569100368058e-11,1.4610597586326573e-22
982,development,dev_extension200,163,b16p03,16,1502016,3,angry,outputs/study1_35f300_extension_v1/angry/b16p03.wav,sad,0.9999951124191284,angry,3.485330637431616e-07,3.485330637431616e-07,1.1932665984204505e-06,2.0579177544277627e-06,3.3589969916647533e-07,5.807092975373962e-07,3.056401283174637e-07,0.9999951124191284,5.1846928528220815e-08,3.047019581092769e-10
983,development,dev_extension200,163,b16p03,16,1502016,3,surprise,outputs/study1_35f300_extension_v1/surprise/b16p03.wav,sad,0.9689206480979919,surprised,0.029710886999964714,7.975309563335031e-05,6.269716323004104e-06,0.00019645292195491493,6.916721758898348e-05,0.0010166900465264916,1.0555871732265132e-09,0.9689206480979919,0.029710886999964714,4.140114084894009e-10
984,development,dev_extension200,164,b16p04,16,1502016,4,normal,outputs/study1_35f300_extension_v1/normal/b16p04.wav,sad,0.9999808073043823,neutral,1.0411280300104409e-06,9.071428621609812e-07,6.147590170257899e-07,1.5303117834264413e-05,2.521963153867546e-07,1.0411280300104409e-06,3.0112740745380506e-08,0.9999808073043823,1.086710653908085e-06,7.313861738467153e-10
985,development,dev_extension200,164,b16p04,16,1502016,4,happy,outputs/study1_35f300_extension_v1/happy/b16p04.wav,sad,0.9999995231628418,happy,4.665018238370067e-08,6.629869542251754e-09,4.336943959515338e-08,2.7434390403868747e-07,4.665018238370067e-08,1.0784729198576315e-07,1.3392262854239334e-09,0.9999995231628418,2.6884256598691536e-08,5.38116209577999e-12
986,development,dev_extension200,164,b16p04,16,1502016,4,sad,outputs/study1_35f300_extension_v1/sad/b16p04.wav,sad,1.0,sad,1.0,9.520924847128409e-12,8.471535140053277e-10,3.2800848703828933e-09,6.002576907748747e-11,6.706225158525925e-11,2.519485488294837e-12,1.0,7.400481616404164e-11,2.0212308194219256e-19
987,development,dev_extension200,164,b16p04,16,1502016,4,calm,outputs/study1_35f300_extension_v1/calm/b16p04.wav,sad,0.9999749660491943,,,2.240186404378619e-06,3.537782902185427e-07,3.8036855585232843e-06,1.3271627494759741e-06,7.353306955337757e-06,1.7997321410945233e-09,0.9999749660491943,9.95772825262975e-06,7.908749176388508e-12
988,development,dev_extension200,164,b16p04,16,1502016,4,angry,outputs/study1_35f300_extension_v1/angry/b16p04.wav,angry,0.9999563694000244,angry,0.9999563694000244,0.9999563694000244,1.106675853179695e-07,3.6893101196255884e-07,2.852641728168237e-06,6.777488437137436e-08,7.102828192273591e-08,4.00073840864934e-05,1.1266588728631177e-07,1.5351935150095634e-14
989,development,dev_extension200,164,b16p04,16,1502016,4,surprise,outputs/study1_35f300_extension_v1/surprise/b16p04.wav,sad,0.9999963045120239,surprised,4.998419740331883e-07,6.436667376874539e-08,4.843423653255741e-07,1.7952889947991935e-06,4.4429901890907786e-07,3.8026331594664953e-07,7.332416007699294e-09,0.9999963045120239,4.998419740331883e-07,1.0397513960924698e-09
990,development,dev_extension200,165,b16p05,16,1502016,5,normal,outputs/study1_35f300_extension_v1/normal/b16p05.wav,happy,0.7474896907806396,neutral,2.6737900043372065e-05,0.00030473063816316426,0.0007937662303447723,0.0005796697223559022,0.7474896907806396,2.6737900043372065e-05,2.473692006788042e-08,0.00043868724605999887,0.2503665089607239,2.352791454995895e-07
991,development,dev_extension200,165,b16p05,16,1502016,5,happy,outputs/study1_35f300_extension_v1/happy/b16p05.wav,happy,0.9999737739562988,happy,0.9999737739562988,1.3725912140216678e-06,1.3520987067749957e-06,1.7557833871251205e-06,0.9999737739562988,1.8124095504390425e-06,3.1136565326050913e-08,3.030771949852351e-06,1.6439700630144216e-05,3.8461672602352337e-07
992,development,dev_extension200,165,b16p05,16,1502016,5,sad,outputs/study1_35f300_extension_v1/sad/b16p05.wav,sad,1.0,sad,1.0,9.415124235800931e-11,1.5561253396967345e-09,4.16024681371141e-09,5.999222646435598e-11,2.2969447177612068e-10,2.930323518557376e-12,1.0,3.4139749360839744e-10,6.677301240512207e-19
993,development,dev_extension200,165,b16p05,16,1502016,5,calm,outputs/study1_35f300_extension_v1/calm/b16p05.wav,neutral,0.9315378069877625,,,0.006974533665925264,1.7959806427825242e-05,0.00010582687536953017,0.010795813985168934,0.9315378069877625,2.1928914861746307e-07,0.048200104385614395,0.002367661101743579,9.322552729784661e-10
994,development,dev_extension200,165,b16p05,16,1502016,5,angry,outputs/study1_35f300_extension_v1/angry/b16p05.wav,angry,1.0,angry,1.0,1.0,5.605903247033264e-14,1.5126573775907392e-15,3.0382608321583016e-13,4.818336485010177e-13,2.581127765965567e-16,3.573078681887165e-12,1.0227902509304942e-13,1.730274119483829e-28
995,development,dev_extension200,165,b16p05,16,1502016,5,surprise,outputs/study1_35f300_extension_v1/surprise/b16p05.wav,surprised,0.9223362803459167,surprised,0.9223362803459167,0.0026451977901160717,0.00011652562534436584,0.0005538483965210617,0.004458544310182333,0.000876065983902663,3.921127866846064e-09,0.06901353597640991,0.9223362803459167,5.861170659926529e-09
996,development,dev_extension200,166,b16p06,16,1502016,6,normal,outputs/study1_35f300_extension_v1/normal/b16p06.wav,sad,0.9996412992477417,neutral,0.00034048952511511743,7.5696411840908695e-06,1.454320909033413e-06,3.4023325952148298e-06,3.26027293340303e-06,0.00034048952511511743,2.3338348142942777e-08,0.9996412992477417,2.4431733436358627e-06,1.935211756468047e-12
997,development,dev_extension200,166,b16p06,16,1502016,6,happy,outputs/study1_35f300_extension_v1/happy/b16p06.wav,surprised,0.6954183578491211,happy,0.3042970597743988,8.359647836186923e-06,3.3347810131090228e-06,9.005476749734953e-05,0.3042970597743988,1.5055074072733987e-05,6.969614121943302e-12,0.00016769325884524733,0.6954183578491211,1.0523332205636393e-11
998,development,dev_extension200,166,b16p06,16,1502016,6,sad,outputs/study1_35f300_extension_v1/sad/b16p06.wav,sad,1.0,sad,1.0,7.299608508794242e-13,4.2887023793403145e-11,3.381737598284751e-11,6.707383129814226e-13,1.1406269808875158e-12,6.280778103010844e-15,1.0,5.923528161033698e-12,4.9567447835142626e-24
999,development,dev_extension200,166,b16p06,16,1502016,6,calm,outputs/study1_35f300_extension_v1/calm/b16p06.wav,sad,0.9999836683273315,,,2.7173452821216415e-08,4.115803733384382e-07,1.5671917026338633e-06,1.9738128287372092e-07,1.3314422176335938e-05,1.6056336260561466e-09,0.9999836683273315,7.746006076558842e-07,2.626498497859675e-11
1000,development,dev_extension200,166,b16p06,16,1502016,6,angry,outputs/study1_35f300_extension_v1/angry/b16p06.wav,angry,1.0,angry,1.0,1.0,1.0237560105208487e-10,1.3841585863594297e-11,2.610427207727639e-09,8.24351698014425e-10,1.6498742205339062e-13,6.810823016678569e-10,5.949557291273777e-09,2.173101438380603e-19
1001,development,dev_extension200,166,b16p06,16,1502016,6,surprise,outputs/study1_35f300_extension_v1/surprise/b16p06.wav,surprised,0.6707816123962402,surprised,0.6707816123962402,7.056677713990211e-05,2.191287603636738e-05,0.0003113320854026824,0.328439861536026,0.0002119952259818092,3.183180385946116e-10,0.0001626893790671602,0.6707816123962402,2.115911224009892e-09
1002,development,dev_extension200,167,b16p07,16,1502016,7,normal,outputs/study1_35f300_extension_v1/normal/b16p07.wav,happy,0.9986199140548706,neutral,9.824468725128099e-05,2.809845454976312e-06,1.439391326130135e-06,4.1351726395078003e-05,0.9986199140548706,9.824468725128099e-05,6.454623946439142e-09,1.3366303392103873e-05,0.0012228568084537983,6.655810835809461e-08
1003,development,dev_extension200,167,b16p07,16,1502016,7,happy,outputs/study1_35f300_extension_v1/happy/b16p07.wav,fearful,0.8742631077766418,happy,0.0005877313087694347,4.324565816204995e-05,5.104143201606348e-05,0.8742631077766418,0.0005877313087694347,1.8074881154461764e-05,4.821220755957256e-08,0.009817050769925117,0.11521954834461212,1.3448966740270407e-07
1004,development,dev_extension200,167,b16p07,16,1502016,7,sad,outputs/study1_35f300_extension_v1/sad/b16p07.wav,sad,0.9999998807907104,sad,0.9999998807907104,7.809863866725664e-11,2.0420896973405434e-08,1.44895153653124e-07,3.916194590836142e-10,4.1704376063655957e-10,3.681147747736091e-11,0.9999998807907104,8.632674575181909e-10,8.422143616922375e-20
1005,development,dev_extension200,167,b16p07,16,1502016,7,calm,outputs/study1_35f300_extension_v1/calm/b16p07.wav,neutral,0.9748882055282593,,,4.448646723176353e-05,4.947470733895898e-05,0.0036418852396309376,0.00014022264804225415,0.9748882055282593,1.1378779163351282e-07,0.012337335385382175,0.008897794410586357,4.953097914039972e-07
1006,development,dev_extension200,167,b16p07,16,1502016,7,angry,outputs/study1_35f300_extension_v1/angry/b16p07.wav,angry,0.9999979734420776,angry,0.9999979734420776,0.9999979734420776,9.525474853333549e-10,3.7466510449668533e-10,7.3209136530749674e-09,3.542026671965459e-09,3.8239517108351606e-10,1.9936380795115838e-06,3.1742450334881767e-10,3.1790734697229994e-18
1007,development,dev_extension200,167,b16p07,16,1502016,7,surprise,outputs/study1_35f300_extension_v1/surprise/b16p07.wav,sad,0.8660324215888977,surprised,0.05242112651467323,9.229774150298908e-05,1.793687988538295e-05,0.00021626197849400342,0.07565148919820786,0.005568398162722588,7.50033279928175e-09,0.8660324215888977,0.05242112651467323,2.136208543390694e-09
1008,development,dev_extension200,168,b16p08,16,1502016,8,normal,outputs/study1_35f300_extension_v1/normal/b16p08.wav,sad,1.0,neutral,2.008452215304657e-12,6.894067565085815e-13,4.8090410126322425e-11,2.390194431267645e-10,4.070369475500657e-12,2.008452215304657e-12,1.8659463283852117e-14,1.0,1.320574379015671e-11,1.3002613651610642e-23
1009,development,dev_extension200,168,b16p08,16,1502016,8,happy,outputs/study1_35f300_extension_v1/happy/b16p08.wav,happy,0.9851115345954895,happy,0.9851115345954895,1.3500382920028642e-05,1.453252843930386e-05,0.00013421235780697316,0.9851115345954895,6.976963777560741e-05,8.735029588535781e-09,0.00020684524497482926,0.014449534937739372,1.0094160529661167e-07
1010,development,dev_extension200,168,b16p08,16,1502016,8,sad,outputs/study1_35f300_extension_v1/sad/b16p08.wav,sad,1.0,sad,1.0,1.719857871569641e-12,2.483739776348859e-11,4.2627849167198306e-11,1.5286087283114536e-12,5.2041561164617445e-12,1.106882834900954e-14,1.0,9.850431234581514e-12,1.1884405369498211e-22
1011,development,dev_extension200,168,b16p08,16,1502016,8,calm,outputs/study1_35f300_extension_v1/calm/b16p08.wav,sad,0.9999954700469971,,,2.3985953134797455e-07,6.513793096019072e-07,1.5343844097515102e-06,2.811112267409044e-07,1.3508263236872153e-06,1.0068468725421553e-08,0.9999954700469971,5.350093488232233e-07,1.212724087817918e-10
1012,development,dev_extension200,168,b16p08,16,1502016,8,angry,outputs/study1_35f300_extension_v1/angry/b16p08.wav,angry,0.8763715028762817,angry,0.8763715028762817,0.8763715028762817,0.0005372206214815378,0.0008924639550969005,0.009505013935267925,0.00014304465730674565,5.23098208304873e-07,0.006372540723532438,0.10617771744728088,5.092892507718716e-08
1013,development,dev_extension200,168,b16p08,16,1502016,8,surprise,outputs/study1_35f300_extension_v1/surprise/b16p08.wav,happy,0.8384650349617004,surprised,0.16145487129688263,1.2265627447050065e-05,1.2677882295974996e-05,2.5917668608599342e-05,0.8384650349617004,5.918855549680302e-06,2.8936332496787287e-11,2.3287593649001792e-05,0.16145487129688263,6.985215184052151e-11
1014,development,dev_extension200,169,b16p09,16,1502016,9,normal,outputs/study1_35f300_extension_v1/normal/b16p09.wav,happy,0.9992967844009399,neutral,0.0002966853207908571,4.0113135924002563e-07,6.900622975081205e-05,1.3941708857601043e-05,0.9992967844009399,0.0002966853207908571,6.495301363429462e-07,0.0002879296080209315,3.4427437640260905e-05,1.2937564974890847e-07
1015,development,dev_extension200,169,b16p09,16,1502016,9,happy,outputs/study1_35f300_extension_v1/happy/b16p09.wav,surprised,0.7797949910163879,happy,0.15405945479869843,5.937177411396988e-05,8.623199391877279e-05,0.0368238240480423,0.15405945479869843,7.043260848149657e-05,1.3091925765706947e-08,0.029105667024850845,0.7797949910163879,1.1387486509306655e-08
1016,development,dev_extension200,169,b16p09,16,1502016,9,sad,outputs/study1_35f300_extension_v1/sad/b16p09.wav,sad,0.9956706762313843,sad,0.9956706762313843,2.4636569833091926e-06,1.4301371038527577e-06,0.0032861814834177494,0.000572884688153863,2.2225525754038244e-05,8.15716134638933e-08,0.9956706762313843,0.00044399325270205736,1.1255197307491471e-07
1017,development,dev_extension200,169,b16p09,16,1502016,9,calm,outputs/study1_35f300_extension_v1/calm/b16p09.wav,sad,0.833703339099884,,,2.402629490916297e-07,6.967997023821226e-07,9.517245416645892e-06,3.828582748610643e-07,0.16628476977348328,1.4705913153889583e-09,0.833703339099884,9.987954854295822e-07,5.853965930065045e-16
1018,development,dev_extension200,169,b16p09,16,1502016,9,angry,outputs/study1_35f300_extension_v1/angry/b16p09.wav,angry,0.6945518255233765,angry,0.6945518255233765,0.6945518255233765,0.0025272532366216183,0.011722390539944172,0.004102778621017933,3.973095954279415e-05,0.0034341681748628616,0.2833747863769531,0.00024709742865525186,1.944595773295532e-08
1019,development,dev_extension200,169,b16p09,16,1502016,9,surprise,outputs/study1_35f300_extension_v1/surprise/b16p09.wav,sad,0.8858974575996399,surprised,0.012719117105007172,1.163912020274438e-05,2.038796264969278e-05,0.0017173445085063577,0.09829554706811905,0.0013384645571932197,4.232122918779169e-08,0.8858974575996399,0.012719117105007172,2.9704758652826513e-09
1020,development,dev_extension200,170,b17p00,17,1502017,0,normal,outputs/study1_35f300_extension_v1/normal/b17p00.wav,angry,0.9974023699760437,neutral,0.0003468699287623167,0.9974023699760437,2.3895663616713136e-05,0.0001009557890938595,0.00035518972435966134,0.0003468699287623167,3.541190380929038e-06,0.001537277246825397,0.00022994386381469667,3.6849476803269e-09
1021,development,dev_extension200,170,b17p00,17,1502017,0,happy,outputs/study1_35f300_extension_v1/happy/b17p00.wav,surprised,0.9949274063110352,happy,0.004968087188899517,7.858832759666257e-06,3.4095323826477397e-06,1.7056590877473354e-05,0.004968087188899517,3.5977786865259986e-06,1.117784033735636e-12,7.250914495671168e-05,0.9949274063110352,3.512748425471557e-11
1022,development,dev_extension200,170,b17p00,17,1502017,0,sad,outputs/study1_35f300_extension_v1/sad/b17p00.wav,sad,1.0,sad,1.0,3.406629492386237e-11,8.170291665443585e-10,3.1933029553954384e-09,2.0770371533807008e-10,2.1810174499758972e-10,2.4510404556671306e-12,1.0,3.578388418912226e-10,1.480927589561042e-17
1023,development,dev_extension200,170,b17p00,17,1502017,0,calm,outputs/study1_35f300_extension_v1/calm/b17p00.wav,sad,0.9999998807907104,,,3.088454492150561e-10,1.6192634788581017e-08,1.0897196744963367e-07,1.7643904115516307e-09,3.3032574453528696e-09,1.4687019656012268e-10,0.9999998807907104,2.478999672206328e-09,1.4484510096394424e-15
1024,development,dev_extension200,170,b17p00,17,1502017,0,angry,outputs/study1_35f300_extension_v1/angry/b17p00.wav,angry,1.0,angry,1.0,1.0,7.625054476712023e-10,4.523288688051963e-11,2.8398681184427232e-09,2.1488684165404948e-09,2.011033180260302e-11,3.707081086545827e-09,5.159674909549494e-10,1.0799658703758907e-18
1025,development,dev_extension200,170,b17p00,17,1502017,0,surprise,outputs/study1_35f300_extension_v1/surprise/b17p00.wav,surprised,0.9999991655349731,surprised,0.9999991655349731,3.2693716178755494e-08,1.0258887073177902e-08,4.717441370871711e-08,5.513488758879248e-07,1.638680835469586e-08,5.77944807418145e-18,9.689370017440524e-08,0.9999991655349731,1.3158444230325795e-14
1026,development,dev_extension200,171,b17p01,17,1502017,1,normal,outputs/study1_35f300_extension_v1/normal/b17p01.wav,happy,0.9109269380569458,neutral,0.0032159180846065283,6.363380180118838e-06,2.6307849111617543e-05,0.00045581843005493283,0.9109269380569458,0.0032159180846065283,1.6078054443369183e-08,0.0683864876627922,0.016982223838567734,4.817331533679692e-10
1027,development,dev_extension200,171,b17p01,17,1502017,1,happy,outputs/study1_35f300_extension_v1/happy/b17p01.wav,happy,1.0,happy,1.0,1.6872179001148346e-11,1.534938426361876e-10,1.1377578046367631e-10,1.0,5.637307287642557e-11,3.7375809912310043e-13,4.237478701263342e-10,5.260048396849015e-09,7.792537231807173e-13
1028,development,dev_extension200,171,b17p01,17,1502017,1,sad,outputs/study1_35f300_extension_v1/sad/b17p01.wav,sad,1.0,sad,1.0,2.087852807308721e-10,1.3276530097527939e-08,3.851875263194415e-08,3.7033687227960854e-10,1.7535943808155707e-09,3.967657452585982e-11,1.0,1.2219946166069917e-09,1.3650805311826843e-17
1029,development,dev_extension200,171,b17p01,17,1502017,1,calm,outputs/study1_35f300_extension_v1/calm/b17p01.wav,sad,1.0,,,1.815334514654321e-11,4.108437201555404e-10,1.2339913535441838e-09,1.3716781877004536e-10,1.4293752292893203e-10,4.773705302579812e-13,1.0,4.180026602629283e-10,7.727658594452068e-18
1030,development,dev_extension200,171,b17p01,17,1502017,1,angry,outputs/study1_35f300_extension_v1/angry/b17p01.wav,sad,0.7816386818885803,angry,6.348210717987968e-06,6.348210717987968e-06,0.00010401942563476041,0.00029890972655266523,0.00012707953283097595,0.21763837337493896,2.7554230541682045e-07,0.7816386818885803,0.00018632902356330305,6.403511054742239e-10
1031,development,dev_extension200,171,b17p01,17,1502017,1,surprise,outputs/study1_35f300_extension_v1/surprise/b17p01.wav,sad,0.5726563334465027,surprised,0.027752146124839783,0.00039687493699602783,0.0003515366115607321,0.0009058145806193352,0.0007233605720102787,0.3972138464450836,9.925975064106751e-08,0.5726563334465027,0.027752146124839783,6.288761955630662e-09
1032,development,dev_extension200,172,b17p02,17,1502017,2,normal,outputs/study1_35f300_extension_v1/normal/b17p02.wav,angry,0.9910668730735779,neutral,0.00033382984111085534,0.9910668730735779,0.0044582742266356945,0.0004237462708260864,0.0010706880129873753,0.00033382984111085534,0.0001805545762181282,0.0016688022296875715,0.0007915335590951145,5.6729745665506925e-06
1033,development,dev_extension200,172,b17p02,17,1502017,2,happy,outputs/study1_35f300_extension_v1/happy/b17p02.wav,neutral,1.0,happy,9.647735735307528e-12,1.973098334023815e-12,6.112024406555727e-13,1.1958160156533282e-12,9.647735735307528e-12,1.0,5.917869271979462e-16,4.299696432230604e-10,2.5548990006951655e-12,9.309107157284025e-19
1034,development,dev_extension200,172,b17p02,17,1502017,2,sad,outputs/study1_35f300_extension_v1/sad/b17p02.wav,sad,0.9999991655349731,sad,0.9999991655349731,2.601092319309828e-08,3.8299950233522395e-07,1.7916737249379366e-07,3.930406577978829e-08,1.056550402722678e-07,1.4108056056727492e-08,0.9999991655349731,1.3620114813761575e-08,4.0867045858483664e-11
1035,development,dev_extension200,172,b17p02,17,1502017,2,calm,outputs/study1_35f300_extension_v1/calm/b17p02.wav,happy,0.9999035596847534,,,6.096849602954535e-08,1.7216738967817946e-07,8.672609510540497e-07,0.9999035596847534,4.0626389818498865e-05,2.003845145370775e-10,3.709955933572928e-07,5.4390566219808534e-05,5.851077955476569e-10
1036,development,dev_extension200,172,b17p02,17,1502017,2,angry,outputs/study1_35f300_extension_v1/angry/b17p02.wav,angry,0.9992602467536926,angry,0.9992602467536926,0.9992602467536926,7.090986287039414e-07,3.6904482385580195e-06,4.553984581434634e-06,5.305109880282544e-06,3.095717815426724e-08,0.0007080999203026295,1.729499126668088e-05,1.3377066815367655e-11
1037,development,dev_extension200,172,b17p02,17,1502017,2,surprise,outputs/study1_35f300_extension_v1/surprise/b17p02.wav,sad,0.9963034391403198,surprised,0.002271658042445779,1.6377858628402464e-05,3.37732199113816e-05,0.0010117028141394258,0.00015831128985155374,0.00020444922847673297,1.7074626157409512e-07,0.9963034391403198,0.002271658042445779,2.5758544097698177e-07
1038,development,dev_extension200,173,b17p03,17,1502017,3,normal,outputs/study1_35f300_extension_v1/normal/b17p03.wav,sad,0.9600297212600708,neutral,0.03988649696111679,1.2367088686460193e-07,1.355329430907659e-07,1.8281469237990677e-05,1.005504236673005e-05,0.03988649696111679,4.939070333276341e-11,0.9600297212600708,5.516673263628036e-05,3.861155220828997e-16
1039,development,dev_extension200,173,b17p03,17,1502017,3,happy,outputs/study1_35f300_extension_v1/happy/b17p03.wav,sad,0.9999828338623047,happy,9.70229575614212e-06,3.108919344185779e-08,8.419866759368233e-08,1.9068875189987011e-06,9.70229575614212e-06,3.542640570231015e-06,1.1500901342387237e-09,0.9999828338623047,1.8452406038704794e-06,1.752161783719064e-11
1040,development,dev_extension200,173,b17p03,17,1502017,3,sad,outputs/study1_35f300_extension_v1/sad/b17p03.wav,sad,0.9999954700469971,sad,0.9999954700469971,7.504943888569926e-10,1.0717958076611467e-07,4.403706952871289e-06,3.872334453092208e-09,6.207903524568792e-09,2.3309627561474144e-09,0.9999954700469971,4.445550594311953e-09,1.9785963317108185e-15
1041,development,dev_extension200,173,b17p03,17,1502017,3,calm,outputs/study1_35f300_extension_v1/calm/b17p03.wav,sad,0.9999984502792358,,,2.129476373013972e-09,7.485802910878192e-08,1.4073283409743453e-06,6.901122340252641e-09,1.813929095817457e-08,8.487258118528018e-10,0.9999984502792358,2.2556678302976252e-08,1.6180251040907867e-13
1042,development,dev_extension200,173,b17p03,17,1502017,3,angry,outputs/study1_35f300_extension_v1/angry/b17p03.wav,angry,0.9999920129776001,angry,0.9999920129776001,0.9999920129776001,6.5893765999192055e-09,5.594166463396277e-09,1.8228111287044158e-07,6.223475423894342e-08,1.5732167088153282e-12,3.213245491906491e-08,7.685473065066617e-06,1.2237071224697484e-15
1043,development,dev_extension200,173,b17p03,17,1502017,3,surprise,outputs/study1_35f300_extension_v1/surprise/b17p03.wav,sad,0.9980517625808716,surprised,0.0007073659799061716,1.7629623698667274e-06,5.816286375193158e-06,0.0009260871447622776,0.00010351031232858077,0.00020339447655715048,6.1842577281368e-08,0.9980517625808716,0.0007073659799061716,2.1754227930159686e-07
1044,development,dev_extension200,174,b17p04,17,1502017,4,normal,outputs/study1_35f300_extension_v1/normal/b17p04.wav,neutral,0.9404972195625305,neutral,0.9404972195625305,6.000464964017738e-06,2.892558040912263e-05,0.0001801986072678119,0.036542631685733795,0.9404972195625305,2.4606643478364276e-07,0.022010862827301025,0.000733876193407923,3.975274509571136e-08
1045,development,dev_extension200,174,b17p04,17,1502017,4,happy,outputs/study1_35f300_extension_v1/happy/b17p04.wav,sad,0.9853481650352478,happy,0.006789541803300381,9.972268344426993e-06,8.047143637668341e-06,0.0004938521888107061,0.006789541803300381,0.0012405009474605322,2.09751558344351e-08,0.9853481650352478,0.006109906360507011,6.537705932174731e-09
1046,development,dev_extension200,174,b17p04,17,1502017,4,sad,outputs/study1_35f300_extension_v1/sad/b17p04.wav,sad,0.9999998807907104,sad,0.9999998807907104,9.05635219594636e-11,1.5072654235837035e-08,1.6422718829289806e-07,7.267970669744273e-10,6.652695061504232e-10,3.2821901446711266e-11,0.9999998807907104,1.633395085853806e-09,5.15698463367037e-19
1047,development,dev_extension200,174,b17p04,17,1502017,4,calm,outputs/study1_35f300_extension_v1/calm/b17p04.wav,sad,0.9999978542327881,,,5.344929832062917e-09,7.813375191290106e-08,1.8888023305407842e-06,3.691981476094952e-08,7.728830553332955e-08,2.6197091163027153e-09,0.9999978542327881,4.6870400893794795e-08,1.1281343914593123e-11
1048,development,dev_extension200,174,b17p04,17,1502017,4,angry,outputs/study1_35f300_extension_v1/angry/b17p04.wav,sad,0.9999886751174927,angry,2.2148431355617504e-07,2.2148431355617504e-07,9.138543077824579e-07,6.686599135719007e-06,7.180049124144716e-07,8.969388431978587e-07,1.4994720132222028e-08,0.9999886751174927,1.970265429918072e-06,2.6179365342215988e-09
1049,development,dev_extension200,174,b17p04,17,1502017,4,surprise,outputs/study1_35f300_extension_v1/surprise/b17p04.wav,surprised,0.9980486631393433,surprised,0.9980486631393433,1.73856460605748e-05,3.223085741410614e-06,0.00011330486449878663,0.0013618555385619402,0.0001555722556076944,1.2748570428489092e-11,0.00030002783751115203,0.9980486631393433,1.2817780170593096e-09
1050,development,dev_extension200,175,b17p05,17,1502017,5,normal,outputs/study1_35f300_extension_v1/normal/b17p05.wav,neutral,0.999994158744812,neutral,0.999994158744812,2.721170311303922e-08,3.888651178840519e-08,1.2670044213791698e-07,1.894076007147305e-07,0.999994158744812,4.334747491507862e-11,5.043757482781075e-06,4.771388830704382e-07,4.1228000180471014e-11
1051,development,dev_extension200,175,b17p05,17,1502017,5,happy,outputs/study1_35f300_extension_v1/happy/b17p05.wav,happy,0.8022022247314453,happy,0.8022022247314453,4.494396489462815e-05,2.143546225852333e-05,5.0192578783025965e-05,0.8022022247314453,8.992033144750167e-06,1.1336697552932762e-10,7.171758625190705e-05,0.19760049879550934,5.326309879261082e-11
1052,development,dev_extension200,175,b17p05,17,1502017,5,sad,outputs/study1_35f300_extension_v1/sad/b17p05.wav,happy,0.9996654987335205,sad,2.7718861019820906e-05,2.113138179993257e-07,3.211628154531354e-07,1.8084976545651443e-05,0.9996654987335205,7.557385401923966e-07,6.38558983467874e-10,2.7718861019820906e-05,0.0002874927595257759,4.5625217492961667e-10
1053,development,dev_extension200,175,b17p05,17,1502017,5,calm,outputs/study1_35f300_extension_v1/calm/b17p05.wav,sad,0.9999998807907104,,,3.5578061330365784e-11,2.2098708640783116e-08,7.486627140451674e-08,2.027448486874306e-10,2.131424758911038e-10,2.3273813432034274e-11,0.9999998807907104,4.495586680697272e-10,4.9532760920631574e-20
1054,development,dev_extension200,175,b17p05,17,1502017,5,angry,outputs/study1_35f300_extension_v1/angry/b17p05.wav,angry,1.0,angry,1.0,1.0,1.052122972078351e-11,1.2236627726716631e-12,1.467615612371631e-10,1.529242982245549e-10,3.474615885810939e-14,3.0772534520551176e-10,1.856142461953425e-10,4.354487458141997e-22
1055,development,dev_extension200,175,b17p05,17,1502017,5,surprise,outputs/study1_35f300_extension_v1/surprise/b17p05.wav,neutral,0.9997087121009827,surprised,0.0001253207738045603,1.286091304564252e-07,2.3587531927660166e-07,7.481400643882807e-06,1.7123700217780424e-06,0.9997087121009827,2.7812495362322665e-11,0.0001563427795190364,0.0001253207738045603,8.154578574892657e-12
1056,development,dev_extension200,176,b17p06,17,1502017,6,normal,outputs/study1_35f300_extension_v1/normal/b17p06.wav,surprised,0.9833480715751648,neutral,0.002249610610306263,0.0004538204229902476,1.0801339158206247e-05,0.00042747738189063966,0.01253635436296463,0.002249610610306263,4.192970970429144e-10,0.0009739685920067132,0.9833480715751648,3.893853239844702e-09
1057,development,dev_extension200,176,b17p06,17,1502017,6,happy,outputs/study1_35f300_extension_v1/happy/b17p06.wav,surprised,0.8669916391372681,happy,0.12726037204265594,4.679941775975749e-05,3.516722790664062e-05,0.0015529352240264416,0.12726037204265594,0.00022948411060497165,1.1634107011104788e-09,0.0038835841696709394,0.8669916391372681,9.47383149707548e-09
1058,development,dev_extension200,176,b17p06,17,1502017,6,sad,outputs/study1_35f300_extension_v1/sad/b17p06.wav,sad,1.0,sad,1.0,2.0643038667333968e-10,7.121611300675568e-09,2.9323858896646016e-09,1.7277572428309185e-10,8.199969592226353e-10,2.871264337400703e-11,1.0,2.2407081745612345e-10,1.7077979198575935e-17
1059,development,dev_extension200,176,b17p06,17,1502017,6,calm,outputs/study1_35f300_extension_v1/calm/b17p06.wav,sad,0.9999977350234985,,,1.0649643389371022e-09,1.7130879825799639e-07,2.0288950963731622e-06,2.5695143790471775e-09,1.0118429649708105e-08,1.904397750607245e-09,0.9999977350234985,5.950202552895689e-09,1.6068369592926951e-15
1060,development,dev_extension200,176,b17p06,17,1502017,6,angry,outputs/study1_35f300_extension_v1/angry/b17p06.wav,angry,1.0,angry,1.0,1.0,3.831833288170383e-12,2.7471078255063286e-13,3.674259507757682e-11,3.6073328352204115e-11,5.244084737987412e-15,5.937670494171599e-11,7.209565583421451e-11,1.3344773391780298e-23
1061,development,dev_extension200,176,b17p06,17,1502017,6,surprise,outputs/study1_35f300_extension_v1/surprise/b17p06.wav,sad,0.999494194984436,surprised,0.00039443204877898097,3.125303692286252e-06,1.7651711459620856e-05,6.027384370099753e-05,1.640206937736366e-05,1.3649126231030095e-05,2.121363884555194e-08,0.999494194984436,0.00039443204877898097,2.0787909704722551e-07
1062,development,dev_extension200,177,b17p07,17,1502017,7,normal,outputs/study1_35f300_extension_v1/normal/b17p07.wav,sad,0.9999568462371826,neutral,1.388346754538361e-05,3.9587789046890975e-07,3.123176838926156e-06,2.2367399651557207e-05,7.33386855245044e-07,1.388346754538361e-05,8.40862242057483e-08,0.9999568462371826,2.460957375660655e-06,3.197018116907202e-08
1063,development,dev_extension200,177,b17p07,17,1502017,7,happy,outputs/study1_35f300_extension_v1/happy/b17p07.wav,sad,0.9998937845230103,happy,8.647578397358302e-06,8.167068017428392e-07,3.352728526806459e-06,5.894879359402694e-05,8.647578397358302e-06,1.8895292669185437e-05,1.1209843364667904e-07,0.9998937845230103,1.5019696547824424e-05,3.280433986674325e-07
1064,development,dev_extension200,177,b17p07,17,1502017,7,sad,outputs/study1_35f300_extension_v1/sad/b17p07.wav,sad,1.0,sad,1.0,6.007487042547499e-12,9.478210438729207e-10,4.537196396370291e-09,2.3744079619136826e-11,2.0574358189362485e-11,7.175933024877734e-13,1.0,5.7303644468431614e-11,1.2283895891499167e-22
1065,development,dev_extension200,177,b17p07,17,1502017,7,calm,outputs/study1_35f300_extension_v1/calm/b17p07.wav,sad,0.9999992847442627,,,2.72614397722748e-09,9.008570600599342e-08,6.249871944419283e-07,3.409132975917828e-09,7.833781623389768e-09,3.8253936129883925e-10,0.9999992847442627,2.2439378355443296e-08,2.9304178424523165e-15
1066,development,dev_extension200,177,b17p07,17,1502017,7,angry,outputs/study1_35f300_extension_v1/angry/b17p07.wav,angry,1.0,angry,1.0,1.0,6.855951570350349e-12,1.7641996804401705e-12,1.35788699728856e-10,7.560320702815204e-10,4.5329611917353796e-15,3.56084967068071e-10,2.162873879996141e-09,2.0885100796097447e-21
1067,development,dev_extension200,177,b17p07,17,1502017,7,surprise,outputs/study1_35f300_extension_v1/surprise/b17p07.wav,happy,0.999202311038971,surprised,0.000683681748341769,5.89976116316393e-06,7.038268086034805e-05,1.9447770682745613e-05,0.999202311038971,7.017922598606674e-06,6.080988157464162e-08,1.0641245353326667e-05,0.000683681748341769,5.954088351245446e-07
1068,development,dev_extension200,178,b17p08,17,1502017,8,normal,outputs/study1_35f300_extension_v1/normal/b17p08.wav,sad,0.9916694164276123,neutral,0.003164115594699979,7.887595529609825e-06,2.4178085368475877e-05,0.0005226455396041274,0.0039388458244502544,0.003164115594699979,3.949627682686696e-07,0.9916694164276123,0.0006724527920596302,5.34611750424574e-08
1069,development,dev_extension200,178,b17p08,17,1502017,8,happy,outputs/study1_35f300_extension_v1/happy/b17p08.wav,surprised,0.9997016787528992,happy,0.0002744656812865287,6.713279390169191e-07,1.6245407152837288e-07,4.378530320536811e-06,0.0002744656812865287,6.3578563640476204e-06,2.754291952389125e-14,1.2252331544004846e-05,0.9997016787528992,1.8154993133845387e-11
1070,development,dev_extension200,178,b17p08,17,1502017,8,sad,outputs/study1_35f300_extension_v1/sad/b17p08.wav,sad,1.0,sad,1.0,1.7553212217080727e-09,3.589774166812276e-08,2.3322865416730565e-08,1.4781116330908617e-09,4.877756865084848e-09,2.47615400406076e-10,1.0,1.7687170617008974e-09,2.367699815454717e-16
1071,development,dev_extension200,178,b17p08,17,1502017,8,calm,outputs/study1_35f300_extension_v1/calm/b17p08.wav,sad,0.9999996423721313,,,2.2930240817231606e-08,1.394697619616636e-07,4.877925263713223e-08,1.3588128844332914e-08,2.1404230210464448e-07,4.651937057786881e-09,0.9999996423721313,4.6718104940168814e-09,6.61071403781216e-13
1072,development,dev_extension200,178,b17p08,17,1502017,8,angry,outputs/study1_35f300_extension_v1/angry/b17p08.wav,surprised,0.4465605616569519,angry,0.1750909984111786,0.1750909984111786,0.0002644485794007778,0.040431585162878036,0.2939913272857666,1.0630539691192098e-05,6.803269343436114e-07,0.04364975914359093,0.4465605616569519,4.843883072425115e-09
1073,development,dev_extension200,178,b17p08,17,1502017,8,surprise,outputs/study1_35f300_extension_v1/surprise/b17p08.wav,surprised,0.982925534248352,surprised,0.982925534248352,0.00039219536120072007,3.6043520594830625e-06,0.00010795118578244,0.00014250847743824124,0.00010871612175833434,1.3500169732116873e-11,0.01631946861743927,0.982925534248352,1.8992011088792005e-11
1074,development,dev_extension200,179,b17p09,17,1502017,9,normal,outputs/study1_35f300_extension_v1/normal/b17p09.wav,happy,0.5901796817779541,neutral,3.3518881537020206e-05,0.00024315292830578983,5.25553768966347e-05,0.00021112158719915897,0.5901796817779541,3.3518881537020206e-05,8.49438297478855e-10,0.00017199671128764749,0.4091079533100128,1.6806870339891589e-09
1075,development,dev_extension200,179,b17p09,17,1502017,9,happy,outputs/study1_35f300_extension_v1/happy/b17p09.wav,happy,0.9999997615814209,happy,0.9999997615814209,9.66957891535003e-09,6.190454371335363e-09,8.766649628455525e-09,0.9999997615814209,1.1764527130253555e-08,2.9819952063192545e-10,2.801125020823747e-08,7.486354292041142e-08,2.3243402758055254e-09
1076,development,dev_extension200,179,b17p09,17,1502017,9,sad,outputs/study1_35f300_extension_v1/sad/b17p09.wav,sad,1.0,sad,1.0,1.6316359071136266e-13,6.764600685160715e-11,4.7903743471966465e-11,6.984585436062285e-13,3.836475137141554e-13,1.5725225958082394e-14,1.0,1.076723562740134e-12,1.5389810979056526e-25
1077,development,dev_extension200,179,b17p09,17,1502017,9,calm,outputs/study1_35f300_extension_v1/calm/b17p09.wav,sad,0.9999852180480957,,,6.609727165596269e-08,1.5466733316316095e-07,1.395872573084489e-07,1.0000040902014007e-06,1.3425832548819017e-05,8.552623498303547e-09,0.9999852180480957,2.8801117935017828e-08,1.0567566786912064e-12
1078,development,dev_extension200,179,b17p09,17,1502017,9,angry,outputs/study1_35f300_extension_v1/angry/b17p09.wav,surprised,0.9999946355819702,angry,3.0935857466829475e-06,3.0935857466829475e-06,5.7825943144962366e-08,1.233679967072021e-07,1.7570226873431238e-06,7.989429917643065e-08,2.284246688419875e-16,2.623608281737688e-07,0.9999946355819702,3.19510721049146e-13
1079,development,dev_extension200,179,b17p09,17,1502017,9,surprise,outputs/study1_35f300_extension_v1/surprise/b17p09.wav,surprised,0.5704957842826843,surprised,0.5704957842826843,3.1945652153808624e-05,7.247487246786477e-06,0.00022736196115147322,0.0002532971266191453,2.1618208847939968e-05,2.1715797562937844e-11,0.42896273732185364,0.5704957842826843,1.5369082742577866e-11
1080,development,dev_extension200,180,b18p00,18,1502018,0,normal,outputs/study1_35f300_extension_v1/normal/b18p00.wav,sad,0.6448330283164978,neutral,0.2939600348472595,0.001734328456223011,7.880116027081385e-05,0.002530802972614765,0.00122163281776011,0.2939600348472595,9.531453315503313e-08,0.6448330283164978,0.05564125254750252,8.166235687667722e-09
1081,development,dev_extension200,180,b18p00,18,1502018,0,happy,outputs/study1_35f300_extension_v1/happy/b18p00.wav,surprised,0.9267270565032959,happy,0.02482793480157852,6.616301834583282e-05,3.1836709240451455e-05,0.002714426489546895,0.02482793480157852,0.02017347142100334,3.103038936913549e-09,0.02545909211039543,0.9267270565032959,3.472424836559185e-08
1082,development,dev_extension200,180,b18p00,18,1502018,0,sad,outputs/study1_35f300_extension_v1/sad/b18p00.wav,sad,0.999998927116394,sad,0.999998927116394,1.8389492595360935e-08,9.014685531383293e-08,2.602554616260022e-07,9.172064352469533e-08,4.1689688146107073e-07,6.298122023906672e-10,0.999998927116394,1.592451894794067e-07,5.030987779153229e-12
1083,development,dev_extension200,180,b18p00,18,1502018,0,calm,outputs/study1_35f300_extension_v1/calm/b18p00.wav,sad,1.0,,,4.261208053080168e-11,8.922910743613954e-10,1.5128178709744589e-09,1.466673338335056e-09,3.138940496416609e-10,6.299287914207641e-12,1.0,2.62798061090308e-10,1.4268704100884157e-16
1084,development,dev_extension200,180,b18p00,18,1502018,0,angry,outputs/study1_35f300_extension_v1/angry/b18p00.wav,sad,0.9999998807907104,angry,2.2909807384507985e-10,2.2909807384507985e-10,3.1292948676764354e-08,8.684490637733688e-08,3.15674952844347e-09,1.227418611193798e-09,8.839717846598205e-10,0.9999998807907104,5.308868900044672e-10,1.563933999360436e-15
1085,development,dev_extension200,180,b18p00,18,1502018,0,surprise,outputs/study1_35f300_extension_v1/surprise/b18p00.wav,angry,1.0,surprised,1.0625685886722636e-09,1.0,3.4698906074825953e-12,9.829369306338376e-13,1.4402838643956528e-10,2.2753864070690355e-10,3.026487684055189e-15,1.6564734306445672e-10,1.0625685886722636e-09,3.903813873561875e-22
1086,development,dev_extension200,181,b18p01,18,1502018,1,normal,outputs/study1_35f300_extension_v1/normal/b18p01.wav,sad,0.9997288584709167,neutral,0.0001008463732432574,8.768523548496887e-05,3.2651096262270585e-05,3.383250077604316e-05,6.0657002904918045e-06,0.0001008463732432574,6.210378614923684e-06,0.9997288584709167,3.816486241703387e-06,1.4232062639507603e-08
1087,development,dev_extension200,181,b18p01,18,1502018,1,happy,outputs/study1_35f300_extension_v1/happy/b18p01.wav,happy,0.9949540495872498,happy,0.9949540495872498,7.307483542717819e-07,5.451456104310637e-07,1.7375784864270827e-06,0.9949540495872498,1.609858912843265e-07,2.896757920339832e-12,2.0236195723555284e-06,0.00504071032628417,2.066281580516069e-13
1088,development,dev_extension200,181,b18p01,18,1502018,1,sad,outputs/study1_35f300_extension_v1/sad/b18p01.wav,sad,0.9999310970306396,sad,0.9999310970306396,6.639390903728781e-06,7.720358752294487e-08,2.6416058972245082e-05,4.130988600081764e-06,1.7434996379961376e-06,1.9259791539383286e-09,0.9999310970306396,2.9925779017503373e-05,2.9716430705040153e-11
1089,development,dev_extension200,181,b18p01,18,1502018,1,calm,outputs/study1_35f300_extension_v1/calm/b18p01.wav,sad,0.7053683400154114,,,8.279601024696603e-05,3.086069773416966e-05,0.0028623798862099648,0.008026518858969212,0.02558894455432892,1.1770770136365627e-08,0.7053683400154114,0.25804007053375244,2.6177531253779307e-08
1090,development,dev_extension200,181,b18p01,18,1502018,1,angry,outputs/study1_35f300_extension_v1/angry/b18p01.wav,angry,0.999996542930603,angry,0.999996542930603,0.999996542930603,2.4489153815920872e-08,3.438223572516108e-08,1.5308371530409204e-06,2.4360957695535035e-07,3.6324141472476867e-09,1.2452931059669936e-06,3.0350568636094977e-07,2.7417499694204484e-12
1091,development,dev_extension200,181,b18p01,18,1502018,1,surprise,outputs/study1_35f300_extension_v1/surprise/b18p01.wav,happy,0.720713198184967,surprised,0.013555948622524738,4.8984496970660985e-05,0.0005195093690417707,0.0077470336109399796,0.720713198184967,3.797869794652797e-05,8.005376344044635e-07,0.2573765218257904,0.013555948622524738,3.3364595530827046e-09
1092,development,dev_extension200,182,b18p02,18,1502018,2,normal,outputs/study1_35f300_extension_v1/normal/b18p02.wav,sad,1.0,neutral,2.1547566113116687e-14,6.3232572288321204e-15,7.923615783682683e-14,8.739048980993536e-14,9.414732584029153e-14,2.1547566113116687e-14,2.514620624918956e-17,1.0,1.7879786396563478e-14,1.1695606058026135e-29
1093,development,dev_extension200,182,b18p02,18,1502018,2,happy,outputs/study1_35f300_extension_v1/happy/b18p02.wav,sad,0.999815046787262,happy,9.276691707782447e-05,2.678268913314241e-07,3.456595720763289e-07,3.653545036286232e-06,9.276691707782447e-05,5.778209924756084e-06,3.2794389426271664e-10,0.999815046787262,8.212520333472639e-05,6.116423773711022e-12
1094,development,dev_extension200,182,b18p02,18,1502018,2,sad,outputs/study1_35f300_extension_v1/sad/b18p02.wav,sad,1.0,sad,1.0,5.913799311363377e-11,2.4444251067734513e-08,4.492865812721902e-08,2.8460703238586404e-10,2.5613031140458986e-10,8.374639870467604e-11,1.0,3.2229416357942853e-10,1.1498507827743467e-17
1095,development,dev_extension200,182,b18p02,18,1502018,2,calm,outputs/study1_35f300_extension_v1/calm/b18p02.wav,sad,0.8381218910217285,,,0.005796173121780157,0.00018518183787818998,0.0003998032188974321,0.00016455796139780432,0.15333139896392822,6.537334797940275e-07,0.8381218910217285,0.0020001870580017567,6.334452407052993e-10
1096,development,dev_extension200,182,b18p02,18,1502018,2,angry,outputs/study1_35f300_extension_v1/angry/b18p02.wav,surprised,1.0,angry,3.7903458149912694e-10,3.7903458149912694e-10,1.743105798590605e-10,3.0178852750140095e-09,5.874884134726699e-09,3.185466057598063e-10,2.6472641210407793e-21,3.0535638462225734e-09,1.0,4.297479095248477e-19
1097,development,dev_extension200,182,b18p02,18,1502018,2,surprise,outputs/study1_35f300_extension_v1/surprise/b18p02.wav,surprised,0.8493315577507019,surprised,0.8493315577507019,0.0007192982593551278,5.860755663888995e-06,0.0026531738694757223,0.007442812900990248,0.0019169034203514457,1.0834717567576035e-09,0.13793042302131653,0.8493315577507019,2.528971754234277e-10
1098,development,dev_extension200,183,b18p03,18,1502018,3,normal,outputs/study1_35f300_extension_v1/normal/b18p03.wav,surprised,0.9853019118309021,neutral,0.0016942040529102087,2.973508344439324e-05,7.206576810858678e-06,0.0002194869884988293,0.010418906807899475,0.0016942040529102087,6.934122026569511e-11,0.0023285646457225084,0.9853019118309021,4.702274125634176e-10
1099,development,dev_extension200,183,b18p03,18,1502018,3,happy,outputs/study1_35f300_extension_v1/happy/b18p03.wav,happy,0.9999998807907104,happy,0.9999998807907104,2.1332602351264995e-09,4.682739973560501e-09,9.15937548029433e-09,0.9999998807907104,1.636882629441061e-08,7.838819593430912e-10,1.1378418207641516e-07,1.0558072638389149e-08,4.110740914331501e-10
1100,development,dev_extension200,183,b18p03,18,1502018,3,sad,outputs/study1_35f300_extension_v1/sad/b18p03.wav,sad,1.0,sad,1.0,1.581337838452157e-11,2.5243811485609058e-09,4.303521983217706e-09,6.136349761654003e-11,1.005460992242746e-10,6.5492732764793615e-12,1.0,8.288224967456514e-11,3.6200279963373213e-19
1101,development,dev_extension200,183,b18p03,18,1502018,3,calm,outputs/study1_35f300_extension_v1/calm/b18p03.wav,sad,0.9999998807907104,,,1.2753247069507978e-10,4.4506801799570894e-08,7.043694694175429e-08,3.552261262917966e-10,5.294186755655517e-10,1.4050208219096305e-10,0.9999998807907104,4.234303185857158e-10,5.86061806692036e-19
1102,development,dev_extension200,183,b18p03,18,1502018,3,angry,outputs/study1_35f300_extension_v1/angry/b18p03.wav,angry,0.9999991655349731,angry,0.9999991655349731,0.9999991655349731,8.239018356448469e-09,5.41716005386661e-09,2.5156725769193145e-07,3.925394409520777e-08,8.086005476304337e-11,2.12003342880962e-07,2.925804949427402e-07,4.383532297861986e-15
1103,development,dev_extension200,183,b18p03,18,1502018,3,surprise,outputs/study1_35f300_extension_v1/surprise/b18p03.wav,happy,0.9990397095680237,surprised,0.000907288515008986,2.9519994768634206e-06,4.692607490142109e-06,9.441805559617933e-06,0.9990397095680237,1.701845008028613e-06,2.8570872334654496e-09,3.426706825848669e-05,0.000907288515008986,2.6809359177093484e-09
1104,development,dev_extension200,184,b18p04,18,1502018,4,normal,outputs/study1_35f300_extension_v1/normal/b18p04.wav,sad,0.8953311443328857,neutral,0.01217791810631752,2.461641633999534e-05,1.024016000883421e-05,0.001805715262889862,0.00020699478045571595,0.01217791810631752,1.9147163854427163e-09,0.8953311443328857,0.09044338762760162,1.6381433987078253e-09
1105,development,dev_extension200,184,b18p04,18,1502018,4,happy,outputs/study1_35f300_extension_v1/happy/b18p04.wav,surprised,0.7894994616508484,happy,0.21045273542404175,1.3449747712002136e-05,1.5132583257582155e-06,1.4299074791779276e-05,0.21045273542404175,3.107042175543029e-06,4.820546089037703e-13,1.541749224998057e-05,0.7894994616508484,1.0285031832278635e-13
1106,development,dev_extension200,184,b18p04,18,1502018,4,sad,outputs/study1_35f300_extension_v1/sad/b18p04.wav,sad,0.9999998807907104,sad,0.9999998807907104,2.8553581721268984e-09,1.8392307676862174e-09,9.576177184555945e-09,2.130382625864513e-08,1.1596885940434731e-07,6.826214073163417e-12,0.9999998807907104,2.008077082393811e-08,2.9505640975862864e-16
1107,development,dev_extension200,184,b18p04,18,1502018,4,calm,outputs/study1_35f300_extension_v1/calm/b18p04.wav,sad,1.0,,,7.62912372165303e-11,1.2932561688216992e-09,6.452482548269245e-09,2.929544384855376e-10,6.301625332660876e-10,2.2112368359972212e-12,1.0,1.0290559515624409e-09,1.0231505564123797e-18
1108,development,dev_extension200,184,b18p04,18,1502018,4,angry,outputs/study1_35f300_extension_v1/angry/b18p04.wav,angry,0.9999985694885254,angry,0.9999985694885254,0.9999985694885254,9.190306826667438e-08,2.369296225879225e-08,1.6180257489395444e-07,7.399663815021995e-08,1.1261075627544415e-08,9.350274012831505e-07,3.815208415858251e-08,1.327817250682678e-13
1109,development,dev_extension200,184,b18p04,18,1502018,4,surprise,outputs/study1_35f300_extension_v1/surprise/b18p04.wav,angry,0.9701129198074341,surprised,0.01464041881263256,0.9701129198074341,0.0027132409159094095,0.002724889200180769,0.004856560844928026,6.004164242767729e-05,1.87417354027275e-05,0.004872845020145178,0.01464041881263256,3.0526186378665443e-07
1110,development,dev_extension200,185,b18p05,18,1502018,5,normal,outputs/study1_35f300_extension_v1/normal/b18p05.wav,happy,0.6962602734565735,neutral,0.00019061844795942307,0.0001639086112845689,5.080950359115377e-05,0.0030111391097307205,0.6962602734565735,0.00019061844795942307,1.5640386763493552e-08,0.004079795908182859,0.29624342918395996,4.2355530638360506e-08
1111,development,dev_extension200,185,b18p05,18,1502018,5,happy,outputs/study1_35f300_extension_v1/happy/b18p05.wav,happy,0.9512391686439514,happy,0.9512391686439514,1.998339712372399e-06,3.489855998850544e-06,2.6267845896654762e-05,0.9512391686439514,1.263521426153602e-06,1.280601319431085e-11,1.704066562524531e-05,0.048710696399211884,5.274275374084203e-12
1112,development,dev_extension200,185,b18p05,18,1502018,5,sad,outputs/study1_35f300_extension_v1/sad/b18p05.wav,sad,1.0,sad,1.0,1.1959740489619897e-11,2.0569161929273605e-09,6.010762998442942e-09,1.673919614031405e-10,3.373156962083179e-11,9.245191417983634e-12,1.0,6.069685032361605e-11,1.7044769964933462e-19
1113,development,dev_extension200,185,b18p05,18,1502018,5,calm,outputs/study1_35f300_extension_v1/calm/b18p05.wav,sad,0.618759036064148,,,1.3334263712749816e-05,1.3374113223107997e-05,0.0012660054489970207,0.00012681601219810545,0.3762560188770294,1.0472036571229637e-08,0.618759036064148,0.0035654183011502028,5.1972662284960336e-11
1114,development,dev_extension200,185,b18p05,18,1502018,5,angry,outputs/study1_35f300_extension_v1/angry/b18p05.wav,fearful,0.5223267078399658,angry,0.07262326776981354,0.07262326776981354,0.03118174523115158,0.5223267078399658,0.04377570003271103,8.632505341665819e-05,0.004267373122274876,0.3108068108558655,0.014918701723217964,1.3409687198873144e-05
1115,development,dev_extension200,185,b18p05,18,1502018,5,surprise,outputs/study1_35f300_extension_v1/surprise/b18p05.wav,surprised,0.8230777382850647,surprised,0.8230777382850647,0.00018395835650153458,2.2601461751037277e-05,0.0007167015573941171,0.08444343507289886,0.013699116185307503,1.6055731189013045e-09,0.07785651832818985,0.8230777382850647,1.3976785284697257e-09
1116,development,dev_extension200,186,b18p06,18,1502018,6,normal,outputs/study1_35f300_extension_v1/normal/b18p06.wav,sad,0.9428372979164124,neutral,0.006275273393839598,9.801684063859284e-05,1.0801184544106945e-05,8.855311170918867e-05,0.0005941096460446715,0.006275273393839598,1.105230795772627e-09,0.9428372979164124,0.05009595677256584,2.1450900777875148e-10
1117,development,dev_extension200,186,b18p06,18,1502018,6,happy,outputs/study1_35f300_extension_v1/happy/b18p06.wav,sad,0.9999393224716187,happy,1.500828057032777e-05,1.0639698757586302e-06,2.0531531390588498e-06,1.3745434443990234e-05,1.500828057032777e-05,1.8724460460362025e-05,4.8395623508667995e-08,0.9999393224716187,1.0026773452409543e-05,8.28311641498658e-09
1118,development,dev_extension200,186,b18p06,18,1502018,6,sad,outputs/study1_35f300_extension_v1/sad/b18p06.wav,sad,1.0,sad,1.0,2.398299094041878e-11,4.2935008326416835e-10,3.5436080736417352e-09,7.452622546866294e-11,1.4172565898640244e-10,1.1728501199750885e-12,1.0,2.4061766468186363e-10,1.0256671500284957e-18
1119,development,dev_extension200,186,b18p06,18,1502018,6,calm,outputs/study1_35f300_extension_v1/calm/b18p06.wav,sad,0.9999017715454102,,,4.505255049025436e-07,2.8462548016250366e-06,4.481508312892402e-06,1.9397689356992487e-06,8.774556772550568e-05,1.2677733707278094e-07,0.9999017715454102,5.719233513445943e-07,2.364285212053119e-09
1120,development,dev_extension200,186,b18p06,18,1502018,6,angry,outputs/study1_35f300_extension_v1/angry/b18p06.wav,sad,0.9456802010536194,angry,0.00018012552754953504,0.00018012552754953504,0.00014998627011664212,0.045092660933732986,0.008586079813539982,3.2988248221954564e-06,0.00022782817541155964,0.9456802010536194,7.985029515111819e-05,4.271118214660419e-08
1121,development,dev_extension200,186,b18p06,18,1502018,6,surprise,outputs/study1_35f300_extension_v1/surprise/b18p06.wav,happy,0.7377477884292603,surprised,0.2611527144908905,0.00029978551901876926,9.192843572236598e-05,0.0002258369349874556,0.7377477884292603,0.00011097911192337051,3.7357859028475104e-09,0.00037097788299433887,0.2611527144908905,5.710905526257193e-09
1122,development,dev_extension200,187,b18p07,18,1502018,7,normal,outputs/study1_35f300_extension_v1/normal/b18p07.wav,sad,0.9999995231628418,neutral,4.0328555428459367e-07,2.1066384192636178e-08,2.4594314140813367e-08,1.744716726648221e-08,1.699048901571132e-08,4.0328555428459367e-07,3.755664668148029e-10,0.9999995231628418,7.254164380299244e-09,3.4410835454950356e-14
1123,development,dev_extension200,187,b18p07,18,1502018,7,happy,outputs/study1_35f300_extension_v1/happy/b18p07.wav,happy,0.8780924677848816,happy,0.8780924677848816,3.167143586324528e-05,0.0002689677639864385,0.00045199866872280836,0.8780924677848816,0.0008338973275385797,2.431678147729599e-08,0.0004286289622541517,0.11989199370145798,3.4734739529085346e-07
1124,development,dev_extension200,187,b18p07,18,1502018,7,sad,outputs/study1_35f300_extension_v1/sad/b18p07.wav,sad,1.0,sad,1.0,3.5486265076607737e-13,1.8547799407464538e-10,2.356187467356108e-10,1.0179880376159911e-11,1.900139550911617e-12,6.818893729830175e-14,1.0,2.969857216053584e-12,3.06995914029808e-26
1125,development,dev_extension200,187,b18p07,18,1502018,7,calm,outputs/study1_35f300_extension_v1/calm/b18p07.wav,sad,0.9690558910369873,,,5.650603270623833e-05,2.164207398891449e-05,0.0022238579113036394,0.001869252067990601,0.0002773436426650733,3.2299912078315174e-08,0.9690558910369873,0.02649545669555664,1.4215846277920718e-08
1126,development,dev_extension200,187,b18p07,18,1502018,7,angry,outputs/study1_35f300_extension_v1/angry/b18p07.wav,fearful,0.5053536891937256,angry,0.09955184161663055,0.09955184161663055,0.025685595348477364,0.5053536891937256,0.011280067265033722,0.00011821735824923962,0.0005196208949200809,0.29609811305999756,0.0613851323723793,7.750159056740813e-06
1127,development,dev_extension200,187,b18p07,18,1502018,7,surprise,outputs/study1_35f300_extension_v1/surprise/b18p07.wav,angry,0.7556975483894348,surprised,0.053619641810655594,0.7556975483894348,0.0017846242990344763,0.0025888269301503897,0.1285352259874344,0.03843202069401741,3.2129057217389345e-05,0.019304728135466576,0.053619641810655594,5.226200755714672e-06
1128,development,dev_extension200,188,b18p08,18,1502018,8,normal,outputs/study1_35f300_extension_v1/normal/b18p08.wav,happy,0.8698789477348328,neutral,0.01333956141024828,0.00044045932008884847,0.00013976379705127329,0.0003518228477332741,0.8698789477348328,0.01333956141024828,5.8461999685732735e-08,0.01028078980743885,0.10556857287883759,4.584221002801314e-08
1129,development,dev_extension200,188,b18p08,18,1502018,8,happy,outputs/study1_35f300_extension_v1/happy/b18p08.wav,happy,0.9997372031211853,happy,0.9997372031211853,5.0529797590570524e-06,2.020620513576432e-06,1.969433697013301e-06,0.9997372031211853,2.902259268466878e-07,1.8099296505980078e-09,2.267578565806616e-06,0.00025113788433372974,1.518951542323066e-08
1130,development,dev_extension200,188,b18p08,18,1502018,8,sad,outputs/study1_35f300_extension_v1/sad/b18p08.wav,sad,0.9999998807907104,sad,0.9999998807907104,4.1998693411926524e-10,1.2146009531477375e-08,1.416755992522667e-07,3.915128665710199e-09,5.3424842327842725e-09,3.2497124435870717e-10,0.9999998807907104,2.346729477409326e-09,2.7404649865581457e-14
1131,development,dev_extension200,188,b18p08,18,1502018,8,calm,outputs/study1_35f300_extension_v1/calm/b18p08.wav,angry,0.9999332427978516,,,0.9999332427978516,9.57316024141619e-06,2.101356358252815e-06,1.1146242968607112e-06,2.6708186851465143e-05,1.4387661906312132e-07,1.923612035170663e-05,7.833888957975432e-06,2.336673389502497e-11
1132,development,dev_extension200,188,b18p08,18,1502018,8,angry,outputs/study1_35f300_extension_v1/angry/b18p08.wav,angry,0.9969039559364319,angry,0.9969039559364319,0.9969039559364319,2.0428187781362794e-05,1.698346750345081e-05,1.1671865649987012e-05,0.00013406085781753063,5.3341209422796965e-06,0.0028982660733163357,9.219673302141018e-06,1.6790462076254897e-10
1133,development,dev_extension200,188,b18p08,18,1502018,8,surprise,outputs/study1_35f300_extension_v1/surprise/b18p08.wav,neutral,0.9006801247596741,surprised,0.008475752547383308,0.0002538432308938354,0.0003325628349557519,0.0002305488014826551,0.08759475499391556,0.9006801247596741,4.388337515592866e-07,0.0024319023359566927,0.008475752547383308,5.654144530353733e-08
1134,development,dev_extension200,189,b18p09,18,1502018,9,normal,outputs/study1_35f300_extension_v1/normal/b18p09.wav,neutral,0.535416841506958,neutral,0.535416841506958,0.022620325908064842,0.00010287303302902728,0.0003139208711218089,0.38196685910224915,0.535416841506958,2.0342255879768345e-07,0.006038051098585129,0.05354088917374611,4.254319119212369e-09
1135,development,dev_extension200,189,b18p09,18,1502018,9,happy,outputs/study1_35f300_extension_v1/happy/b18p09.wav,sad,0.9999998807907104,happy,8.106454174594546e-08,1.253481207719176e-09,9.564658398630854e-09,1.6738509245328714e-08,8.106454174594546e-08,5.4390845605212235e-08,2.4230462081220594e-10,0.9999998807907104,4.397768815778136e-09,1.488241767235582e-13
1136,development,dev_extension200,189,b18p09,18,1502018,9,sad,outputs/study1_35f300_extension_v1/sad/b18p09.wav,sad,1.0,sad,1.0,3.920312963145989e-10,1.3458367753571565e-08,8.790427052929317e-09,9.426538438717103e-10,4.01390298776505e-09,2.9164318182672844e-10,1.0,3.186730046511599e-10,8.730115324498845e-15
1137,development,dev_extension200,189,b18p09,18,1502018,9,calm,outputs/study1_35f300_extension_v1/calm/b18p09.wav,sad,1.0,,,5.119402124442729e-11,4.331016878467153e-09,2.4104820361969814e-09,3.727695929711672e-11,1.5479423298714323e-10,2.0355798210219822e-12,1.0,2.247651093023606e-10,1.0678267590109534e-20
1138,development,dev_extension200,189,b18p09,18,1502018,9,angry,outputs/study1_35f300_extension_v1/angry/b18p09.wav,angry,0.9999195337295532,angry,0.9999195337295532,0.9999195337295532,2.2769390284338442e-07,1.5969837363627448e-07,1.3809182064505876e-06,2.2826723977686925e-07,5.022729107628798e-11,1.1613756214501336e-06,7.724914030404761e-05,5.814380417022355e-14
1139,development,dev_extension200,189,b18p09,18,1502018,9,surprise,outputs/study1_35f300_extension_v1/surprise/b18p09.wav,fearful,0.8998327255249023,surprised,0.05212346464395523,3.811890201177448e-05,6.634092187596252e-06,0.8998327255249023,4.0911370888352394e-05,4.2006322473753244e-05,1.0066753652893112e-08,0.047916073352098465,0.05212346464395523,6.979995692546481e-09
1140,development,dev_extension200,190,b19p00,19,1502019,0,normal,outputs/study1_35f300_extension_v1/normal/b19p00.wav,sad,0.9999991655349731,neutral,1.8302217519305941e-09,2.1273983963343568e-10,9.58723989086252e-10,2.718536951107353e-09,8.036673762035207e-07,1.8302217519305941e-09,7.966658582825303e-11,0.9999991655349731,1.2983308872449584e-10,6.1059213727051044e-18
1141,development,dev_extension200,190,b19p00,19,1502019,0,happy,outputs/study1_35f300_extension_v1/happy/b19p00.wav,happy,0.9999366998672485,happy,0.9999366998672485,1.6768774457887048e-07,9.429157898921403e-07,7.808266673237085e-06,0.9999366998672485,6.111038146627834e-07,5.886446441394355e-09,2.080995363940019e-05,3.292582914582454e-05,1.4161301020720884e-09
1142,development,dev_extension200,190,b19p00,19,1502019,0,sad,outputs/study1_35f300_extension_v1/sad/b19p00.wav,sad,0.9999997615814209,sad,0.9999997615814209,1.7302177468536684e-09,5.370715427943651e-08,7.501791543518266e-08,7.521975931013003e-09,9.134827116952238e-09,1.1951676315291593e-09,0.9999997615814209,3.0858533506261665e-09,2.3589938054173476e-13
1143,development,dev_extension200,190,b19p00,19,1502019,0,calm,outputs/study1_35f300_extension_v1/calm/b19p00.wav,sad,1.0,,,1.865337224959962e-11,3.727370911921213e-10,2.2965941648411814e-10,1.3278339539013473e-10,1.7997385526324905e-10,1.5009281794861606e-12,1.0,4.781072759918459e-11,1.7559828449000325e-18
1144,development,dev_extension200,190,b19p00,19,1502019,0,angry,outputs/study1_35f300_extension_v1/angry/b19p00.wav,angry,1.0,angry,1.0,1.0,5.758118455786651e-14,4.810296719325383e-15,5.633517740841198e-13,2.6433849141700716e-13,4.553791531853376e-16,7.40164960572054e-12,1.6544941415161385e-13,6.292128202627277e-28
1145,development,dev_extension200,190,b19p00,19,1502019,0,surprise,outputs/study1_35f300_extension_v1/surprise/b19p00.wav,happy,0.9999463558197021,surprised,3.466472480795346e-05,3.7028739825473167e-06,6.976593340368709e-06,4.916545549349394e-06,0.9999463558197021,2.7189443585484696e-08,2.0433635228300773e-08,3.245797415729612e-06,3.466472480795346e-05,2.0649542076256466e-09
1146,development,dev_extension200,191,b19p01,19,1502019,1,normal,outputs/study1_35f300_extension_v1/normal/b19p01.wav,happy,0.4840368926525116,neutral,0.38271746039390564,0.00016668863827362657,4.1316150600323454e-05,0.00029913458274677396,0.4840368926525116,0.38271746039390564,3.0162620845430865e-08,0.08367453515529633,0.049063850194215775,1.191523768540037e-08
1147,development,dev_extension200,191,b19p01,19,1502019,1,happy,outputs/study1_35f300_extension_v1/happy/b19p01.wav,sad,0.9891981482505798,happy,0.0030178013257682323,1.3554992619901896e-05,4.09425629186444e-05,0.0011494022328406572,0.0030178013257682323,0.003985679242759943,3.874904166423221e-07,0.9891981482505798,0.002593694254755974,4.364398193956731e-07
1148,development,dev_extension200,191,b19p01,19,1502019,1,sad,outputs/study1_35f300_extension_v1/sad/b19p01.wav,sad,0.9815799593925476,sad,0.9815799593925476,7.414785613946151e-06,3.2367523772336426e-07,3.923682379536331e-05,0.0013495379826053977,0.012590605765581131,1.7741039193275299e-10,0.9815799593925476,0.004432904999703169,1.503803808908244e-12
1149,development,dev_extension200,191,b19p01,19,1502019,1,calm,outputs/study1_35f300_extension_v1/calm/b19p01.wav,sad,0.9999973773956299,,,4.513252704896331e-08,4.8903697091873255e-08,2.040987538975969e-07,6.701330335090461e-07,1.2296012528167921e-06,5.050068696554888e-10,0.9999973773956299,3.201042204636906e-07,1.2198889901698928e-12
1150,development,dev_extension200,191,b19p01,19,1502019,1,angry,outputs/study1_35f300_extension_v1/angry/b19p01.wav,angry,0.9999172687530518,angry,0.9999172687530518,0.9999172687530518,1.887196413008496e-05,5.355824214348104e-06,1.0700973689381499e-05,8.928654438022932e-07,2.0481942897276895e-07,2.247779593744781e-05,2.4176659280783497e-05,2.603099957809718e-10
1151,development,dev_extension200,191,b19p01,19,1502019,1,surprise,outputs/study1_35f300_extension_v1/surprise/b19p01.wav,surprised,0.9999990463256836,surprised,0.9999990463256836,7.485817299368591e-09,4.8882489167567655e-09,6.392320983650279e-08,5.00065482356149e-07,5.2403961170455204e-09,1.8934389628055724e-18,3.862209609906131e-07,0.9999990463256836,3.5060443339287163e-16
1152,development,dev_extension200,192,b19p02,19,1502019,2,normal,outputs/study1_35f300_extension_v1/normal/b19p02.wav,neutral,0.9154719710350037,neutral,0.9154719710350037,7.320527947740629e-05,5.23137096024584e-05,0.0009681595838628709,0.0708523839712143,0.9154719710350037,3.840962392587244e-07,0.006718425080180168,0.005863184109330177,7.031430016013474e-08
1153,development,dev_extension200,192,b19p02,19,1502019,2,happy,outputs/study1_35f300_extension_v1/happy/b19p02.wav,happy,0.8130230903625488,happy,0.8130230903625488,0.03653246909379959,0.01765473745763302,0.0017157656839117408,0.8130230903625488,0.0001667832984821871,9.911715096677653e-06,0.004548436496406794,0.1263444572687149,4.381880899018142e-06
1154,development,dev_extension200,192,b19p02,19,1502019,2,sad,outputs/study1_35f300_extension_v1/sad/b19p02.wav,sad,1.0,sad,1.0,2.3338260577571157e-12,6.24657478520696e-11,2.57856708207882e-10,5.697926505621176e-12,1.0391833227263447e-11,4.364932894296292e-14,1.0,2.6891971288689476e-11,7.445221765603851e-22
1155,development,dev_extension200,192,b19p02,19,1502019,2,calm,outputs/study1_35f300_extension_v1/calm/b19p02.wav,neutral,0.9999877214431763,,,9.375861864668877e-09,2.9449285676719228e-08,8.734369316698576e-08,2.2099651175722101e-07,0.9999877214431763,1.0323140259282937e-10,1.1885246749443468e-05,6.444400213467816e-08,1.0406735152443392e-12
1156,development,dev_extension200,192,b19p02,19,1502019,2,angry,outputs/study1_35f300_extension_v1/angry/b19p02.wav,angry,0.8020912408828735,angry,0.8020912408828735,0.8020912408828735,0.0014687823131680489,0.001576682087033987,0.002571880118921399,0.0623137429356575,0.00037509622052311897,0.12858441472053528,0.001017922768369317,1.9130276029954985e-07
1157,development,dev_extension200,192,b19p02,19,1502019,2,surprise,outputs/study1_35f300_extension_v1/surprise/b19p02.wav,happy,0.9851580262184143,surprised,0.008432764559984207,0.002233264036476612,0.0005628095241263509,0.0010121804662048817,0.9851580262184143,9.280797712563071e-06,3.2959453619696433e-06,0.002588096773251891,0.008432764559984207,2.9064167961223575e-07
1158,development,dev_extension200,193,b19p03,19,1502019,3,normal,outputs/study1_35f300_extension_v1/normal/b19p03.wav,neutral,0.9997689127922058,neutral,0.9997689127922058,3.636323242517392e-08,5.767147825963548e-08,6.941657375136856e-06,9.384266945744457e-07,0.9997689127922058,3.774648562465677e-12,5.5358686950057745e-05,0.0001677308464422822,6.152200710679567e-12
1159,development,dev_extension200,193,b19p03,19,1502019,3,happy,outputs/study1_35f300_extension_v1/happy/b19p03.wav,sad,0.999990701675415,happy,5.114838586450787e-06,5.573670591729751e-08,3.887356854193058e-07,2.724687647059909e-06,5.114838586450787e-06,5.106531375531631e-07,1.5976691969399326e-08,0.999990701675415,4.544771741166187e-07,6.62346233415434e-10
1160,development,dev_extension200,193,b19p03,19,1502019,3,sad,outputs/study1_35f300_extension_v1/sad/b19p03.wav,sad,1.0,sad,1.0,2.6678079190212145e-10,1.0594829014110019e-08,1.9223804770263087e-08,2.3049497033245103e-10,4.9968118531751315e-09,4.0704259407498e-11,1.0,8.05977840023786e-10,7.759416705145939e-17
1161,development,dev_extension200,193,b19p03,19,1502019,3,calm,outputs/study1_35f300_extension_v1/calm/b19p03.wav,neutral,0.7299981117248535,,,0.0004112650640308857,0.0024119464214891195,0.0023924976121634245,0.0057126609608531,0.7299981117248535,0.0006198799819685519,0.25784918665885925,0.00038656280958093703,0.00021798019588459283
1162,development,dev_extension200,193,b19p03,19,1502019,3,angry,outputs/study1_35f300_extension_v1/angry/b19p03.wav,angry,0.9722693562507629,angry,0.9722693562507629,0.9722693562507629,0.00010098514758283272,0.00041110190795734525,0.00037910896935500205,0.00019851719844155014,2.9161610655137338e-06,0.02483537420630455,0.001802585320547223,2.1662222238205686e-08
1163,development,dev_extension200,193,b19p03,19,1502019,3,surprise,outputs/study1_35f300_extension_v1/surprise/b19p03.wav,sad,0.9034923315048218,surprised,3.388339791854378e-06,1.8568199493529391e-06,7.544159075223433e-07,6.391873739630682e-06,5.209249138715677e-06,0.09649012237787247,2.0961181679268748e-09,0.9034923315048218,3.388339791854378e-06,1.9945770905684286e-15
1164,development,dev_extension200,194,b19p04,19,1502019,4,normal,outputs/study1_35f300_extension_v1/normal/b19p04.wav,sad,0.994800329208374,neutral,0.0015324276173487306,1.2172893548267893e-05,3.898250361089595e-05,0.0003026627528015524,4.482718577492051e-05,0.0015324276173487306,3.5159647637783564e-08,0.994800329208374,0.003268288681283593,3.0589285415771883e-07
1165,development,dev_extension200,194,b19p04,19,1502019,4,happy,outputs/study1_35f300_extension_v1/happy/b19p04.wav,surprised,0.996852457523346,happy,0.0031227918807417154,3.672336788440589e-06,1.0104041621161741e-06,5.849273748026462e-06,0.0031227918807417154,1.8976938918058295e-06,1.2884159884818391e-13,1.2184738807263784e-05,0.996852457523346,7.718168985870744e-12
1166,development,dev_extension200,194,b19p04,19,1502019,4,sad,outputs/study1_35f300_extension_v1/sad/b19p04.wav,sad,1.0,sad,1.0,2.413713846849408e-11,9.70836633307215e-10,1.4449953456008302e-09,1.7312704048144667e-10,1.300312080232402e-10,2.0071158277068513e-12,1.0,1.3762170569808774e-10,3.887782806329042e-20
1167,development,dev_extension200,194,b19p04,19,1502019,4,calm,outputs/study1_35f300_extension_v1/calm/b19p04.wav,sad,0.9808058738708496,,,9.42866506647988e-07,1.9005002513949876e-06,2.8949627449037507e-05,7.020517841738183e-06,0.019133049994707108,3.1745372996994092e-09,0.9808058738708496,2.2154514226713218e-05,8.724408185906835e-14
1168,development,dev_extension200,194,b19p04,19,1502019,4,angry,outputs/study1_35f300_extension_v1/angry/b19p04.wav,angry,0.9933664202690125,angry,0.9933664202690125,0.9933664202690125,0.0011688234517350793,0.00035006614052690566,0.00016526157560292631,0.002259688451886177,1.3706970094062854e-05,0.0009689970756880939,0.001706506940536201,6.343232712424651e-07
1169,development,dev_extension200,194,b19p04,19,1502019,4,surprise,outputs/study1_35f300_extension_v1/surprise/b19p04.wav,surprised,0.999524712562561,surprised,0.999524712562561,1.0455365782036097e-06,1.525844623984085e-07,4.431019533512881e-06,0.0004598431696649641,1.8245265209770878e-06,2.2837765004308543e-14,8.109536793199368e-06,0.999524712562561,1.3749903993165447e-11
1170,development,dev_extension200,195,b19p05,19,1502019,5,normal,outputs/study1_35f300_extension_v1/normal/b19p05.wav,neutral,0.9761216640472412,neutral,0.9761216640472412,0.007249078713357449,0.0002193403779529035,4.8453315685037524e-05,0.014009418897330761,0.9761216640472412,3.9530186768388376e-05,0.0021965261548757553,0.00011590989743126556,8.681576701974336e-08
1171,development,dev_extension200,195,b19p05,19,1502019,5,happy,outputs/study1_35f300_extension_v1/happy/b19p05.wav,happy,0.9909535646438599,happy,0.9909535646438599,1.9062537830905057e-05,3.950553946197033e-05,5.24886891071219e-05,0.9909535646438599,9.373984357807785e-05,1.745078570536407e-08,0.00010690245107980445,0.008734597824513912,1.0000259464959527e-07
1172,development,dev_extension200,195,b19p05,19,1502019,5,sad,outputs/study1_35f300_extension_v1/sad/b19p05.wav,sad,0.828722357749939,sad,0.828722357749939,2.2754942619940266e-05,0.0014795433962717652,0.003425071481615305,0.16544486582279205,1.4880364687996916e-05,6.496157311630668e-06,0.828722357749939,0.0008839417714625597,3.7118355056264818e-09
1173,development,dev_extension200,195,b19p05,19,1502019,5,calm,outputs/study1_35f300_extension_v1/calm/b19p05.wav,neutral,0.9932973980903625,,,6.961084181966726e-06,0.0002778146299533546,1.9844435882987455e-05,0.005092481151223183,0.9932973980903625,1.5695806041549076e-06,0.0012183679500594735,8.552866347599775e-05,8.36615967614307e-08
1174,development,dev_extension200,195,b19p05,19,1502019,5,angry,outputs/study1_35f300_extension_v1/angry/b19p05.wav,angry,1.0,angry,1.0,1.0,1.8286153841140518e-12,1.663864494317116e-13,1.8359624584518563e-11,1.984724710968333e-11,1.3661818123187133e-14,1.587409648173832e-10,9.139137363556316e-12,3.350358923220128e-24
1175,development,dev_extension200,195,b19p05,19,1502019,5,surprise,outputs/study1_35f300_extension_v1/surprise/b19p05.wav,sad,0.4517901539802551,surprised,0.02843102626502514,0.4064193069934845,0.0040202210657298565,0.026890141889452934,0.0822499692440033,5.8168385294266045e-05,0.00014072407793719321,0.4517901539802551,0.02843102626502514,3.1625506835553097e-07
1176,development,dev_extension200,196,b19p06,19,1502019,6,normal,outputs/study1_35f300_extension_v1/normal/b19p06.wav,angry,0.9999228715896606,neutral,1.0551915465839556e-06,0.9999228715896606,1.7840915234046406e-07,9.661951025918825e-07,2.4960297650977736e-06,1.0551915465839556e-06,6.64489074875263e-10,1.3118595234118402e-05,5.9263013099553064e-05,4.958434704493975e-12
1177,development,dev_extension200,196,b19p06,19,1502019,6,happy,outputs/study1_35f300_extension_v1/happy/b19p06.wav,surprised,0.9986529350280762,happy,0.0013226841110736132,1.5537350464001065e-06,1.7472696072218241e-06,1.3317872799234465e-05,0.0013226841110736132,4.649448896998365e-07,1.3037106930038206e-13,7.280859790625982e-06,0.9986529350280762,2.999508627588021e-11
1178,development,dev_extension200,196,b19p06,19,1502019,6,sad,outputs/study1_35f300_extension_v1/sad/b19p06.wav,sad,0.9999997615814209,sad,0.9999997615814209,1.9625616687335423e-09,6.004599129028065e-08,6.96133994892989e-08,8.223262071282988e-09,2.606666527071866e-08,2.3203270416161104e-09,0.9999997615814209,2.155855272079066e-09,2.5409012459169655e-13
1179,development,dev_extension200,196,b19p06,19,1502019,6,calm,outputs/study1_35f300_extension_v1/calm/b19p06.wav,sad,0.9999713897705078,,,2.3169312157733657e-07,1.983692754947697e-06,1.22956043924205e-05,1.1113656910310965e-06,1.057853933161823e-05,4.329053382434722e-08,0.9999713897705078,2.3890804641268915e-06,3.4291648631779026e-08
1180,development,dev_extension200,196,b19p06,19,1502019,6,angry,outputs/study1_35f300_extension_v1/angry/b19p06.wav,angry,0.9896413683891296,angry,0.9896413683891296,0.9896413683891296,0.00017759890761226416,0.006532078143209219,0.0021826557349413633,3.4664469694689615e-06,5.3566458518616855e-05,0.0010205316357314587,0.00038879847852513194,5.944212233544022e-09
1181,development,dev_extension200,196,b19p06,19,1502019,6,surprise,outputs/study1_35f300_extension_v1/surprise/b19p06.wav,neutral,0.3652002215385437,surprised,0.15353763103485107,0.014592500403523445,0.0005891306791454554,0.0017427571583539248,0.10760283470153809,0.3652002215385437,1.0403713304185658e-06,0.35673320293426514,0.15353763103485107,6.489104293905257e-07
1182,development,dev_extension200,197,b19p07,19,1502019,7,normal,outputs/study1_35f300_extension_v1/normal/b19p07.wav,happy,1.0,neutral,1.9843443565831925e-13,1.7920432932722052e-12,2.3564817631938073e-12,1.24863053924118e-12,1.0,1.9843443565831925e-13,1.6250227143185976e-14,4.241412342870232e-12,4.2428466989763436e-11,6.548485830605881e-16
1183,development,dev_extension200,197,b19p07,19,1502019,7,happy,outputs/study1_35f300_extension_v1/happy/b19p07.wav,happy,0.9995114803314209,happy,0.9995114803314209,1.696480325108496e-07,1.0799175242937054e-06,6.328134077193681e-06,0.9995114803314209,1.5193584658845793e-05,6.719568235169504e-10,1.939156163643929e-06,0.0004633196513168514,4.28967098287103e-07
1184,development,dev_extension200,197,b19p07,19,1502019,7,sad,outputs/study1_35f300_extension_v1/sad/b19p07.wav,happy,0.9868245720863342,sad,6.2940753196016885e-06,1.250440618605353e-06,6.041666438250104e-06,9.099122507905122e-06,0.9868245720863342,0.01312659028917551,5.025252747259401e-08,6.2940753196016885e-06,2.6125862859771587e-05,6.700658916614088e-10
1185,development,dev_extension200,197,b19p07,19,1502019,7,calm,outputs/study1_35f300_extension_v1/calm/b19p07.wav,happy,0.9999998807907104,,,1.0166806285738517e-10,2.5238067191679647e-10,1.1207921257749831e-09,0.9999998807907104,5.819499993009458e-09,4.639310853885026e-13,2.2591446491304623e-09,1.0210701617552331e-07,2.466262220487958e-12
1186,development,dev_extension200,197,b19p07,19,1502019,7,angry,outputs/study1_35f300_extension_v1/angry/b19p07.wav,angry,1.0,angry,1.0,1.0,1.5632446509136755e-12,1.2529624419162916e-13,1.9111901297663714e-11,1.3766941579784753e-11,1.7918500884450683e-14,3.791861963309273e-11,5.279942715680219e-12,6.602916843563219e-24
1187,development,dev_extension200,197,b19p07,19,1502019,7,surprise,outputs/study1_35f300_extension_v1/surprise/b19p07.wav,angry,1.0,surprised,1.0957728474592088e-10,1.0,9.854415894405832e-12,2.011461743695042e-12,2.387747499721371e-10,1.3389989117484902e-10,1.4564867053309255e-13,2.584475689015875e-10,1.0957728474592088e-10,6.276160600221856e-21
1188,development,dev_extension200,198,b19p08,19,1502019,8,normal,outputs/study1_35f300_extension_v1/normal/b19p08.wav,sad,0.9999977350234985,neutral,4.501448529481422e-07,2.7043432382356514e-08,6.380768695635197e-07,9.290801017414196e-07,5.902695221493559e-08,4.501448529481422e-07,1.2072790767092556e-08,0.9999977350234985,8.378211902027033e-08,2.888027594849518e-10
1189,development,dev_extension200,198,b19p08,19,1502019,8,happy,outputs/study1_35f300_extension_v1/happy/b19p08.wav,neutral,0.9735808372497559,happy,3.473746619420126e-05,1.2259173445272609e-06,1.0881750540647772e-06,8.753895235713571e-05,3.473746619420126e-05,0.9735808372497559,1.0197419297863775e-11,3.107545853708871e-05,0.026263490319252014,7.857704487079786e-10
1190,development,dev_extension200,198,b19p08,19,1502019,8,sad,outputs/study1_35f300_extension_v1/sad/b19p08.wav,sad,1.0,sad,1.0,1.1684342729467723e-11,6.000209773482368e-10,9.441005754950993e-10,7.385619199551385e-11,7.987266403830517e-11,1.5152786794411788e-12,1.0,4.409296538998575e-11,5.834513603881379e-21
1191,development,dev_extension200,198,b19p08,19,1502019,8,calm,outputs/study1_35f300_extension_v1/calm/b19p08.wav,neutral,0.9907201528549194,,,5.949483465883532e-07,3.5669390285875124e-07,8.939260442275554e-05,2.3556801806989824e-06,0.9907201528549194,2.036967469698503e-11,0.00794181227684021,0.0012453345116227865,1.0470588968341382e-13
1192,development,dev_extension200,198,b19p08,19,1502019,8,angry,outputs/study1_35f300_extension_v1/angry/b19p08.wav,surprised,0.6894527077674866,angry,0.0012642526999115944,0.0012642526999115944,0.00023515557404607534,0.0018189516849815845,8.311176497954875e-05,6.460250733653083e-05,2.2004054134328044e-09,0.3070812523365021,0.6894527077674866,8.730003386858698e-09
1193,development,dev_extension200,198,b19p08,19,1502019,8,surprise,outputs/study1_35f300_extension_v1/surprise/b19p08.wav,neutral,0.9261442422866821,surprised,0.0004843219358008355,2.7601487090578303e-05,0.0002738085458986461,0.00037440043524838984,0.00013243484136182815,0.9261442422866821,6.742861842212733e-07,0.07256259769201279,0.0004843219358008355,2.377234054051769e-08
1194,development,dev_extension200,199,b19p09,19,1502019,9,normal,outputs/study1_35f300_extension_v1/normal/b19p09.wav,neutral,0.9976486563682556,neutral,0.9976486563682556,6.849114015494706e-06,1.7137299437308684e-05,3.066554927499965e-05,0.000564276531804353,0.9976486563682556,1.0092273683426356e-08,0.00034851438249461353,0.0013839221792295575,2.2341543726156488e-08
1195,development,dev_extension200,199,b19p09,19,1502019,9,happy,outputs/study1_35f300_extension_v1/happy/b19p09.wav,sad,0.9110601544380188,happy,0.0011022319085896015,4.885597445536405e-05,1.788457484508399e-05,0.001430847798474133,0.0011022319085896015,0.00013144096010364592,4.830349897844144e-09,0.9110601544380188,0.08620860427618027,2.36938753062077e-08
1196,development,dev_extension200,199,b19p09,19,1502019,9,sad,outputs/study1_35f300_extension_v1/sad/b19p09.wav,sad,0.9999898672103882,sad,0.9999898672103882,4.9659707457294644e-08,3.956188265874516e-07,6.6903576225740835e-06,5.476847491081571e-07,1.5933392205624841e-06,1.04554436219928e-08,0.9999898672103882,7.883637067607197e-07,2.079732608351037e-09
1197,development,dev_extension200,199,b19p09,19,1502019,9,calm,outputs/study1_35f300_extension_v1/calm/b19p09.wav,neutral,0.99868243932724,,,3.4057643460982945e-07,6.262498573050834e-07,3.0872702154738363e-06,4.926156179863028e-06,0.99868243932724,6.585097744871149e-11,0.0012464988976716995,6.206829129951075e-05,1.380220536386506e-13
1198,development,dev_extension200,199,b19p09,19,1502019,9,angry,outputs/study1_35f300_extension_v1/angry/b19p09.wav,angry,0.9999517202377319,angry,0.9999517202377319,0.9999517202377319,3.9577543020641315e-07,8.183508839465503e-07,4.070736849826062e-06,1.4596217567941494e-07,5.142287662351919e-08,4.190819527138956e-05,9.409770314050547e-07,9.72053709226428e-13
1199,development,dev_extension200,199,b19p09,19,1502019,9,surprise,outputs/study1_35f300_extension_v1/surprise/b19p09.wav,surprised,0.999078631401062,surprised,0.999078631401062,2.8977553938602796e-06,9.837946208790527e-07,2.723975012486335e-05,0.00010425315849715844,4.721626828541048e-05,5.620485630727923e-13,0.0007388423546217382,0.999078631401062,4.006622464358678e-11
1200,development,dev_extension200,200,b20p00,20,1502020,0,normal,outputs/study1_35f300_extension_v1/normal/b20p00.wav,sad,0.9999572038650513,neutral,1.7185771866934374e-05,2.3017133798930445e-07,4.5898397615928843e-07,6.780397598049603e-06,1.579743366164621e-05,1.7185771866934374e-05,2.1051796750271023e-08,0.9999572038650513,2.3732866338832537e-06,1.9816866203559158e-10
1201,development,dev_extension200,200,b20p00,20,1502020,0,happy,outputs/study1_35f300_extension_v1/happy/b20p00.wav,happy,0.9999924898147583,happy,0.9999924898147583,2.007683086446832e-08,2.5298295014408723e-08,1.654767629588605e-07,0.9999924898147583,5.6625871991400345e-08,7.178144190156388e-11,1.382483532097467e-07,7.1895083237905055e-06,3.2120444082295307e-09
1202,development,dev_extension200,200,b20p00,20,1502020,0,sad,outputs/study1_35f300_extension_v1/sad/b20p00.wav,sad,0.9999443292617798,sad,0.9999443292617798,1.8875103080517874e-07,1.1937009958273848e-06,1.0190767170570325e-05,7.83485756983282e-06,3.276688948972151e-05,2.642498486693512e-08,0.9999443292617798,3.623006705311127e-06,1.3590403247221161e-09
1203,development,dev_extension200,200,b20p00,20,1502020,0,calm,outputs/study1_35f300_extension_v1/calm/b20p00.wav,sad,0.9999427795410156,,,1.1055553272854013e-07,4.4094485929235816e-07,3.640464228737983e-06,3.4052807222906267e-06,4.879246625932865e-05,1.2968508933397516e-08,0.9999427795410156,8.10693848052324e-07,4.0849625765337905e-11
1204,development,dev_extension200,200,b20p00,20,1502020,0,angry,outputs/study1_35f300_extension_v1/angry/b20p00.wav,angry,1.0,angry,1.0,1.0,2.8429286702547074e-10,4.3765102653026133e-11,5.484440013248104e-09,1.1935915589234014e-09,8.621670001193737e-13,4.537559661343948e-09,7.404541424449462e-09,8.140419858959651e-19
1205,development,dev_extension200,200,b20p00,20,1502020,0,surprise,outputs/study1_35f300_extension_v1/surprise/b20p00.wav,angry,0.9862087965011597,surprised,0.0032639941200613976,0.9862087965011597,0.0001491087459726259,0.0002472980704624206,0.007374350912868977,1.5085812265169807e-05,1.5919521274554427e-06,0.002739765215665102,0.0032639941200613976,3.719944130509134e-09
1206,development,dev_extension200,201,b20p01,20,1502020,1,normal,outputs/study1_35f300_extension_v1/normal/b20p01.wav,sad,1.0,neutral,1.2027745336165574e-12,3.4563348819301176e-13,1.3813603039203315e-11,3.609232357426606e-11,5.364419845832469e-12,1.2027745336165574e-12,1.0840130300283825e-14,1.0,3.883610447119601e-12,2.099147035879534e-23
1207,development,dev_extension200,201,b20p01,20,1502020,1,happy,outputs/study1_35f300_extension_v1/happy/b20p01.wav,sad,0.8742352724075317,happy,0.003062997478991747,5.80867963435594e-05,3.962218397646211e-05,0.0007275184034369886,0.003062997478991747,0.0008868264267221093,6.0591380801611194e-09,0.8742352724075317,0.12098969519138336,9.88173454175012e-09
1208,development,dev_extension200,201,b20p01,20,1502020,1,sad,outputs/study1_35f300_extension_v1/sad/b20p01.wav,sad,1.0,sad,1.0,3.8466105301004916e-12,2.1531340599345583e-10,1.7403518903780224e-10,7.32421328447641e-12,1.1120775307571495e-11,3.233391744454639e-13,1.0,4.847181250128285e-12,8.399923447425411e-24
1209,development,dev_extension200,201,b20p01,20,1502020,1,calm,outputs/study1_35f300_extension_v1/calm/b20p01.wav,sad,1.0,,,2.0088248772753836e-11,3.962790984246567e-09,3.9086973657731505e-09,2.811119392820416e-11,3.9406575225164886e-11,2.7483774804604177e-12,1.0,8.808662826931268e-11,3.6184502947217185e-21
1210,development,dev_extension200,201,b20p01,20,1502020,1,angry,outputs/study1_35f300_extension_v1/angry/b20p01.wav,happy,0.8722453117370605,angry,0.10116557031869888,0.10116557031869888,0.0008156542899087071,0.003730726195499301,0.8722453117370605,1.7351065935145016e-06,0.0018981627654284239,0.020055299624800682,8.751297718845308e-05,6.232168558994999e-09
1211,development,dev_extension200,201,b20p01,20,1502020,1,surprise,outputs/study1_35f300_extension_v1/surprise/b20p01.wav,sad,0.9999998807907104,surprised,5.5098364981631676e-08,9.434187653312165e-09,1.2300814589139009e-08,1.3456209480011694e-08,3.5744265325377e-09,1.0435942776609863e-08,7.386107350737525e-12,0.9999998807907104,5.5098364981631676e-08,1.8399258944680773e-16
1212,development,dev_extension200,202,b20p02,20,1502020,2,normal,outputs/study1_35f300_extension_v1/normal/b20p02.wav,neutral,0.99925297498703,neutral,0.99925297498703,5.266830157779623e-06,2.4873713755368954e-06,5.80987989451387e-06,1.5876354154897854e-05,0.99925297498703,2.8102231652837872e-09,0.0006661028601229191,5.144076203578152e-05,7.531132661942053e-11
1213,development,dev_extension200,202,b20p02,20,1502020,2,happy,outputs/study1_35f300_extension_v1/happy/b20p02.wav,surprised,0.9966887831687927,happy,0.0013305020984262228,9.774766112968791e-06,7.531080541411939e-07,8.384112152270973e-05,0.0013305020984262228,0.00014151152572594583,2.4991211357294763e-12,0.0017449710285291076,0.9966887831687927,1.8900381260067434e-11
1214,development,dev_extension200,202,b20p02,20,1502020,2,sad,outputs/study1_35f300_extension_v1/sad/b20p02.wav,sad,1.0,sad,1.0,2.8748247272308847e-12,4.2812509093437257e-10,1.2425481754618772e-09,2.9130167028545983e-11,1.8519968544850052e-11,5.699641605037831e-13,1.0,3.208507765029012e-11,2.344505313581609e-21
1215,development,dev_extension200,202,b20p02,20,1502020,2,calm,outputs/study1_35f300_extension_v1/calm/b20p02.wav,sad,0.9999967813491821,,,1.619351230885968e-08,2.001845089694143e-08,2.7779350375567446e-08,1.5000479081095364e-08,3.1736849450680893e-06,1.3502741980087052e-10,0.9999967813491821,1.1610566730269056e-08,1.5129179461011383e-15
1216,development,dev_extension200,202,b20p02,20,1502020,2,angry,outputs/study1_35f300_extension_v1/angry/b20p02.wav,neutral,0.8764063119888306,angry,7.643422577530146e-05,7.643422577530146e-05,1.674850136623718e-05,0.0007084532990120351,0.00019971438450738788,0.8764063119888306,2.9570486059782297e-09,0.09808285534381866,0.02450944483280182,8.104650978113526e-11
1217,development,dev_extension200,202,b20p02,20,1502020,2,surprise,outputs/study1_35f300_extension_v1/surprise/b20p02.wav,surprised,0.8174736499786377,surprised,0.8174736499786377,0.0004237770917825401,0.0003198095946572721,0.0036274774465709925,0.0011407752754166722,0.01039717998355627,2.0002209666358794e-08,0.16661705076694489,0.8174736499786377,2.8026892096022493e-07
1218,development,dev_extension200,203,b20p03,20,1502020,3,normal,outputs/study1_35f300_extension_v1/normal/b20p03.wav,happy,0.9806010723114014,neutral,2.40397957895766e-06,3.638048156062723e-06,3.841204033960821e-06,1.8149710740544833e-05,0.9806010723114014,2.40397957895766e-06,6.929833790136897e-11,1.1214295227546245e-05,0.019359618425369263,1.23585724987052e-10
1219,development,dev_extension200,203,b20p03,20,1502020,3,happy,outputs/study1_35f300_extension_v1/happy/b20p03.wav,happy,0.8840874433517456,happy,0.8840874433517456,4.0259725210489705e-05,1.5962705219862983e-05,0.000670855981297791,0.8840874433517456,9.198552288580686e-05,3.1962525959272625e-09,0.0018355194479227066,0.11325808614492416,1.5070235059866377e-09
1220,development,dev_extension200,203,b20p03,20,1502020,3,sad,outputs/study1_35f300_extension_v1/sad/b20p03.wav,sad,0.9999700784683228,sad,0.9999700784683228,1.4259636316182878e-07,1.0628282325342298e-06,9.14218708203407e-06,5.838700189997326e-07,1.150099797087023e-05,4.137909126455952e-09,0.9999700784683228,7.421694135700818e-06,2.5477804310725105e-09
1221,development,dev_extension200,203,b20p03,20,1502020,3,calm,outputs/study1_35f300_extension_v1/calm/b20p03.wav,sad,0.9999998807907104,,,1.0653242732416857e-09,3.0343649370934145e-08,1.0058612787133825e-07,1.4817027604863142e-08,2.734703485884893e-08,3.836956030678351e-10,0.9999998807907104,9.740587891826635e-09,7.985977330815519e-13
1222,development,dev_extension200,203,b20p03,20,1502020,3,angry,outputs/study1_35f300_extension_v1/angry/b20p03.wav,angry,0.9968619346618652,angry,0.9968619346618652,0.9968619346618652,0.00017259382002521306,1.652163155085873e-05,5.830379814142361e-05,1.3796165148960426e-05,5.6630526046319574e-08,5.181474989512935e-05,0.0028250489849597216,4.255262453511932e-08
1223,development,dev_extension200,203,b20p03,20,1502020,3,surprise,outputs/study1_35f300_extension_v1/surprise/b20p03.wav,happy,0.9994292855262756,surprised,0.0005648021469824016,1.9091017122718767e-07,2.6988047352460853e-07,1.6810153056212584e-06,0.9994292855262756,2.1365067937040294e-07,2.856219948055294e-11,3.481231715340982e-06,0.0005648021469824016,2.1967420937851756e-11
1224,development,dev_extension200,204,b20p04,20,1502020,4,normal,outputs/study1_35f300_extension_v1/normal/b20p04.wav,sad,0.9996685981750488,neutral,0.00022648034791927785,2.0980483839139197e-07,2.1632822608808056e-06,2.5064680812647566e-05,6.064302215236239e-05,0.00022648034791927785,2.510842200820207e-08,0.9996685981750488,1.694441380095668e-05,4.038622491986388e-10
1225,development,dev_extension200,204,b20p04,20,1502020,4,happy,outputs/study1_35f300_extension_v1/happy/b20p04.wav,sad,0.7722545862197876,happy,0.20140987634658813,1.1244131201237906e-05,2.8775890314136632e-05,0.00017493445193395019,0.20140987634658813,0.026004057377576828,1.537502498649701e-06,0.7722545862197876,0.00011497849482111633,1.8169522553179718e-09
1226,development,dev_extension200,204,b20p04,20,1502020,4,sad,outputs/study1_35f300_extension_v1/sad/b20p04.wav,sad,0.9997738003730774,sad,0.9997738003730774,3.817015965523751e-07,1.5088215832292917e-06,2.7218176910537295e-05,0.00015539073501713574,2.2015839931555092e-05,3.07770484653247e-08,0.9997738003730774,1.9753360902541317e-05,4.1563716912662585e-09
1227,development,dev_extension200,204,b20p04,20,1502020,4,calm,outputs/study1_35f300_extension_v1/calm/b20p04.wav,neutral,0.9998801946640015,,,1.7787267836411047e-07,2.831791334756417e-07,6.689471319987206e-06,4.920068749925122e-05,0.9998801946640015,4.988659485505309e-10,7.9244664448197e-06,5.538802724913694e-05,1.734243859630169e-08
1228,development,dev_extension200,204,b20p04,20,1502020,4,angry,outputs/study1_35f300_extension_v1/angry/b20p04.wav,angry,0.9999955892562866,angry,0.9999955892562866,0.9999955892562866,5.06390904320142e-07,1.0574053987966181e-07,4.026963722481014e-07,6.159941108307976e-07,3.023448824635011e-09,9.13425878934504e-07,1.8658657836567727e-06,2.892471418630693e-13
1229,development,dev_extension200,204,b20p04,20,1502020,4,surprise,outputs/study1_35f300_extension_v1/surprise/b20p04.wav,happy,0.9990471005439758,surprised,0.00012073468678863719,1.4113954875938362e-06,4.79211776109878e-05,2.3708409571554512e-05,0.9990471005439758,0.0003069180529564619,3.276093707427208e-07,0.0004518279747571796,0.00012073468678863719,4.561365685162855e-08
1230,development,dev_extension200,205,b20p05,20,1502020,5,normal,outputs/study1_35f300_extension_v1/normal/b20p05.wav,neutral,0.9999985694885254,neutral,0.9999985694885254,4.144211640522144e-09,6.183979994744959e-09,8.964752140627752e-08,6.991163559177949e-08,0.9999985694885254,2.0824943332276025e-12,7.669015644751198e-07,5.134190814715112e-07,4.3770719687641346e-11
1231,development,dev_extension200,205,b20p05,20,1502020,5,happy,outputs/study1_35f300_extension_v1/happy/b20p05.wav,happy,0.9999493360519409,happy,0.9999493360519409,1.2238927205032724e-08,4.103424799950517e-08,7.872488083648932e-08,0.9999493360519409,9.295960445854234e-09,1.5092200492811125e-12,1.463655081579418e-07,5.0406921218382195e-05,1.3213129592196116e-12
1232,development,dev_extension200,205,b20p05,20,1502020,5,sad,outputs/study1_35f300_extension_v1/sad/b20p05.wav,sad,0.8170861601829529,sad,0.8170861601829529,4.674800584325567e-05,0.00010308428318239748,0.007148073520511389,0.07447390258312225,3.268068394390866e-05,3.481845922692628e-08,0.8170861601829529,0.10110928118228912,3.946590165782027e-09
1233,development,dev_extension200,205,b20p05,20,1502020,5,calm,outputs/study1_35f300_extension_v1/calm/b20p05.wav,sad,0.3159846067428589,,,0.0001881522184703499,0.00012080901069566607,0.005477160681039095,0.2365179806947708,0.20061512291431427,1.7058381729384564e-07,0.3159846067428589,0.2410946786403656,1.2694565612036968e-06
1234,development,dev_extension200,205,b20p05,20,1502020,5,angry,outputs/study1_35f300_extension_v1/angry/b20p05.wav,surprised,0.9999997615814209,angry,3.3517963959894814e-09,3.3517963959894814e-09,1.979320485290259e-09,1.8748918861888342e-08,1.4822686011939368e-07,1.8898624887242477e-09,2.1623838918283007e-19,6.530400042947804e-08,0.9999997615814209,5.668989022159079e-17
1235,development,dev_extension200,205,b20p05,20,1502020,5,surprise,outputs/study1_35f300_extension_v1/surprise/b20p05.wav,surprised,0.7118851542472839,surprised,0.7118851542472839,0.23660114407539368,0.041706912219524384,0.003491448936983943,0.0022580658551305532,0.00028732969076372683,1.531351017547422e-06,0.0037437742576003075,0.7118851542472839,2.4746028429945e-05
1236,development,dev_extension200,206,b20p06,20,1502020,6,normal,outputs/study1_35f300_extension_v1/normal/b20p06.wav,happy,0.6812697052955627,neutral,0.0022683164570480585,0.010725779458880424,0.0023232002276927233,0.0015262329252436757,0.6812697052955627,0.0022683164570480585,1.0943346069325344e-06,0.003550441237166524,0.2983333170413971,1.9826122752419906e-06
1237,development,dev_extension200,206,b20p06,20,1502020,6,happy,outputs/study1_35f300_extension_v1/happy/b20p06.wav,happy,0.9207587838172913,happy,0.9207587838172913,2.268685057060793e-05,0.0004904238157905638,0.0003961276379413903,0.9207587838172913,0.0692736878991127,1.0182726555285626e-06,0.0030841820407658815,0.005972901359200478,2.4891878069865925e-07
1238,development,dev_extension200,206,b20p06,20,1502020,6,sad,outputs/study1_35f300_extension_v1/sad/b20p06.wav,sad,0.9999915361404419,sad,0.9999915361404419,5.221001408983739e-09,3.1568771419188124e-07,7.992698556336109e-06,2.4884073468456336e-08,8.019756592148042e-08,9.1905008048343e-09,0.9999915361404419,4.598556202495274e-08,1.261600459517842e-11
1239,development,dev_extension200,206,b20p06,20,1502020,6,calm,outputs/study1_35f300_extension_v1/calm/b20p06.wav,sad,0.9900782108306885,,,2.2713516955263913e-05,5.2633022278314456e-05,0.00027847543242387474,0.0044466289691627026,0.001720149302855134,1.322209186582768e-07,0.9900782108306885,0.003401038236916065,6.868244639690602e-08
1240,development,dev_extension200,206,b20p06,20,1502020,6,angry,outputs/study1_35f300_extension_v1/angry/b20p06.wav,surprised,0.9999970197677612,angry,6.765417026599607e-08,6.765417026599607e-08,1.076513100883858e-08,5.9539924990303916e-08,2.617608060972998e-06,1.6720591133889684e-08,1.1820377866158263e-17,2.6342448222749226e-07,0.9999970197677612,6.494832646144425e-15
1241,development,dev_extension200,206,b20p06,20,1502020,6,surprise,outputs/study1_35f300_extension_v1/surprise/b20p06.wav,happy,0.823525607585907,surprised,0.15599852800369263,0.012052996084094048,0.00030550549854524434,0.0007079626666381955,0.823525607585907,0.0013891858980059624,2.9975964821460366e-07,0.006019814871251583,0.15599852800369263,1.3341188775939372e-07
1242,development,dev_extension200,207,b20p07,20,1502020,7,normal,outputs/study1_35f300_extension_v1/normal/b20p07.wav,happy,0.9899740219116211,neutral,4.4638450162892696e-06,7.668872422073036e-05,3.2381038181483746e-05,0.00018035118409898132,0.9899740219116211,4.4638450162892696e-06,3.056985420357705e-08,0.002104257233440876,0.007627822458744049,2.1572335029418355e-09
1243,development,dev_extension200,207,b20p07,20,1502020,7,happy,outputs/study1_35f300_extension_v1/happy/b20p07.wav,sad,0.9999812841415405,happy,1.5529742086073384e-05,4.9086349207527746e-08,3.622950472959019e-08,4.4254252884456946e-07,1.5529742086073384e-05,1.539849449727626e-06,3.506681889309249e-10,0.9999812841415405,1.1456904758233577e-06,3.2777280238940887e-13
1244,development,dev_extension200,207,b20p07,20,1502020,7,sad,outputs/study1_35f300_extension_v1/sad/b20p07.wav,sad,0.9999990463256836,sad,0.9999990463256836,5.439479422442162e-10,2.6372742922831094e-07,7.152048624448071e-07,1.5433102573680912e-09,1.855040898668392e-09,8.346808799686301e-10,0.9999990463256836,3.3057570014705107e-09,8.877696733635158e-17
1245,development,dev_extension200,207,b20p07,20,1502020,7,calm,outputs/study1_35f300_extension_v1/calm/b20p07.wav,sad,0.9997140765190125,,,2.0568784293573117e-06,4.952580638928339e-06,0.00010065032256534323,1.3514981219486799e-05,8.017115760594606e-05,5.711932971053102e-08,0.9997140765190125,8.433422044618055e-05,1.0128751881666176e-07
1246,development,dev_extension200,207,b20p07,20,1502020,7,angry,outputs/study1_35f300_extension_v1/angry/b20p07.wav,angry,0.9999991655349731,angry,0.9999991655349731,0.9999991655349731,9.70636371278033e-09,7.028239767947753e-09,2.250896073974218e-07,1.446150861283968e-07,1.0083602008936765e-10,1.0041584630471334e-07,4.188301261365268e-07,2.1163331639451402e-14
1247,development,dev_extension200,207,b20p07,20,1502020,7,surprise,outputs/study1_35f300_extension_v1/surprise/b20p07.wav,sad,0.9021456837654114,surprised,0.0024863136932253838,1.2231437722221017e-05,2.70205237029586e-05,0.0014847697457298636,0.09373622387647629,0.00010772408859338611,8.727136702191274e-08,0.9021456837654114,0.0024863136932253838,1.1827609724957e-10
1248,development,dev_extension200,208,b20p08,20,1502020,8,normal,outputs/study1_35f300_extension_v1/normal/b20p08.wav,angry,0.9990401864051819,neutral,1.0570030099188443e-05,0.9990401864051819,1.066726599674439e-05,1.547375177324284e-05,0.00021670377464033663,1.0570030099188443e-05,7.43710657502561e-08,0.00015487047494389117,0.0005514700897037983,3.149054073059432e-10
1249,development,dev_extension200,208,b20p08,20,1502020,8,happy,outputs/study1_35f300_extension_v1/happy/b20p08.wav,sad,0.5771933794021606,happy,0.14054018259048462,4.8139689170056954e-05,4.51031701231841e-06,0.0015643222723156214,0.14054018259048462,0.000908424670342356,1.0067912059597006e-09,0.5771933794021606,0.2797410190105438,5.5782118507652356e-11
1250,development,dev_extension200,208,b20p08,20,1502020,8,sad,outputs/study1_35f300_extension_v1/sad/b20p08.wav,sad,0.9999998807907104,sad,0.9999998807907104,4.438213963009474e-10,4.567969558166851e-09,6.560012622003342e-08,9.96857529855788e-09,2.179887159670102e-09,8.545810586957359e-11,0.9999998807907104,3.5326686020908937e-09,3.799296404691016e-15
1251,development,dev_extension200,208,b20p08,20,1502020,8,calm,outputs/study1_35f300_extension_v1/calm/b20p08.wav,surprised,0.5187603235244751,,,0.00020034363842569292,2.7861218768521212e-05,0.004427799489349127,0.00014681837637908757,9.202250657835975e-05,8.606745316441788e-10,0.4763447940349579,0.5187603235244751,1.57511670373367e-09
1252,development,dev_extension200,208,b20p08,20,1502020,8,angry,outputs/study1_35f300_extension_v1/angry/b20p08.wav,angry,1.0,angry,1.0,1.0,2.5662933150066847e-12,2.2410562988683935e-12,2.9571522314197907e-11,1.2688218531398121e-11,6.57986780837859e-14,1.1952226985911807e-09,1.3008300166206244e-11,8.302252212167282e-24
1253,development,dev_extension200,208,b20p08,20,1502020,8,surprise,outputs/study1_35f300_extension_v1/surprise/b20p08.wav,angry,0.9981529116630554,surprised,2.703850441321265e-06,0.9981529116630554,2.872592858693679e-06,4.6119072067085654e-05,0.0001169569295598194,1.2975313438801095e-05,2.0900302843074314e-05,0.001644645701162517,2.703850441321265e-06,1.0043162135264794e-10
1254,development,dev_extension200,209,b20p09,20,1502020,9,normal,outputs/study1_35f300_extension_v1/normal/b20p09.wav,sad,0.664254903793335,neutral,0.00035827726242132485,2.1902815205976367e-05,0.00014276531874202192,0.0022094123996794224,0.001290380721911788,0.00035827726242132485,4.12257161741536e-09,0.664254903793335,0.3317223787307739,2.1398975036390766e-08
1255,development,dev_extension200,209,b20p09,20,1502020,9,happy,outputs/study1_35f300_extension_v1/happy/b20p09.wav,sad,0.9999498128890991,happy,1.6900225091376342e-05,1.35388233957201e-07,4.0569068460172275e-07,2.4543139716115547e-06,1.6900225091376342e-05,2.2277321477304213e-05,2.061635973049647e-09,0.9999498128890991,7.996031854418106e-06,3.8146086983603666e-11
1256,development,dev_extension200,209,b20p09,20,1502020,9,sad,outputs/study1_35f300_extension_v1/sad/b20p09.wav,sad,0.9999204874038696,sad,0.9999204874038696,2.4839690127009817e-07,5.618815634989005e-07,8.403627361985855e-06,3.797523277171422e-06,4.662152787204832e-05,1.5684029630591567e-09,0.9999204874038696,1.9853587218676694e-05,3.1624133867147464e-11
1257,development,dev_extension200,209,b20p09,20,1502020,9,calm,outputs/study1_35f300_extension_v1/calm/b20p09.wav,sad,0.999992847442627,,,2.2611248429171837e-09,3.3663363208091823e-09,2.291207401583506e-08,7.137740340112941e-06,5.142734238461344e-08,4.53107100450989e-11,0.999992847442627,1.891321765867815e-08,2.642862968232809e-16
1258,development,dev_extension200,209,b20p09,20,1502020,9,angry,outputs/study1_35f300_extension_v1/angry/b20p09.wav,angry,0.9999998807907104,angry,0.9999998807907104,0.9999998807907104,1.7458647860735255e-09,1.182050568537818e-09,6.90145185444635e-08,1.819961958915428e-08,5.851348572338821e-11,5.446818818199972e-08,2.7990319395598817e-08,7.494940858230931e-16
1259,development,dev_extension200,209,b20p09,20,1502020,9,surprise,outputs/study1_35f300_extension_v1/surprise/b20p09.wav,surprised,0.7819657325744629,surprised,0.7819657325744629,0.00010869364632526413,2.1564743292401545e-05,0.0007739905850030482,0.21648772060871124,2.4473976736771874e-05,3.354592714721605e-10,0.000617834331933409,0.7819657325744629,2.6434260336216653e-10
1260,development,dev_extension200,210,b21p00,21,1502021,0,normal,outputs/study1_35f300_extension_v1/normal/b21p00.wav,sad,0.9996713399887085,neutral,0.00031774755916558206,1.8696781012295105e-07,9.61912633101747e-07,5.062867785454728e-06,1.7519344055472175e-06,0.00031774755916558206,3.9937999574135574e-09,0.9996713399887085,3.061024926864775e-06,2.209414292145273e-12
1261,development,dev_extension200,210,b21p00,21,1502021,0,happy,outputs/study1_35f300_extension_v1/happy/b21p00.wav,happy,0.9978772401809692,happy,0.9978772401809692,7.740164278402517e-07,1.0202198836850584e-06,1.3065228813502472e-05,0.9978772401809692,9.01040095868666e-07,2.0454749005693884e-10,1.3183407645556144e-05,0.0020937796216458082,2.138960120134925e-09
1262,development,dev_extension200,210,b21p00,21,1502021,0,sad,outputs/study1_35f300_extension_v1/sad/b21p00.wav,sad,0.9999951124191284,sad,0.9999951124191284,3.450556462780696e-08,1.6272599623334827e-07,3.35695881403808e-06,9.169684744847473e-08,9.79331730377453e-07,4.245169549221828e-09,0.9999951124191284,2.5231079803234024e-07,6.343484765247709e-11
1263,development,dev_extension200,210,b21p00,21,1502021,0,calm,outputs/study1_35f300_extension_v1/calm/b21p00.wav,sad,0.9999233484268188,,,2.985602236549312e-07,8.503242270307965e-07,2.6794266432261793e-06,3.822563598987472e-07,7.150335295591503e-05,6.492292925486254e-09,0.9999233484268188,1.0207628520220169e-06,1.4813778675959455e-11
1264,development,dev_extension200,210,b21p00,21,1502021,0,angry,outputs/study1_35f300_extension_v1/angry/b21p00.wav,angry,0.9990849494934082,angry,0.9990849494934082,0.9990849494934082,1.5854649973334745e-05,1.4495046343654394e-05,0.0002629783994052559,9.477709568272985e-07,3.267660275696471e-08,2.7230104024056345e-05,0.0005935650551691651,9.201200218411643e-11
1265,development,dev_extension200,210,b21p00,21,1502021,0,surprise,outputs/study1_35f300_extension_v1/surprise/b21p00.wav,sad,0.9999996423721313,surprised,1.8012128677469263e-08,2.0384856469490842e-08,1.0512641779314436e-07,8.128282757979832e-08,4.8177131617421765e-08,5.519775214679612e-08,2.43135223065849e-09,0.9999996423721313,1.8012128677469263e-08,7.019162161225889e-12
1266,development,dev_extension200,211,b21p01,21,1502021,1,normal,outputs/study1_35f300_extension_v1/normal/b21p01.wav,sad,0.9999977350234985,neutral,3.673943638204946e-07,5.4391559700661674e-08,1.0087391899560316e-07,4.404445803629642e-07,1.05735989563982e-06,3.673943638204946e-07,6.072433222925611e-09,0.9999977350234985,1.0004826123122257e-07,4.1835007680290914e-11
1267,development,dev_extension200,211,b21p01,21,1502021,1,happy,outputs/study1_35f300_extension_v1/happy/b21p01.wav,happy,0.9998255372047424,happy,0.9998255372047424,5.425890137189526e-08,5.4667978588440747e-08,4.0882093799154973e-07,0.9998255372047424,1.888562479734901e-07,8.916718058360473e-12,3.983601288837235e-07,0.00017346323875244707,3.446953486530013e-11
1268,development,dev_extension200,211,b21p01,21,1502021,1,sad,outputs/study1_35f300_extension_v1/sad/b21p01.wav,sad,1.0,sad,1.0,7.963471028438196e-12,7.514345257142452e-10,2.097441109683018e-09,4.347897389345157e-11,5.3986436848729724e-11,2.232021208484203e-12,1.0,3.9862113609956396e-11,2.483017676505894e-20
1269,development,dev_extension200,211,b21p01,21,1502021,1,calm,outputs/study1_35f300_extension_v1/calm/b21p01.wav,sad,0.9835931658744812,,,1.7170281353173777e-05,1.3066396604699548e-05,0.00021123947226442397,0.000396773248212412,0.004608346614986658,5.484384946186083e-09,0.9835931658744812,0.011160158552229404,1.9100032666585776e-09
1270,development,dev_extension200,211,b21p01,21,1502021,1,angry,outputs/study1_35f300_extension_v1/angry/b21p01.wav,angry,1.0,angry,1.0,1.0,4.882289776457494e-13,1.832482258924857e-14,3.008133672710578e-12,2.07940643870419e-11,2.6067671885811588e-15,2.768450572954162e-11,2.063573487434689e-12,2.168234241363626e-25
1271,development,dev_extension200,211,b21p01,21,1502021,1,surprise,outputs/study1_35f300_extension_v1/surprise/b21p01.wav,angry,0.997368335723877,surprised,0.0008874195627868176,0.997368335723877,0.00015576301666442305,6.113453127909452e-05,4.6924011257942766e-05,0.001228411914780736,7.719546601947513e-07,0.0002511882921680808,0.0008874195627868176,9.296776681821939e-09
1272,development,dev_extension200,212,b21p02,21,1502021,2,normal,outputs/study1_35f300_extension_v1/normal/b21p02.wav,sad,0.9998695850372314,neutral,0.00011742127389879897,2.933712437425129e-07,8.179934525287536e-07,5.340166353562381e-06,4.453212113730842e-06,0.00011742127389879897,1.2828001771936215e-08,0.9998695850372314,1.9283891106169904e-06,9.388984381630827e-12
1273,development,dev_extension200,212,b21p02,21,1502021,2,happy,outputs/study1_35f300_extension_v1/happy/b21p02.wav,happy,0.9998341798782349,happy,0.9998341798782349,5.6744372756156736e-08,2.401451411060407e-07,1.4803911199123831e-06,0.9998341798782349,8.760350738157285e-07,1.1157048895871213e-10,9.714661928228452e-07,0.00016221326950471848,5.753468368396852e-09
1274,development,dev_extension200,212,b21p02,21,1502021,2,sad,outputs/study1_35f300_extension_v1/sad/b21p02.wav,sad,1.0,sad,1.0,1.2466852550296892e-10,4.349983928619849e-09,1.2328016829599164e-08,6.49018727649775e-10,1.3358899542126323e-09,4.188891594703037e-11,1.0,4.410039000646293e-10,7.646990948499162e-17
1275,development,dev_extension200,212,b21p02,21,1502021,2,calm,outputs/study1_35f300_extension_v1/calm/b21p02.wav,sad,1.0,,,2.2399292490260514e-11,9.641490938960828e-10,1.3150259770000616e-09,2.3291979456274703e-11,1.3381716568172664e-10,1.4165201130122984e-12,1.0,7.719479916401539e-11,5.707344601341581e-20
1276,development,dev_extension200,212,b21p02,21,1502021,2,angry,outputs/study1_35f300_extension_v1/angry/b21p02.wav,angry,1.0,angry,1.0,1.0,2.1730035826283967e-10,7.377411181952453e-11,1.956971118488582e-08,2.020350775566726e-09,5.538344847837162e-13,1.350660250309943e-09,2.6637886563207758e-08,3.092456492650428e-18
1277,development,dev_extension200,212,b21p02,21,1502021,2,surprise,outputs/study1_35f300_extension_v1/surprise/b21p02.wav,surprised,0.9393964409828186,surprised,0.9393964409828186,2.3428156055160798e-05,9.832004252530169e-06,2.6102468837052584e-05,0.06048661097884178,7.2757347879814915e-06,5.143631180704045e-12,5.033263732912019e-05,0.9393964409828186,4.384002189050662e-11
1278,development,dev_extension200,213,b21p03,21,1502021,3,normal,outputs/study1_35f300_extension_v1/normal/b21p03.wav,sad,0.999998927116394,neutral,2.60631253468091e-07,1.5973197875496226e-08,3.4693664474616526e-07,3.9877434687696223e-07,5.128709190671543e-08,2.60631253468091e-07,2.0338083217552594e-08,0.999998927116394,1.5560562616201423e-08,5.471691502667575e-11
1279,development,dev_extension200,213,b21p03,21,1502021,3,happy,outputs/study1_35f300_extension_v1/happy/b21p03.wav,happy,0.998532772064209,happy,0.998532772064209,1.2188149867142783e-06,1.1769068350986345e-06,4.270357749192044e-06,0.998532772064209,4.490747414820362e-06,3.326645625634228e-10,8.319276275869925e-06,0.0014476554933935404,3.3581015745909326e-09
1280,development,dev_extension200,213,b21p03,21,1502021,3,sad,outputs/study1_35f300_extension_v1/sad/b21p03.wav,sad,0.9999779462814331,sad,0.9999779462814331,5.30942649845656e-08,5.3128605514984883e-08,1.5701964002801105e-05,1.9476115085126366e-06,2.693922738217225e-07,8.40747638175543e-10,0.9999779462814331,3.909246970579261e-06,6.78270634102418e-11
1281,development,dev_extension200,213,b21p03,21,1502021,3,calm,outputs/study1_35f300_extension_v1/calm/b21p03.wav,sad,0.9999998807907104,,,8.29050494921546e-10,3.9020097375441765e-08,1.1516079467810414e-07,3.8940601854164925e-09,1.8674686685926645e-08,7.724402784070605e-10,0.9999998807907104,3.0110083315548763e-09,4.184063848427372e-13
1282,development,dev_extension200,213,b21p03,21,1502021,3,angry,outputs/study1_35f300_extension_v1/angry/b21p03.wav,angry,1.0,angry,1.0,1.0,1.1991393121524307e-12,9.432455223791145e-14,1.4685390056778935e-11,1.5724860649712902e-11,3.33840282349708e-14,1.1921143239224108e-10,1.9861779321922457e-12,2.4241340630034343e-24
1283,development,dev_extension200,213,b21p03,21,1502021,3,surprise,outputs/study1_35f300_extension_v1/surprise/b21p03.wav,angry,0.997495174407959,surprised,6.298914377111942e-05,0.997495174407959,0.0009338139789178967,7.593631016789004e-05,5.691224578185938e-05,2.5477502276771702e-05,3.489788650767878e-05,0.0013147994177415967,6.298914377111942e-05,6.433742871791992e-09
1284,development,dev_extension200,214,b21p04,21,1502021,4,normal,outputs/study1_35f300_extension_v1/normal/b21p04.wav,surprised,0.9916723370552063,neutral,0.0008142137085087597,0.0028496484737843275,7.214788638520986e-05,0.0006092092953622341,0.0011104694567620754,0.0008142137085087597,1.8582038130432466e-09,0.002871879143640399,0.9916723370552063,1.708312957759972e-08
1285,development,dev_extension200,214,b21p04,21,1502021,4,happy,outputs/study1_35f300_extension_v1/happy/b21p04.wav,happy,0.885509729385376,happy,0.885509729385376,5.583033635048196e-05,3.0428742320509627e-05,0.0007466719252988696,0.885509729385376,0.0005765053792856634,1.134265747992913e-08,0.0030380061361938715,0.11004288494586945,2.187848124890479e-08
1286,development,dev_extension200,214,b21p04,21,1502021,4,sad,outputs/study1_35f300_extension_v1/sad/b21p04.wav,sad,1.0,sad,1.0,3.9166787868527564e-11,3.766248646286385e-09,5.138525693837437e-08,2.165936041631511e-10,2.558002698549444e-10,2.489317085796472e-11,1.0,2.851922586977196e-10,4.833373483463726e-18
1287,development,dev_extension200,214,b21p04,21,1502021,4,calm,outputs/study1_35f300_extension_v1/calm/b21p04.wav,sad,0.9999973773956299,,,1.0439778819204548e-08,2.2510593566948955e-07,2.0704601411125623e-06,4.6053767022158354e-08,1.7129191576259473e-07,7.354975739559677e-09,0.9999973773956299,6.000521324267538e-08,1.7404161445355726e-11
1288,development,dev_extension200,214,b21p04,21,1502021,4,angry,outputs/study1_35f300_extension_v1/angry/b21p04.wav,sad,0.9999113082885742,angry,7.607430598000064e-05,7.607430598000064e-05,3.1530885280517396e-07,4.526385509961983e-06,7.657312153241946e-07,7.210879857666441e-07,4.194567804205462e-09,0.9999113082885742,6.246358225325821e-06,6.515647938722113e-13
1289,development,dev_extension200,214,b21p04,21,1502021,4,surprise,outputs/study1_35f300_extension_v1/surprise/b21p04.wav,surprised,0.6391620635986328,surprised,0.6391620635986328,0.00010057241888716817,5.291107663651928e-05,0.008019273169338703,0.0056492979638278484,0.006199084222316742,1.2214153244372028e-08,0.34081655740737915,0.6391620635986328,1.7054991019449517e-07
1290,development,dev_extension200,215,b21p05,21,1502021,5,normal,outputs/study1_35f300_extension_v1/normal/b21p05.wav,sad,0.9854233264923096,neutral,0.014339704066514969,1.6703584151400719e-06,1.9354740743438015e-06,7.930446736281738e-05,5.444261114462279e-05,0.014339704066514969,5.083244936088249e-09,0.9854233264923096,9.965200297301635e-05,1.1565345035824404e-12
1291,development,dev_extension200,215,b21p05,21,1502021,5,happy,outputs/study1_35f300_extension_v1/happy/b21p05.wav,happy,0.9978356957435608,happy,0.9978356957435608,2.9982822979945922e-06,1.3145590855856426e-06,1.4962830391596071e-05,0.9978356957435608,2.3369179871224333e-06,6.695991539018564e-10,1.617198358871974e-05,0.002126462757587433,1.7866673696076418e-09
1292,development,dev_extension200,215,b21p05,21,1502021,5,sad,outputs/study1_35f300_extension_v1/sad/b21p05.wav,sad,0.9999939203262329,sad,0.9999939203262329,8.85806716866e-09,1.8175757077187882e-07,5.6949597819766495e-06,2.0037493442259802e-08,1.029775376082398e-07,4.162904687632363e-09,0.9999939203262329,7.80619515694525e-08,4.413398899810739e-12
1293,development,dev_extension200,215,b21p05,21,1502021,5,calm,outputs/study1_35f300_extension_v1/calm/b21p05.wav,sad,1.0,,,2.81628359521946e-10,9.3343306417637e-09,1.7085813652784054e-08,3.7127115271040623e-10,2.2530688426058987e-09,2.1064676045123853e-11,1.0,1.9820862728892052e-09,2.4113344530347263e-15
1294,development,dev_extension200,215,b21p05,21,1502021,5,angry,outputs/study1_35f300_extension_v1/angry/b21p05.wav,happy,0.781628429889679,angry,0.11214365810155869,0.11214365810155869,0.04865067079663277,0.004068522248417139,0.781628429889679,0.0016905695665627718,0.0007485395180992782,0.029018204659223557,0.021954089403152466,9.738557855598629e-05
1295,development,dev_extension200,215,b21p05,21,1502021,5,surprise,outputs/study1_35f300_extension_v1/surprise/b21p05.wav,sad,0.9998605251312256,surprised,9.741777466842905e-05,9.139241228695028e-06,1.4704586703828681e-07,4.833724688069196e-06,1.349257445326657e-06,2.6486186470719986e-05,1.1705916791449056e-10,0.9998605251312256,9.741777466842905e-05,9.026606502191004e-14
1296,development,dev_extension200,216,b21p06,21,1502021,6,normal,outputs/study1_35f300_extension_v1/normal/b21p06.wav,sad,0.999911904335022,neutral,4.459667616174556e-05,1.864400360318541e-06,8.17526233731769e-06,2.573982965259347e-05,4.287456249585375e-06,4.459667616174556e-05,7.102624408616975e-07,0.999911904335022,2.465878878865624e-06,2.0707143733034172e-07
1297,development,dev_extension200,216,b21p06,21,1502021,6,happy,outputs/study1_35f300_extension_v1/happy/b21p06.wav,happy,0.9976621866226196,happy,0.9976621866226196,1.213428163282515e-06,2.709499085540301e-06,1.5439916751347482e-05,0.9976621866226196,1.3366186976782046e-05,1.1843996894356223e-09,1.779180638550315e-05,0.0022872760891914368,2.8617767711125452e-08
1298,development,dev_extension200,216,b21p06,21,1502021,6,sad,outputs/study1_35f300_extension_v1/sad/b21p06.wav,sad,0.9999849796295166,sad,0.9999849796295166,8.423306496752048e-08,2.8486655878623424e-07,7.966877092258073e-06,3.503840162011329e-06,1.468949108129891e-06,1.0218180968024626e-08,0.9999849796295166,1.7153540738945594e-06,2.2633463991894587e-09
1299,development,dev_extension200,216,b21p06,21,1502021,6,calm,outputs/study1_35f300_extension_v1/calm/b21p06.wav,sad,1.0,,,8.542074166062452e-12,2.73633948832952e-10,3.738506448858203e-10,3.2469540944823905e-11,8.59278481701864e-11,1.1624805935570026e-12,1.0,2.1845969477851668e-11,1.9088435990519357e-19
1300,development,dev_extension200,216,b21p06,21,1502021,6,angry,outputs/study1_35f300_extension_v1/angry/b21p06.wav,angry,0.9754805564880371,angry,0.9754805564880371,0.9754805564880371,0.0011328415712341666,0.0010276248212903738,0.01703961193561554,4.637925940187415e-06,4.186614205536898e-06,0.00016124355897773057,0.005149284843355417,3.0067874856598564e-09
1301,development,dev_extension200,216,b21p06,21,1502021,6,surprise,outputs/study1_35f300_extension_v1/surprise/b21p06.wav,sad,0.9992738366127014,surprised,1.2447688277461566e-05,3.335394239911693e-06,1.5125874597288202e-07,1.6187207165785367e-06,2.106575084326323e-05,0.0006875126273371279,5.121965074295076e-10,0.9992738366127014,1.2447688277461566e-05,1.842221443752387e-14
1302,development,dev_extension200,217,b21p07,21,1502021,7,normal,outputs/study1_35f300_extension_v1/normal/b21p07.wav,happy,0.9997472167015076,neutral,0.00023473755572922528,1.8648283628408535e-07,4.1333316858072067e-07,1.853931905770878e-07,0.9997472167015076,0.00023473755572922528,7.029129847069271e-07,1.6544596292078495e-05,3.078180554894061e-08,1.2310279462468543e-09
1303,development,dev_extension200,217,b21p07,21,1502021,7,happy,outputs/study1_35f300_extension_v1/happy/b21p07.wav,happy,0.9999997615814209,happy,0.9999997615814209,6.742729707909234e-10,4.435694034299331e-09,5.373909761630102e-09,0.9999997615814209,3.9358960535196275e-10,2.8699536237103418e-12,2.6681252762728036e-08,2.0810252010505792e-07,1.3391958169576418e-13
1304,development,dev_extension200,217,b21p07,21,1502021,7,sad,outputs/study1_35f300_extension_v1/sad/b21p07.wav,sad,0.9999967813491821,sad,0.9999967813491821,8.426121667071129e-08,1.4928387770396512e-07,2.0907532416458707e-06,3.726852355612209e-07,2.1614523859625479e-07,1.3509811935819016e-08,0.9999967813491821,1.3631512274514535e-07,6.219923187611442e-11
1305,development,dev_extension200,217,b21p07,21,1502021,7,calm,outputs/study1_35f300_extension_v1/calm/b21p07.wav,sad,0.9988394379615784,,,4.846624051424442e-06,5.143484486325178e-06,0.00039499811828136444,0.00022600650845561177,0.00013297620171215385,1.123366288879879e-07,0.9988394379615784,0.0003961840411648154,3.111416333467787e-07
1306,development,dev_extension200,217,b21p07,21,1502021,7,angry,outputs/study1_35f300_extension_v1/angry/b21p07.wav,surprised,0.9958282113075256,angry,6.928949915163685e-06,6.928949915163685e-06,5.999958148095175e-07,0.0001211986891576089,0.0037466986104846,0.00014976518286857754,2.6184028903419865e-12,0.0001466037065256387,0.9958282113075256,5.214534012920602e-11
1307,development,dev_extension200,217,b21p07,21,1502021,7,surprise,outputs/study1_35f300_extension_v1/surprise/b21p07.wav,surprised,0.7800872325897217,surprised,0.7800872325897217,0.00010065833339467645,5.068384780315682e-05,0.0007891256245784461,0.21814042329788208,7.457462925231084e-05,9.431274650140153e-10,0.0007573565235361457,0.7800872325897217,3.924499836216455e-09
1308,development,dev_extension200,218,b21p08,21,1502021,8,normal,outputs/study1_35f300_extension_v1/normal/b21p08.wav,neutral,0.9999994039535522,neutral,0.9999994039535522,2.1700252705869616e-09,7.0774626159675336e-09,8.140487395280616e-09,2.075861615935537e-08,0.9999994039535522,6.804595775733446e-11,6.272192081269168e-07,2.270279519933638e-09,2.5105913875611563e-11
1309,development,dev_extension200,218,b21p08,21,1502021,8,happy,outputs/study1_35f300_extension_v1/happy/b21p08.wav,happy,1.0,happy,1.0,2.0619594085554555e-13,8.197313812983997e-13,2.329937458245279e-13,1.0,3.4845841083474063e-14,1.5322990128463824e-15,6.765909989388252e-13,1.5282334425714694e-11,6.816565058248905e-18
1310,development,dev_extension200,218,b21p08,21,1502021,8,sad,outputs/study1_35f300_extension_v1/sad/b21p08.wav,sad,0.9999933242797852,sad,0.9999933242797852,4.6835868516836854e-08,4.283577084152057e-07,2.093559487548191e-06,2.0231689177308e-06,1.254199332834105e-06,7.44503658722806e-09,0.9999933242797852,7.911856414466456e-07,1.1178684644619352e-09
1311,development,dev_extension200,218,b21p08,21,1502021,8,calm,outputs/study1_35f300_extension_v1/calm/b21p08.wav,happy,0.9999998807907104,,,4.976027923042636e-10,5.035051486856901e-09,1.5537819919586582e-09,0.9999998807907104,5.504914857290544e-10,1.0950115814090111e-11,3.1090832131042134e-09,6.485701220526607e-08,1.0676691475364208e-10
1312,development,dev_extension200,218,b21p08,21,1502021,8,angry,outputs/study1_35f300_extension_v1/angry/b21p08.wav,angry,0.9207311868667603,angry,0.9207311868667603,0.9207311868667603,0.00042875119834207,0.0022736117243766785,0.007331473752856255,5.344555029296316e-05,9.36172739329777e-07,0.001793035538867116,0.06738749146461487,1.0453382515152043e-07
1313,development,dev_extension200,218,b21p08,21,1502021,8,surprise,outputs/study1_35f300_extension_v1/surprise/b21p08.wav,surprised,0.9838765263557434,surprised,0.9838765263557434,0.0001849566906457767,2.543294249335304e-05,0.0003495899145491421,0.0015136160654947162,0.013861669227480888,3.5647693130691493e-10,0.00018802312843035907,0.9838765263557434,1.5399150754547009e-07
1314,development,dev_extension200,219,b21p09,21,1502021,9,normal,outputs/study1_35f300_extension_v1/normal/b21p09.wav,neutral,0.9806855916976929,neutral,0.9806855916976929,0.0008257621084339917,1.2727744433504995e-05,5.5460648582084104e-05,0.00010010315600084141,0.9806855916976929,2.0865556393800944e-08,0.017491213977336884,0.0008292131242342293,3.267459566802522e-11
1315,development,dev_extension200,219,b21p09,21,1502021,9,happy,outputs/study1_35f300_extension_v1/happy/b21p09.wav,surprised,0.9999964237213135,happy,1.030851422001433e-06,1.4154958307699417e-06,8.64981046788671e-08,1.7086250636566547e-07,1.030851422001433e-06,6.599849200483732e-08,2.402345580579786e-16,6.880323439872882e-07,0.9999964237213135,3.6017128407332677e-13
1316,development,dev_extension200,219,b21p09,21,1502021,9,sad,outputs/study1_35f300_extension_v1/sad/b21p09.wav,sad,1.0,sad,1.0,1.2442722407968176e-09,4.281010745899039e-08,3.29330092085911e-08,8.269663176463382e-09,6.381908779218293e-09,2.45291498224276e-09,1.0,6.816684439137077e-10,1.0429107562628676e-14
1317,development,dev_extension200,219,b21p09,21,1502021,9,calm,outputs/study1_35f300_extension_v1/calm/b21p09.wav,sad,0.9999572038650513,,,3.052909107736923e-07,6.728802759425889e-07,2.019967905653175e-05,2.6166599127463996e-06,1.676438478170894e-05,4.821553289957592e-08,0.9999572038650513,2.2057993191992864e-06,8.37582270207804e-09
1318,development,dev_extension200,219,b21p09,21,1502021,9,angry,outputs/study1_35f300_extension_v1/angry/b21p09.wav,surprised,0.9999439716339111,angry,1.0357030987506732e-05,1.0357030987506732e-05,5.00002613534889e-07,1.546545718156267e-06,3.429560092627071e-05,6.411099775505136e-07,2.646716565802166e-14,8.70470921654487e-06,0.9999439716339111,1.4570511464029323e-11
1319,development,dev_extension200,219,b21p09,21,1502021,9,surprise,outputs/study1_35f300_extension_v1/surprise/b21p09.wav,sad,0.8085680603981018,surprised,0.03718896582722664,0.00016198981029447168,0.001130521297454834,0.004219617694616318,0.14848695695400238,0.0002428336738375947,1.0156589951293427e-06,0.8085680603981018,0.03718896582722664,1.072694004733421e-07
1320,development,dev_extension200,220,b22p00,22,1502022,0,normal,outputs/study1_35f300_extension_v1/normal/b22p00.wav,neutral,0.9999958276748657,neutral,0.9999958276748657,6.312369293937081e-09,8.370513171485072e-08,2.239091543287941e-07,1.254845614084843e-07,0.9999958276748657,2.391391598632886e-11,3.0530025014741113e-06,7.55782082251244e-07,4.903003003597917e-10
1321,development,dev_extension200,220,b22p00,22,1502022,0,happy,outputs/study1_35f300_extension_v1/happy/b22p00.wav,happy,1.0,happy,1.0,1.248943864995411e-10,5.664625213341878e-09,9.508702714100536e-10,1.0,1.8430015846782055e-10,4.728542644244493e-12,1.9444796883760773e-09,2.6505153627454092e-08,5.302377460714158e-12
1322,development,dev_extension200,220,b22p00,22,1502022,0,sad,outputs/study1_35f300_extension_v1/sad/b22p00.wav,sad,1.0,sad,1.0,2.0719685689396528e-10,4.1581844634208665e-09,4.694007849082027e-09,1.7209950131658047e-10,1.1278474820741735e-09,1.2920566526408717e-11,1.0,4.5140777227281603e-10,1.1439050912493768e-17
1323,development,dev_extension200,220,b22p00,22,1502022,0,calm,outputs/study1_35f300_extension_v1/calm/b22p00.wav,sad,1.0,,,1.0003498029931279e-10,1.0537346550876237e-09,3.055449782074504e-10,9.850291693425106e-10,3.577332430282354e-09,6.755390951490581e-12,1.0,1.5493985261461063e-10,1.2421290832209046e-16
1324,development,dev_extension200,220,b22p00,22,1502022,0,angry,outputs/study1_35f300_extension_v1/angry/b22p00.wav,angry,0.9986268281936646,angry,0.9986268281936646,0.9986268281936646,0.0001237487595062703,3.584009027690627e-05,0.00018968088261317462,4.460943273443263e-06,2.786138395549642e-07,0.00015359229291789234,0.0008656420977786183,1.1109455577695826e-09
1325,development,dev_extension200,220,b22p00,22,1502022,0,surprise,outputs/study1_35f300_extension_v1/surprise/b22p00.wav,happy,0.9983360171318054,surprised,0.000261532433796674,2.794801048366935e-06,2.3616303224116564e-05,2.3091395632945932e-05,0.9983360171318054,0.0010768360225483775,1.3811019528020552e-07,0.0002758158079814166,0.000261532433796674,5.7413011234075384e-08
1326,development,dev_extension200,221,b22p01,22,1502022,1,normal,outputs/study1_35f300_extension_v1/normal/b22p01.wav,neutral,0.9683646559715271,neutral,0.9683646559715271,0.0009370118496008217,6.927991194061178e-07,0.00020946955191902816,4.1882805817294866e-05,0.9683646559715271,1.1738230387692283e-09,0.026404524222016335,0.004041694104671478,2.1329760874211345e-12
1327,development,dev_extension200,221,b22p01,22,1502022,1,happy,outputs/study1_35f300_extension_v1/happy/b22p01.wav,happy,1.0,happy,1.0,1.3739556367631245e-11,6.471802954655104e-11,9.782527565782573e-11,1.0,7.726444484212891e-12,1.1328767513928834e-14,2.3149553107781884e-10,1.764472479237611e-08,7.365441167298773e-16
1328,development,dev_extension200,221,b22p01,22,1502022,1,sad,outputs/study1_35f300_extension_v1/sad/b22p01.wav,sad,1.0,sad,1.0,7.038684739224532e-12,8.90963214317253e-09,6.233869420668725e-09,4.543669260281824e-11,2.4109807900130065e-11,3.1442942867443424e-12,1.0,4.174550982671832e-11,8.155784407894896e-24
1329,development,dev_extension200,221,b22p01,22,1502022,1,calm,outputs/study1_35f300_extension_v1/calm/b22p01.wav,sad,1.0,,,4.3045950137710065e-10,2.2651207576274146e-09,1.5309014056441583e-09,1.1082623707636685e-10,6.906805127826487e-10,2.263484755529732e-12,1.0,5.98072869006927e-10,8.349274174835282e-20
1330,development,dev_extension200,221,b22p01,22,1502022,1,angry,outputs/study1_35f300_extension_v1/angry/b22p01.wav,angry,0.999788224697113,angry,0.999788224697113,0.999788224697113,6.448769909184193e-06,3.5171633498976007e-06,2.371314803895075e-05,2.3231652903632494e-06,3.934707137887017e-08,9.265842527383938e-05,8.315104059875011e-05,5.4321817877234224e-11
1331,development,dev_extension200,221,b22p01,22,1502022,1,surprise,outputs/study1_35f300_extension_v1/surprise/b22p01.wav,angry,0.9998877048492432,surprised,2.0067884179297835e-05,0.9998877048492432,1.2708264875982422e-05,6.6247707763977814e-06,6.484503956016852e-06,1.2880587746622041e-05,4.507933795139252e-07,5.308671825332567e-05,2.0067884179297835e-05,7.89741050333248e-10
1332,development,dev_extension200,222,b22p02,22,1502022,2,normal,outputs/study1_35f300_extension_v1/normal/b22p02.wav,sad,0.8939134478569031,neutral,0.10535400360822678,1.4934687897039112e-05,1.013212681755249e-06,5.045286161475815e-05,6.882658635731786e-05,0.10535400360822678,5.566821448255155e-10,0.8939134478569031,0.0005973898223601282,5.639245174342625e-14
1333,development,dev_extension200,222,b22p02,22,1502022,2,happy,outputs/study1_35f300_extension_v1/happy/b22p02.wav,surprised,0.999991774559021,happy,5.5337786761811e-06,8.81440200828365e-08,2.1763806756780468e-08,7.780540727253538e-07,5.5337786761811e-06,5.042886641604127e-07,3.571910939396191e-16,1.3175201729609398e-06,0.999991774559021,9.815781000510615e-13
1334,development,dev_extension200,222,b22p02,22,1502022,2,sad,outputs/study1_35f300_extension_v1/sad/b22p02.wav,sad,0.9999935626983643,sad,0.9999935626983643,1.4467572029275289e-08,8.56463600484858e-07,5.224741016718326e-06,2.55927705694603e-08,1.978928736434682e-07,3.463778597279088e-08,0.9999935626983643,4.273795539688763e-08,4.651762308682805e-11
1335,development,dev_extension200,222,b22p02,22,1502022,2,calm,outputs/study1_35f300_extension_v1/calm/b22p02.wav,sad,1.0,,,8.48331890845877e-11,9.661100364155573e-09,3.1933350186363896e-08,3.719367036580934e-10,4.022369382017388e-10,2.80414719222577e-11,1.0,8.901933079563662e-10,8.482936366822802e-17
1336,development,dev_extension200,222,b22p02,22,1502022,2,angry,outputs/study1_35f300_extension_v1/angry/b22p02.wav,angry,0.9999964237213135,angry,0.9999964237213135,0.9999964237213135,1.4323736863275371e-08,4.497188399454899e-08,2.9844095479347743e-06,4.125419295064603e-08,4.796807839824169e-09,4.0361905462305003e-07,9.152851987437316e-08,5.106844309411829e-14
1337,development,dev_extension200,222,b22p02,22,1502022,2,surprise,outputs/study1_35f300_extension_v1/surprise/b22p02.wav,surprised,0.5619443655014038,surprised,0.5619443655014038,2.9706548957619816e-05,1.3010458133067004e-05,0.000141178781632334,0.43774327635765076,2.6953797714668326e-05,5.4296071111403776e-11,0.00010147761349799111,0.5619443655014038,6.485758458074642e-11
1338,development,dev_extension200,223,b22p03,22,1502022,3,normal,outputs/study1_35f300_extension_v1/normal/b22p03.wav,neutral,0.9999216794967651,neutral,0.9999216794967651,1.9754642721636628e-07,2.3831194084777962e-07,4.012943918496603e-06,6.9653588070650585e-06,0.9999216794967651,2.51327736400242e-10,3.066243152716197e-05,3.622056101448834e-05,7.07157887802623e-10
1339,development,dev_extension200,223,b22p03,22,1502022,3,happy,outputs/study1_35f300_extension_v1/happy/b22p03.wav,sad,0.9993601441383362,happy,2.547795702412259e-05,3.466431280685356e-06,1.4524226571666077e-05,0.00022986058320384473,2.547795702412259e-05,0.0003071357496082783,4.535495747859386e-07,0.9993601441383362,5.841246820637025e-05,5.230405122347292e-07
1340,development,dev_extension200,223,b22p03,22,1502022,3,sad,outputs/study1_35f300_extension_v1/sad/b22p03.wav,sad,0.9999974966049194,sad,0.9999974966049194,1.688883877193348e-08,1.5738025638256659e-07,1.945667008840246e-06,2.7269829061538076e-08,1.9748529211938148e-07,1.0648767423404593e-09,0.9999974966049194,2.2734994331585767e-07,8.091677284813303e-13
1341,development,dev_extension200,223,b22p03,22,1502022,3,calm,outputs/study1_35f300_extension_v1/calm/b22p03.wav,sad,1.0,,,1.3900830486690552e-10,1.1256446885710147e-09,1.920605452454538e-09,7.600891582804081e-10,1.0523247828686522e-09,2.4901610721356215e-12,1.0,1.2140447536168608e-09,5.10993338033695e-17
1342,development,dev_extension200,223,b22p03,22,1502022,3,angry,outputs/study1_35f300_extension_v1/angry/b22p03.wav,sad,0.9999908208847046,angry,7.358572474913672e-06,7.358572474913672e-06,2.2862742810048076e-08,2.2293217227797868e-07,3.793281848629704e-07,7.784600484228577e-07,6.287113052394488e-10,0.9999908208847046,4.015998626982764e-07,1.6354368149984998e-14
1343,development,dev_extension200,223,b22p03,22,1502022,3,surprise,outputs/study1_35f300_extension_v1/surprise/b22p03.wav,surprised,0.9476133584976196,surprised,0.9476133584976196,0.0006553070270456374,8.24946073407773e-06,0.0003316233051009476,0.001041911426000297,0.01857016235589981,2.3083053524164399e-10,0.03177947923541069,0.9476133584976196,5.089688115411661e-10
1344,development,dev_extension200,224,b22p04,22,1502022,4,normal,outputs/study1_35f300_extension_v1/normal/b22p04.wav,sad,0.5520535707473755,neutral,0.10092293471097946,0.0002058496611425653,0.0006963034393265843,0.025390371680259705,0.23576302826404572,0.10092293471097946,5.01654085383052e-06,0.5520535707473755,0.0849551185965538,7.795621968398336e-06
1345,development,dev_extension200,224,b22p04,22,1502022,4,happy,outputs/study1_35f300_extension_v1/happy/b22p04.wav,sad,0.9999897480010986,happy,7.75002945374581e-07,5.553513560130341e-08,2.1014500362070976e-07,6.7316245804249775e-06,7.75002945374581e-07,1.7558834315423155e-06,8.086555425279585e-09,0.9999897480010986,8.502250352648844e-07,1.1655342246896794e-09
1346,development,dev_extension200,224,b22p04,22,1502022,4,sad,outputs/study1_35f300_extension_v1/sad/b22p04.wav,sad,1.0,sad,1.0,2.4990753349639523e-14,2.2408084502517633e-12,2.9971379111176644e-12,1.3796526854986668e-13,9.947581359982458e-14,5.514924581663159e-16,1.0,7.627278935393514e-14,2.2168470791648964e-29
1347,development,dev_extension200,224,b22p04,22,1502022,4,calm,outputs/study1_35f300_extension_v1/calm/b22p04.wav,neutral,0.9999986886978149,,,6.98657576236883e-09,3.005538218303627e-08,2.766133988529873e-08,3.592598218915555e-08,0.9999986886978149,8.023841313598012e-11,1.1382556976968772e-06,1.9041898724481143e-08,1.7176741973212728e-10
1348,development,dev_extension200,224,b22p04,22,1502022,4,angry,outputs/study1_35f300_extension_v1/angry/b22p04.wav,angry,0.9999994039535522,angry,0.9999994039535522,0.9999994039535522,1.1337311534020955e-08,4.256400565338936e-09,1.7640777727478962e-08,3.944021997881464e-08,1.2910877228433648e-11,1.3720013214424398e-07,4.7229499955392384e-07,1.3374835525602614e-15
1349,development,dev_extension200,224,b22p04,22,1502022,4,surprise,outputs/study1_35f300_extension_v1/surprise/b22p04.wav,angry,0.9997934699058533,surprised,0.0001288381463382393,0.9997934699058533,1.560696000524331e-05,5.3567058785120025e-05,2.5296519652329152e-06,4.466433551897353e-07,2.6901281202640348e-08,5.494014658324886e-06,0.0001288381463382393,1.3311746670241487e-11
1350,development,dev_extension200,225,b22p05,22,1502022,5,normal,outputs/study1_35f300_extension_v1/normal/b22p05.wav,happy,0.5590135455131531,neutral,0.09919165819883347,0.0006425764877349138,0.0002236324653495103,0.005922004114836454,0.5590135455131531,0.09919165819883347,6.616718906116148e-07,0.19369091093540192,0.14131464064121246,3.9548717722937e-07
1351,development,dev_extension200,225,b22p05,22,1502022,5,happy,outputs/study1_35f300_extension_v1/happy/b22p05.wav,happy,0.9999936819076538,happy,0.9999936819076538,9.035002790369617e-08,8.578386996305198e-07,6.824001275163027e-07,0.9999936819076538,2.8314346423030656e-07,2.501728246784296e-08,3.179649411322316e-06,1.1853163641717401e-06,6.3047744802702255e-09
1352,development,dev_extension200,225,b22p05,22,1502022,5,sad,outputs/study1_35f300_extension_v1/sad/b22p05.wav,sad,0.9993305206298828,sad,0.9993305206298828,7.861195626901463e-06,5.8988307500840165e-06,1.734093348204624e-05,2.0452089302125387e-05,0.0006125600193627179,2.6848249490285525e-07,0.9993305206298828,5.07188724441221e-06,4.568410927330291e-10
1353,development,dev_extension200,225,b22p05,22,1502022,5,calm,outputs/study1_35f300_extension_v1/calm/b22p05.wav,angry,0.8735131621360779,,,0.8735131621360779,0.0046882303431630135,0.00824452843517065,0.0011398044880479574,0.004723245743662119,8.971432544058189e-05,0.08789384365081787,0.01969055086374283,1.686661380517762e-05
1354,development,dev_extension200,225,b22p05,22,1502022,5,angry,outputs/study1_35f300_extension_v1/angry/b22p05.wav,sad,0.7747910022735596,angry,0.16986794769763947,0.16986794769763947,4.497894042287953e-05,0.006927757523953915,0.00042435064096935093,4.815242573386058e-05,1.0473561218304894e-07,0.7747910022735596,0.047895707190036774,2.4004404020061543e-10
1355,development,dev_extension200,225,b22p05,22,1502022,5,surprise,outputs/study1_35f300_extension_v1/surprise/b22p05.wav,surprised,0.9762580990791321,surprised,0.9762580990791321,0.0020863942336291075,0.00015819926920812577,0.0005277477321214974,0.01770106330513954,2.315892379556317e-05,2.5492672417470885e-09,0.003245436353608966,0.9762580990791321,9.737379791374678e-09
1356,development,dev_extension200,226,b22p06,22,1502022,6,normal,outputs/study1_35f300_extension_v1/normal/b22p06.wav,angry,0.9992430210113525,neutral,0.00018224527593702078,0.9992430210113525,4.437510506249964e-05,3.024840771104209e-05,0.00016108447744045407,0.00018224527593702078,3.2578179798292695e-06,0.00021721937810070813,0.00011858145444421098,2.5980996909424903e-08
1357,development,dev_extension200,226,b22p06,22,1502022,6,happy,outputs/study1_35f300_extension_v1/happy/b22p06.wav,surprised,0.9984719157218933,happy,0.0014432512689381838,1.6763327721491805e-06,5.624706318485551e-07,1.8051105143968016e-05,0.0014432512689381838,1.855650589277502e-05,3.032848765963797e-13,4.59283655800391e-05,0.9984719157218933,4.9476173158424785e-11
1358,development,dev_extension200,226,b22p06,22,1502022,6,sad,outputs/study1_35f300_extension_v1/sad/b22p06.wav,neutral,0.5418973565101624,sad,0.061941616237163544,0.0001006947350106202,0.0005221710889600217,0.0035615069791674614,0.32676973938941956,0.5418973565101624,1.0279892421749537e-06,0.061941616237163544,0.06520253419876099,3.3636949865467614e-06
1359,development,dev_extension200,226,b22p06,22,1502022,6,calm,outputs/study1_35f300_extension_v1/calm/b22p06.wav,sad,0.9999995231628418,,,2.5708976281180185e-08,7.457451545178628e-08,1.5979114209585532e-07,1.3371034057740872e-08,2.4414688937213214e-07,5.112191781009301e-10,0.9999995231628418,5.2313332332687423e-08,3.709900767666363e-13
1360,development,dev_extension200,226,b22p06,22,1502022,6,angry,outputs/study1_35f300_extension_v1/angry/b22p06.wav,sad,0.9968041181564331,angry,0.003077638568356633,0.003077638568356633,1.018648072204087e-05,7.512934826081619e-05,2.4290071451105177e-05,1.0824952596522053e-06,5.299205895425985e-06,0.9968041181564331,2.255500703540747e-06,5.1584470202314936e-12
1361,development,dev_extension200,226,b22p06,22,1502022,6,surprise,outputs/study1_35f300_extension_v1/surprise/b22p06.wav,surprised,0.7070823907852173,surprised,0.7070823907852173,0.00015262408123817295,8.843849354889244e-05,0.0018256480107083917,0.0042456150986254215,0.0006313411868177354,3.7233052196938843e-09,0.2859739065170288,0.7070823907852173,1.4931176295363002e-08
1362,development,dev_extension200,227,b22p07,22,1502022,7,normal,outputs/study1_35f300_extension_v1/normal/b22p07.wav,angry,0.8406347036361694,neutral,0.003228573827072978,0.8406347036361694,3.192530493834056e-05,0.007774484809488058,0.0003527780354488641,0.003228573827072978,1.6599267382844118e-07,0.04754432663321495,0.10043296962976456,4.037287393288125e-09
1363,development,dev_extension200,227,b22p07,22,1502022,7,happy,outputs/study1_35f300_extension_v1/happy/b22p07.wav,surprised,0.886028528213501,happy,0.03585709631443024,4.585183705785312e-05,1.1072783308918588e-05,0.0014306281227618456,0.03585709631443024,0.000971922418102622,4.273678910760026e-10,0.07565493136644363,0.886028528213501,1.4976524187471085e-10
1364,development,dev_extension200,227,b22p07,22,1502022,7,sad,outputs/study1_35f300_extension_v1/sad/b22p07.wav,sad,0.9999995231628418,sad,0.9999995231628418,6.12435657743049e-09,1.4889490529412797e-08,4.6382129426092433e-07,2.8605522395253047e-09,1.0425871721508884e-08,9.921063970352861e-11,0.9999995231628418,3.381637725397013e-08,1.4167018219082752e-14
1365,development,dev_extension200,227,b22p07,22,1502022,7,calm,outputs/study1_35f300_extension_v1/calm/b22p07.wav,sad,0.9999997615814209,,,8.750636326659844e-11,1.1475054861875833e-07,1.5816149812053482e-07,7.696944193114064e-10,7.124363876620521e-10,5.844245642983026e-10,0.9999997615814209,2.650855923658213e-10,3.0523595328423793e-19
1366,development,dev_extension200,227,b22p07,22,1502022,7,angry,outputs/study1_35f300_extension_v1/angry/b22p07.wav,happy,0.8916521072387695,angry,0.10411332547664642,0.10411332547664642,0.0012821289710700512,0.0008311697747558355,0.8916521072387695,1.4946544979466125e-05,0.0014689526287838817,0.0005890849861316383,4.829894896829501e-05,1.1318500803270126e-08
1367,development,dev_extension200,227,b22p07,22,1502022,7,surprise,outputs/study1_35f300_extension_v1/surprise/b22p07.wav,sad,0.9122970700263977,surprised,0.005724022630602121,0.07688780128955841,1.2972877811989747e-05,0.005004245787858963,6.251335435081273e-05,1.1359799827914685e-05,6.367063321022215e-08,0.9122970700263977,0.005724022630602121,4.759750319577316e-12
1368,development,dev_extension200,228,b22p08,22,1502022,8,normal,outputs/study1_35f300_extension_v1/normal/b22p08.wav,happy,0.9999653100967407,neutral,9.2414467189883e-09,2.2716109882026103e-08,2.1702629027231524e-08,5.749136278154765e-08,0.9999653100967407,9.2414467189883e-09,1.9744982558689284e-12,1.0340897205196597e-07,3.4505705116316676e-05,1.464383952640147e-12
1369,development,dev_extension200,228,b22p08,22,1502022,8,happy,outputs/study1_35f300_extension_v1/happy/b22p08.wav,happy,1.0,happy,1.0,2.248624481060446e-10,2.403581778054331e-09,6.48092191024574e-10,1.0,2.577111579693536e-10,1.5166125300059008e-11,3.6783796009132175e-09,1.0866122224229002e-08,4.977781728476849e-11
1370,development,dev_extension200,228,b22p08,22,1502022,8,sad,outputs/study1_35f300_extension_v1/sad/b22p08.wav,sad,0.964743971824646,sad,0.964743971824646,2.037595368165057e-05,4.376655397209106e-06,0.0008310614502988756,0.001057224697433412,6.926301284693182e-05,2.014436395469943e-09,0.964743971824646,0.0332738421857357,1.1808067856833304e-09
1371,development,dev_extension200,228,b22p08,22,1502022,8,calm,outputs/study1_35f300_extension_v1/calm/b22p08.wav,neutral,0.9574314951896667,,,1.1889755114680156e-05,0.0001238394033862278,0.0007253424264490604,0.004754900000989437,0.9574314951896667,3.4263709380866203e-07,0.033733587712049484,0.003218176541849971,3.222300506422471e-07
1372,development,dev_extension200,228,b22p08,22,1502022,8,angry,outputs/study1_35f300_extension_v1/angry/b22p08.wav,angry,0.9843856692314148,angry,0.9843856692314148,0.9843856692314148,0.00047865099622868,0.00024620964541099966,0.0015983679331839085,0.0005464343121275306,0.0004012581193819642,0.012236095033586025,0.0001068375349859707,4.958631620866072e-07
1373,development,dev_extension200,228,b22p08,22,1502022,8,surprise,outputs/study1_35f300_extension_v1/surprise/b22p08.wav,happy,0.568426251411438,surprised,0.08602700382471085,0.012488850392401218,0.00017911083705257624,0.0003671805316116661,0.568426251411438,0.3283540904521942,1.8929721079530282e-07,0.004157344810664654,0.08602700382471085,1.0814437345629813e-08
1374,development,dev_extension200,229,b22p09,22,1502022,9,normal,outputs/study1_35f300_extension_v1/normal/b22p09.wav,neutral,0.8080164194107056,neutral,0.8080164194107056,0.00016071466961875558,0.004484495613723993,0.00021516137348953635,0.18475982546806335,0.8080164194107056,3.755120633286424e-05,0.0014090563636273146,0.0009134887950494885,3.339063141538645e-06
1375,development,dev_extension200,229,b22p09,22,1502022,9,happy,outputs/study1_35f300_extension_v1/happy/b22p09.wav,sad,0.9998205304145813,happy,0.00011184372851857916,5.069090320830583e-07,5.896960715290334e-07,3.329427499920712e-06,0.00011184372851857916,5.9365545894252136e-05,1.2940609472877895e-08,0.9998205304145813,3.884414581989404e-06,9.527808229881085e-12
1376,development,dev_extension200,229,b22p09,22,1502022,9,sad,outputs/study1_35f300_extension_v1/sad/b22p09.wav,sad,0.6445083618164062,sad,0.6445083618164062,0.35343170166015625,1.6003165001166053e-05,0.0014389792922884226,0.00030697492184117436,1.2926961062476039e-05,2.019274461417808e-06,0.6445083618164062,0.000283063534880057,3.003514754615355e-12
1377,development,dev_extension200,229,b22p09,22,1502022,9,calm,outputs/study1_35f300_extension_v1/calm/b22p09.wav,sad,1.0,,,1.5657208862762673e-09,9.917258125824446e-09,2.5813845283551018e-08,2.152010347700184e-09,1.6116285195266755e-08,1.206187233426803e-10,1.0,2.96852542547299e-09,4.349342405869129e-14
1378,development,dev_extension200,229,b22p09,22,1502022,9,angry,outputs/study1_35f300_extension_v1/angry/b22p09.wav,angry,1.0,angry,1.0,1.0,3.076872795177571e-13,1.712497670254033e-14,5.535560291397568e-12,2.1501279489494207e-12,1.1664011084232587e-15,4.281532160060886e-12,1.98446641064276e-12,4.6846652767969515e-26
1379,development,dev_extension200,229,b22p09,22,1502022,9,surprise,outputs/study1_35f300_extension_v1/surprise/b22p09.wav,surprised,0.9996023774147034,surprised,0.9996023774147034,2.528034883653163e-06,7.792827432240301e-07,1.5830287338758353e-06,0.00038882586522959173,6.8645198325612e-07,2.8311454539791704e-14,3.132801111860317e-06,0.9996023774147034,1.3829960614220038e-11
1380,development,dev_extension200,230,b23p00,23,1502023,0,normal,outputs/study1_35f300_extension_v1/normal/b23p00.wav,surprised,0.5430691838264465,neutral,0.006193329114466906,5.948689067736268e-05,4.5783192035742104e-05,0.0016154161421582103,0.4359034299850464,0.006193329114466906,6.0282876468420454e-09,0.013113437220454216,0.5430691838264465,1.953336870030853e-08
1381,development,dev_extension200,230,b23p00,23,1502023,0,happy,outputs/study1_35f300_extension_v1/happy/b23p00.wav,happy,0.9996907711029053,happy,0.9996907711029053,3.5972821024188306e-06,1.991714498217334e-06,3.672898174045258e-06,0.9996907711029053,7.033966539893299e-06,4.912769746567847e-09,2.54660608334234e-06,0.0002903457498177886,1.027897411631784e-07
1382,development,dev_extension200,230,b23p00,23,1502023,0,sad,outputs/study1_35f300_extension_v1/sad/b23p00.wav,sad,0.9999798536300659,sad,0.9999798536300659,7.655583544874389e-08,2.607739588711411e-07,7.496272246498847e-06,4.97938231092121e-07,1.0806745194713585e-05,6.872948876690543e-09,0.9999798536300659,1.0774220982057159e-06,5.710003025960475e-10
1383,development,dev_extension200,230,b23p00,23,1502023,0,calm,outputs/study1_35f300_extension_v1/calm/b23p00.wav,sad,1.0,,,1.3317984215444056e-10,5.862202279161011e-09,1.6211858522297007e-08,7.426659287546045e-10,9.459391048238786e-10,6.043496952878868e-11,1.0,4.460312952314638e-10,9.295241624984166e-17
1384,development,dev_extension200,230,b23p00,23,1502023,0,angry,outputs/study1_35f300_extension_v1/angry/b23p00.wav,angry,0.9913273453712463,angry,0.9913273453712463,0.9913273453712463,7.15344583568367e-08,1.014851775948955e-07,2.001197572099045e-06,1.159117118731956e-06,8.702491716616398e-14,9.973953183362028e-07,0.008668327704071999,6.0413740872274275e-16
1385,development,dev_extension200,230,b23p00,23,1502023,0,surprise,outputs/study1_35f300_extension_v1/surprise/b23p00.wav,surprised,0.6623496413230896,surprised,0.6623496413230896,0.00038997927913442254,4.156055365456268e-05,0.00025227005244232714,0.3351547420024872,0.0006066476926207542,1.1773714225782328e-09,0.001205110689625144,0.6623496413230896,1.274472971601881e-09
1386,development,dev_extension200,231,b23p01,23,1502023,1,normal,outputs/study1_35f300_extension_v1/normal/b23p01.wav,sad,0.9999794960021973,neutral,1.4766360436624382e-05,3.842869773507118e-06,1.798448465706315e-07,7.948835332172166e-07,1.7044686728695524e-07,1.4766360436624382e-05,1.5362403571472782e-09,0.9999794960021973,6.877346550027141e-07,3.905723129898203e-14
1387,development,dev_extension200,231,b23p01,23,1502023,1,happy,outputs/study1_35f300_extension_v1/happy/b23p01.wav,happy,0.9941322207450867,happy,0.9941322207450867,8.491114726894011e-07,3.0068423484408413e-07,7.273735718626995e-06,0.9941322207450867,5.9450121625559404e-06,2.6310212689062418e-11,4.6132759052852634e-06,0.005848703905940056,2.1639023906061539e-10
1388,development,dev_extension200,231,b23p01,23,1502023,1,sad,outputs/study1_35f300_extension_v1/sad/b23p01.wav,sad,0.9999895095825195,sad,0.9999895095825195,6.798467921953488e-08,2.599843469397456e-07,4.7014204938022885e-06,1.3826620488543995e-06,3.0849435006530257e-06,8.297890374819872e-09,0.9999895095825195,1.0377647186032846e-06,1.444588892951515e-09
1389,development,dev_extension200,231,b23p01,23,1502023,1,calm,outputs/study1_35f300_extension_v1/calm/b23p01.wav,sad,1.0,,,5.516414547379611e-10,1.0505484482337124e-08,2.0604826289627454e-08,9.64815005666253e-10,5.34921440475955e-09,9.578195875326045e-11,1.0,9.933798228445312e-10,8.117480693007483e-17
1390,development,dev_extension200,231,b23p01,23,1502023,1,angry,outputs/study1_35f300_extension_v1/angry/b23p01.wav,sad,1.0,angry,5.605209629777619e-10,5.605209629777619e-10,1.0700107466732334e-08,1.9180475874236436e-08,4.68213079418689e-10,5.093606425532471e-09,2.479668900767784e-11,1.0,2.9339297658026453e-09,3.8074199800507765e-16
1391,development,dev_extension200,231,b23p01,23,1502023,1,surprise,outputs/study1_35f300_extension_v1/surprise/b23p01.wav,happy,0.9933465719223022,surprised,0.006630784831941128,1.07356777334644e-06,2.968643229905865e-06,1.0909916454693303e-05,0.9933465719223022,9.81491666607326e-07,6.830828958026558e-11,6.637708793277852e-06,0.006630784831941128,2.524722098051768e-10
1392,development,dev_extension200,232,b23p02,23,1502023,2,normal,outputs/study1_35f300_extension_v1/normal/b23p02.wav,happy,0.8723760843276978,neutral,0.11103076487779617,7.404001735267229e-06,1.841063567553647e-05,7.94186198618263e-05,0.8723760843276978,0.11103076487779617,2.433900476717099e-07,0.016166940331459045,0.0003206934779882431,1.1426244395096319e-09
1393,development,dev_extension200,232,b23p02,23,1502023,2,happy,outputs/study1_35f300_extension_v1/happy/b23p02.wav,happy,0.8526312112808228,happy,0.8526312112808228,3.399507841095328e-05,5.25064388057217e-05,0.01334322802722454,0.8526312112808228,0.05671737715601921,4.018527874904976e-07,0.01157261710613966,0.06564648449420929,2.1223754629318137e-06
1394,development,dev_extension200,232,b23p02,23,1502023,2,sad,outputs/study1_35f300_extension_v1/sad/b23p02.wav,sad,1.0,sad,1.0,5.195938622935825e-14,6.172172148377619e-12,4.805178390604459e-12,2.526567822146164e-13,1.9003197724177384e-13,3.690687722611701e-15,1.0,9.579824726459879e-14,2.3133421156874002e-27
1395,development,dev_extension200,232,b23p02,23,1502023,2,calm,outputs/study1_35f300_extension_v1/calm/b23p02.wav,sad,1.0,,,3.0795801464478245e-09,3.3949703048818947e-09,8.105477178332876e-09,2.5871811359934327e-08,4.981994816688484e-09,4.5206258181273995e-10,1.0,6.338632951852219e-10,3.261647408322327e-14
1396,development,dev_extension200,232,b23p02,23,1502023,2,angry,outputs/study1_35f300_extension_v1/angry/b23p02.wav,fearful,0.7260342240333557,angry,2.536586407586583e-06,2.536586407586583e-06,2.7546712999537704e-07,0.7260342240333557,2.93314933514921e-05,4.3889241396755097e-07,3.895644223872452e-12,3.6322326195659116e-05,0.2738969027996063,1.1890592677143985e-11
1397,development,dev_extension200,232,b23p02,23,1502023,2,surprise,outputs/study1_35f300_extension_v1/surprise/b23p02.wav,sad,0.9999994039535522,surprised,4.669423958603147e-08,1.1859302873062916e-08,5.012791604031008e-08,1.3948569232979935e-07,2.70005045877042e-07,1.1373921182666891e-07,1.1586256398743444e-09,0.9999994039535522,4.669423958603147e-08,8.773841896070333e-12
1398,development,dev_extension200,233,b23p03,23,1502023,3,normal,outputs/study1_35f300_extension_v1/normal/b23p03.wav,surprised,0.9999916553497314,neutral,8.809924345598574e-09,4.86874718319541e-09,1.8220437381089027e-09,2.9115858168893283e-08,8.180796612577979e-06,8.809924345598574e-09,6.761730531659729e-19,6.622692438895683e-08,0.9999916553497314,1.7359028370069607e-16
1399,development,dev_extension200,233,b23p03,23,1502023,3,happy,outputs/study1_35f300_extension_v1/happy/b23p03.wav,neutral,0.8203833103179932,happy,0.03950651362538338,9.725341078592464e-05,0.00010539545473875478,0.016910040751099586,0.03950651362538338,0.8203833103179932,1.5067571439431049e-06,0.08826472610235214,0.03472226858139038,8.974843694886658e-06
1400,development,dev_extension200,233,b23p03,23,1502023,3,sad,outputs/study1_35f300_extension_v1/sad/b23p03.wav,sad,1.0,sad,1.0,9.129085508374768e-12,3.533244877229613e-11,5.108314327095798e-10,2.5865011521464254e-11,1.5272776099362062e-11,4.462184135102347e-14,1.0,1.2388109982275353e-10,7.743640803098798e-21
1401,development,dev_extension200,233,b23p03,23,1502023,3,calm,outputs/study1_35f300_extension_v1/calm/b23p03.wav,sad,0.9999998807907104,,,1.081244538347903e-09,4.681132370620844e-09,8.026506570502079e-09,9.986825588725878e-09,1.1337323257976095e-07,7.396332157849628e-11,0.9999998807907104,2.1792760929173483e-09,9.858723199244156e-15
1402,development,dev_extension200,233,b23p03,23,1502023,3,angry,outputs/study1_35f300_extension_v1/angry/b23p03.wav,angry,1.0,angry,1.0,1.0,9.281950343964854e-14,2.355565803787503e-15,5.581825149661435e-13,3.730238232017846e-13,4.085014117387488e-16,2.9532164474294076e-12,1.5593159630265113e-13,5.041595408199909e-28
1403,development,dev_extension200,233,b23p03,23,1502023,3,surprise,outputs/study1_35f300_extension_v1/surprise/b23p03.wav,surprised,0.9993607401847839,surprised,0.9993607401847839,3.836752148345113e-05,4.656070814235136e-06,9.626397513784468e-05,5.1373353926464915e-05,5.569750555878272e-06,4.994943694769383e-12,0.00044308503856882453,0.9993607401847839,1.5475468684300608e-09
1404,development,dev_extension200,234,b23p04,23,1502023,4,normal,outputs/study1_35f300_extension_v1/normal/b23p04.wav,surprised,0.9189373850822449,neutral,2.267736999783665e-05,7.777865903335623e-06,1.0868130630115047e-05,0.000515154970344156,0.0794244334101677,2.267736999783665e-05,4.989864771376418e-11,0.001081686932593584,0.9189373850822449,3.425723316130558e-10
1405,development,dev_extension200,234,b23p04,23,1502023,4,happy,outputs/study1_35f300_extension_v1/happy/b23p04.wav,neutral,0.749448299407959,happy,0.005958748050034046,2.4787921574898064e-05,3.9346792618744075e-05,0.0013816741993650794,0.005958748050034046,0.749448299407959,2.142538058080845e-08,0.2138790339231491,0.02926805429160595,2.622704053933944e-09
1406,development,dev_extension200,234,b23p04,23,1502023,4,sad,outputs/study1_35f300_extension_v1/sad/b23p04.wav,sad,1.0,sad,1.0,1.8614916899584166e-11,8.861044342722835e-09,7.442289007286718e-09,8.832772013800394e-11,8.753076041756458e-11,1.0328205304888094e-11,1.0,1.5136425446371504e-10,3.4425602733231906e-19
1407,development,dev_extension200,234,b23p04,23,1502023,4,calm,outputs/study1_35f300_extension_v1/calm/b23p04.wav,neutral,0.9989686012268066,,,3.939658199669793e-07,5.79223694785469e-07,3.357520836289041e-05,7.472799552488141e-07,0.9989686012268066,1.0642459136178672e-09,0.0009795388905331492,1.662890826992225e-05,1.7770031973673994e-11
1408,development,dev_extension200,234,b23p04,23,1502023,4,angry,outputs/study1_35f300_extension_v1/angry/b23p04.wav,neutral,0.9974488615989685,angry,3.861305958707817e-05,3.861305958707817e-05,0.0002777082263492048,5.816602424602024e-05,0.00014178255514707416,0.9974488615989685,1.0662322438292904e-06,0.001831434783525765,0.00020197017875034362,3.892673987593298e-07
1409,development,dev_extension200,234,b23p04,23,1502023,4,surprise,outputs/study1_35f300_extension_v1/surprise/b23p04.wav,sad,0.9653680324554443,surprised,0.033966876566410065,0.00016845131176523864,1.7771469629224157e-06,0.00035093826591037214,0.00010774860857054591,3.632607331383042e-05,5.517740153671014e-10,0.9653680324554443,0.033966876566410065,1.0635738123543348e-10
1410,development,dev_extension200,235,b23p05,23,1502023,5,normal,outputs/study1_35f300_extension_v1/normal/b23p05.wav,sad,0.9999960660934448,neutral,3.596099304559175e-06,3.465730102902853e-08,1.5432601685461123e-07,1.47491945767797e-07,4.7082941989629035e-08,3.596099304559175e-06,1.2016778683232587e-09,0.9999960660934448,5.837534544639311e-08,1.1794880393559137e-12
1411,development,dev_extension200,235,b23p05,23,1502023,5,happy,outputs/study1_35f300_extension_v1/happy/b23p05.wav,sad,0.902151882648468,happy,0.0003180050407536328,4.954973974236054e-06,3.936051871278323e-05,0.0003088766534347087,0.0003180050407536328,0.09700290858745575,1.9424922470534511e-07,0.902151882648468,0.00017378754273522645,1.8181209315848434e-10
1412,development,dev_extension200,235,b23p05,23,1502023,5,sad,outputs/study1_35f300_extension_v1/sad/b23p05.wav,sad,1.0,sad,1.0,1.1026664303859235e-10,2.7915028066871628e-09,7.662366741101323e-09,3.8292291559827163e-10,6.643894878699541e-10,8.847030746883533e-12,1.0,7.633232934622924e-10,1.9012948211600804e-17
1413,development,dev_extension200,235,b23p05,23,1502023,5,calm,outputs/study1_35f300_extension_v1/calm/b23p05.wav,sad,0.9999202489852905,,,1.1378738662415344e-07,5.663487741003337e-07,5.455019618239021e-06,4.241135229676729e-06,5.3934960305923596e-05,1.1555503220961327e-09,0.9999202489852905,1.5453919331775978e-05,1.650720012069673e-11
1414,development,dev_extension200,235,b23p05,23,1502023,5,angry,outputs/study1_35f300_extension_v1/angry/b23p05.wav,angry,0.9999998807907104,angry,0.9999998807907104,0.9999998807907104,5.7399414110648195e-09,7.010754754510629e-10,9.612909224188115e-08,4.5843089324648645e-09,1.978110904243824e-11,5.703621575037232e-09,5.00288876992272e-08,4.944788425401963e-17
1415,development,dev_extension200,235,b23p05,23,1502023,5,surprise,outputs/study1_35f300_extension_v1/surprise/b23p05.wav,sad,0.9940033555030823,surprised,8.016526408027858e-05,0.0006362891872413456,0.0006100647733546793,0.0006184223457239568,0.003935121465474367,1.2794323993148282e-05,0.00010370298696216196,0.9940033555030823,8.016526408027858e-05,2.688865663458273e-08
1416,development,dev_extension200,236,b23p06,23,1502023,6,normal,outputs/study1_35f300_extension_v1/normal/b23p06.wav,sad,0.9999154806137085,neutral,4.838208405999467e-05,4.375648643417662e-07,1.0193305115535622e-06,1.2926230738230515e-05,1.0047067007690202e-05,4.838208405999467e-05,1.1807976818545285e-08,0.9999154806137085,1.1702893971232697e-05,4.4535602983231115e-10
1417,development,dev_extension200,236,b23p06,23,1502023,6,happy,outputs/study1_35f300_extension_v1/happy/b23p06.wav,happy,0.9995654225349426,happy,0.9995654225349426,3.907893244559091e-07,3.605396159400698e-06,7.262327471835306e-06,0.9995654225349426,5.925188816036098e-05,4.914646467568673e-09,4.928154521621764e-05,0.00031479622703045607,3.830955996875218e-09
1418,development,dev_extension200,236,b23p06,23,1502023,6,sad,outputs/study1_35f300_extension_v1/sad/b23p06.wav,sad,0.9999973773956299,sad,0.9999973773956299,3.6363687172524806e-07,1.5066257219586987e-07,5.660144779540133e-07,8.856281965563539e-07,4.979996788279095e-07,1.8599067175273376e-08,0.9999973773956299,1.0371788050633768e-07,5.352266893576818e-11
1419,development,dev_extension200,236,b23p06,23,1502023,6,calm,outputs/study1_35f300_extension_v1/calm/b23p06.wav,sad,0.6304742693901062,,,0.00012769507884513587,0.00031313218642026186,0.0008153517264872789,0.07037608325481415,0.21443651616573334,1.3415697708296648e-07,0.6304742693901062,0.0834566280245781,2.952465649741498e-07
1420,development,dev_extension200,236,b23p06,23,1502023,6,angry,outputs/study1_35f300_extension_v1/angry/b23p06.wav,angry,0.9999862909317017,angry,0.9999862909317017,0.9999862909317017,3.011395506291592e-07,1.1806623234633662e-07,8.330861419381108e-06,3.0255293381742376e-07,3.4078018185113024e-09,8.248921972153767e-07,3.817378001258476e-06,9.511913826032448e-13
1421,development,dev_extension200,236,b23p06,23,1502023,6,surprise,outputs/study1_35f300_extension_v1/surprise/b23p06.wav,surprised,0.9822545647621155,surprised,0.9822545647621155,0.013459498062729836,4.700232238974422e-05,0.00014744119835086167,0.002746144775301218,4.042497675982304e-05,5.478004716508167e-10,0.00130498968064785,0.9822545647621155,1.6210943698524716e-09
1422,development,dev_extension200,237,b23p07,23,1502023,7,normal,outputs/study1_35f300_extension_v1/normal/b23p07.wav,angry,0.5339895486831665,neutral,0.2781333327293396,0.5339895486831665,0.01117531768977642,0.003286659251898527,0.04672520235180855,0.2781333327293396,0.0003168793919030577,0.10612291842699051,0.020238429307937622,1.170701489172643e-05
1423,development,dev_extension200,237,b23p07,23,1502023,7,happy,outputs/study1_35f300_extension_v1/happy/b23p07.wav,sad,0.9999969005584717,happy,1.3800908504890685e-07,2.840061164022245e-08,3.098790841704613e-07,1.3762470416622818e-06,1.3800908504890685e-07,9.859486453933641e-07,1.4980694018618124e-08,0.9999969005584717,8.307537058271919e-08,3.270290149792743e-10
1424,development,dev_extension200,237,b23p07,23,1502023,7,sad,outputs/study1_35f300_extension_v1/sad/b23p07.wav,sad,0.9862862229347229,sad,0.9862862229347229,1.0148286833100428e-07,1.3724785752344815e-08,8.955098564911168e-06,0.0003301378746982664,0.013269735500216484,1.7155775064447987e-11,0.9862862229347229,0.00010491564171388745,7.292336400599214e-16
1425,development,dev_extension200,237,b23p07,23,1502023,7,calm,outputs/study1_35f300_extension_v1/calm/b23p07.wav,sad,0.7120025753974915,,,7.575050403829664e-05,1.9371178495930508e-05,0.018596170470118523,0.0028505630325526,0.010360825806856155,1.9818758190126573e-08,0.7120025753974915,0.2560946047306061,4.642909345875523e-08
1426,development,dev_extension200,237,b23p07,23,1502023,7,angry,outputs/study1_35f300_extension_v1/angry/b23p07.wav,angry,0.9999997615814209,angry,0.9999997615814209,0.9999997615814209,1.0102945147139053e-08,9.549249169182872e-10,7.596636208972996e-08,4.358171157292645e-09,8.024887178381679e-12,2.3481094402200142e-08,1.5194368074844533e-07,9.713417324268306e-18
1427,development,dev_extension200,237,b23p07,23,1502023,7,surprise,outputs/study1_35f300_extension_v1/surprise/b23p07.wav,surprised,0.9334357380867004,surprised,0.9334357380867004,0.0003367183671798557,0.0005439696833491325,0.001975793158635497,0.002461902564391494,0.02369283325970173,2.0526975674783898e-08,0.03755195066332817,0.9334357380867004,9.28662188925955e-07
1428,development,dev_extension200,238,b23p08,23,1502023,8,normal,outputs/study1_35f300_extension_v1/normal/b23p08.wav,sad,0.999993085861206,neutral,5.038913286625757e-07,1.6622141885136443e-08,7.689124004173209e-08,2.4345561087102396e-06,3.3039461868611397e-06,5.038913286625757e-07,1.7236712057666637e-09,0.999993085861206,6.657705284851545e-07,8.055400790851763e-11
1429,development,dev_extension200,238,b23p08,23,1502023,8,happy,outputs/study1_35f300_extension_v1/happy/b23p08.wav,happy,0.9996240139007568,happy,0.9996240139007568,6.61349588426674e-07,3.266302519477904e-05,2.108627995767165e-05,0.9996240139007568,6.446490488087875e-07,1.983497277535662e-08,6.66172563796863e-05,0.00025427210493944585,1.139152683293787e-08
1430,development,dev_extension200,238,b23p08,23,1502023,8,sad,outputs/study1_35f300_extension_v1/sad/b23p08.wav,sad,0.9999815225601196,sad,0.9999815225601196,9.910509106703103e-06,9.089569061870861e-07,2.0032409793202532e-06,1.0069604741147486e-06,8.831514719531697e-07,9.174454085325578e-09,0.9999815225601196,3.6631765851780074e-06,2.4596883557714833e-11
1431,development,dev_extension200,238,b23p08,23,1502023,8,calm,outputs/study1_35f300_extension_v1/calm/b23p08.wav,sad,0.9999997615814209,,,5.416171067196274e-09,7.528898038344778e-08,8.266306394943967e-08,4.819687315915644e-09,3.1725051030662144e-08,3.029798356646296e-10,0.9999997615814209,1.98953316044026e-08,7.222655362248281e-14
1432,development,dev_extension200,238,b23p08,23,1502023,8,angry,outputs/study1_35f300_extension_v1/angry/b23p08.wav,angry,1.0,angry,1.0,1.0,2.3445977798131068e-11,9.048815841593283e-13,3.280532095972788e-11,4.044600765418238e-11,4.72334844847655e-13,9.206522211258061e-10,4.691906151793601e-12,4.521766485944944e-24
1433,development,dev_extension200,238,b23p08,23,1502023,8,surprise,outputs/study1_35f300_extension_v1/surprise/b23p08.wav,sad,0.7331308722496033,surprised,0.2646239697933197,0.0001351933751720935,0.00047620339319109917,0.001381410052999854,0.00015407794853672385,9.828137990552932e-05,6.810965569314931e-09,0.7331308722496033,0.2646239697933197,7.372452870413326e-08
1434,development,dev_extension200,239,b23p09,23,1502023,9,normal,outputs/study1_35f300_extension_v1/normal/b23p09.wav,neutral,0.9989689588546753,neutral,0.9989689588546753,1.5029213500383776e-06,5.989650162518956e-07,1.4653792277385946e-05,3.6415069644135656e-06,0.9989689588546753,5.717941745086996e-11,3.793480937019922e-05,0.0009725802228786051,5.481879394864109e-09
1435,development,dev_extension200,239,b23p09,23,1502023,9,happy,outputs/study1_35f300_extension_v1/happy/b23p09.wav,happy,0.9999878406524658,happy,0.9999878406524658,1.1454789472509219e-07,3.240060095777153e-07,2.620409986775485e-07,0.9999878406524658,1.1173624869798005e-07,7.083562625354034e-10,3.031287008070649e-07,1.1018128134310246e-05,9.718386984047811e-09
1436,development,dev_extension200,239,b23p09,23,1502023,9,sad,outputs/study1_35f300_extension_v1/sad/b23p09.wav,sad,0.9999964237213135,sad,0.9999964237213135,4.558344812721771e-09,4.652308405184158e-07,3.0766530016990146e-06,7.587310335566144e-09,4.40458087780371e-08,7.479489916306648e-09,0.9999964237213135,2.0471015105272272e-08,2.524757204518113e-13
1437,development,dev_extension200,239,b23p09,23,1502023,9,calm,outputs/study1_35f300_extension_v1/calm/b23p09.wav,sad,1.0,,,4.561638011768565e-10,1.524113990569731e-08,2.3039145702341557e-08,3.970187789636981e-10,3.327610853531837e-09,1.0641763859009501e-10,1.0,8.025860531724049e-10,2.4304496043740917e-16
1438,development,dev_extension200,239,b23p09,23,1502023,9,angry,outputs/study1_35f300_extension_v1/angry/b23p09.wav,surprised,0.999809205532074,angry,3.697311331052333e-05,3.697311331052333e-05,1.8860153261357482e-07,1.3816693353874143e-06,0.00014566780009772629,5.10319523527869e-07,2.1634954502284913e-14,6.03136868448928e-06,0.999809205532074,3.923914578679577e-12
1439,development,dev_extension200,239,b23p09,23,1502023,9,surprise,outputs/study1_35f300_extension_v1/surprise/b23p09.wav,surprised,0.9996981620788574,surprised,0.9996981620788574,2.0659417714341544e-06,2.5199904030159814e-07,8.597528358222917e-05,5.198883809498511e-05,1.2434240943548502e-06,1.5264104270915763e-13,0.00016041460912674665,0.9996981620788574,3.01378470790592e-11
1440,development,dev_extension200,240,b24p00,24,1502024,0,normal,outputs/study1_35f300_extension_v1/normal/b24p00.wav,sad,0.9991298317909241,neutral,0.0005936090019531548,7.00941768627672e-07,2.309925775989541e-06,8.981642167782411e-06,0.00024588353699073195,0.0005936090019531548,2.0324904426161083e-08,0.9991298317909241,1.864766818471253e-05,1.1091687290853969e-10
1441,development,dev_extension200,240,b24p00,24,1502024,0,happy,outputs/study1_35f300_extension_v1/happy/b24p00.wav,happy,0.999992847442627,happy,0.999992847442627,5.063184538300902e-09,8.528758144166204e-09,4.2870592409371966e-08,0.999992847442627,2.031493018250785e-08,5.24879835775427e-12,5.0689948238868965e-08,6.974176812946098e-06,9.650193144583596e-11
1442,development,dev_extension200,240,b24p00,24,1502024,0,sad,outputs/study1_35f300_extension_v1/sad/b24p00.wav,sad,1.0,sad,1.0,5.89197995948254e-11,2.953733702071304e-09,6.179154965479938e-09,5.529350310951031e-10,5.046048023871208e-10,3.57137722173384e-11,1.0,1.8964194103965326e-10,2.020216327895563e-16
1443,development,dev_extension200,240,b24p00,24,1502024,0,calm,outputs/study1_35f300_extension_v1/calm/b24p00.wav,sad,1.0,,,1.2260135615060896e-11,2.573633806068898e-10,5.655035884011284e-10,6.7734416166198574e-12,2.5598169417495598e-11,2.2878902006424895e-13,1.0,4.997741109846743e-11,1.2659683427839413e-20
1444,development,dev_extension200,240,b24p00,24,1502024,0,angry,outputs/study1_35f300_extension_v1/angry/b24p00.wav,surprised,0.9164764285087585,angry,0.0017910917522385716,0.0017910917522385716,0.00017625124019104987,0.028170563280582428,0.00042618424049578607,2.239573950646445e-05,9.48360590058428e-09,0.05293707922101021,0.9164764285087585,1.49667211957194e-08
1445,development,dev_extension200,240,b24p00,24,1502024,0,surprise,outputs/study1_35f300_extension_v1/surprise/b24p00.wav,sad,0.9999508857727051,surprised,7.154655122576514e-06,3.7336607761062623e-07,7.958255991979968e-07,4.497536792769097e-06,1.2504076039476786e-05,2.3754446374368854e-05,7.894328746260726e-09,0.9999508857727051,7.154655122576514e-06,2.5920102175724935e-10
1446,development,dev_extension200,241,b24p01,24,1502024,1,normal,outputs/study1_35f300_extension_v1/normal/b24p01.wav,sad,1.0,neutral,7.735313500845109e-10,1.1083258616428893e-10,2.2438397806467947e-09,7.106369936948909e-10,1.0637949549030523e-10,7.735313500845109e-10,1.6274632683166423e-11,1.0,5.7514538270853066e-11,8.008105909332047e-18
1447,development,dev_extension200,241,b24p01,24,1502024,1,happy,outputs/study1_35f300_extension_v1/happy/b24p01.wav,sad,0.9906504154205322,happy,0.008864564821124077,5.674028784596885e-07,1.1954025467275642e-06,0.0004144300182815641,0.008864564821124077,4.7396531499543926e-07,9.917297205674913e-09,0.9906504154205322,6.838209083070979e-05,1.2926329928317215e-12
1448,development,dev_extension200,241,b24p01,24,1502024,1,sad,outputs/study1_35f300_extension_v1/sad/b24p01.wav,sad,0.9999734163284302,sad,0.9999734163284302,2.762785982213245e-07,9.954469533113297e-07,2.8056581413693493e-06,1.693971398708527e-06,1.87743626156589e-05,1.0913625558828244e-08,0.9999734163284302,1.9413032532611396e-06,2.653001429653301e-10
1449,development,dev_extension200,241,b24p01,24,1502024,1,calm,outputs/study1_35f300_extension_v1/calm/b24p01.wav,sad,1.0,,,1.7261464480000654e-10,9.985335891471436e-10,6.790470963302653e-10,6.142207853443438e-10,1.3133747422955366e-08,1.3559400130480626e-11,1.0,1.204561866918752e-10,1.7827461412702877e-16
1450,development,dev_extension200,241,b24p01,24,1502024,1,angry,outputs/study1_35f300_extension_v1/angry/b24p01.wav,angry,1.0,angry,1.0,1.0,8.773893612513961e-13,7.486876786935714e-14,8.256585519450521e-12,2.72776089910165e-11,7.873684546694758e-15,6.415354358857428e-11,5.286976585694436e-12,4.1424001211805386e-24
1451,development,dev_extension200,241,b24p01,24,1502024,1,surprise,outputs/study1_35f300_extension_v1/surprise/b24p01.wav,surprised,0.944216787815094,surprised,0.944216787815094,0.02083987556397915,0.0010414975695312023,0.001182909356430173,0.0007216954254545271,4.7312041715485975e-05,1.4748628984762036e-08,0.03194981440901756,0.944216787815094,2.7499883259451963e-08
1452,development,dev_extension200,242,b24p02,24,1502024,2,normal,outputs/study1_35f300_extension_v1/normal/b24p02.wav,happy,1.0,neutral,2.1299660646345586e-10,7.860661427327997e-11,6.069378777340262e-09,4.3704817542788987e-10,1.0,2.1299660646345586e-10,4.111819391916516e-12,1.2223885237361287e-09,1.2391193848770854e-08,1.1607125850743305e-12
1453,development,dev_extension200,242,b24p02,24,1502024,2,happy,outputs/study1_35f300_extension_v1/happy/b24p02.wav,happy,0.9966878294944763,happy,0.9966878294944763,3.033022153431375e-07,1.0319736247765832e-06,1.0164651939703617e-05,0.9966878294944763,3.4822750194507535e-07,3.4640307983169194e-11,1.4176242075336631e-05,0.0032861256040632725,6.76187369985648e-11
1454,development,dev_extension200,242,b24p02,24,1502024,2,sad,outputs/study1_35f300_extension_v1/sad/b24p02.wav,happy,0.5198922753334045,sad,0.031251270323991776,0.00014674675185233355,6.944199412828311e-05,0.004396751057356596,0.5198922753334045,0.0015671493019908667,2.2575633806809492e-08,0.031251270323991776,0.4426763653755188,2.6501792760313947e-08
1455,development,dev_extension200,242,b24p02,24,1502024,2,calm,outputs/study1_35f300_extension_v1/calm/b24p02.wav,sad,0.9631253480911255,,,7.491783617297187e-05,0.00010018690954893827,0.0007235347293317318,0.0034202218521386385,0.0033515109680593014,1.0006081652136345e-07,0.9631253480911255,0.029203247278928757,9.167270604848454e-07
1456,development,dev_extension200,242,b24p02,24,1502024,2,angry,outputs/study1_35f300_extension_v1/angry/b24p02.wav,happy,0.7828044295310974,angry,0.006699340417981148,0.006699340417981148,3.7672361941076815e-05,0.002076311968266964,0.7828044295310974,3.751504118554294e-05,3.57040406129272e-08,0.007283426821231842,0.20106126368045807,1.3060081904825438e-09
1457,development,dev_extension200,242,b24p02,24,1502024,2,surprise,outputs/study1_35f300_extension_v1/surprise/b24p02.wav,happy,0.9993873834609985,surprised,8.426229032920673e-05,0.00012231210712343454,3.616445974330418e-05,2.7999189114780165e-05,0.9993873834609985,0.00012983378837816417,3.91177036362933e-06,0.00020484125707298517,8.426229032920673e-05,3.3288040413026465e-06
1458,development,dev_extension200,243,b24p03,24,1502024,3,normal,outputs/study1_35f300_extension_v1/normal/b24p03.wav,sad,0.9999852180480957,neutral,1.349025524177705e-06,1.039883912312689e-07,1.7421803022443783e-07,9.231409421772696e-06,1.1878072427862207e-06,1.349025524177705e-06,3.6699439043275106e-09,0.9999852180480957,2.7847358978760894e-06,8.11664624400521e-10
1459,development,dev_extension200,243,b24p03,24,1502024,3,happy,outputs/study1_35f300_extension_v1/happy/b24p03.wav,happy,1.0,happy,1.0,3.6776040546193656e-11,2.939014032143916e-10,1.2682296879340527e-10,1.0,2.1717013604094504e-11,1.4973168104698287e-12,3.6382424850600614e-10,2.6614970227711865e-09,1.6346020674171124e-12
1460,development,dev_extension200,243,b24p03,24,1502024,3,sad,outputs/study1_35f300_extension_v1/sad/b24p03.wav,sad,0.9999996423721313,sad,0.9999996423721313,1.2991119291427822e-10,4.106927775637814e-08,4.1513564497108746e-07,2.1953248108275147e-09,9.462942651694561e-10,2.7129995472385815e-10,0.9999996423721313,1.6560186555381051e-09,4.4065155310341064e-17
1461,development,dev_extension200,243,b24p03,24,1502024,3,calm,outputs/study1_35f300_extension_v1/calm/b24p03.wav,sad,0.8888443112373352,,,0.11091212183237076,9.204596267409215e-07,0.00016033028077799827,2.196048262703698e-05,3.1530930755252484e-06,4.496882155535786e-08,0.8888443112373352,5.717722888221033e-05,9.453874484741543e-15
1462,development,dev_extension200,243,b24p03,24,1502024,3,angry,outputs/study1_35f300_extension_v1/angry/b24p03.wav,sad,0.49320515990257263,angry,0.35892990231513977,0.35892990231513977,0.0006489675142802298,0.000184390097274445,0.022262532263994217,0.11088281124830246,0.013870706781744957,0.49320515990257263,1.545612576592248e-05,8.298756881686131e-08
1463,development,dev_extension200,243,b24p03,24,1502024,3,surprise,outputs/study1_35f300_extension_v1/surprise/b24p03.wav,neutral,0.7532418966293335,surprised,0.21517933905124664,0.0027068350464105606,2.4770464733592235e-05,0.00033922045258805156,0.006151041481643915,0.7532418966293335,5.01908825611963e-09,0.02235686592757702,0.21517933905124664,7.713981675649961e-10
1464,development,dev_extension200,244,b24p04,24,1502024,4,normal,outputs/study1_35f300_extension_v1/normal/b24p04.wav,sad,0.9999985694885254,neutral,7.78847038418462e-07,1.5377072060118735e-08,4.520331131629973e-08,3.144363631690794e-07,3.309365936843278e-08,7.78847038418462e-07,2.596072523619597e-10,0.9999985694885254,1.4558224847860401e-07,9.104670142812132e-13
1465,development,dev_extension200,244,b24p04,24,1502024,4,happy,outputs/study1_35f300_extension_v1/happy/b24p04.wav,sad,0.9980815649032593,happy,1.7674856280791573e-05,2.4828304958646186e-06,3.2067538995761424e-05,0.0015792809426784515,1.7674856280791573e-05,3.695651230373187e-06,1.167219707554068e-07,0.9980815649032593,0.0002831234014593065,4.525135821609183e-08
1466,development,dev_extension200,244,b24p04,24,1502024,4,sad,outputs/study1_35f300_extension_v1/sad/b24p04.wav,sad,0.9993977546691895,sad,0.9993977546691895,1.8482396058061568e-07,1.27374462977059e-07,0.000593075470533222,1.3559690614783904e-07,5.099202553537907e-07,8.413246765925919e-10,0.9993977546691895,8.205370249925181e-06,1.4413710025876214e-12
1467,development,dev_extension200,244,b24p04,24,1502024,4,calm,outputs/study1_35f300_extension_v1/calm/b24p04.wav,sad,0.9999967813491821,,,4.2710772163445654e-07,8.681697494239415e-08,7.054297270769894e-07,9.975529025041396e-08,3.631539016168972e-07,3.8696940096727417e-10,0.9999967813491821,1.4948226407796028e-06,4.533714549614931e-12
1468,development,dev_extension200,244,b24p04,24,1502024,4,angry,outputs/study1_35f300_extension_v1/angry/b24p04.wav,angry,0.9724211096763611,angry,0.9724211096763611,0.9724211096763611,7.2302623266295996e-06,4.8378748033428565e-05,6.484172627096996e-05,6.117738394095795e-06,5.934577829158627e-10,2.0913657863275148e-05,0.027431389316916466,7.060425161187212e-11
1469,development,dev_extension200,244,b24p04,24,1502024,4,surprise,outputs/study1_35f300_extension_v1/surprise/b24p04.wav,happy,0.7510455250740051,surprised,0.23693744838237762,0.002125986386090517,0.00011900236131623387,0.004921758081763983,0.7510455250740051,9.10842209123075e-05,1.1277833777967317e-07,0.004759116563946009,0.23693744838237762,2.3780831526210022e-08
1470,development,dev_extension200,245,b24p05,24,1502024,5,normal,outputs/study1_35f300_extension_v1/normal/b24p05.wav,neutral,1.0,neutral,1.0,2.37681727598138e-12,4.2700394544022136e-13,3.852026933103686e-13,1.7366463085297101e-12,1.0,2.2162369307771696e-15,1.5819268117667207e-10,1.9044927310543636e-13,1.15482178670403e-18
1471,development,dev_extension200,245,b24p05,24,1502024,5,happy,outputs/study1_35f300_extension_v1/happy/b24p05.wav,sad,0.999666690826416,happy,8.128879017021973e-06,9.805135050555691e-07,2.1914643184572924e-06,0.0002392106835031882,8.128879017021973e-06,1.1603873645071872e-05,3.5721061664162335e-08,0.999666690826416,7.09405358065851e-05,2.2726062809397263e-07
1472,development,dev_extension200,245,b24p05,24,1502024,5,sad,outputs/study1_35f300_extension_v1/sad/b24p05.wav,sad,1.0,sad,1.0,1.4121102724640178e-11,7.758265141433185e-09,9.645119369849908e-09,6.864067647605054e-11,4.171080494885793e-11,4.727731227338605e-12,1.0,6.846664207804665e-11,3.2470085994192226e-23
1473,development,dev_extension200,245,b24p05,24,1502024,5,calm,outputs/study1_35f300_extension_v1/calm/b24p05.wav,happy,0.9645624756813049,,,4.789620652445592e-05,0.00011407411511754617,0.0003808999608736485,0.9645624756813049,0.003205362008884549,1.0094503721802539e-07,0.004418641794472933,0.02727038972079754,1.702089207356039e-07
1474,development,dev_extension200,245,b24p05,24,1502024,5,angry,outputs/study1_35f300_extension_v1/angry/b24p05.wav,angry,1.0,angry,1.0,1.0,1.1761034854340657e-11,9.994447760716674e-13,4.9672446711390705e-11,4.0947464863272387e-10,2.754442724253736e-13,1.2731236065377516e-09,3.134379908398266e-11,3.1354404307341473e-21
1475,development,dev_extension200,245,b24p05,24,1502024,5,surprise,outputs/study1_35f300_extension_v1/surprise/b24p05.wav,surprised,0.7571977376937866,surprised,0.7571977376937866,0.003997433464974165,0.00017977792595047504,0.0015239935601130128,0.23290468752384186,0.00013648573076352477,2.1836390473595202e-08,0.00405991543084383,0.7571977376937866,4.868904568411381e-08
1476,development,dev_extension200,246,b24p06,24,1502024,6,normal,outputs/study1_35f300_extension_v1/normal/b24p06.wav,sad,0.9198129773139954,neutral,0.07955630868673325,1.1739093679352663e-05,2.4847751774359494e-05,0.00025405542692169547,0.00019883993081748486,0.07955630868673325,1.7726939915974071e-07,0.9198129773139954,0.00014108215691521764,2.1932630711596346e-10
1477,development,dev_extension200,246,b24p06,24,1502024,6,happy,outputs/study1_35f300_extension_v1/happy/b24p06.wav,happy,0.9062153697013855,happy,0.9062153697013855,2.8398360882420093e-05,5.09812671225518e-05,0.0008109610644169152,0.9062153697013855,0.01017255149781704,2.8776067750868606e-08,0.0010995500488206744,0.08162195980548859,2.3708693674961978e-07
1478,development,dev_extension200,246,b24p06,24,1502024,6,sad,outputs/study1_35f300_extension_v1/sad/b24p06.wav,sad,0.9561931490898132,sad,0.9561931490898132,0.000339698075549677,1.783019251888618e-05,0.04331138730049133,3.5677614505402744e-05,1.9234556020819582e-05,1.7728187231114134e-05,0.9561931490898132,6.532583211082965e-05,2.9465851980603475e-08
1479,development,dev_extension200,246,b24p06,24,1502024,6,calm,outputs/study1_35f300_extension_v1/calm/b24p06.wav,sad,0.999994158744812,,,5.049720996908036e-08,3.4874119592132047e-07,1.4505865237879334e-06,1.2845554238083423e-06,2.3934542241477175e-06,1.824929185545443e-08,0.999994158744812,2.2243237651764503e-07,1.015965866990598e-09
1480,development,dev_extension200,246,b24p06,24,1502024,6,angry,outputs/study1_35f300_extension_v1/angry/b24p06.wav,angry,1.0,angry,1.0,1.0,1.0942125772627452e-14,2.8189407362366845e-16,1.0212600350893025e-13,1.2348741549716297e-13,2.581579406580021e-17,4.121679668574185e-13,4.272717433768253e-14,4.8941626422474604e-30
1481,development,dev_extension200,246,b24p06,24,1502024,6,surprise,outputs/study1_35f300_extension_v1/surprise/b24p06.wav,angry,0.9999979734420776,surprised,1.0250327697747252e-08,0.9999979734420776,4.730308589273591e-09,2.121595343851368e-08,1.3625238182157773e-07,1.1294948087936518e-08,2.6358530913483946e-09,1.9136423361487687e-06,1.0250327697747252e-08,1.2812876810702669e-15
1482,development,dev_extension200,247,b24p07,24,1502024,7,normal,outputs/study1_35f300_extension_v1/normal/b24p07.wav,happy,0.9999915361404419,neutral,3.7064347679915954e-07,7.919278566248522e-09,1.896694712399949e-08,1.0861374022397285e-07,0.9999915361404419,3.7064347679915954e-07,2.9494885700476203e-11,5.7121887664379756e-08,7.850343536119908e-06,1.6850891793041e-09
1483,development,dev_extension200,247,b24p07,24,1502024,7,happy,outputs/study1_35f300_extension_v1/happy/b24p07.wav,happy,0.556649923324585,happy,0.556649923324585,3.83863334718626e-05,3.23292551911436e-05,0.000842573179397732,0.556649923324585,5.753691220888868e-05,8.555375852203895e-10,0.0010944671230390668,0.44128477573394775,6.773955840699841e-10
1484,development,dev_extension200,247,b24p07,24,1502024,7,sad,outputs/study1_35f300_extension_v1/sad/b24p07.wav,sad,0.9999910593032837,sad,0.9999910593032837,2.6347253267999804e-08,5.058696501691884e-07,7.652035492355935e-06,3.4731840514723444e-08,5.241628855401359e-07,1.7753606584847148e-08,0.9999910593032837,1.1281785106120878e-07,1.2172167440649417e-10
1485,development,dev_extension200,247,b24p07,24,1502024,7,calm,outputs/study1_35f300_extension_v1/calm/b24p07.wav,sad,1.0,,,7.562851386810898e-12,9.523912769537901e-10,1.138259819732923e-09,8.053289285436804e-11,8.310640370323696e-11,1.0836792617777147e-12,1.0,1.081745318320948e-10,1.2542831726295366e-19
1486,development,dev_extension200,247,b24p07,24,1502024,7,angry,outputs/study1_35f300_extension_v1/angry/b24p07.wav,angry,0.7793134450912476,angry,0.7793134450912476,0.7793134450912476,0.0021329252049326897,0.01507207378745079,0.0006738040247000754,6.65830448269844e-05,3.196074203515309e-06,0.13371722400188446,0.06902068108320236,1.40874165666105e-08
1487,development,dev_extension200,247,b24p07,24,1502024,7,surprise,outputs/study1_35f300_extension_v1/surprise/b24p07.wav,sad,0.9999740123748779,surprised,5.802201485494152e-06,1.909297253632758e-07,3.8539670299542195e-07,3.258146989537636e-06,6.001791916787624e-07,1.581916876602918e-05,1.1632595997568274e-09,0.9999740123748779,5.802201485494152e-06,2.7984161862781853e-11
1488,development,dev_extension200,248,b24p08,24,1502024,8,normal,outputs/study1_35f300_extension_v1/normal/b24p08.wav,sad,0.9999079704284668,neutral,8.352073200512677e-05,2.5873650884022936e-06,9.464557848559707e-08,7.830415711396199e-07,3.447555855018436e-06,8.352073200512677e-05,8.850850052866122e-10,0.9999079704284668,1.6357571439584717e-06,1.3382832575415879e-14
1489,development,dev_extension200,248,b24p08,24,1502024,8,happy,outputs/study1_35f300_extension_v1/happy/b24p08.wav,happy,0.8289482593536377,happy,0.8289482593536377,0.0002340285136597231,0.0014525777660310268,0.000601264531724155,0.8289482593536377,1.8504097170080058e-05,4.293405808653006e-08,0.00037205801345407963,0.16837313771247864,1.3961630429548677e-07
1490,development,dev_extension200,248,b24p08,24,1502024,8,sad,outputs/study1_35f300_extension_v1/sad/b24p08.wav,sad,0.999993085861206,sad,0.999993085861206,2.49754905645716e-09,1.7832667253969703e-06,5.137260814080946e-06,7.758300668569973e-09,1.627991608188495e-08,3.5799374131784134e-08,0.999993085861206,5.4533901838738075e-09,2.738607104491638e-14
1491,development,dev_extension200,248,b24p08,24,1502024,8,calm,outputs/study1_35f300_extension_v1/calm/b24p08.wav,sad,0.9999942779541016,,,7.614728758653655e-08,4.603915897405386e-07,1.8770751921692863e-06,1.200220708597044e-06,1.6693156794644892e-06,1.6903449306937546e-08,0.9999942779541016,3.9900226056488464e-07,1.2523675430031744e-09
1492,development,dev_extension200,248,b24p08,24,1502024,8,angry,outputs/study1_35f300_extension_v1/angry/b24p08.wav,angry,1.0,angry,1.0,1.0,1.447730477166509e-11,1.695708352379699e-12,8.402944312591032e-11,5.270869504747644e-11,5.328704599967538e-13,1.7035073351934216e-09,1.753050829500502e-11,1.0509944615339054e-21
1493,development,dev_extension200,248,b24p08,24,1502024,8,surprise,outputs/study1_35f300_extension_v1/surprise/b24p08.wav,sad,0.9999998807907104,surprised,4.966453914789781e-09,8.651222849209717e-09,3.7403644626010646e-08,2.5639007361633048e-08,5.155024407343944e-09,1.1722647741407854e-07,4.33977132008323e-10,0.9999998807907104,4.966453914789781e-09,4.873522307827054e-14
1494,development,dev_extension200,249,b24p09,24,1502024,9,normal,outputs/study1_35f300_extension_v1/normal/b24p09.wav,neutral,0.999988317489624,neutral,0.999988317489624,9.180962479149457e-08,2.0853561011335842e-07,4.59427440091531e-07,6.607166938010778e-07,0.999988317489624,1.1497367502499856e-09,9.727717042551376e-06,5.081200242784689e-07,4.539004283543591e-09
1495,development,dev_extension200,249,b24p09,24,1502024,9,happy,outputs/study1_35f300_extension_v1/happy/b24p09.wav,sad,0.999987006187439,happy,6.292692432907643e-06,7.132706425494462e-09,1.264859061933521e-08,5.205459530088774e-08,6.292692432907643e-06,6.625795322179329e-06,1.941370120217556e-10,0.999987006187439,6.293561938264247e-08,6.467176596900099e-15
1496,development,dev_extension200,249,b24p09,24,1502024,9,sad,outputs/study1_35f300_extension_v1/sad/b24p09.wav,sad,0.9999997615814209,sad,0.9999997615814209,7.439753674232108e-11,6.656368611857033e-08,1.4002421266923193e-07,3.126725822699683e-10,4.4485021222229193e-10,2.2946497479914285e-10,0.9999997615814209,3.343232635177884e-10,3.725904788298636e-18
1497,development,dev_extension200,249,b24p09,24,1502024,9,calm,outputs/study1_35f300_extension_v1/calm/b24p09.wav,sad,0.9872144460678101,,,6.4769183154567145e-06,8.457917829218786e-06,0.00014787483087275177,4.7419580369023606e-05,1.2695613804680761e-05,7.144321245711183e-10,0.9872144460678101,0.012562560848891735,6.381110750908192e-09
1498,development,dev_extension200,249,b24p09,24,1502024,9,angry,outputs/study1_35f300_extension_v1/angry/b24p09.wav,surprised,0.806556224822998,angry,4.818601155420765e-05,4.818601155420765e-05,2.4904769816203043e-05,0.09640374779701233,0.005871313624083996,9.760352986631915e-05,4.34515490255194e-09,0.09099802374839783,0.806556224822998,4.010189069703074e-09
1499,development,dev_extension200,249,b24p09,24,1502024,9,surprise,outputs/study1_35f300_extension_v1/surprise/b24p09.wav,sad,0.9999992847442627,surprised,4.1048355825523686e-08,4.21939594374976e-09,2.9571376458648047e-08,1.1736288030306241e-07,8.349621793968254e-08,4.458419482489262e-07,3.8822492443024714e-10,0.9999992847442627,4.1048355825523686e-08,2.07400112708922e-12
1500,development,dev_extension200,250,b25p00,25,1502025,0,normal,outputs/study1_35f300_extension_v1/normal/b25p00.wav,happy,0.9633932709693909,neutral,4.754517249239143e-06,5.113749466545414e-06,1.2451970178517513e-05,6.528485391754657e-05,0.9633932709693909,4.754517249239143e-06,3.073888643623235e-10,9.829997725319117e-05,0.036420926451683044,2.987383951325029e-10
1501,development,dev_extension200,250,b25p00,25,1502025,0,happy,outputs/study1_35f300_extension_v1/happy/b25p00.wav,happy,0.9934154748916626,happy,0.9934154748916626,4.3962677409581374e-07,4.462271760985459e-07,5.625221092486754e-06,0.9934154748916626,7.041246021799452e-07,6.6610224280783115e-12,3.866780843964079e-06,0.006573405582457781,5.451156886993047e-12
1502,development,dev_extension200,250,b25p00,25,1502025,0,sad,outputs/study1_35f300_extension_v1/sad/b25p00.wav,sad,1.0,sad,1.0,1.2339583799203524e-09,2.4225961681167973e-08,5.3783640652227405e-08,5.002037894996647e-09,1.2177048702710636e-08,7.124352219278762e-10,1.0,2.054826087061201e-09,1.7025553330444337e-13
1503,development,dev_extension200,250,b25p00,25,1502025,0,calm,outputs/study1_35f300_extension_v1/calm/b25p00.wav,happy,0.9997633099555969,,,2.4217607119680906e-07,7.644300694664707e-07,4.10461871069856e-06,0.9997633099555969,1.929390691657318e-06,9.022029234806439e-10,3.384300498510129e-06,0.0002263234491692856,1.659751092120132e-08
1504,development,dev_extension200,250,b25p00,25,1502025,0,angry,outputs/study1_35f300_extension_v1/angry/b25p00.wav,angry,0.9999997615814209,angry,0.9999997615814209,0.9999997615814209,1.0933066363350008e-07,2.646638685988023e-09,2.9356209907405173e-08,8.539706719545848e-09,8.579550958565108e-11,3.23057562923168e-08,1.1537206034972769e-07,4.508710850213726e-16
1505,development,dev_extension200,250,b25p00,25,1502025,0,surprise,outputs/study1_35f300_extension_v1/surprise/b25p00.wav,surprised,0.9434612989425659,surprised,0.9434612989425659,4.458837793208659e-06,5.520735612662975e-06,1.2548101949505508e-05,0.056493129581213,1.99431337932765e-06,5.286979079359433e-13,2.1075449694762938e-05,0.9434612989425659,1.4318145193786824e-12
1506,development,dev_extension200,251,b25p01,25,1502025,1,normal,outputs/study1_35f300_extension_v1/normal/b25p01.wav,happy,0.9999994039535522,neutral,2.2023871615317603e-09,5.554239290717078e-10,3.1701172242826203e-10,4.2616972173448175e-09,0.9999994039535522,2.2023871615317603e-09,3.7075236544031887e-13,4.700401845525448e-09,6.126085736468667e-07,2.675639657750972e-13
1507,development,dev_extension200,251,b25p01,25,1502025,1,happy,outputs/study1_35f300_extension_v1/happy/b25p01.wav,happy,0.9814667105674744,happy,0.9814667105674744,1.3022553503105883e-05,8.930540388973895e-06,0.00010903806833084673,0.9814667105674744,3.142429341096431e-05,2.761371131754231e-09,0.0003801927960012108,0.017990784719586372,1.7662024065501214e-09
1508,development,dev_extension200,251,b25p01,25,1502025,1,sad,outputs/study1_35f300_extension_v1/sad/b25p01.wav,surprised,0.532904863357544,sad,0.0780600979924202,2.443620905978605e-05,4.863985668634996e-05,0.023292679339647293,0.36556264758110046,0.00010664902947610244,8.10994027489187e-09,0.0780600979924202,0.532904863357544,2.7632445220859836e-09
1509,development,dev_extension200,251,b25p01,25,1502025,1,calm,outputs/study1_35f300_extension_v1/calm/b25p01.wav,surprised,0.7931951880455017,,,0.00015831354539841413,0.00010928173287538812,0.002826176816597581,0.10946033149957657,0.0727875605225563,1.6695333115990252e-08,0.021462948992848396,0.7931951880455017,1.1868115024071813e-07
1510,development,dev_extension200,251,b25p01,25,1502025,1,angry,outputs/study1_35f300_extension_v1/angry/b25p01.wav,fearful,0.9999750852584839,angry,6.741387181818936e-08,6.741387181818936e-08,7.242436481647019e-07,0.9999750852584839,3.4961285564349964e-06,2.6211798953568177e-08,4.05939140080136e-08,6.99971951689804e-06,1.3527020200854167e-05,8.205053303456111e-10
1511,development,dev_extension200,251,b25p01,25,1502025,1,surprise,outputs/study1_35f300_extension_v1/surprise/b25p01.wav,surprised,0.999985933303833,surprised,0.999985933303833,4.407296749775469e-09,1.4388090718853164e-09,4.178497547968618e-08,1.3777823369309772e-05,1.1204393857155992e-08,7.660189297596451e-19,1.4896681932441425e-07,0.999985933303833,2.797357741170604e-17
1512,development,dev_extension200,252,b25p02,25,1502025,2,normal,outputs/study1_35f300_extension_v1/normal/b25p02.wav,angry,0.9969013929367065,neutral,3.1158319870883133e-06,0.9969013929367065,5.442566362034995e-06,0.0006825232412666082,0.0016096800100058317,3.1158319870883133e-06,3.2768125493021216e-06,0.0006662441301159561,0.0001283709134440869,1.8344543939452507e-10
1513,development,dev_extension200,252,b25p02,25,1502025,2,happy,outputs/study1_35f300_extension_v1/happy/b25p02.wav,happy,0.8694468140602112,happy,0.8694468140602112,9.283996041631326e-05,8.790832362137735e-05,0.00519648427143693,0.8694468140602112,0.008903350681066513,2.2562066703812889e-07,0.00420959759503603,0.11205998808145523,2.8218066745466786e-06
1514,development,dev_extension200,252,b25p02,25,1502025,2,sad,outputs/study1_35f300_extension_v1/sad/b25p02.wav,sad,1.0,sad,1.0,6.065461327642296e-11,9.401907696826584e-09,1.2470337651393493e-08,3.068894860458471e-10,4.743380133120922e-10,4.633002315124202e-11,1.0,3.1798083610645733e-10,1.8756644644440023e-16
1515,development,dev_extension200,252,b25p02,25,1502025,2,calm,outputs/study1_35f300_extension_v1/calm/b25p02.wav,sad,1.0,,,1.7081932656565213e-12,1.0580676959581758e-11,3.1269042910508915e-11,4.609888425849418e-12,1.3914989820118517e-11,1.505932677143369e-15,1.0,8.359862108120453e-11,1.4356625269394734e-21
1516,development,dev_extension200,252,b25p02,25,1502025,2,angry,outputs/study1_35f300_extension_v1/angry/b25p02.wav,sad,1.0,angry,3.969856887664491e-09,3.969856887664491e-09,1.3653517205725052e-09,5.588004725609608e-09,4.94691541064185e-08,4.265424458083089e-09,9.951885843184627e-11,1.0,1.2758047951422213e-09,2.2487687134241287e-15
1517,development,dev_extension200,252,b25p02,25,1502025,2,surprise,outputs/study1_35f300_extension_v1/surprise/b25p02.wav,surprised,0.9163033962249756,surprised,0.9163033962249756,0.00959489494562149,3.984937848144909e-06,0.008224044926464558,0.004148130305111408,4.079389327671379e-05,1.204064403736993e-09,0.06168485805392265,0.9163033962249756,1.0864580068936647e-10
1518,development,dev_extension200,253,b25p03,25,1502025,3,normal,outputs/study1_35f300_extension_v1/normal/b25p03.wav,sad,0.9860937595367432,neutral,0.00020399567438289523,0.012171338312327862,0.00011679547606036067,0.0008228805963881314,0.0003814809606410563,0.00020399567438289523,3.0084025638643652e-05,0.9860937595367432,0.00017959444085136056,2.5494665933933902e-08
1519,development,dev_extension200,253,b25p03,25,1502025,3,happy,outputs/study1_35f300_extension_v1/happy/b25p03.wav,surprised,0.949256181716919,happy,0.00024914651294238865,3.6246023228159174e-05,5.511113158718217e-06,0.0017398656345903873,0.00024914651294238865,0.026169665157794952,1.277805777855079e-10,0.02254333719611168,0.949256181716919,1.4704514272878555e-09
1520,development,dev_extension200,253,b25p03,25,1502025,3,sad,outputs/study1_35f300_extension_v1/sad/b25p03.wav,sad,1.0,sad,1.0,5.6581399288102574e-11,3.995547892543527e-09,7.929259915329112e-09,4.201533912451261e-11,1.3199404069741405e-10,2.8467510466978485e-12,1.0,3.261554637479236e-10,3.771173281296366e-20
1521,development,dev_extension200,253,b25p03,25,1502025,3,calm,outputs/study1_35f300_extension_v1/calm/b25p03.wav,happy,0.7993480563163757,,,0.0001523393439128995,0.0003074572014156729,0.004208624362945557,0.7993480563163757,0.10506399720907211,1.5688219718867913e-06,0.038515862077474594,0.05238593742251396,1.6129257346619852e-05
1522,development,dev_extension200,253,b25p03,25,1502025,3,angry,outputs/study1_35f300_extension_v1/angry/b25p03.wav,sad,0.919315755367279,angry,0.05480058863759041,0.05480058863759041,4.323545454099076e-06,0.0015472030499950051,7.163502596085891e-05,6.056877100490965e-05,6.384269557457856e-09,0.919315755367279,0.024199943989515305,3.2329423426541437e-12
1523,development,dev_extension200,253,b25p03,25,1502025,3,surprise,outputs/study1_35f300_extension_v1/surprise/b25p03.wav,surprised,0.4753094017505646,surprised,0.4753094017505646,0.014511850662529469,2.42780788539676e-06,0.006303639616817236,0.00021317250502761453,0.12482518702745438,1.995248855024556e-09,0.37883439660072327,0.4753094017505646,2.356269346304174e-10
1524,development,dev_extension200,254,b25p04,25,1502025,4,normal,outputs/study1_35f300_extension_v1/normal/b25p04.wav,surprised,0.9964424967765808,neutral,9.408478945260867e-06,1.7784827832656447e-06,1.0976850717270281e-06,1.8869550331146456e-05,0.003501097671687603,9.408478945260867e-06,4.3214241321649915e-13,2.5300962079199962e-05,0.9964424967765808,1.796375825868779e-10
1525,development,dev_extension200,254,b25p04,25,1502025,4,happy,outputs/study1_35f300_extension_v1/happy/b25p04.wav,surprised,0.9999369382858276,happy,6.281289097387344e-05,4.6608931825176114e-08,8.6327283099763e-09,6.413980457864454e-08,6.281289097387344e-05,2.142668797944225e-08,8.931318882280031e-18,1.3592324421551893e-07,0.9999369382858276,6.931091671671832e-16
1526,development,dev_extension200,254,b25p04,25,1502025,4,sad,outputs/study1_35f300_extension_v1/sad/b25p04.wav,sad,1.0,sad,1.0,5.829325910866601e-11,2.078349714551564e-09,7.013983172043936e-09,9.245584159378595e-11,3.1081928697496153e-10,1.2802027233443924e-12,1.0,9.66046909134377e-10,1.3611793354488523e-19
1527,development,dev_extension200,254,b25p04,25,1502025,4,calm,outputs/study1_35f300_extension_v1/calm/b25p04.wav,sad,0.9999996423721313,,,1.2586346187504205e-08,4.315284840572531e-08,1.411180932109346e-07,5.151654391966076e-08,1.408569971772522e-07,4.409086706846921e-10,0.9999996423721313,6.22132745320414e-08,1.1529080641559108e-12
1528,development,dev_extension200,254,b25p04,25,1502025,4,angry,outputs/study1_35f300_extension_v1/angry/b25p04.wav,angry,1.0,angry,1.0,1.0,2.7314961273741667e-13,2.012710880123017e-14,3.5638761906875427e-12,4.4132739997204684e-12,6.116002983836452e-16,9.619843116537297e-12,3.788983016228542e-12,4.81877347957727e-26
1529,development,dev_extension200,254,b25p04,25,1502025,4,surprise,outputs/study1_35f300_extension_v1/surprise/b25p04.wav,sad,0.9997403025627136,surprised,0.00024556799326092005,2.210748419884112e-07,1.6649070744279015e-07,1.0582451977825258e-05,4.0289199887411087e-07,2.764899818430422e-06,2.487474635992637e-11,0.9997403025627136,0.00024556799326092005,1.6711715344897016e-11
1530,development,dev_extension200,255,b25p05,25,1502025,5,normal,outputs/study1_35f300_extension_v1/normal/b25p05.wav,neutral,0.9076033234596252,neutral,0.9076033234596252,4.978147103429365e-07,1.1109131037301267e-06,3.6688272757601226e-06,3.921404641005211e-06,0.9076033234596252,5.78602499246017e-09,0.09238670021295547,6.642902121711813e-07,4.912056292993199e-15
1531,development,dev_extension200,255,b25p05,25,1502025,5,happy,outputs/study1_35f300_extension_v1/happy/b25p05.wav,surprised,0.9779976010322571,happy,0.019393591210246086,2.9070455639157444e-05,3.6899557471770095e-06,0.0017554876394569874,0.019393591210246086,2.706900704652071e-05,7.925903683370095e-11,0.0007934743189252913,0.9779976010322571,1.1557957924068774e-09
1532,development,dev_extension200,255,b25p05,25,1502025,5,sad,outputs/study1_35f300_extension_v1/sad/b25p05.wav,neutral,0.9972500205039978,sad,0.0026743041817098856,1.1584644710183056e-07,4.098474164493382e-07,3.746876973309554e-05,1.2532088931038743e-06,0.9972500205039978,2.0910698173004505e-10,0.0026743041817098856,3.637559348135255e-05,5.431650680447209e-13
1533,development,dev_extension200,255,b25p05,25,1502025,5,calm,outputs/study1_35f300_extension_v1/calm/b25p05.wav,neutral,0.9995488524436951,,,4.167482074990403e-07,5.0408193601469975e-06,1.6038326066336595e-05,1.1920723181901849e-06,0.9995488524436951,8.874282997339833e-08,0.000426991144195199,1.261870352209371e-06,3.143787452586366e-08
1534,development,dev_extension200,255,b25p05,25,1502025,5,angry,outputs/study1_35f300_extension_v1/angry/b25p05.wav,angry,0.999958872795105,angry,0.999958872795105,0.999958872795105,2.3435541152139194e-05,7.723979820184468e-07,6.727476829837542e-06,1.3524654605134856e-06,2.1179373277391278e-07,2.241783249701257e-06,6.517814199469285e-06,1.399641402777263e-09
1535,development,dev_extension200,255,b25p05,25,1502025,5,surprise,outputs/study1_35f300_extension_v1/surprise/b25p05.wav,neutral,0.9999816417694092,surprised,1.8582083782803238e-07,9.513121845827754e-09,6.40227710846375e-08,2.9311496518857894e-07,9.165434988744892e-08,0.9999816417694092,8.81374487282649e-11,1.7737304006004706e-05,1.8582083782803238e-07,1.2819874285405208e-12
1536,development,dev_extension200,256,b25p06,25,1502025,6,normal,outputs/study1_35f300_extension_v1/normal/b25p06.wav,angry,0.7692348957061768,neutral,0.0005614617257378995,0.7692348957061768,0.0027437591925263405,0.002042466541752219,0.0004025857779197395,0.0005614617257378995,4.859365390075254e-07,0.004067995119839907,0.22094599902629852,3.520671327805758e-07
1537,development,dev_extension200,256,b25p06,25,1502025,6,happy,outputs/study1_35f300_extension_v1/happy/b25p06.wav,neutral,0.9597058296203613,happy,0.00035762626794166863,3.935344466299284e-06,4.444194019015413e-06,0.0001822278427425772,0.00035762626794166863,0.9597058296203613,2.411638944099792e-10,0.0008528886828571558,0.03889308497309685,1.4867774789095733e-09
1538,development,dev_extension200,256,b25p06,25,1502025,6,sad,outputs/study1_35f300_extension_v1/sad/b25p06.wav,sad,1.0,sad,1.0,3.50336751796243e-12,1.2175038754946854e-10,1.8720389127757642e-10,4.017274360390566e-12,8.059647567393302e-12,4.721004200091729e-14,1.0,2.729899986619877e-11,2.2942336945814473e-22
1539,development,dev_extension200,256,b25p06,25,1502025,6,calm,outputs/study1_35f300_extension_v1/calm/b25p06.wav,sad,1.0,,,1.354612755299911e-09,3.075109233918738e-08,5.742584363588321e-08,4.1669334649441225e-09,5.272144676382595e-08,3.363534450961936e-10,1.0,5.294311211656577e-09,5.313014568228414e-13
1540,development,dev_extension200,256,b25p06,25,1502025,6,angry,outputs/study1_35f300_extension_v1/angry/b25p06.wav,angry,1.0,angry,1.0,1.0,4.470155842706269e-11,9.104393454417714e-12,5.081435827669623e-10,4.69384475731971e-10,2.1628128975270666e-12,3.299435835657505e-09,1.2037533470010686e-10,8.909922976856946e-20
1541,development,dev_extension200,256,b25p06,25,1502025,6,surprise,outputs/study1_35f300_extension_v1/surprise/b25p06.wav,surprised,1.0,surprised,1.0,8.173555582358105e-12,2.1475305908569275e-11,9.882975687824924e-11,2.348501670912384e-10,1.3961992152700109e-11,3.904362920751909e-23,6.557801524031959e-11,1.0,6.021741977344279e-21
1542,development,dev_extension200,257,b25p07,25,1502025,7,normal,outputs/study1_35f300_extension_v1/normal/b25p07.wav,neutral,0.9987290501594543,neutral,0.9987290501594543,0.0005298129981383681,0.00013956843758933246,1.9559747670427896e-05,9.098614100366831e-05,0.9987290501594543,1.8292549839316052e-06,0.00041096386848948896,7.739432476228103e-05,8.469524459542299e-07
1543,development,dev_extension200,257,b25p07,25,1502025,7,happy,outputs/study1_35f300_extension_v1/happy/b25p07.wav,happy,0.5468707084655762,happy,0.5468707084655762,4.467904000193812e-05,1.3418714843282942e-05,6.966680666664615e-05,0.5468707084655762,2.733217661443632e-05,4.7733521996162764e-11,7.213083154056221e-05,0.45290201902389526,2.4343003307558675e-11
1544,development,dev_extension200,257,b25p07,25,1502025,7,sad,outputs/study1_35f300_extension_v1/sad/b25p07.wav,sad,1.0,sad,1.0,4.3622428586020945e-11,1.521557813077834e-08,1.9406458662274417e-08,2.119829728419731e-10,3.2973015984261167e-10,3.110747423540339e-11,1.0,3.0446992149713026e-10,1.1348337943822987e-18
1545,development,dev_extension200,257,b25p07,25,1502025,7,calm,outputs/study1_35f300_extension_v1/calm/b25p07.wav,sad,1.0,,,1.3782029684161756e-10,4.4298018586630405e-09,6.542666408648756e-09,4.580356371963745e-10,1.0836002095615527e-09,1.5370734199326996e-11,1.0,7.745988850338392e-10,7.302322654349547e-17
1546,development,dev_extension200,257,b25p07,25,1502025,7,angry,outputs/study1_35f300_extension_v1/angry/b25p07.wav,angry,0.9999997615814209,angry,0.9999997615814209,0.9999997615814209,1.6486628728884511e-09,1.8302648285839496e-09,3.673739001897047e-08,1.697274321088571e-08,9.769187195307616e-12,3.918962576676677e-08,1.5343155723712698e-07,1.3767488236214186e-15
1547,development,dev_extension200,257,b25p07,25,1502025,7,surprise,outputs/study1_35f300_extension_v1/surprise/b25p07.wav,angry,0.9993662238121033,surprised,0.0006096289143897593,0.9993662238121033,2.4653606942592887e-06,2.529207677071099e-06,7.345769063249463e-06,2.2716949388268404e-06,1.0234804115327734e-09,9.509884876024444e-06,0.0006096289143897593,4.013666135560534e-11
1548,development,dev_extension200,258,b25p08,25,1502025,8,normal,outputs/study1_35f300_extension_v1/normal/b25p08.wav,angry,0.8730091452598572,neutral,0.00019941759819630533,0.8730091452598572,0.03123469091951847,0.0034063856583088636,0.06009550392627716,0.00019941759819630533,0.0017210794612765312,0.027259215712547302,0.003073550295084715,1.0877399745368166e-06
1549,development,dev_extension200,258,b25p08,25,1502025,8,happy,outputs/study1_35f300_extension_v1/happy/b25p08.wav,happy,1.0,happy,1.0,1.2304698926435265e-10,1.560472723260986e-10,3.189855601881675e-10,1.0,3.7437725142197564e-10,2.5463270814790606e-12,1.6661069190959665e-09,6.6266485632127115e-09,1.1029645946569744e-11
1550,development,dev_extension200,258,b25p08,25,1502025,8,sad,outputs/study1_35f300_extension_v1/sad/b25p08.wav,fearful,0.934932291507721,sad,0.05155055597424507,2.021431464527268e-05,8.364106179215014e-06,0.934932291507721,0.00020396721083670855,0.01113454345613718,3.898401246260619e-06,0.05155055597424507,0.002125929342582822,2.0287392544560134e-05
1551,development,dev_extension200,258,b25p08,25,1502025,8,calm,outputs/study1_35f300_extension_v1/calm/b25p08.wav,sad,0.9999915361404419,,,7.297964543795388e-08,5.101891815684212e-07,5.592134584730957e-06,7.537072974628245e-07,1.1884322930200142e-06,4.400217790134775e-08,0.9999915361404419,2.950806106127857e-07,7.685149405745051e-09
1552,development,dev_extension200,258,b25p08,25,1502025,8,angry,outputs/study1_35f300_extension_v1/angry/b25p08.wav,angry,0.9999995231628418,angry,0.9999995231628418,0.9999995231628418,9.001238510109033e-08,4.583869728236323e-09,5.0243361471302705e-08,1.576121100299588e-08,1.3936624299049072e-08,3.771923502426944e-07,2.7897555376910077e-09,3.185819293054492e-16
1553,development,dev_extension200,258,b25p08,25,1502025,8,surprise,outputs/study1_35f300_extension_v1/surprise/b25p08.wav,surprised,0.8921613097190857,surprised,0.8921613097190857,5.125542520545423e-05,0.000602249929215759,0.0037133505102247,0.0755767971277237,0.0008443659171462059,2.0998212946210515e-08,0.027050351724028587,0.8921613097190857,2.751328906924755e-07
1554,development,dev_extension200,259,b25p09,25,1502025,9,normal,outputs/study1_35f300_extension_v1/normal/b25p09.wav,happy,0.9963674545288086,neutral,0.0014684806810691953,8.070410331129096e-06,0.0001212719434988685,0.00011242122855037451,0.9963674545288086,0.0014684806810691953,1.5433730595759698e-06,0.001541955047287047,0.0003786221204791218,1.4521847901960427e-07
1555,development,dev_extension200,259,b25p09,25,1502025,9,happy,outputs/study1_35f300_extension_v1/happy/b25p09.wav,happy,1.0,happy,1.0,1.5352986937333668e-10,9.355465291349674e-10,5.058150565062647e-10,1.0,1.915475694724833e-10,1.6426531359095553e-12,1.566321183865682e-09,2.6750868187264132e-08,4.327121560371294e-12
1556,development,dev_extension200,259,b25p09,25,1502025,9,sad,outputs/study1_35f300_extension_v1/sad/b25p09.wav,sad,0.9999997615814209,sad,0.9999997615814209,1.8689810810101903e-10,3.3929449472225315e-08,2.4519320618310303e-07,8.849299626412233e-10,1.8754060526759986e-09,2.458833969765095e-10,0.9999997615814209,1.469610433346702e-09,2.4062699901035336e-16
1557,development,dev_extension200,259,b25p09,25,1502025,9,calm,outputs/study1_35f300_extension_v1/calm/b25p09.wav,sad,0.8948737978935242,,,6.353722255880712e-06,4.790928142028861e-05,0.000726419675629586,0.002615498611703515,0.10017000883817673,1.6241159528362914e-07,0.8948737978935242,0.0015597590245306492,6.610691549724379e-09
1558,development,dev_extension200,259,b25p09,25,1502025,9,angry,outputs/study1_35f300_extension_v1/angry/b25p09.wav,surprised,0.9987689852714539,angry,0.00019097747281193733,0.00019097747281193733,1.793657793314196e-05,0.00010491853026906028,0.00036657866439782083,9.238718121196143e-06,4.2246147552438273e-11,0.0005412754835560918,0.9987689852714539,9.199895956157889e-09
1559,development,dev_extension200,259,b25p09,25,1502025,9,surprise,outputs/study1_35f300_extension_v1/surprise/b25p09.wav,happy,0.9999939203262329,surprised,5.849420176673448e-06,4.855283286531176e-09,2.1299634056504146e-08,8.033585174871405e-08,0.9999939203262329,2.3953761640882476e-08,1.829714851853126e-11,1.653433798765036e-07,5.849420176673448e-06,3.150749938729547e-10
1560,development,dev_extension200,260,b26p00,26,1502026,0,normal,outputs/study1_35f300_extension_v1/normal/b26p00.wav,neutral,0.9999996423721313,neutral,0.9999996423721313,1.2596835796685468e-09,1.8291128611735985e-09,1.204861277415148e-08,1.0673976902353388e-07,0.9999996423721313,7.159401652252761e-13,1.1986823267307045e-07,1.404016671813224e-07,7.034866938114559e-13
1561,development,dev_extension200,260,b26p00,26,1502026,0,happy,outputs/study1_35f300_extension_v1/happy/b26p00.wav,happy,0.9999998807907104,happy,0.9999998807907104,6.516542166989936e-11,7.67774802068466e-11,4.0743891593919557e-10,0.9999998807907104,1.638346125432122e-10,3.4398119796346174e-14,1.6339060104897385e-09,1.1526903165304248e-07,2.4543777451505218e-14
1562,development,dev_extension200,260,b26p00,26,1502026,0,sad,outputs/study1_35f300_extension_v1/sad/b26p00.wav,neutral,0.990649402141571,sad,0.009331670589745045,1.2051100384269375e-06,5.852474714629352e-06,6.146797204564791e-06,3.2065431696537416e-06,0.990649402141571,1.789811143737552e-08,0.009331670589745045,2.546575387896155e-06,1.1357608646969664e-12
1563,development,dev_extension200,260,b26p00,26,1502026,0,calm,outputs/study1_35f300_extension_v1/calm/b26p00.wav,sad,0.9971899390220642,,,6.738478077750187e-06,1.374061048409203e-05,5.570873327087611e-05,5.751171556767076e-05,0.00266596139408648,8.450305131191271e-07,0.9971899390220642,9.523935659672134e-06,7.772434251762661e-09
1564,development,dev_extension200,260,b26p00,26,1502026,0,angry,outputs/study1_35f300_extension_v1/angry/b26p00.wav,angry,1.0,angry,1.0,1.0,1.6262173357060872e-13,3.0557101089772254e-15,5.758649308275354e-13,8.614865006258132e-13,3.5155027802737907e-16,5.0154429220850005e-12,2.872209035279655e-13,3.0286738563783753e-28
1565,development,dev_extension200,260,b26p00,26,1502026,0,surprise,outputs/study1_35f300_extension_v1/surprise/b26p00.wav,surprised,0.9772294759750366,surprised,0.9772294759750366,2.1831483536516316e-05,1.1584500498429406e-05,0.00029113920754753053,0.019900869578123093,0.0005081794806756079,8.830542547189069e-11,0.0020370015408843756,0.9772294759750366,3.2407848626903046e-10
1566,development,dev_extension200,261,b26p01,26,1502026,1,normal,outputs/study1_35f300_extension_v1/normal/b26p01.wav,sad,0.9998001456260681,neutral,2.8635682610911317e-05,1.6662562529745628e-06,0.0001334339176537469,2.0781488274224102e-05,3.54246617462195e-06,2.8635682610911317e-05,1.0974954420817085e-05,0.9998001456260681,8.489538458889001e-07,8.839529641591071e-08
1567,development,dev_extension200,261,b26p01,26,1502026,1,happy,outputs/study1_35f300_extension_v1/happy/b26p01.wav,happy,0.9452090263366699,happy,0.9452090263366699,1.3080860298941843e-05,1.8943988834507763e-05,0.0006860917783342302,0.9452090263366699,1.3508285519492347e-05,3.353989308507721e-09,0.0010191777255386114,0.053040195256471634,1.3700075518485733e-09
1568,development,dev_extension200,261,b26p01,26,1502026,1,sad,outputs/study1_35f300_extension_v1/sad/b26p01.wav,sad,0.9999998807907104,sad,0.9999998807907104,5.403917938129332e-11,2.3186560227372865e-08,8.268247597698064e-08,1.971734581163176e-10,2.807134247273524e-10,8.459630218560221e-11,0.9999998807907104,2.29000651774669e-10,4.446565217470148e-19
1569,development,dev_extension200,261,b26p01,26,1502026,1,calm,outputs/study1_35f300_extension_v1/calm/b26p01.wav,sad,1.0,,,1.1679122296007205e-12,9.505946030330392e-10,2.862554915328275e-10,2.6538688781274633e-12,1.4476800834495318e-12,1.5459454463101485e-13,1.0,4.507912706314121e-12,4.830886562036455e-25
1570,development,dev_extension200,261,b26p01,26,1502026,1,angry,outputs/study1_35f300_extension_v1/angry/b26p01.wav,angry,0.82933109998703,angry,0.82933109998703,0.82933109998703,0.00047585408901795745,0.0022441267501562834,0.03237299248576164,1.3903702893003356e-05,0.006649198476225138,0.12888726592063904,2.553032391006127e-05,1.5641894446360993e-09
1571,development,dev_extension200,261,b26p01,26,1502026,1,surprise,outputs/study1_35f300_extension_v1/surprise/b26p01.wav,neutral,0.9759452939033508,surprised,0.0005426902207545936,5.678266461472958e-06,0.0002402912941761315,7.645181176485494e-05,0.0005913344793953001,0.9759452939033508,1.5269857556177158e-07,0.022598056122660637,0.0005426902207545936,5.2930011484875195e-09
1572,development,dev_extension200,262,b26p02,26,1502026,2,normal,outputs/study1_35f300_extension_v1/normal/b26p02.wav,happy,0.5516039133071899,neutral,0.00012321386020630598,0.0010269228368997574,8.703183266334236e-05,0.0004921826184727252,0.5516039133071899,0.00012321386020630598,5.595885532727607e-09,0.0006477008573710918,0.4460189640522003,7.774409560568074e-09
1573,development,dev_extension200,262,b26p02,26,1502026,2,happy,outputs/study1_35f300_extension_v1/happy/b26p02.wav,happy,0.7081356644630432,happy,0.7081356644630432,2.834516271832399e-05,7.421452028211206e-05,0.0001161561012850143,0.7081356644630432,8.857981811161153e-06,2.454926262274171e-10,0.00019047809473704547,0.2914462685585022,1.463338894502897e-10
1574,development,dev_extension200,262,b26p02,26,1502026,2,sad,outputs/study1_35f300_extension_v1/sad/b26p02.wav,sad,1.0,sad,1.0,2.102575058504641e-10,2.394996423404905e-09,4.7179941731201325e-08,1.2120225933998086e-09,8.706109166922715e-10,9.351601958085265e-12,1.0,4.3140744310221635e-09,5.94470380514407e-16
1575,development,dev_extension200,262,b26p02,26,1502026,2,calm,outputs/study1_35f300_extension_v1/calm/b26p02.wav,sad,0.9999995231628418,,,1.9758534808289596e-09,5.052905205360503e-09,3.905023859829271e-08,2.92515149880046e-08,3.069787908316357e-07,2.4044767912845266e-11,0.9999995231628418,3.208107202112842e-08,3.40125169409546e-15
1576,development,dev_extension200,262,b26p02,26,1502026,2,angry,outputs/study1_35f300_extension_v1/angry/b26p02.wav,angry,1.0,angry,1.0,1.0,8.888978962617866e-12,1.8657061572752154e-12,6.144008912745136e-11,2.2608508121191306e-10,3.9555636327168187e-13,2.025285272821975e-09,2.186456050934371e-11,1.5013221085189832e-21
1577,development,dev_extension200,262,b26p02,26,1502026,2,surprise,outputs/study1_35f300_extension_v1/surprise/b26p02.wav,happy,0.9995583891868591,surprised,0.00039601465687155724,1.277195678994758e-06,1.0056244718725793e-05,1.552058347442653e-05,0.9995583891868591,2.540678849527467e-07,5.180428974682627e-09,1.8565275240689516e-05,0.00039601465687155724,3.5721059443716285e-09
1578,development,dev_extension200,263,b26p03,26,1502026,3,normal,outputs/study1_35f300_extension_v1/normal/b26p03.wav,surprised,0.9999998807907104,neutral,1.502852398083121e-09,2.553192768317558e-09,5.451898932307131e-09,1.67521783112079e-08,1.2613602606847962e-08,1.502852398083121e-09,1.6042525623021536e-19,7.056415540773742e-08,0.9999998807907104,5.87304455310856e-17
1579,development,dev_extension200,263,b26p03,26,1502026,3,happy,outputs/study1_35f300_extension_v1/happy/b26p03.wav,surprised,1.0,happy,3.931084435748744e-08,1.0132816807839617e-09,4.419351828932605e-10,3.031679574050372e-09,3.931084435748744e-08,1.483608125241176e-09,2.006548718978279e-20,5.575601758067705e-09,1.0,6.242098462588484e-18
1580,development,dev_extension200,263,b26p03,26,1502026,3,sad,outputs/study1_35f300_extension_v1/sad/b26p03.wav,sad,0.9999964237213135,sad,0.9999964237213135,2.544719546193619e-09,5.292298510539695e-07,3.019036284968024e-06,1.0831112895459682e-08,3.018094574258612e-08,1.33176953909242e-08,0.9999964237213135,1.1435900226786089e-08,3.0133011428949696e-13
1581,development,dev_extension200,263,b26p03,26,1502026,3,calm,outputs/study1_35f300_extension_v1/calm/b26p03.wav,sad,1.0,,,1.0070035950937584e-11,2.03945749177592e-09,3.809430992873786e-09,1.220237279275782e-11,1.737876335894395e-11,7.155908894954099e-13,1.0,8.597440814828161e-11,2.126260494425455e-21
1582,development,dev_extension200,263,b26p03,26,1502026,3,angry,outputs/study1_35f300_extension_v1/angry/b26p03.wav,angry,1.0,angry,1.0,1.0,1.4811418758142736e-10,1.2829044250539656e-11,8.239147142319325e-10,7.939031654302653e-10,1.7695166078940394e-13,9.483689389355732e-10,4.159080635446344e-09,3.1423645383063914e-19
1583,development,dev_extension200,263,b26p03,26,1502026,3,surprise,outputs/study1_35f300_extension_v1/surprise/b26p03.wav,surprised,1.0,surprised,1.0,1.739806736178462e-11,1.8414686442369543e-11,1.1681584866085615e-10,1.0387875282180659e-10,1.8263298859344523e-11,4.7006763527167245e-23,8.202828000181128e-11,1.0,9.380857417539985e-21
1584,development,dev_extension200,264,b26p04,26,1502026,4,normal,outputs/study1_35f300_extension_v1/normal/b26p04.wav,sad,0.5462848544120789,neutral,0.0011681899195536971,0.0002483738062437624,0.00019378341676201671,0.0008913008496165276,0.4402238726615906,0.0011681899195536971,4.273350100447715e-07,0.5462848544120789,0.010989177040755749,3.712343765727155e-09
1585,development,dev_extension200,264,b26p04,26,1502026,4,happy,outputs/study1_35f300_extension_v1/happy/b26p04.wav,happy,0.8836660981178284,happy,0.8836660981178284,0.00014604468015022576,8.649841765873134e-05,0.0001596484798938036,0.8836660981178284,7.3131127464876045e-06,2.681016741945541e-09,0.0001394623686792329,0.11579492688179016,5.682525561212515e-09
1586,development,dev_extension200,264,b26p04,26,1502026,4,sad,outputs/study1_35f300_extension_v1/sad/b26p04.wav,sad,0.9999998807907104,sad,0.9999998807907104,2.274467503227129e-09,3.0769493619686727e-09,6.845080946504822e-08,3.636005274643139e-08,4.558447841418456e-09,4.134101672104151e-10,0.9999998807907104,1.784198122578573e-09,3.896940414674713e-14
1587,development,dev_extension200,264,b26p04,26,1502026,4,calm,outputs/study1_35f300_extension_v1/calm/b26p04.wav,sad,0.9999990463256836,,,8.958603103792484e-08,1.0666456162766735e-08,3.601477160941613e-08,2.902541496041522e-08,8.072552191151772e-07,2.76211498118073e-10,0.9999990463256836,1.4461250863462283e-08,3.203807890574009e-15
1588,development,dev_extension200,264,b26p04,26,1502026,4,angry,outputs/study1_35f300_extension_v1/angry/b26p04.wav,sad,0.9148895740509033,angry,0.06220569089055061,0.06220569089055061,0.004467894788831472,0.005017442628741264,0.005245678126811981,0.0004130363813601434,0.007594638969749212,0.9148895740509033,0.0001658190303714946,2.124382945112302e-07
1589,development,dev_extension200,264,b26p04,26,1502026,4,surprise,outputs/study1_35f300_extension_v1/surprise/b26p04.wav,surprised,0.999444305896759,surprised,0.999444305896759,9.328939540864667e-07,2.617686902794958e-07,5.104941010358743e-06,0.0005373612511903048,8.146426466737466e-07,2.5618624992121246e-14,1.129469910665648e-05,0.999444305896759,6.604967007356466e-12
1590,development,dev_extension200,265,b26p05,26,1502026,5,normal,outputs/study1_35f300_extension_v1/normal/b26p05.wav,sad,0.9946693778038025,neutral,0.0022003815975040197,0.0009805113077163696,0.0004201514821033925,0.0008048738818615675,0.000546111143194139,0.0022003815975040197,0.0003066293429583311,0.9946693778038025,7.115145854186267e-05,7.489770723623224e-07
1591,development,dev_extension200,265,b26p05,26,1502026,5,happy,outputs/study1_35f300_extension_v1/happy/b26p05.wav,happy,0.9999988079071045,happy,0.9999988079071045,6.422768983327387e-10,2.3078163824408193e-09,1.5692805277467414e-08,0.9999988079071045,9.787484156476012e-10,1.0163448858555024e-12,5.257146185044803e-08,1.08408028154372e-06,4.840853195728356e-13
1592,development,dev_extension200,265,b26p05,26,1502026,5,sad,outputs/study1_35f300_extension_v1/sad/b26p05.wav,sad,0.9999961853027344,sad,0.9999961853027344,2.8613118541187532e-09,4.251472418559388e-08,3.3183650884893723e-06,8.964280873158259e-09,2.321187508869116e-08,4.563959279946239e-11,0.9999961853027344,4.795224981535284e-07,4.378708021710899e-14
1593,development,dev_extension200,265,b26p05,26,1502026,5,calm,outputs/study1_35f300_extension_v1/calm/b26p05.wav,sad,1.0,,,2.7103264077510403e-10,8.530055772837386e-09,2.9439654269936e-08,1.797351822929727e-09,3.6070888498329623e-09,9.760795643964926e-11,1.0,1.3653439490113328e-09,1.7044089079484045e-15
1594,development,dev_extension200,265,b26p05,26,1502026,5,angry,outputs/study1_35f300_extension_v1/angry/b26p05.wav,angry,0.9999953508377075,angry,0.9999953508377075,0.9999953508377075,1.9545522533803705e-08,2.3819803018909624e-08,3.1631330443815386e-07,2.555668459081062e-07,8.002905282911144e-11,8.624929250800051e-07,3.2203522550844355e-06,2.666422855082673e-13
1595,development,dev_extension200,265,b26p05,26,1502026,5,surprise,outputs/study1_35f300_extension_v1/surprise/b26p05.wav,happy,0.997955322265625,surprised,0.0019853138364851475,1.6359573464796995e-06,3.851415385724977e-06,1.66013360285433e-05,0.997955322265625,1.4107440620136913e-05,2.0839345804546383e-09,2.3148286345531233e-05,0.0019853138364851475,1.2219601330798469e-08
1596,development,dev_extension200,266,b26p06,26,1502026,6,normal,outputs/study1_35f300_extension_v1/normal/b26p06.wav,surprised,0.9995940327644348,neutral,3.0685712317790603e-06,0.0003060598683077842,2.7897192467207788e-06,7.653104148630518e-06,4.988014916307293e-05,3.0685712317790603e-06,9.12815938287903e-13,3.654247848317027e-05,0.9995940327644348,3.4153954664439823e-10
1597,development,dev_extension200,266,b26p06,26,1502026,6,happy,outputs/study1_35f300_extension_v1/happy/b26p06.wav,sad,0.9637861847877502,happy,0.0022391672246158123,4.144954800722189e-05,0.0003398250264581293,0.0010401451727375388,0.0022391672246158123,0.011290891095995903,2.7872715691046324e-07,0.9637861847877502,0.02126091718673706,1.2374832749628695e-06
1598,development,dev_extension200,266,b26p06,26,1502026,6,sad,outputs/study1_35f300_extension_v1/sad/b26p06.wav,sad,0.9962118864059448,sad,0.9962118864059448,8.896776307665277e-06,2.891050371545134e-06,4.020344204036519e-05,0.0001651338388910517,1.3600526472146157e-05,1.184217390814979e-09,0.9962118864059448,0.003557443618774414,2.2572892444117088e-09
1599,development,dev_extension200,266,b26p06,26,1502026,6,calm,outputs/study1_35f300_extension_v1/calm/b26p06.wav,sad,0.9966940879821777,,,7.339795047300868e-07,2.1745569256381714e-07,1.052313564287033e-05,1.7935085452336352e-06,2.7294222491036635e-06,3.990704034589898e-12,0.9966940879821777,0.0032899107318371534,1.1322943450908785e-12
1600,development,dev_extension200,266,b26p06,26,1502026,6,angry,outputs/study1_35f300_extension_v1/angry/b26p06.wav,surprised,0.5768733024597168,angry,0.41347643733024597,0.41347643733024597,0.0012282258830964565,0.0010070394491776824,0.004615804646164179,9.97882234514691e-05,9.178891957617452e-08,0.002699176548048854,0.5768733024597168,7.519695799373949e-08
1601,development,dev_extension200,266,b26p06,26,1502026,6,surprise,outputs/study1_35f300_extension_v1/surprise/b26p06.wav,angry,0.8752914071083069,surprised,0.0007483023218810558,0.8752914071083069,0.0008556469692848623,0.0003206493565812707,0.03999980166554451,0.07336927950382233,0.00018963027105201036,0.00922522135078907,0.0007483023218810558,4.124447983144819e-08
1602,development,dev_extension200,267,b26p07,26,1502026,7,normal,outputs/study1_35f300_extension_v1/normal/b26p07.wav,sad,0.5323613882064819,neutral,0.004202230367809534,3.5274661058792844e-05,0.0003132286947220564,0.004143779166042805,0.010066930204629898,0.004202230367809534,2.7742412811448958e-08,0.5323613882064819,0.44887685775756836,2.335371362960359e-07
1603,development,dev_extension200,267,b26p07,26,1502026,7,happy,outputs/study1_35f300_extension_v1/happy/b26p07.wav,happy,0.9993847608566284,happy,0.9993847608566284,2.124323117413951e-07,5.935388003308617e-07,8.998802513815463e-06,0.9993847608566284,5.983537221254664e-07,2.418956979166609e-10,1.5119218915060628e-05,0.0005896648508496583,5.963725624447136e-10
1604,development,dev_extension200,267,b26p07,26,1502026,7,sad,outputs/study1_35f300_extension_v1/sad/b26p07.wav,sad,0.999998927116394,sad,0.999998927116394,7.493412557124657e-10,1.6294015381390636e-07,1.0022204151027836e-06,4.289078425756543e-09,9.710786841310437e-09,5.23799714713391e-09,0.999998927116394,2.3551078864869623e-09,4.5590579380271057e-14
1605,development,dev_extension200,267,b26p07,26,1502026,7,calm,outputs/study1_35f300_extension_v1/calm/b26p07.wav,sad,1.0,,,5.212505982399307e-10,1.854512099441763e-09,2.752190253474396e-09,1.1873246830162998e-09,2.316450675721171e-08,1.4241522891533798e-11,1.0,7.907447474586604e-10,2.0266615868796782e-16
1606,development,dev_extension200,267,b26p07,26,1502026,7,angry,outputs/study1_35f300_extension_v1/angry/b26p07.wav,happy,1.0,angry,4.0090686846683266e-12,4.0090686846683266e-12,2.6370058480579273e-12,1.3237518720066177e-11,1.0,8.973158587693986e-13,2.93139400557238e-14,1.251774656152449e-10,1.336620814029743e-10,1.915951998393377e-16
1607,development,dev_extension200,267,b26p07,26,1502026,7,surprise,outputs/study1_35f300_extension_v1/surprise/b26p07.wav,surprised,0.9999814033508301,surprised,0.9999814033508301,3.038581608549862e-09,4.513720508469987e-09,3.5135565212840447e-07,1.780257844075095e-05,2.794300568709218e-09,1.4750921612117255e-18,4.6723400259907066e-07,0.9999814033508301,4.6319459053203255e-18
1608,development,dev_extension200,268,b26p08,26,1502026,8,normal,outputs/study1_35f300_extension_v1/normal/b26p08.wav,neutral,0.8380926251411438,neutral,0.8380926251411438,3.588172694435343e-05,0.0002147475752281025,0.00017134302470367402,0.1530480980873108,0.8380926251411438,1.0155779506249019e-07,0.0005256348522379994,0.007911612279713154,7.278737612637087e-09
1609,development,dev_extension200,268,b26p08,26,1502026,8,happy,outputs/study1_35f300_extension_v1/happy/b26p08.wav,happy,0.999976634979248,happy,0.999976634979248,2.6024432386861918e-08,4.824119059776422e-07,4.0150840163732937e-07,0.999976634979248,1.6451996032174065e-07,2.6103946781930176e-10,3.6203070408191707e-07,2.1915931938565336e-05,1.423455930904538e-08
1610,development,dev_extension200,268,b26p08,26,1502026,8,sad,outputs/study1_35f300_extension_v1/sad/b26p08.wav,sad,0.8916047215461731,sad,0.8916047215461731,8.447892469121143e-06,1.828434324124828e-05,0.00014253916742745787,0.002681063488125801,0.1053387001156807,1.2803066340438818e-07,0.8916047215461731,0.00020607961050700396,9.308810666741607e-11
1611,development,dev_extension200,268,b26p08,26,1502026,8,calm,outputs/study1_35f300_extension_v1/calm/b26p08.wav,neutral,0.9999878406524658,,,2.237091756285281e-08,1.2436795771009201e-07,8.514680871485325e-07,6.496382098930553e-08,0.9999878406524658,2.323420345007321e-10,1.0654365723894443e-05,3.6168518136037164e-07,4.4164755186315574e-10
1612,development,dev_extension200,268,b26p08,26,1502026,8,angry,outputs/study1_35f300_extension_v1/angry/b26p08.wav,sad,0.9955808520317078,angry,0.004099158104509115,0.004099158104509115,1.517124746897025e-05,0.00010246274177916348,4.5105429308023304e-05,9.3605209258385e-05,1.3864251968698227e-06,0.9955808520317078,6.227868288988248e-05,4.882175219655949e-10
1613,development,dev_extension200,268,b26p08,26,1502026,8,surprise,outputs/study1_35f300_extension_v1/surprise/b26p08.wav,sad,0.9671099185943604,surprised,8.656748832436278e-05,7.431359335896559e-06,4.1910912841558456e-05,8.944909495767206e-05,8.353330485988408e-05,0.03258102387189865,1.3216597949394782e-07,0.9671099185943604,8.656748832436278e-05,6.146003844742509e-11
1614,development,dev_extension200,269,b26p09,26,1502026,9,normal,outputs/study1_35f300_extension_v1/normal/b26p09.wav,angry,0.9989500641822815,neutral,0.0002943245635833591,0.9989500641822815,2.431098209854099e-06,2.579602733021602e-05,2.9932377856312087e-06,0.0002943245635833591,1.0301253183797598e-08,0.0001638111425563693,0.0005605816841125488,5.257136739822421e-11
1615,development,dev_extension200,269,b26p09,26,1502026,9,happy,outputs/study1_35f300_extension_v1/happy/b26p09.wav,happy,0.5184417366981506,happy,0.5184417366981506,5.275066723697819e-05,4.984469342161901e-05,0.00014924891002010554,0.5184417366981506,8.79175331647275e-06,1.8514673127967285e-10,0.0002647502988111228,0.4810328781604767,2.440447843810034e-10
1616,development,dev_extension200,269,b26p09,26,1502026,9,sad,outputs/study1_35f300_extension_v1/sad/b26p09.wav,surprised,0.9999898672103882,sad,6.555163508892292e-06,4.7177302064937976e-08,3.6285491944454407e-08,1.1210477168788202e-06,2.125468427038868e-06,2.0968379033092788e-07,3.386096527663627e-16,6.555163508892292e-06,0.9999898672103882,2.2653526190324902e-13
1617,development,dev_extension200,269,b26p09,26,1502026,9,calm,outputs/study1_35f300_extension_v1/calm/b26p09.wav,sad,0.9895493984222412,,,1.6432042684755288e-05,6.909639068908291e-06,6.13285883446224e-05,7.319864380406216e-06,0.010339073836803436,6.781612427175787e-08,0.9895493984222412,1.9479732145555317e-05,9.10336910020515e-12
1618,development,dev_extension200,269,b26p09,26,1502026,9,angry,outputs/study1_35f300_extension_v1/angry/b26p09.wav,surprised,0.9988118410110474,angry,0.0007704885792918503,0.0007704885792918503,2.3716458485978364e-07,2.0295215108490083e-06,0.00041187411989085376,2.8603199098142795e-07,4.1964475378788654e-14,3.330407480461872e-06,0.9988118410110474,1.1196931917886385e-13
1619,development,dev_extension200,269,b26p09,26,1502026,9,surprise,outputs/study1_35f300_extension_v1/surprise/b26p09.wav,sad,0.9997989535331726,surprised,2.450965155276208e-07,2.7990779472020222e-08,2.4412074139945616e-07,2.5596898467483697e-06,0.00019803211034741253,2.49171776545154e-08,2.7631019694496217e-09,0.9997989535331726,2.450965155276208e-07,3.904651209703453e-15
1620,development,dev_extension200,270,b27p00,27,1502027,0,normal,outputs/study1_35f300_extension_v1/normal/b27p00.wav,surprised,0.9998733997344971,neutral,1.954704487161507e-07,1.1103113450872115e-07,3.1190559468541323e-08,3.2677962735760957e-07,0.00012515125854406506,1.954704487161507e-07,2.920261229200468e-16,8.410058285335253e-07,0.9998733997344971,5.687518056345098e-13
1621,development,dev_extension200,270,b27p00,27,1502027,0,happy,outputs/study1_35f300_extension_v1/happy/b27p00.wav,surprised,0.9209367036819458,happy,0.0572618804872036,0.0002869859745260328,1.3325920008355752e-05,0.0006310094613581896,0.0572618804872036,0.00012094082921976224,4.1182407484186e-10,0.02074916660785675,0.9209367036819458,1.8508275467787882e-10
1622,development,dev_extension200,270,b27p00,27,1502027,0,sad,outputs/study1_35f300_extension_v1/sad/b27p00.wav,sad,1.0,sad,1.0,2.019928495300416e-11,1.9942941520412205e-08,2.6543146347535185e-08,8.696993819556909e-11,3.6070094827644894e-11,5.933965124826912e-12,1.0,3.5965139200122564e-10,1.132804720339706e-19
1623,development,dev_extension200,270,b27p00,27,1502027,0,calm,outputs/study1_35f300_extension_v1/calm/b27p00.wav,sad,0.9999796152114868,,,3.497233080906881e-07,7.183380716924148e-07,1.4370633607541095e-06,1.0831206054717768e-05,6.377480531227775e-06,3.446372431881173e-08,0.9999796152114868,6.596783919121663e-07,2.123278775023607e-10
1624,development,dev_extension200,270,b27p00,27,1502027,0,angry,outputs/study1_35f300_extension_v1/angry/b27p00.wav,angry,0.8583768606185913,angry,0.8583768606185913,0.8583768606185913,0.0009949908126145601,0.0007071546278893948,0.011493670754134655,2.8409351216396317e-05,2.7954052939094254e-07,0.0007884231745265424,0.12761014699935913,2.6809297892782524e-08
1625,development,dev_extension200,270,b27p00,27,1502027,0,surprise,outputs/study1_35f300_extension_v1/surprise/b27p00.wav,surprised,0.9999995231628418,surprised,0.9999995231628418,5.048213846947647e-09,2.5601163411437255e-09,5.212528719766851e-08,4.1238269687937645e-08,2.6874449332581207e-09,3.35717196965299e-19,4.0176462334784446e-07,0.9999995231628418,1.6359445450759297e-17
1626,development,dev_extension200,271,b27p01,27,1502027,1,normal,outputs/study1_35f300_extension_v1/normal/b27p01.wav,happy,0.9769311547279358,neutral,0.0010920255444943905,0.0013437614543363452,0.0016271645436063409,0.000813491060398519,0.9769311547279358,0.0010920255444943905,1.0357267456129193e-05,0.005514183547347784,0.012641246430575848,2.670676440175157e-05
1627,development,dev_extension200,271,b27p01,27,1502027,1,happy,outputs/study1_35f300_extension_v1/happy/b27p01.wav,sad,0.9869421720504761,happy,0.0010539427166804671,6.163618763821432e-06,9.471999874222092e-06,0.0006539505557157099,0.0010539427166804671,0.004607649054378271,1.6449197559609274e-08,0.9869421720504761,0.006726613733917475,1.0328633059941694e-08
1628,development,dev_extension200,271,b27p01,27,1502027,1,sad,outputs/study1_35f300_extension_v1/sad/b27p01.wav,sad,0.9999978542327881,sad,0.9999978542327881,9.947723356162896e-08,1.2315452977418317e-06,2.751580723270308e-07,1.6604832353550592e-07,3.5459501646073477e-07,5.802134595001007e-08,0.9999978542327881,2.846148383639502e-08,6.333785718126705e-10
1629,development,dev_extension200,271,b27p01,27,1502027,1,calm,outputs/study1_35f300_extension_v1/calm/b27p01.wav,disgusted,0.9999442100524902,,,5.997267180646304e-06,0.9999442100524902,6.300444965745555e-06,4.4946941670787055e-06,3.846466370305279e-06,1.8181823179475032e-05,1.5884699678281322e-05,7.285418632818619e-07,3.0078848567427485e-07
1630,development,dev_extension200,271,b27p01,27,1502027,1,angry,outputs/study1_35f300_extension_v1/angry/b27p01.wav,angry,1.0,angry,1.0,1.0,3.163137252126802e-10,3.175303769920035e-11,5.728006957639309e-10,5.008880532564319e-10,6.15724756337227e-13,1.4432214312520841e-09,2.4784230223673376e-09,6.72300090140423e-19
1631,development,dev_extension200,271,b27p01,27,1502027,1,surprise,outputs/study1_35f300_extension_v1/surprise/b27p01.wav,surprised,0.9913346171379089,surprised,0.9913346171379089,0.0010663074208423495,9.95649243122898e-05,0.00032490037847310305,0.0031065032817423344,2.450701140332967e-05,8.972745324520304e-10,0.0040435572154819965,0.9913346171379089,1.856066589311922e-08
1632,development,dev_extension200,272,b27p02,27,1502027,2,normal,outputs/study1_35f300_extension_v1/normal/b27p02.wav,sad,0.9999998807907104,neutral,1.4707722151285907e-08,3.45528650136373e-09,5.425035709549775e-08,3.743390308841299e-08,8.207843293916994e-09,1.4707722151285907e-08,5.580822470818703e-10,0.9999998807907104,5.824741133864109e-09,6.163365445181063e-14
1633,development,dev_extension200,272,b27p02,27,1502027,2,happy,outputs/study1_35f300_extension_v1/happy/b27p02.wav,surprised,0.8428088426589966,happy,0.001989370211958885,7.218363316496834e-05,1.7504513380117714e-05,0.09159660339355469,0.001989370211958885,0.008702700957655907,9.718409188508303e-09,0.05481260269880295,0.8428088426589966,1.7555316844664048e-07
1634,development,dev_extension200,272,b27p02,27,1502027,2,sad,outputs/study1_35f300_extension_v1/sad/b27p02.wav,sad,1.0,sad,1.0,2.56035921630815e-11,8.171678334001342e-10,5.553133508584551e-09,7.867816120832316e-11,1.4601829467775218e-10,1.193512302877231e-12,1.0,2.9426375225405366e-10,2.893058699407959e-20
1635,development,dev_extension200,272,b27p02,27,1502027,2,calm,outputs/study1_35f300_extension_v1/calm/b27p02.wav,sad,0.9997815489768982,,,2.357843129630055e-07,4.852350343753642e-07,6.859745553811081e-06,2.528963477743673e-06,0.00020362887880764902,2.7573838767835923e-09,0.9997815489768982,4.5726619646302424e-06,1.6349838150020446e-12
1636,development,dev_extension200,272,b27p02,27,1502027,2,angry,outputs/study1_35f300_extension_v1/angry/b27p02.wav,angry,0.9998148083686829,angry,0.9998148083686829,0.9998148083686829,8.133110327435134e-07,8.734066796023399e-06,0.00016707887698430568,1.1916294084812762e-07,2.487462097633397e-06,5.641526058752788e-06,3.1910889219943783e-07,5.513543723141556e-13
1637,development,dev_extension200,272,b27p02,27,1502027,2,surprise,outputs/study1_35f300_extension_v1/surprise/b27p02.wav,sad,0.9923467636108398,surprised,0.007258367259055376,9.29221096157562e-06,1.2376570339256432e-05,0.00022787597845308483,4.9204056267626584e-05,9.601511555956677e-05,5.1122168720496575e-09,0.9923467636108398,0.007258367259055376,1.492877856890118e-07
1638,development,dev_extension200,273,b27p03,27,1502027,3,normal,outputs/study1_35f300_extension_v1/normal/b27p03.wav,angry,0.9999517202377319,neutral,2.1306721009750618e-06,0.9999517202377319,1.753943820403947e-06,7.94259790382057e-07,1.572795918036718e-05,2.1306721009750618e-06,4.9990806161304135e-08,1.8977763829752803e-05,8.775743481237441e-06,1.815039091246362e-11
1639,development,dev_extension200,273,b27p03,27,1502027,3,happy,outputs/study1_35f300_extension_v1/happy/b27p03.wav,happy,0.9864702820777893,happy,0.9864702820777893,0.008973437361419201,9.486158523941413e-05,4.0549759432906285e-05,0.9864702820777893,3.1236284030455863e-06,1.0933905514320941e-07,0.0001392146514263004,0.004278393927961588,3.4981637031528123e-10
1640,development,dev_extension200,273,b27p03,27,1502027,3,sad,outputs/study1_35f300_extension_v1/sad/b27p03.wav,sad,0.9670746922492981,sad,0.9670746922492981,8.445465937256813e-06,1.5266825357684866e-05,0.00026699795853346586,0.00010002556518884376,0.03238764405250549,1.0382920123674921e-07,0.9670746922492981,0.00014691716933157295,2.0275689460724777e-10
1641,development,dev_extension200,273,b27p03,27,1502027,3,calm,outputs/study1_35f300_extension_v1/calm/b27p03.wav,sad,0.999962568283081,,,4.6077843762759585e-07,7.112216167115548e-07,3.476309530014987e-06,1.3682726603292394e-05,1.116674866352696e-05,5.899254862384851e-09,0.999962568283081,7.885298145993147e-06,1.2662992876499857e-10
1642,development,dev_extension200,273,b27p03,27,1502027,3,angry,outputs/study1_35f300_extension_v1/angry/b27p03.wav,angry,1.0,angry,1.0,1.0,7.986077771304778e-11,4.245224397708691e-12,6.317004697109496e-10,1.8791042333266006e-10,5.0377336850704335e-12,1.3344613192245447e-09,2.224355595548122e-11,1.4648945566433432e-21
1643,development,dev_extension200,273,b27p03,27,1502027,3,surprise,outputs/study1_35f300_extension_v1/surprise/b27p03.wav,sad,0.8260171413421631,surprised,0.0003049451916012913,0.12953294813632965,0.0003493386029731482,0.00043934182031080127,0.04297512024641037,0.00017797596228774637,0.0002030586765613407,0.8260171413421631,0.0003049451916012913,9.100066478140434e-08
1644,development,dev_extension200,274,b27p04,27,1502027,4,normal,outputs/study1_35f300_extension_v1/normal/b27p04.wav,sad,0.9754466414451599,neutral,0.01858796738088131,1.3892325114284176e-05,6.6833445089287125e-06,0.00016561016673222184,0.0007135866326279938,0.01858796738088131,4.3867132148989185e-09,0.9754466414451599,0.005065567325800657,2.140666671701652e-10
1645,development,dev_extension200,274,b27p04,27,1502027,4,happy,outputs/study1_35f300_extension_v1/happy/b27p04.wav,happy,0.9830601811408997,happy,0.9830601811408997,4.1816383600234985e-06,2.5860297228064155e-06,1.9130837245029397e-05,0.9830601811408997,1.7598883914615726e-06,6.669979152329475e-11,1.814452298276592e-05,0.016893964260816574,2.805123841542745e-11
1646,development,dev_extension200,274,b27p04,27,1502027,4,sad,outputs/study1_35f300_extension_v1/sad/b27p04.wav,sad,1.0,sad,1.0,5.662031715876481e-13,1.0131034205995704e-10,1.1567223567876539e-10,7.646962490309717e-13,7.403990072950284e-13,1.330399328978429e-14,1.0,5.211844844588143e-12,9.376042773821202e-25
1647,development,dev_extension200,274,b27p04,27,1502027,4,calm,outputs/study1_35f300_extension_v1/calm/b27p04.wav,sad,1.0,,,1.5655558793792324e-10,1.1526249288351664e-08,1.7426355469751798e-08,1.5853036938739962e-10,9.93781612557143e-10,1.6981950567984683e-11,1.0,1.0943572714694483e-09,2.740424553969804e-17
1648,development,dev_extension200,274,b27p04,27,1502027,4,angry,outputs/study1_35f300_extension_v1/angry/b27p04.wav,angry,0.9787604212760925,angry,0.9787604212760925,0.9787604212760925,4.175836147624068e-05,9.985634824261069e-05,0.0007199736428447068,1.638017056393437e-05,2.441677615649951e-08,0.00016972731100395322,0.02019188366830349,2.278898403318408e-09
1649,development,dev_extension200,274,b27p04,27,1502027,4,surprise,outputs/study1_35f300_extension_v1/surprise/b27p04.wav,neutral,0.9645659327507019,surprised,0.008903888054192066,0.010182513855397701,8.375803008675575e-05,0.00022569249267689884,0.0031689044553786516,0.9645659327507019,2.909614238433278e-07,0.01286907959729433,0.008903888054192066,1.1529091459294705e-08
1650,development,dev_extension200,275,b27p05,27,1502027,5,normal,outputs/study1_35f300_extension_v1/normal/b27p05.wav,happy,0.8625255823135376,neutral,0.11693696677684784,5.4777268815087155e-05,0.0014572826912626624,0.0004816055006813258,0.8625255823135376,0.11693696677684784,2.2549136247107526e-06,0.007393757347017527,0.011145571246743202,2.2229946807783563e-06
1651,development,dev_extension200,275,b27p05,27,1502027,5,happy,outputs/study1_35f300_extension_v1/happy/b27p05.wav,sad,1.0,happy,9.61358271635293e-13,1.2836740947552022e-13,3.056659092504077e-12,5.97046544148494e-12,9.61358271635293e-13,4.442544151560951e-13,2.830828155437129e-15,1.0,5.670040175223545e-13,7.271494012893167e-25
1652,development,dev_extension200,275,b27p05,27,1502027,5,sad,outputs/study1_35f300_extension_v1/sad/b27p05.wav,sad,1.0,sad,1.0,5.050702477776836e-12,1.3522996056281045e-09,1.6157210014355883e-09,1.543065848708114e-11,1.49377749752988e-11,5.976477450951589e-13,1.0,3.907098602984327e-11,1.0134102881099177e-22
1653,development,dev_extension200,275,b27p05,27,1502027,5,calm,outputs/study1_35f300_extension_v1/calm/b27p05.wav,sad,1.0,,,8.124072942150562e-11,5.172634764960549e-09,3.768059642084154e-09,3.700226791636396e-10,2.7834743399068884e-09,3.4277011784489275e-11,1.0,2.477405780521025e-10,4.940624067326126e-16
1654,development,dev_extension200,275,b27p05,27,1502027,5,angry,outputs/study1_35f300_extension_v1/angry/b27p05.wav,angry,0.9999990463256836,angry,0.9999990463256836,0.9999990463256836,1.3955716582358946e-08,8.913329629933742e-09,1.692991702384461e-07,5.704501404579787e-08,7.301450000163356e-10,7.460978963536036e-07,9.11173430040435e-08,7.931878759489738e-14
1655,development,dev_extension200,275,b27p05,27,1502027,5,surprise,outputs/study1_35f300_extension_v1/surprise/b27p05.wav,happy,0.9939742684364319,surprised,0.005534283816814423,1.914280574055738e-06,1.3093832649246906e-06,0.00030200963374227285,0.9939742684364319,8.80304942256771e-05,3.977156826096007e-09,9.818694525165483e-05,0.005534283816814423,4.981021106686967e-08
1656,development,dev_extension200,276,b27p06,27,1502027,6,normal,outputs/study1_35f300_extension_v1/normal/b27p06.wav,surprised,0.901567816734314,neutral,0.03297745808959007,6.327968731056899e-05,1.950515252246987e-05,0.000492591701913625,0.06437162309885025,0.03297745808959007,5.854157159035367e-10,0.0005077699315734208,0.901567816734314,1.3202596349515261e-08
1657,development,dev_extension200,276,b27p06,27,1502027,6,happy,outputs/study1_35f300_extension_v1/happy/b27p06.wav,happy,0.9999996423721313,happy,0.9999996423721313,2.9254001998602064e-10,8.590213540493608e-10,5.499522170993032e-09,0.9999996423721313,8.426908060243932e-10,7.56844402687723e-13,8.856698485715242e-09,3.91300034152664e-07,1.8399047476552743e-12
1658,development,dev_extension200,276,b27p06,27,1502027,6,sad,outputs/study1_35f300_extension_v1/sad/b27p06.wav,happy,0.9999994039535522,sad,4.296777600387713e-09,4.404112630140844e-09,4.6047627932921387e-08,1.5113245410702802e-07,0.9999994039535522,4.438753808955198e-10,4.0598945361125516e-07,4.296777600387713e-09,1.2955804484793276e-10,1.4435495333808834e-11
1659,development,dev_extension200,276,b27p06,27,1502027,6,calm,outputs/study1_35f300_extension_v1/calm/b27p06.wav,sad,1.0,,,7.338819552060727e-10,7.820963432436656e-09,3.890860966748733e-09,6.031822263885545e-10,5.788349799473735e-09,6.762936044513168e-11,1.0,4.610561099571697e-10,2.2369690150732843e-16
1660,development,dev_extension200,276,b27p06,27,1502027,6,angry,outputs/study1_35f300_extension_v1/angry/b27p06.wav,angry,0.9969798922538757,angry,0.9969798922538757,0.9969798922538757,6.919757652212866e-06,1.5721407180535607e-05,0.0029569806065410376,4.513543956363719e-07,1.575361420691479e-05,2.3098020392353646e-05,1.0991174121954828e-06,6.984551825794938e-12
1661,development,dev_extension200,276,b27p06,27,1502027,6,surprise,outputs/study1_35f300_extension_v1/surprise/b27p06.wav,happy,0.5902597308158875,surprised,0.00019685739243868738,0.3699069619178772,0.0003235860203858465,0.009706859476864338,0.5902597308158875,0.0001562122197356075,0.0036018965765833855,0.025847848504781723,0.00019685739243868738,2.67706319334593e-08
1662,development,dev_extension200,277,b27p07,27,1502027,7,normal,outputs/study1_35f300_extension_v1/normal/b27p07.wav,angry,0.9999964237213135,neutral,1.2635176460662478e-07,0.9999964237213135,1.5966693922564446e-07,6.740952329664651e-08,1.7173690594063373e-06,1.2635176460662478e-07,5.457248430928985e-09,9.348577805212699e-07,5.671643066307297e-07,5.189791738718919e-13
1663,development,dev_extension200,277,b27p07,27,1502027,7,happy,outputs/study1_35f300_extension_v1/happy/b27p07.wav,happy,0.9664543271064758,happy,0.9664543271064758,4.403652837936534e-06,2.2599613203055924e-06,0.00018543245096225291,0.9664543271064758,8.40881148178596e-06,2.890925832055302e-10,0.00019673236238304526,0.0331483893096447,1.971601770733855e-10
1664,development,dev_extension200,277,b27p07,27,1502027,7,sad,outputs/study1_35f300_extension_v1/sad/b27p07.wav,sad,0.9878451228141785,sad,0.9878451228141785,3.4348442568443716e-05,2.060425867966842e-05,0.0008625946356914937,0.00044018655898980796,0.00016722230066079646,3.4186591335583216e-08,0.9878451228141785,0.010629672557115555,1.2554693284982932e-07
1665,development,dev_extension200,277,b27p07,27,1502027,7,calm,outputs/study1_35f300_extension_v1/calm/b27p07.wav,sad,0.9999992847442627,,,4.875986281405176e-09,6.6759078265477e-08,4.792588015334331e-07,1.8662781542388984e-08,6.118660422771427e-08,9.991425464761505e-10,0.9999992847442627,3.486912802941333e-08,5.7131365610585405e-12
1666,development,dev_extension200,277,b27p07,27,1502027,7,angry,outputs/study1_35f300_extension_v1/angry/b27p07.wav,angry,1.0,angry,1.0,1.0,1.7660496342782918e-14,8.622512176407039e-16,2.8160270339541715e-13,3.945873033699143e-13,1.3362081227737659e-17,7.335113961538797e-13,5.103155311519947e-13,5.275185914106047e-29
1667,development,dev_extension200,277,b27p07,27,1502027,7,surprise,outputs/study1_35f300_extension_v1/surprise/b27p07.wav,disgusted,0.5225502848625183,surprised,0.31722792983055115,0.14125262200832367,0.5225502848625183,0.006569780874997377,0.009752919897437096,0.0001381902111461386,2.282178138557356e-05,0.0022582781966775656,0.31722792983055115,0.00022721027198713273
1668,development,dev_extension200,278,b27p08,27,1502027,8,normal,outputs/study1_35f300_extension_v1/normal/b27p08.wav,happy,0.8192722201347351,neutral,0.0045336028560996056,0.13424035906791687,0.0014739707112312317,0.0013586212880909443,0.8192722201347351,0.0045336028560996056,1.5755005733808503e-05,0.004486012272536755,0.034617677330970764,1.7786492207960691e-06
1669,development,dev_extension200,278,b27p08,27,1502027,8,happy,outputs/study1_35f300_extension_v1/happy/b27p08.wav,surprised,0.9999250173568726,happy,7.431675476254895e-05,8.255872785412066e-08,1.4266114511940486e-08,2.003522467930452e-07,7.431675476254895e-05,4.385965723940899e-08,5.2712822380048086e-17,4.030798379517364e-07,0.9999250173568726,8.326818374355602e-15
1670,development,dev_extension200,278,b27p08,27,1502027,8,sad,outputs/study1_35f300_extension_v1/sad/b27p08.wav,sad,1.0,sad,1.0,3.807349574502794e-11,9.806121192834638e-11,1.967635915312016e-10,2.047235714286444e-10,1.5694613386685319e-09,8.2930239281645e-13,1.0,6.046724926322966e-11,2.4335550223733505e-18
1671,development,dev_extension200,278,b27p08,27,1502027,8,calm,outputs/study1_35f300_extension_v1/calm/b27p08.wav,sad,1.0,,,2.784335696032203e-12,2.624863520983567e-11,3.31725237556757e-11,4.356303946045914e-12,9.73807146031902e-11,3.235660098687386e-14,1.0,1.0267982644696083e-11,1.7337301742327987e-20
1672,development,dev_extension200,278,b27p08,27,1502027,8,angry,outputs/study1_35f300_extension_v1/angry/b27p08.wav,angry,1.0,angry,1.0,1.0,1.9205817491929622e-11,8.934101830733454e-13,3.4300489532013145e-11,3.263245576534679e-11,2.2033617335173727e-14,2.477391625177461e-10,7.774610816246863e-11,1.609054418964316e-23
1673,development,dev_extension200,278,b27p08,27,1502027,8,surprise,outputs/study1_35f300_extension_v1/surprise/b27p08.wav,surprised,0.9999997615814209,surprised,0.9999997615814209,2.3492638945299404e-09,1.648870484594056e-09,1.5438832434711003e-08,1.9185750943506719e-07,2.9423017355867387e-09,1.7549704275290558e-19,3.3431980739351275e-08,0.9999997615814209,8.596953618968131e-17
1674,development,dev_extension200,279,b27p09,27,1502027,9,normal,outputs/study1_35f300_extension_v1/normal/b27p09.wav,surprised,0.4102611541748047,neutral,0.002670926507562399,0.00013876028242520988,0.005895164795219898,0.011878171004354954,0.28134065866470337,0.002670926507562399,1.4706776028106106e-06,0.2877989113330841,0.4102611541748047,1.4775231647945475e-05
1675,development,dev_extension200,279,b27p09,27,1502027,9,happy,outputs/study1_35f300_extension_v1/happy/b27p09.wav,happy,0.9983171224594116,happy,0.9983171224594116,7.694432042626431e-07,1.8208646679340745e-06,2.012715776800178e-05,0.9983171224594116,0.00011038206866942346,1.947329852924895e-09,2.1994163034833036e-05,0.001527861924842,1.602276888945653e-08
1676,development,dev_extension200,279,b27p09,27,1502027,9,sad,outputs/study1_35f300_extension_v1/sad/b27p09.wav,sad,0.9999957084655762,sad,0.9999957084655762,6.862661194872999e-08,6.031414727658557e-07,3.34439300786471e-06,4.5431718831423495e-08,1.3912330132370698e-07,5.3783104192461906e-08,0.9999957084655762,3.818371041575119e-08,3.0374611246358763e-12
1677,development,dev_extension200,279,b27p09,27,1502027,9,calm,outputs/study1_35f300_extension_v1/calm/b27p09.wav,sad,0.9953327775001526,,,7.546802225988358e-05,4.4090243136452045e-06,6.864989700261503e-05,0.00018409530457574874,0.0001929677528096363,4.6654213825547686e-09,0.9953327775001526,0.0041415696032345295,7.94612653454152e-10
1678,development,dev_extension200,279,b27p09,27,1502027,9,angry,outputs/study1_35f300_extension_v1/angry/b27p09.wav,surprised,0.6573624610900879,angry,0.0002597629791125655,0.0002597629791125655,0.00019367832283023745,0.0031941994093358517,0.0007206054870039225,0.0001318328722845763,4.917428686468384e-09,0.3381374180316925,0.6573624610900879,2.5196337460897666e-08
1679,development,dev_extension200,279,b27p09,27,1502027,9,surprise,outputs/study1_35f300_extension_v1/surprise/b27p09.wav,sad,0.9999581575393677,surprised,6.9763295869051944e-06,1.4104936099101906e-06,7.954130524012726e-06,4.1326056816615164e-06,4.092526069143787e-06,1.710687138256617e-05,6.330581214797348e-08,0.9999581575393677,6.9763295869051944e-06,2.855643366217464e-08
1680,development,dev_extension200,280,b28p00,28,1502028,0,normal,outputs/study1_35f300_extension_v1/normal/b28p00.wav,surprised,0.9978455305099487,neutral,4.174087371211499e-05,3.0958644856582396e-06,6.849971896372153e-07,5.5859298299765214e-05,0.0008291610865853727,4.174087371211499e-05,9.470267452182934e-13,0.0012237908085808158,0.9978455305099487,1.4519067371987493e-11
1681,development,dev_extension200,280,b28p00,28,1502028,0,happy,outputs/study1_35f300_extension_v1/happy/b28p00.wav,happy,0.8775787949562073,happy,0.8775787949562073,0.00012016775872325525,6.37115808785893e-05,0.00029754769639112055,0.8775787949562073,2.867447619792074e-05,4.880781556693137e-09,0.0003258722717873752,0.1215851902961731,9.862327843279672e-09
1682,development,dev_extension200,280,b28p00,28,1502028,0,sad,outputs/study1_35f300_extension_v1/sad/b28p00.wav,surprised,0.9240027666091919,sad,0.0006797987152822316,0.0002852962934412062,5.133773811394349e-05,0.00013088900595903397,0.07482227683067322,2.762778603937477e-05,2.2087316697838588e-10,0.0006797987152822316,0.9240027666091919,2.8867797041698395e-10
1683,development,dev_extension200,280,b28p00,28,1502028,0,calm,outputs/study1_35f300_extension_v1/calm/b28p00.wav,sad,0.9999493360519409,,,3.8966379634075565e-07,1.946528755070176e-06,7.94705374573823e-06,2.474981920386199e-05,1.327164955000626e-05,1.250140826414281e-07,0.9999493360519409,2.1500870843738085e-06,2.5509912404686474e-08
1684,development,dev_extension200,280,b28p00,28,1502028,0,angry,outputs/study1_35f300_extension_v1/angry/b28p00.wav,happy,0.9663417935371399,angry,0.0008595399558544159,0.0008595399558544159,0.00016836686700116843,0.00011948133760597557,0.9663417935371399,4.146946594119072e-05,6.663326246325596e-08,0.00029548429301939905,0.03217374160885811,1.5339357162247325e-07
1685,development,dev_extension200,280,b28p00,28,1502028,0,surprise,outputs/study1_35f300_extension_v1/surprise/b28p00.wav,happy,0.9901260137557983,surprised,0.009666566736996174,1.0517979717405979e-05,1.1456184438429773e-05,7.171001198003069e-05,0.9901260137557983,2.7579260859056376e-05,4.908382589263738e-09,8.604546019341797e-05,0.009666566736996174,2.3668354387496038e-08
1686,development,dev_extension200,281,b28p01,28,1502028,1,normal,outputs/study1_35f300_extension_v1/normal/b28p01.wav,neutral,0.9910550117492676,neutral,0.9910550117492676,1.0145439773623366e-05,1.1927671039302368e-05,3.5618446418084204e-05,0.00770522328093648,0.9910550117492676,1.1555066237178835e-08,0.00013053523434791714,0.0010514726163819432,1.4082711663476744e-09
1687,development,dev_extension200,281,b28p01,28,1502028,1,happy,outputs/study1_35f300_extension_v1/happy/b28p01.wav,surprised,0.9989026784896851,happy,0.0002904881548602134,9.475867955188733e-06,3.0580221732634527e-07,3.4415894333506e-05,0.0002904881548602134,3.80343699362129e-05,4.7393881354163e-13,0.0007245396845974028,0.9989026784896851,7.111845834462116e-12
1688,development,dev_extension200,281,b28p01,28,1502028,1,sad,outputs/study1_35f300_extension_v1/sad/b28p01.wav,sad,1.0,sad,1.0,4.41045949761687e-10,2.105533747354116e-09,2.1952166751049162e-09,1.2232305168780044e-09,2.3662735770813015e-08,6.027331411750936e-12,1.0,1.608059574387255e-09,2.1109992015999108e-16
1689,development,dev_extension200,281,b28p01,28,1502028,1,calm,outputs/study1_35f300_extension_v1/calm/b28p01.wav,sad,1.0,,,2.669609810990181e-10,3.129251968658764e-09,5.5989108460607895e-08,2.8573673982457137e-10,1.7105041827392142e-09,9.846599230423081e-12,1.0,2.9653337563217974e-09,8.203522035091779e-17
1690,development,dev_extension200,281,b28p01,28,1502028,1,angry,outputs/study1_35f300_extension_v1/angry/b28p01.wav,surprised,0.8624606728553772,angry,0.1374509632587433,0.1374509632587433,5.995684659865219e-06,1.6571184460190125e-05,3.715472121257335e-05,1.0575469786999747e-05,2.829338976648166e-12,1.811826768971514e-05,0.8624606728553772,4.551528424989737e-12
1691,development,dev_extension200,281,b28p01,28,1502028,1,surprise,outputs/study1_35f300_extension_v1/surprise/b28p01.wav,surprised,0.823469877243042,surprised,0.823469877243042,0.0007029157131910324,2.8072670829715207e-05,0.001883871853351593,0.009108871221542358,0.14090955257415771,4.2926631138584526e-09,0.023896779865026474,0.823469877243042,1.5861775892744845e-08
1692,development,dev_extension200,282,b28p02,28,1502028,2,normal,outputs/study1_35f300_extension_v1/normal/b28p02.wav,sad,0.9998395442962646,neutral,8.221044117817655e-05,1.3196194004194695e-06,1.2046231859130785e-05,4.071151852258481e-05,6.341776497720275e-06,8.221044117817655e-05,1.7920491757195123e-07,0.9998395442962646,1.7583266526344232e-05,4.63507703329924e-08
1693,development,dev_extension200,282,b28p02,28,1502028,2,happy,outputs/study1_35f300_extension_v1/happy/b28p02.wav,happy,0.9998676776885986,happy,0.9998676776885986,1.6135012970153184e-07,1.5782707407652197e-07,3.2209991331910715e-05,0.9998676776885986,1.6960044035840838e-07,1.3094959561144037e-09,3.6875200748909265e-05,6.27564440947026e-05,8.906185511303732e-11
1694,development,dev_extension200,282,b28p02,28,1502028,2,sad,outputs/study1_35f300_extension_v1/sad/b28p02.wav,sad,0.9999799728393555,sad,0.9999799728393555,5.647459033752966e-08,6.53993424748478e-07,1.7806883988669142e-05,7.908729315886376e-08,1.0946459951810539e-06,3.4104022716974214e-08,0.9999799728393555,2.496699664789048e-07,1.3239741525339355e-09
1695,development,dev_extension200,282,b28p02,28,1502028,2,calm,outputs/study1_35f300_extension_v1/calm/b28p02.wav,neutral,0.9999361038208008,,,6.553707407874754e-07,3.562964536740765e-07,2.742557626334019e-06,1.3141798262950033e-05,0.9999361038208008,3.937500325790211e-10,3.1379531719721854e-06,4.3796724639832973e-05,1.0045836518202123e-07
1696,development,dev_extension200,282,b28p02,28,1502028,2,angry,outputs/study1_35f300_extension_v1/angry/b28p02.wav,sad,0.995894193649292,angry,9.752825462783221e-06,9.752825462783221e-06,7.30541069060564e-05,0.0015331823378801346,1.339875871053664e-05,4.145421371504199e-06,2.4206650905966853e-08,0.995894193649292,0.0024721405934542418,7.422516290489511e-08
1697,development,dev_extension200,282,b28p02,28,1502028,2,surprise,outputs/study1_35f300_extension_v1/surprise/b28p02.wav,sad,0.9895333647727966,surprised,0.0009624278172850609,8.183581485354807e-06,4.855184306506999e-05,0.00034669318119995296,7.736721454421058e-05,0.009023324586451054,7.705231297450155e-08,0.9895333647727966,0.0009624278172850609,5.072292807994927e-09
1698,development,dev_extension200,283,b28p03,28,1502028,3,normal,outputs/study1_35f300_extension_v1/normal/b28p03.wav,neutral,0.9999967813491821,neutral,0.9999967813491821,7.2198704792469925e-09,1.3728111092348172e-08,1.8309457061604917e-07,6.444166729124845e-07,0.9999967813491821,5.806955177128925e-12,4.933398827233759e-07,1.8388192302154494e-06,1.489494499962163e-10
1699,development,dev_extension200,283,b28p03,28,1502028,3,happy,outputs/study1_35f300_extension_v1/happy/b28p03.wav,happy,0.4107542932033539,happy,0.4107542932033539,0.0004106856940779835,0.00029576028464362025,0.01975814253091812,0.4107542932033539,0.07024040073156357,1.5130278825381538e-06,0.33451852202415466,0.16401833295822144,2.4036150989559246e-06
1700,development,dev_extension200,283,b28p03,28,1502028,3,sad,outputs/study1_35f300_extension_v1/sad/b28p03.wav,sad,1.0,sad,1.0,3.0597305245017026e-10,5.989133633477195e-09,2.659620612632807e-08,4.338340242604488e-10,3.3478424477095814e-09,2.493593873054145e-11,1.0,1.7824873799199281e-09,2.245244526967959e-16
1701,development,dev_extension200,283,b28p03,28,1502028,3,calm,outputs/study1_35f300_extension_v1/calm/b28p03.wav,sad,1.0,,,1.5308014578163665e-10,3.7004685982111596e-09,9.742484152752695e-09,2.855465863760287e-10,1.4116727786728234e-09,6.843945115492245e-12,1.0,1.6226574528488413e-09,1.9230987065369372e-16
1702,development,dev_extension200,283,b28p03,28,1502028,3,angry,outputs/study1_35f300_extension_v1/angry/b28p03.wav,angry,0.9999998807907104,angry,0.9999998807907104,0.9999998807907104,2.602036985877021e-08,1.993596843163914e-09,6.668527063879992e-09,1.8573580451430871e-09,5.200191943721677e-10,1.4789421243222023e-07,2.3990929243211667e-09,2.706915467355281e-18
1703,development,dev_extension200,283,b28p03,28,1502028,3,surprise,outputs/study1_35f300_extension_v1/surprise/b28p03.wav,surprised,1.0,surprised,1.0,4.555873178713199e-10,2.8755572922811723e-10,4.846650303313993e-10,1.1070206973329277e-09,1.345825118015398e-10,9.984951498244974e-22,8.181862409806229e-10,1.0,8.53589969195917e-20
1704,development,dev_extension200,284,b28p04,28,1502028,4,normal,outputs/study1_35f300_extension_v1/normal/b28p04.wav,angry,0.9998262524604797,neutral,1.5937577018121374e-06,0.9998262524604797,9.660370778874494e-07,2.608504473755602e-06,7.471555363736115e-06,1.5937577018121374e-06,4.867618841331023e-08,0.00015016569523140788,1.0966389709210489e-05,2.2097322235903327e-11
1705,development,dev_extension200,284,b28p04,28,1502028,4,happy,outputs/study1_35f300_extension_v1/happy/b28p04.wav,happy,0.999024510383606,happy,0.999024510383606,2.848389613063773e-07,2.018673740167287e-06,5.4691143304808065e-05,0.999024510383606,2.288420364493504e-05,6.255156836942888e-09,0.0005483081913553178,0.00034728203900158405,8.230058301528231e-10
1706,development,dev_extension200,284,b28p04,28,1502028,4,sad,outputs/study1_35f300_extension_v1/sad/b28p04.wav,sad,0.9737729430198669,sad,0.9737729430198669,1.4451228480538703e-06,1.1327412607897713e-07,4.842092312173918e-05,0.0007004889193922281,0.012534097768366337,1.480101805007017e-11,0.9737729430198669,0.012942465953528881,1.0445415149148984e-13
1707,development,dev_extension200,284,b28p04,28,1502028,4,calm,outputs/study1_35f300_extension_v1/calm/b28p04.wav,sad,0.9999884366989136,,,7.902869469944562e-08,4.726769020635402e-07,4.145836555835558e-06,3.497280829378724e-07,5.868771950190421e-06,1.2378153613212817e-08,0.9999884366989136,5.515422571988893e-07,8.778475724113832e-10
1708,development,dev_extension200,284,b28p04,28,1502028,4,angry,outputs/study1_35f300_extension_v1/angry/b28p04.wav,angry,0.9836026430130005,angry,0.9836026430130005,0.9836026430130005,2.2518419427797198e-05,0.00013653052155859768,0.0004935627803206444,2.20989477384137e-05,1.7928686020241003e-06,0.015415515750646591,0.00030532939126715064,4.049418300677843e-10
1709,development,dev_extension200,284,b28p04,28,1502028,4,surprise,outputs/study1_35f300_extension_v1/surprise/b28p04.wav,happy,0.324591726064682,surprised,0.037715982645750046,6.458213465521112e-05,0.22503231465816498,0.14994002878665924,0.324591726064682,0.0003617497277446091,0.00024127127835527062,0.2619297504425049,0.037715982645750046,0.00012249972496647388
1710,development,dev_extension200,285,b28p05,28,1502028,5,normal,outputs/study1_35f300_extension_v1/normal/b28p05.wav,angry,0.9999969005584717,neutral,1.1863374282938821e-07,0.9999969005584717,2.3717293018421515e-08,1.8376727695113004e-08,1.608575530553935e-06,1.1863374282938821e-07,2.9116925537309157e-10,3.4579366570142156e-07,1.0013222890847828e-06,2.6825812960416286e-14
1711,development,dev_extension200,285,b28p05,28,1502028,5,happy,outputs/study1_35f300_extension_v1/happy/b28p05.wav,sad,0.978114128112793,happy,0.004242116119712591,3.562720667105168e-05,2.489752478140872e-05,0.000810992147307843,0.004242116119712591,0.0007884087390266359,4.621369242840956e-08,0.978114128112793,0.015983697026968002,1.203692363560549e-07
1712,development,dev_extension200,285,b28p05,28,1502028,5,sad,outputs/study1_35f300_extension_v1/sad/b28p05.wav,sad,1.0,sad,1.0,6.588090489811904e-11,8.004126250682475e-09,1.2434140828077034e-08,1.7382222050610352e-10,2.0841207926114436e-10,4.7036107647668857e-11,1.0,1.515502862092788e-10,4.246409843108854e-18
1713,development,dev_extension200,285,b28p05,28,1502028,5,calm,outputs/study1_35f300_extension_v1/calm/b28p05.wav,sad,0.9965944886207581,,,2.9076618375256658e-06,3.4246352242917055e-06,0.00030341569799929857,0.0021692572627216578,0.00022619165247306228,2.5296531092067198e-08,0.9965944886207581,0.0007003667415119708,7.3709233161523e-10
1714,development,dev_extension200,285,b28p05,28,1502028,5,angry,outputs/study1_35f300_extension_v1/angry/b28p05.wav,angry,1.0,angry,1.0,1.0,1.3613910617316788e-13,9.738218362937128e-15,1.5563870721727047e-12,1.289047969928181e-12,2.4656543450698995e-17,2.8396254531798393e-12,1.588172128530463e-11,5.232742414436387e-27
1715,development,dev_extension200,285,b28p05,28,1502028,5,surprise,outputs/study1_35f300_extension_v1/surprise/b28p05.wav,sad,0.9999992847442627,surprised,3.319077634955647e-08,1.4536113646101967e-08,9.240232401452886e-08,1.0131912375754837e-07,3.986399121913564e-07,7.904809962155923e-08,2.2625501472361975e-09,0.9999992847442627,3.319077634955647e-08,6.333957663917644e-12
1716,development,dev_extension200,286,b28p06,28,1502028,6,normal,outputs/study1_35f300_extension_v1/normal/b28p06.wav,sad,0.99049311876297,neutral,0.007218935061246157,0.0007671794155612588,2.0153015611867886e-06,0.0003672586171887815,6.694842886645347e-05,0.007218935061246157,2.322967240786511e-08,0.99049311876297,0.001084574032574892,2.648392963267021e-11
1717,development,dev_extension200,286,b28p06,28,1502028,6,happy,outputs/study1_35f300_extension_v1/happy/b28p06.wav,sad,0.9963697195053101,happy,0.00010187797306571156,1.0076112630486023e-05,7.391707185888663e-06,0.001000122050754726,0.00010187797306571156,0.0006400371203199029,5.178800321914423e-08,0.9963697195053101,0.001870723906904459,1.1346837425207923e-07
1718,development,dev_extension200,286,b28p06,28,1502028,6,sad,outputs/study1_35f300_extension_v1/sad/b28p06.wav,sad,1.0,sad,1.0,9.212265282207421e-14,2.1817892544712114e-12,1.9947732701752763e-12,2.6074709882570324e-13,1.6624687195453125e-13,8.702479498166134e-16,1.0,2.385504174837877e-13,7.253700053395622e-27
1719,development,dev_extension200,286,b28p06,28,1502028,6,calm,outputs/study1_35f300_extension_v1/calm/b28p06.wav,sad,1.0,,,9.346311224955883e-11,8.20510104304617e-10,2.8636926163727594e-09,6.560281762268971e-10,1.2158707374254618e-09,6.325148738106634e-12,1.0,4.721842361554707e-10,3.216127720094027e-16
1720,development,dev_extension200,286,b28p06,28,1502028,6,angry,outputs/study1_35f300_extension_v1/angry/b28p06.wav,angry,0.9999904632568359,angry,0.9999904632568359,0.9999904632568359,3.0237492865126114e-06,5.932361659688468e-07,2.644232495185861e-07,3.42002017816867e-08,1.9923200511584582e-07,5.380390575737692e-06,9.534337408467763e-08,3.049260673061889e-14
1721,development,dev_extension200,286,b28p06,28,1502028,6,surprise,outputs/study1_35f300_extension_v1/surprise/b28p06.wav,neutral,0.8837159872055054,surprised,0.056737471371889114,0.0006291463505476713,3.9807626308174804e-05,0.0007361437892541289,0.002023564651608467,0.8837159872055054,1.889455880643709e-08,0.05611785873770714,0.056737471371889114,4.416183863042988e-09
1722,development,dev_extension200,287,b28p07,28,1502028,7,normal,outputs/study1_35f300_extension_v1/normal/b28p07.wav,surprised,0.9996724128723145,neutral,3.6047727917321026e-05,2.7120938739244593e-06,5.519266892406449e-07,9.141434929915704e-06,5.977610271656886e-05,3.6047727917321026e-05,1.5311093593071284e-13,0.00021924322936683893,0.9996724128723145,1.7492373868832622e-11
1723,development,dev_extension200,287,b28p07,28,1502028,7,happy,outputs/study1_35f300_extension_v1/happy/b28p07.wav,happy,0.9830352067947388,happy,0.9830352067947388,7.062755230435869e-06,6.282104095589602e-06,5.2659641369245946e-05,0.9830352067947388,1.1999202342849458e-06,3.097872514068456e-10,4.1412291466258466e-05,0.01685613952577114,1.2436150720329664e-10
1724,development,dev_extension200,287,b28p07,28,1502028,7,sad,outputs/study1_35f300_extension_v1/sad/b28p07.wav,sad,0.9999957084655762,sad,0.9999957084655762,1.9810695306432535e-08,1.0843348263733787e-07,3.926365479856031e-06,4.156067845428879e-08,1.0592284382937578e-07,6.875287006380404e-09,0.9999957084655762,5.971544680960506e-08,1.4756022792550283e-11
1725,development,dev_extension200,287,b28p07,28,1502028,7,calm,outputs/study1_35f300_extension_v1/calm/b28p07.wav,sad,0.9999319314956665,,,7.122254714886367e-07,8.261302042456009e-08,5.931531632086262e-06,2.7733849492506124e-06,5.91967545915395e-06,1.8968041026745652e-10,0.9999319314956665,5.261316618998535e-05,4.577036232661369e-12
1726,development,dev_extension200,287,b28p07,28,1502028,7,angry,outputs/study1_35f300_extension_v1/angry/b28p07.wav,sad,0.9631572961807251,angry,0.0227629654109478,0.0227629654109478,3.156388993375003e-05,0.011550769209861755,0.00011216365965083241,2.6557445380603895e-05,1.1081357342845877e-06,0.9631572961807251,0.00235759187489748,1.2475778188303366e-09
1727,development,dev_extension200,287,b28p07,28,1502028,7,surprise,outputs/study1_35f300_extension_v1/surprise/b28p07.wav,sad,0.9867607355117798,surprised,0.011951602064073086,1.842990423028823e-05,2.4623979697935283e-05,0.0007136579952202737,0.00049784587463364,3.3106221962952986e-05,1.5536658182213614e-08,0.9867607355117798,0.011951602064073086,4.0777710097472664e-08
1728,development,dev_extension200,288,b28p08,28,1502028,8,normal,outputs/study1_35f300_extension_v1/normal/b28p08.wav,surprised,0.9914724826812744,neutral,0.002401682548224926,7.162489055190235e-06,1.717298118819599e-06,6.825209857197478e-05,0.005988574121147394,0.002401682548224926,5.4027303464376786e-12,6.003647649777122e-05,0.9914724826812744,3.1758806695592057e-10
1729,development,dev_extension200,288,b28p08,28,1502028,8,happy,outputs/study1_35f300_extension_v1/happy/b28p08.wav,sad,0.9984738230705261,happy,0.0009644899982959032,1.902501594486239e-06,5.044823410571553e-06,4.7895460738800466e-05,0.0009644899982959032,0.0003805614833254367,4.4843407209782526e-08,0.9984738230705261,0.00012632462312467396,1.909323810167507e-09
1730,development,dev_extension200,288,b28p08,28,1502028,8,sad,outputs/study1_35f300_extension_v1/sad/b28p08.wav,sad,0.9959725737571716,sad,0.9959725737571716,7.905087841209024e-05,5.970858910586685e-05,0.00018981919856742024,0.003307220758870244,2.2048986636491463e-07,1.7789338357943052e-07,0.9959725737571716,0.0003911210806109011,9.876553047627468e-11
1731,development,dev_extension200,288,b28p08,28,1502028,8,calm,outputs/study1_35f300_extension_v1/calm/b28p08.wav,neutral,0.9999561309814453,,,1.893471868186225e-08,4.860216762381242e-08,1.0120283150172327e-05,1.332270471721131e-07,0.9999561309814453,2.1833972130291812e-11,2.1711966837756336e-05,1.1900886420335155e-05,9.672154049900072e-11
1732,development,dev_extension200,288,b28p08,28,1502028,8,angry,outputs/study1_35f300_extension_v1/angry/b28p08.wav,sad,0.9973301887512207,angry,0.00018058624118566513,0.00018058624118566513,5.132951173436595e-06,0.00018855917733162642,7.361944426520495e-06,0.000263670168351382,7.950816005575234e-09,0.9973301887512207,0.0020244200713932514,2.723631042922392e-10
1733,development,dev_extension200,288,b28p08,28,1502028,8,surprise,outputs/study1_35f300_extension_v1/surprise/b28p08.wav,angry,0.8303893208503723,surprised,0.16915269196033478,0.8303893208503723,3.430880678934045e-05,4.868365795118734e-05,0.00019612816686276346,2.3498228983953595e-05,5.956168336318513e-10,0.0001554312475491315,0.16915269196033478,2.484975558658675e-10
1734,development,dev_extension200,289,b28p09,28,1502028,9,normal,outputs/study1_35f300_extension_v1/normal/b28p09.wav,surprised,0.9909718036651611,neutral,2.03974632313475e-05,1.0318413842469454e-05,4.7295122840296244e-07,0.00011389296560082585,1.3756488442595582e-05,2.03974632313475e-05,3.622678329193163e-13,0.008869444020092487,0.9909718036651611,1.1154635158258652e-12
1735,development,dev_extension200,289,b28p09,28,1502028,9,happy,outputs/study1_35f300_extension_v1/happy/b28p09.wav,sad,0.9999998807907104,happy,6.869691926425503e-09,8.844980303734928e-10,1.09442046536401e-08,1.6101656896694294e-08,6.869691926425503e-09,1.146258696849145e-07,8.22018078605602e-11,0.9999998807907104,4.834704636635934e-09,9.783237994677105e-14
1736,development,dev_extension200,289,b28p09,28,1502028,9,sad,outputs/study1_35f300_extension_v1/sad/b28p09.wav,sad,0.9999985694885254,sad,0.9999985694885254,1.318002773587068e-08,4.1585135335253653e-08,6.095892217672372e-07,1.9762030234460326e-08,3.864794564378826e-07,1.1103343244833752e-10,0.9999985694885254,3.820562426426477e-07,1.4509869000756126e-12
1737,development,dev_extension200,289,b28p09,28,1502028,9,calm,outputs/study1_35f300_extension_v1/calm/b28p09.wav,neutral,0.9876675605773926,,,3.7678466924262466e-06,2.1207158624747535e-06,0.0003412078076507896,0.0003117563028354198,0.9876675605773926,9.001336898073475e-10,0.0032180421985685825,0.008455580100417137,1.1091173535149323e-09
1738,development,dev_extension200,289,b28p09,28,1502028,9,angry,outputs/study1_35f300_extension_v1/angry/b28p09.wav,surprised,0.5346177220344543,angry,0.00025216094218194485,0.00025216094218194485,3.231675873394124e-05,0.008772401139140129,0.0005033179186284542,0.0002212898398283869,2.8988755840231306e-09,0.4556008279323578,0.5346177220344543,2.6285142951110174e-09
1739,development,dev_extension200,289,b28p09,28,1502028,9,surprise,outputs/study1_35f300_extension_v1/surprise/b28p09.wav,surprised,0.9992567896842957,surprised,0.9992567896842957,1.9909589354938362e-07,7.669860480064017e-08,7.514689741583425e-07,0.0007409606478177011,3.4478463817322336e-07,9.896666251874649e-16,8.052909379330231e-07,0.9992567896842957,3.764469205108645e-13
1740,development,dev_extension200,290,b29p00,29,1502029,0,normal,outputs/study1_35f300_extension_v1/normal/b29p00.wav,happy,0.9817485213279724,neutral,6.185497113619931e-06,2.1540437955991365e-05,2.9410322895273566e-05,5.287283784127794e-05,0.9817485213279724,6.185497113619931e-06,2.459040082669617e-09,5.1305967645021155e-05,0.018090233206748962,7.554105785345655e-09
1741,development,dev_extension200,290,b29p00,29,1502029,0,happy,outputs/study1_35f300_extension_v1/happy/b29p00.wav,happy,0.9999966621398926,happy,0.9999966621398926,1.3235845752745945e-09,4.333712499970943e-09,1.0374272818580721e-07,0.9999966621398926,7.786705680246087e-08,1.0850908713222474e-11,4.419400667643458e-08,3.1235724691214273e-06,1.2735265619845393e-10
1742,development,dev_extension200,290,b29p00,29,1502029,0,sad,outputs/study1_35f300_extension_v1/sad/b29p00.wav,sad,0.9994091987609863,sad,0.9994091987609863,2.98127616815691e-07,5.044885256211273e-06,3.355329317855649e-05,4.061163053847849e-06,0.0005295477458275855,2.108071051054594e-08,0.9994091987609863,1.8305610865354538e-05,6.523088735832516e-10
1743,development,dev_extension200,290,b29p00,29,1502029,0,calm,outputs/study1_35f300_extension_v1/calm/b29p00.wav,sad,1.0,,,1.7016392461766117e-10,8.970541642838725e-09,3.299234441200838e-09,1.7876482238943225e-10,3.8853880113265404e-09,3.8168818800032867e-11,1.0,1.711368130541402e-10,3.884480688399033e-18
1744,development,dev_extension200,290,b29p00,29,1502029,0,angry,outputs/study1_35f300_extension_v1/angry/b29p00.wav,sad,0.9999995231628418,angry,1.372095059792855e-08,1.372095059792855e-08,1.4642618850757572e-07,2.908355156705511e-07,3.0294366126781824e-08,3.0433479736302615e-08,2.0520140253665886e-08,0.9999995231628418,3.8350691511368495e-09,9.97053394707903e-12
1745,development,dev_extension200,290,b29p00,29,1502029,0,surprise,outputs/study1_35f300_extension_v1/surprise/b29p00.wav,surprised,0.9990214109420776,surprised,0.9990214109420776,2.8005581498291576e-06,5.97860150719498e-07,1.2227797924424522e-05,0.0009189861593768001,9.175336685984803e-07,1.2368274807106339e-13,4.305289257899858e-05,0.9990214109420776,7.438016348670917e-12
1746,development,dev_extension200,291,b29p01,29,1502029,1,normal,outputs/study1_35f300_extension_v1/normal/b29p01.wav,sad,0.48504528403282166,neutral,0.44615209102630615,0.0010582315735518932,2.035762918239925e-05,0.0008551495266146958,0.0008390942821279168,0.44615209102630615,7.611236974014446e-09,0.48504528403282166,0.06602979451417923,1.4961072658525865e-10
1747,development,dev_extension200,291,b29p01,29,1502029,1,happy,outputs/study1_35f300_extension_v1/happy/b29p01.wav,angry,0.7251136302947998,happy,0.0076211122795939445,0.7251136302947998,0.0002105670573655516,0.001485715969465673,0.0076211122795939445,0.007172059267759323,2.9678670898647397e-07,0.007199586369097233,0.25119712948799133,3.997209319095418e-08
1748,development,dev_extension200,291,b29p01,29,1502029,1,sad,outputs/study1_35f300_extension_v1/sad/b29p01.wav,sad,0.9999959468841553,sad,0.9999959468841553,2.1994975440975395e-07,4.4535178744808945e-07,5.269918688100006e-07,4.203481580589141e-07,2.3626475922355894e-06,6.475255531768198e-08,0.9999959468841553,4.711176515570514e-08,6.60446086708788e-10
1749,development,dev_extension200,291,b29p01,29,1502029,1,calm,outputs/study1_35f300_extension_v1/calm/b29p01.wav,sad,0.9999974966049194,,,3.775058843302759e-08,1.890044103447508e-07,2.605160602797696e-07,7.223502507258672e-08,1.9083836377831176e-06,3.617559363178202e-09,0.9999974966049194,5.004613967685145e-08,8.425693302782644e-12
1750,development,dev_extension200,291,b29p01,29,1502029,1,angry,outputs/study1_35f300_extension_v1/angry/b29p01.wav,angry,0.9435532093048096,angry,0.9435532093048096,0.9435532093048096,0.0005253442213870585,0.0015699572395533323,0.051918819546699524,1.6931498976191506e-05,8.398852514801547e-05,0.0017567500472068787,0.0005749251577071846,2.3248132308140157e-09
1751,development,dev_extension200,291,b29p01,29,1502029,1,surprise,outputs/study1_35f300_extension_v1/surprise/b29p01.wav,neutral,0.7695268392562866,surprised,0.1669061928987503,6.448832573369145e-05,0.00020279898308217525,0.0018470815848559141,0.022673487663269043,0.7695268392562866,5.0366132597901014e-08,0.03877885267138481,0.1669061928987503,2.6089750804203504e-07
1752,development,dev_extension200,292,b29p02,29,1502029,2,normal,outputs/study1_35f300_extension_v1/normal/b29p02.wav,happy,0.970310389995575,neutral,0.0018550017848610878,7.790556082909461e-06,1.0585066775092855e-05,0.00014283135533332825,0.970310389995575,0.0018550017848610878,3.483273003368481e-09,7.367398211499676e-05,0.02759966067969799,3.1546655065994855e-08
1753,development,dev_extension200,292,b29p02,29,1502029,2,happy,outputs/study1_35f300_extension_v1/happy/b29p02.wav,happy,0.9918413162231445,happy,0.9918413162231445,6.28562702331692e-07,3.3970493973356497e-07,2.4345190468011424e-06,0.9918413162231445,2.625369290853996e-07,1.6896160035320684e-12,2.9861225812055636e-06,0.008152118884027004,1.3449529304935398e-13
1754,development,dev_extension200,292,b29p02,29,1502029,2,sad,outputs/study1_35f300_extension_v1/sad/b29p02.wav,sad,1.0,sad,1.0,3.479960070107424e-11,1.445323416504607e-09,5.500572886063537e-09,8.711004834127678e-11,1.4151119165362047e-10,3.0216358928858433e-12,1.0,1.8493716280598704e-10,2.2901435530242497e-20
1755,development,dev_extension200,292,b29p02,29,1502029,2,calm,outputs/study1_35f300_extension_v1/calm/b29p02.wav,sad,0.9999994039535522,,,1.2027459028729481e-09,3.0029159603373046e-08,5.102535283185716e-07,1.1744769601307326e-08,2.339520754901514e-08,3.601832165855967e-10,0.9999994039535522,2.1701051622358136e-08,9.022407929278053e-13
1756,development,dev_extension200,292,b29p02,29,1502029,2,angry,outputs/study1_35f300_extension_v1/angry/b29p02.wav,angry,0.9888746738433838,angry,0.9888746738433838,0.9888746738433838,0.00025297398678958416,0.0008351674769073725,0.0016403311165049672,7.561900019936729e-06,3.058451329707168e-05,0.008017252199351788,0.00034145856625400484,1.5579529888398724e-09
1757,development,dev_extension200,292,b29p02,29,1502029,2,surprise,outputs/study1_35f300_extension_v1/surprise/b29p02.wav,surprised,0.9999774694442749,surprised,0.9999774694442749,1.6844694528117543e-07,3.022391936724489e-08,2.797317847580416e-06,1.434032674296759e-05,4.137462781272916e-07,1.2726152283606853e-15,4.795672339241719e-06,0.9999774694442749,1.186431270068511e-12
1758,development,dev_extension200,293,b29p03,29,1502029,3,normal,outputs/study1_35f300_extension_v1/normal/b29p03.wav,sad,0.8247100710868835,neutral,0.1652909368276596,0.00014491044566966593,3.0700775823788717e-06,2.024644345510751e-05,0.009804552420973778,0.1652909368276596,3.5055654734605923e-07,0.8247100710868835,2.5776218535611406e-05,2.414135037709375e-11
1759,development,dev_extension200,293,b29p03,29,1502029,3,happy,outputs/study1_35f300_extension_v1/happy/b29p03.wav,neutral,0.4770924746990204,happy,0.1467622071504593,0.00037335726665332913,0.00020652181410696357,0.022426441311836243,0.1467622071504593,0.4770924746990204,5.481070388668741e-07,0.02241683006286621,0.3307165801525116,5.0706630645436235e-06
1760,development,dev_extension200,293,b29p03,29,1502029,3,sad,outputs/study1_35f300_extension_v1/sad/b29p03.wav,sad,1.0,sad,1.0,3.728894526489057e-09,2.411306354588305e-08,1.4464464292984758e-08,1.770033342118893e-09,1.0219036283842797e-08,5.412194026277461e-10,1.0,8.675757334764e-10,9.683794166735434e-16
1761,development,dev_extension200,293,b29p03,29,1502029,3,calm,outputs/study1_35f300_extension_v1/calm/b29p03.wav,sad,1.0,,,6.855026962737654e-11,3.1191380034378824e-10,8.315337862718764e-10,6.763426624312174e-11,1.5506765871364792e-09,7.632332266194197e-13,1.0,2.3386675929160106e-10,3.6224472411350975e-18
1762,development,dev_extension200,293,b29p03,29,1502029,3,angry,outputs/study1_35f300_extension_v1/angry/b29p03.wav,angry,0.9998993873596191,angry,0.9998993873596191,0.9998993873596191,1.476481065765256e-05,4.095819349458907e-06,2.000777021748945e-05,2.9837659099030134e-07,9.415578574589745e-07,5.692985359928571e-05,3.4698864510573912e-06,1.841350162623545e-11
1763,development,dev_extension200,293,b29p03,29,1502029,3,surprise,outputs/study1_35f300_extension_v1/surprise/b29p03.wav,sad,0.9999997615814209,surprised,2.3760691192364902e-08,2.033886614682956e-09,2.741053073407329e-08,1.0523254445615748e-07,3.3127676601907297e-08,1.4120852043220111e-08,2.2669863208868435e-10,0.9999997615814209,2.3760691192364902e-08,7.601879195573424e-13
1764,development,dev_extension200,294,b29p04,29,1502029,4,normal,outputs/study1_35f300_extension_v1/normal/b29p04.wav,surprised,0.4768207371234894,neutral,0.05503758043050766,0.0005579867283813655,0.00032245690817944705,0.001497652498073876,0.011466734111309052,0.05503758043050766,4.4302403523488465e-08,0.45429661870002747,0.4768207371234894,1.7803812113470485e-07
1765,development,dev_extension200,294,b29p04,29,1502029,4,happy,outputs/study1_35f300_extension_v1/happy/b29p04.wav,sad,0.999919056892395,happy,3.0843129934510216e-05,1.768024446846539e-07,8.376734399462293e-07,1.2495917872001883e-05,3.0843129934510216e-05,1.484270796936471e-05,5.301521888156913e-09,0.999919056892395,2.169483013858553e-05,2.118510367132842e-10
1766,development,dev_extension200,294,b29p04,29,1502029,4,sad,outputs/study1_35f300_extension_v1/sad/b29p04.wav,sad,1.0,sad,1.0,5.012573689455735e-12,5.380458925619003e-11,2.249615355109924e-10,1.1704171486159876e-11,2.3068089105571232e-11,4.5354714585778624e-14,1.0,5.743944209157803e-11,6.994648953271205e-21
1767,development,dev_extension200,294,b29p04,29,1502029,4,calm,outputs/study1_35f300_extension_v1/calm/b29p04.wav,sad,0.9999998807907104,,,2.56139198739902e-09,8.046203703315769e-09,1.830014717540962e-08,6.034379662622769e-09,6.754167003464318e-08,1.2084161449266162e-10,0.9999998807907104,3.738971354749765e-09,1.2631837917787166e-14
1768,development,dev_extension200,294,b29p04,29,1502029,4,angry,outputs/study1_35f300_extension_v1/angry/b29p04.wav,angry,0.9999998807907104,angry,0.9999998807907104,0.9999998807907104,4.1461442612522603e-10,8.742350732227067e-10,5.9524769113750153e-08,5.8280971160229456e-09,3.171496051890266e-11,1.411016548047428e-08,1.3311748148225888e-08,4.451459893308808e-16
1769,development,dev_extension200,294,b29p04,29,1502029,4,surprise,outputs/study1_35f300_extension_v1/surprise/b29p04.wav,happy,0.9562889933586121,surprised,0.041013240814208984,0.00014805897080805153,4.3718504457501695e-05,0.00041529611917212605,0.9562889933586121,0.0001630257029319182,3.808429127616364e-08,0.0019275746308267117,0.041013240814208984,8.018140107424188e-08
1770,development,dev_extension200,295,b29p05,29,1502029,5,normal,outputs/study1_35f300_extension_v1/normal/b29p05.wav,happy,0.9990106821060181,neutral,1.1441583183113835e-06,3.466321345513279e-07,2.4255812149931444e-06,6.492987267847639e-06,0.9990106821060181,1.1441583183113835e-06,3.1558217150617907e-10,3.0868716294207843e-06,0.0009758248343132436,5.1737902850845785e-09
1771,development,dev_extension200,295,b29p05,29,1502029,5,happy,outputs/study1_35f300_extension_v1/happy/b29p05.wav,happy,0.999692440032959,happy,0.999692440032959,3.8688912695761246e-07,2.9531731797760585e-06,2.0470833987928927e-05,0.999692440032959,3.9798987927497365e-06,7.533316193075734e-09,7.129245932446793e-05,0.000208427692996338,1.5473164971524511e-09
1772,development,dev_extension200,295,b29p05,29,1502029,5,sad,outputs/study1_35f300_extension_v1/sad/b29p05.wav,sad,1.0,sad,1.0,2.9176500104810543e-10,2.5124544666965676e-09,3.114140278981381e-09,1.0182045206974522e-09,5.506490818873999e-10,7.0483176586866314e-12,1.0,1.0836270769587486e-09,6.5455318859203926e-18
1773,development,dev_extension200,295,b29p05,29,1502029,5,calm,outputs/study1_35f300_extension_v1/calm/b29p05.wav,neutral,0.9999983310699463,,,3.350892185949306e-08,5.0611486557272656e-08,1.056309741898076e-07,6.970501544856234e-07,0.9999983310699463,1.8764471920729164e-10,5.972081567051646e-07,2.585399840882019e-07,1.4421953631327256e-09
1774,development,dev_extension200,295,b29p05,29,1502029,5,angry,outputs/study1_35f300_extension_v1/angry/b29p05.wav,angry,1.0,angry,1.0,1.0,8.641034936196501e-12,3.257597100056464e-12,1.1313890102560009e-10,2.2828416934572715e-10,2.1848321762885092e-13,1.3524028563693946e-09,8.916934551850275e-11,1.0164544001067922e-20
1775,development,dev_extension200,295,b29p05,29,1502029,5,surprise,outputs/study1_35f300_extension_v1/surprise/b29p05.wav,surprised,0.9989965558052063,surprised,0.9989965558052063,8.698092278791592e-05,4.455555142612866e-07,1.050585342454724e-05,0.0008354003657586873,1.7531938283354975e-05,5.220792873537883e-13,5.2520754252327606e-05,0.9989965558052063,6.7400069900247495e-12
1776,development,dev_extension200,296,b29p06,29,1502029,6,normal,outputs/study1_35f300_extension_v1/normal/b29p06.wav,sad,0.9999994039535522,neutral,1.1418328682566425e-07,8.191340050700546e-09,1.3247993990717077e-07,2.4160479483725794e-07,2.085946881891232e-08,1.1418328682566425e-07,1.825466777738427e-09,0.9999994039535522,2.8469941071307403e-08,1.2223843465219986e-11
1777,development,dev_extension200,296,b29p06,29,1502029,6,happy,outputs/study1_35f300_extension_v1/happy/b29p06.wav,happy,0.9994521737098694,happy,0.9994521737098694,1.8570791837646539e-07,4.1455635368947696e-07,5.669751885761798e-07,0.9994521737098694,2.1137432781870302e-07,1.470017683968816e-11,8.230281309806742e-07,0.0005456898361444473,2.7239429462033726e-11
1778,development,dev_extension200,296,b29p06,29,1502029,6,sad,outputs/study1_35f300_extension_v1/sad/b29p06.wav,sad,1.0,sad,1.0,1.5572297895616316e-09,1.8608339757975045e-08,1.6924579071542212e-08,4.038022360930427e-09,3.03018943270672e-08,2.5921970125963867e-10,1.0,2.1521540105595705e-09,3.514554505713516e-14
1779,development,dev_extension200,296,b29p06,29,1502029,6,calm,outputs/study1_35f300_extension_v1/calm/b29p06.wav,sad,1.0,,,1.661887120973926e-11,4.6397788389107575e-10,6.874277258539507e-10,3.7637462591000315e-11,9.591834271294175e-11,9.415993375630483e-13,1.0,6.478570457879584e-11,6.705760001746182e-20
1780,development,dev_extension200,296,b29p06,29,1502029,6,angry,outputs/study1_35f300_extension_v1/angry/b29p06.wav,angry,0.4962090849876404,angry,0.4962090849876404,0.4962090849876404,0.0022276127710938454,0.03314696252346039,0.010872460901737213,0.00014922722766641527,0.0030104753095656633,0.4533684551715851,0.001015560352243483,1.9649745297556365e-07
1781,development,dev_extension200,296,b29p06,29,1502029,6,surprise,outputs/study1_35f300_extension_v1/surprise/b29p06.wav,happy,0.9999988079071045,surprised,1.1547338090167614e-06,7.482928165991609e-10,5.5248028374421665e-09,1.629569723604618e-08,0.9999988079071045,8.809193929870673e-10,1.6417615964631205e-12,2.3217957334509265e-08,1.1547338090167614e-06,1.4825235223475675e-12
1782,development,dev_extension200,297,b29p07,29,1502029,7,normal,outputs/study1_35f300_extension_v1/normal/b29p07.wav,angry,0.9999986886978149,neutral,2.314781539780597e-07,0.9999986886978149,4.899404260072515e-08,2.1284142448507737e-08,3.331245181925624e-07,2.314781539780597e-07,6.163467958231195e-09,5.918498118262505e-07,8.244427363024442e-08,4.813232061182116e-13
1783,development,dev_extension200,297,b29p07,29,1502029,7,happy,outputs/study1_35f300_extension_v1/happy/b29p07.wav,happy,0.9998152852058411,happy,0.9998152852058411,7.828980415069964e-07,1.7315121567662572e-06,7.33803153707413e-06,0.9998152852058411,2.4265348201879533e-06,6.469588864632669e-09,3.02668286167318e-05,0.0001421137567376718,2.2458925386104056e-08
1784,development,dev_extension200,297,b29p07,29,1502029,7,sad,outputs/study1_35f300_extension_v1/sad/b29p07.wav,sad,0.9999995231628418,sad,0.9999995231628418,1.3102271623210981e-07,1.950574386455628e-07,1.199648522742791e-07,3.862320241410089e-08,4.135074505029479e-08,1.3764462458709659e-08,0.9999995231628418,8.642428106497846e-09,1.7888042934920134e-13
1785,development,dev_extension200,297,b29p07,29,1502029,7,calm,outputs/study1_35f300_extension_v1/calm/b29p07.wav,sad,1.0,,,3.1472222831313568e-12,4.736057657162007e-10,1.2821596007128733e-09,1.0384026971621552e-11,5.624545100502143e-12,1.0815105050670376e-13,1.0,4.94268237449802e-11,1.2692690712332842e-23
1786,development,dev_extension200,297,b29p07,29,1502029,7,angry,outputs/study1_35f300_extension_v1/angry/b29p07.wav,angry,0.9926885962486267,angry,0.9926885962486267,0.9926885962486267,5.130758654559031e-05,0.00010511411528568715,0.00016075780149549246,6.245731492526829e-05,2.4269411369459704e-05,0.006868081633001566,3.9403697883244604e-05,1.871053312285653e-09
1787,development,dev_extension200,297,b29p07,29,1502029,7,surprise,outputs/study1_35f300_extension_v1/surprise/b29p07.wav,surprised,0.6634588837623596,surprised,0.6634588837623596,0.27312493324279785,0.003706838935613632,0.0029152557253837585,0.053087107837200165,9.299283556174487e-05,7.850903216422012e-07,0.0036119306460022926,0.6634588837623596,1.300723397434922e-06
1788,development,dev_extension200,298,b29p08,29,1502029,8,normal,outputs/study1_35f300_extension_v1/normal/b29p08.wav,sad,0.945594072341919,neutral,0.0004945211112499237,6.55284893582575e-05,0.00013405983918346465,0.0015901769511401653,0.00037120276829227805,0.0004945211112499237,4.1721079924172955e-08,0.945594072341919,0.05175010859966278,3.349668133978412e-07
1789,development,dev_extension200,298,b29p08,29,1502029,8,happy,outputs/study1_35f300_extension_v1/happy/b29p08.wav,happy,0.9644110202789307,happy,0.9644110202789307,2.5503959477646276e-06,2.7676021545630647e-06,2.4624381694593467e-05,0.9644110202789307,1.2055923434672877e-05,4.791726737618518e-11,1.1393676686566323e-05,0.03553561866283417,8.082407521037283e-10
1790,development,dev_extension200,298,b29p08,29,1502029,8,sad,outputs/study1_35f300_extension_v1/sad/b29p08.wav,sad,0.9988804459571838,sad,0.9988804459571838,1.5069113032950554e-06,1.5965289321684395e-06,0.00016137331840582192,4.167560109635815e-05,0.0005086369346827269,5.690188764617687e-09,0.9988804459571838,0.00040482095209881663,4.195151726005264e-10
1791,development,dev_extension200,298,b29p08,29,1502029,8,calm,outputs/study1_35f300_extension_v1/calm/b29p08.wav,sad,1.0,,,2.8978450195005223e-10,2.8496565107616334e-09,3.90419696572053e-09,1.798393378660279e-10,5.825872562148504e-10,1.1103480114516007e-11,1.0,3.960733407915029e-10,3.0686951091693828e-18
1792,development,dev_extension200,298,b29p08,29,1502029,8,angry,outputs/study1_35f300_extension_v1/angry/b29p08.wav,surprised,0.9999630451202393,angry,1.6274351537504117e-06,1.6274351537504117e-06,3.534890709033789e-07,4.446515958989039e-06,1.6371644733226276e-06,6.183318532748672e-07,1.0891707830508034e-14,2.8253494747332297e-05,0.9999630451202393,1.0450342848022931e-11
1793,development,dev_extension200,298,b29p08,29,1502029,8,surprise,outputs/study1_35f300_extension_v1/surprise/b29p08.wav,happy,1.0,surprised,4.6905825001886114e-08,7.809656393797937e-11,1.484440348420435e-09,1.6805904445860165e-09,1.0,1.2424272721744956e-09,3.3721901139538435e-12,4.750000837105972e-09,4.6905825001886114e-08,2.521573227998175e-11
1794,development,dev_extension200,299,b29p09,29,1502029,9,normal,outputs/study1_35f300_extension_v1/normal/b29p09.wav,happy,0.999984860420227,neutral,2.9605419626932417e-07,6.228453486301078e-08,1.6062621455148474e-07,2.0545424206375174e-07,0.999984860420227,2.9605419626932417e-07,2.917628083576318e-10,2.239558085648241e-07,1.4139799532131292e-05,1.0792611249144102e-08
1795,development,dev_extension200,299,b29p09,29,1502029,9,happy,outputs/study1_35f300_extension_v1/happy/b29p09.wav,happy,0.875703752040863,happy,0.875703752040863,1.7168033082270995e-05,0.00015925323532428592,0.002478323644027114,0.875703752040863,0.007788190618157387,4.201231433853536e-07,0.09740637987852097,0.016446314752101898,1.1191732340876115e-07
1796,development,dev_extension200,299,b29p09,29,1502029,9,sad,outputs/study1_35f300_extension_v1/sad/b29p09.wav,sad,0.9999990463256836,sad,0.9999990463256836,4.81131667839918e-09,6.746977021521161e-08,7.854704335841234e-07,4.024093946952689e-09,2.259480069710662e-08,5.25276155904919e-10,0.9999990463256836,3.0057798028337857e-08,1.9202335847703228e-13
1797,development,dev_extension200,299,b29p09,29,1502029,9,calm,outputs/study1_35f300_extension_v1/calm/b29p09.wav,sad,1.0,,,4.3489198353618974e-10,1.934164295391838e-08,4.4309537372555496e-08,1.0452871901378558e-09,1.9142054608067838e-09,6.100162042166346e-11,1.0,2.694765743882499e-09,7.541024479819689e-17
1798,development,dev_extension200,299,b29p09,29,1502029,9,angry,outputs/study1_35f300_extension_v1/angry/b29p09.wav,angry,0.9186223745346069,angry,0.9186223745346069,0.9186223745346069,3.9245769585249946e-06,0.00012673264427576214,0.0001668293698458001,6.434203896787949e-06,2.420447731132924e-10,8.224371413234621e-06,0.08106551319360733,2.5904528522247006e-11
1799,development,dev_extension200,299,b29p09,29,1502029,9,surprise,outputs/study1_35f300_extension_v1/surprise/b29p09.wav,happy,0.8788376450538635,surprised,0.12053696066141129,0.00010040736378869042,2.9809658371959813e-05,0.00017706642393022776,0.8788376450538635,8.845637057675049e-05,2.2606903016253455e-09,0.00022970809368416667,0.12053696066141129,2.7938544810979238e-09
1800,external,external100,300,b30p00,30,1502030,0,normal,outputs/study1_35f100_external_v1/normal/b30p00.wav,neutral,0.9998819828033447,neutral,0.9998819828033447,7.859936772547371e-07,1.045141516442527e-06,1.4749178944839514e-06,8.479788084514439e-05,0.9998819828033447,2.1116475235061216e-09,9.243317435903009e-06,2.060213046206627e-05,2.2152049083956626e-09
1801,external,external100,300,b30p00,30,1502030,0,happy,outputs/study1_35f100_external_v1/happy/b30p00.wav,happy,1.0,happy,1.0,2.6492438798264573e-10,3.290409611445e-10,1.231056784289919e-10,1.0,6.623744955303046e-12,6.837687696863853e-14,1.3602304005377874e-10,2.040832036698248e-08,1.4599166064321542e-16
1802,external,external100,300,b30p00,30,1502030,0,sad,outputs/study1_35f100_external_v1/sad/b30p00.wav,sad,1.0,sad,1.0,5.999328811512328e-10,3.867052011941041e-09,1.994891363210627e-08,7.542633739809901e-10,1.1457244042389902e-09,9.504558598494306e-12,1.0,3.377074397903357e-09,3.760217067287948e-18
1803,external,external100,300,b30p00,30,1502030,0,calm,outputs/study1_35f100_external_v1/calm/b30p00.wav,sad,0.9998940229415894,,,1.568276246644018e-07,8.754615521411324e-08,3.411796001273615e-07,8.03785296739079e-05,2.4624143406981602e-05,2.858128844707153e-09,0.9998940229415894,3.9812002228245547e-07,1.5991631033707848e-13
1804,external,external100,300,b30p00,30,1502030,0,angry,outputs/study1_35f100_external_v1/angry/b30p00.wav,angry,1.0,angry,1.0,1.0,4.251974640434586e-12,3.6295800891726626e-13,3.267468240419902e-11,1.3511586814674015e-11,2.6392979124369338e-14,5.6788990177025767e-11,1.7529071943966912e-11,4.003605409161057e-23
1805,external,external100,300,b30p00,30,1502030,0,surprise,outputs/study1_35f100_external_v1/surprise/b30p00.wav,happy,0.9984570741653442,surprised,4.0028284274740145e-05,0.0007539272191934288,0.000691314518917352,1.5603247447870672e-05,0.9984570741653442,1.4592820889447466e-06,1.5140431059990078e-05,2.5238496164092794e-05,4.0028284274740145e-05,3.397648811187537e-07
1806,external,external100,301,b30p01,30,1502030,1,normal,outputs/study1_35f100_external_v1/normal/b30p01.wav,sad,0.9956731200218201,neutral,0.00010903837392106652,0.003910962026566267,3.690142193590873e-06,0.0001360692549496889,0.00011505561269586906,0.00010903837392106652,1.0058563475467963e-06,0.9956731200218201,5.104008596390486e-05,8.875524620810538e-11
1807,external,external100,301,b30p01,30,1502030,1,happy,outputs/study1_35f100_external_v1/happy/b30p01.wav,happy,1.0,happy,1.0,2.8839097776511835e-11,5.556912707760375e-10,1.9934288941758638e-10,1.0,1.581552666607422e-10,2.511213079928881e-13,1.0799625638213683e-09,2.072405180797432e-08,1.2489347663707795e-13
1808,external,external100,301,b30p01,30,1502030,1,sad,outputs/study1_35f100_external_v1/sad/b30p01.wav,sad,0.459950715303421,sad,0.459950715303421,0.29288747906684875,0.0005704698269255459,0.014194943010807037,0.0024067203048616648,0.001736579928547144,1.376975092171051e-06,0.459950715303421,0.22825166583061218,3.131648540488641e-08
1809,external,external100,301,b30p01,30,1502030,1,calm,outputs/study1_35f100_external_v1/calm/b30p01.wav,neutral,0.45275765657424927,,,0.18877390027046204,1.3449767720885575e-05,0.0030513438396155834,0.015497180633246899,0.45275765657424927,1.3055232273018191e-07,0.16735747456550598,0.17254884541034698,7.91549581435902e-09
1810,external,external100,301,b30p01,30,1502030,1,angry,outputs/study1_35f100_external_v1/angry/b30p01.wav,angry,1.0,angry,1.0,1.0,4.927915298047481e-10,2.498983658894005e-11,3.217783595133028e-09,4.710804524243883e-10,1.6546914879955743e-11,2.4595299130680814e-09,2.12703493707167e-10,1.3442129563565947e-19
1811,external,external100,301,b30p01,30,1502030,1,surprise,outputs/study1_35f100_external_v1/surprise/b30p01.wav,sad,0.9999997615814209,surprised,9.275418766385712e-10,3.3734764315340726e-08,7.0835555199266764e-09,1.8771102006098772e-08,8.605523760252254e-08,8.413491059400258e-08,4.980834411583146e-09,0.9999997615814209,9.275418766385712e-10,2.8023685260357423e-13
1812,external,external100,302,b30p02,30,1502030,2,normal,outputs/study1_35f100_external_v1/normal/b30p02.wav,happy,0.9999911785125732,neutral,3.570227136151516e-08,1.1377495212627764e-07,9.300900387643196e-07,2.120327877719319e-07,0.9999911785125732,3.570227136151516e-08,9.58842560905282e-10,2.6671906994124583e-07,7.218209248094354e-06,2.1902790692251983e-09
1813,external,external100,302,b30p02,30,1502030,2,happy,outputs/study1_35f100_external_v1/happy/b30p02.wav,sad,0.9999703168869019,happy,3.115148501819931e-06,7.823614112112409e-08,5.614821247945656e-07,3.4398751722619636e-06,3.115148501819931e-06,2.126711478922516e-05,1.0793195670544264e-08,0.9999703168869019,1.2516708238763385e-06,2.7738189523063284e-10
1814,external,external100,302,b30p02,30,1502030,2,sad,outputs/study1_35f100_external_v1/sad/b30p02.wav,sad,1.0,sad,1.0,2.3314924990636143e-10,2.0057269622952845e-08,2.2613360073364674e-08,1.7399643947868526e-09,1.0452672061234125e-09,2.0859342031442907e-10,1.0,5.540688463590016e-10,9.348225521068392e-17
1815,external,external100,302,b30p02,30,1502030,2,calm,outputs/study1_35f100_external_v1/calm/b30p02.wav,happy,0.9999794960021973,,,2.5462556507704903e-08,2.3321823050537205e-07,4.983173766959226e-06,0.9999794960021973,4.885062026005471e-06,9.978530002285879e-09,4.67987047159113e-06,5.726442850573221e-06,1.1291055201922973e-08
1816,external,external100,302,b30p02,30,1502030,2,angry,outputs/study1_35f100_external_v1/angry/b30p02.wav,angry,0.9999996423721313,angry,0.9999996423721313,0.9999996423721313,1.1512359066045974e-08,2.837046375603336e-09,2.46570692752357e-08,4.573061573864834e-08,2.3732276144272646e-09,3.535738812843192e-07,4.146904597490675e-09,2.3478141817707054e-15
1817,external,external100,302,b30p02,30,1502030,2,surprise,outputs/study1_35f100_external_v1/surprise/b30p02.wav,surprised,0.9997877478599548,surprised,0.9997877478599548,1.5254844356604735e-06,3.853447924484499e-05,6.473596295109019e-05,4.601859109243378e-05,1.4830013697064715e-06,2.698838982156948e-12,5.999712448101491e-05,0.9997877478599548,3.067579612547888e-08
1818,external,external100,303,b30p03,30,1502030,3,normal,outputs/study1_35f100_external_v1/normal/b30p03.wav,sad,0.9994644522666931,neutral,0.00039119250141084194,1.6716692243790021e-06,9.30955650346732e-07,8.364355016965419e-05,1.1613969036261551e-05,0.00039119250141084194,1.2302908913852661e-08,0.9994644522666931,4.655660086427815e-05,1.4000056669516425e-10
1819,external,external100,303,b30p03,30,1502030,3,happy,outputs/study1_35f100_external_v1/happy/b30p03.wav,surprised,0.9949953556060791,happy,0.0028413115069270134,1.085212716134265e-05,1.4372806163009955e-06,0.0016296087997034192,0.0028413115069270134,7.4123604463238735e-06,1.429297045302258e-11,0.0005139599670656025,0.9949953556060791,3.0027341724192524e-10
1820,external,external100,303,b30p03,30,1502030,3,sad,outputs/study1_35f100_external_v1/sad/b30p03.wav,sad,0.9759193062782288,sad,0.9759193062782288,9.877323464024812e-06,5.549671641347231e-06,0.015787901356816292,0.00017404361278750002,0.00017414205649401993,4.023342370373939e-08,0.9759193062782288,0.00792906153947115,1.1861190074569095e-07
1821,external,external100,303,b30p03,30,1502030,3,calm,outputs/study1_35f100_external_v1/calm/b30p03.wav,sad,0.9999986886978149,,,8.383798899558315e-08,1.0058059274342668e-08,5.337222663825969e-09,2.3495001499895807e-08,1.2354635146039072e-06,5.707562755752349e-10,0.9999986886978149,1.411151306918157e-09,5.883512027452052e-16
1822,external,external100,303,b30p03,30,1502030,3,angry,outputs/study1_35f100_external_v1/angry/b30p03.wav,disgusted,0.7321128249168396,angry,0.05007098242640495,0.05007098242640495,0.7321128249168396,0.15760041773319244,0.015408221632242203,8.161118603311479e-05,0.0048544080927968025,0.023120613768696785,0.016494043171405792,0.0002568515483289957
1823,external,external100,303,b30p03,30,1502030,3,surprise,outputs/study1_35f100_external_v1/surprise/b30p03.wav,angry,0.7186072468757629,surprised,0.008211042732000351,0.7186072468757629,0.00014813049347139895,0.0006686125416308641,0.016903487965464592,0.000123858597362414,2.879433168345713e-06,0.2553347051143646,0.008211042732000351,5.306069361665777e-09
1824,external,external100,304,b30p04,30,1502030,4,normal,outputs/study1_35f100_external_v1/normal/b30p04.wav,sad,0.9971797466278076,neutral,0.002749057486653328,1.7530462628201349e-06,6.790100542275468e-06,4.758205614052713e-05,1.0251895218971185e-05,0.002749057486653328,2.6627552074387495e-07,0.9971797466278076,4.541357156995218e-06,1.8888477448797403e-09
1825,external,external100,304,b30p04,30,1502030,4,happy,outputs/study1_35f100_external_v1/happy/b30p04.wav,sad,0.9999923706054688,happy,1.610231947779539e-06,4.968095623780755e-08,5.26671954048652e-07,1.0068245046568336e-06,1.610231947779539e-06,4.093708412256092e-06,1.1830256774203463e-08,0.9999923706054688,3.4702836160249717e-07,5.628639776489308e-10
1826,external,external100,304,b30p04,30,1502030,4,sad,outputs/study1_35f100_external_v1/sad/b30p04.wav,sad,0.9999997615814209,sad,0.9999997615814209,4.4614520411379033e-10,9.562472769175656e-08,1.7543217722959525e-07,1.1803922284059354e-09,2.964055223486639e-09,1.0114354909163126e-09,0.9999997615814209,1.0162195529517248e-09,2.9407986017978324e-16
1827,external,external100,304,b30p04,30,1502030,4,calm,outputs/study1_35f100_external_v1/calm/b30p04.wav,sad,0.9997861981391907,,,7.137030024750857e-07,2.221623844889109e-06,0.00013452731946017593,1.943697134265676e-05,4.5581869926536456e-05,2.709197701733501e-07,0.9997861981391907,1.0650825061020441e-05,4.0390614231000654e-07
1828,external,external100,304,b30p04,30,1502030,4,angry,outputs/study1_35f100_external_v1/angry/b30p04.wav,angry,0.9961586594581604,angry,0.9961586594581604,0.9961586594581604,3.6347723835206125e-06,1.4982902030169498e-06,0.003817071206867695,3.6714311590912985e-07,7.316201333651406e-08,5.0343069233349524e-06,1.364939544146182e-05,5.73455603207311e-14
1829,external,external100,304,b30p04,30,1502030,4,surprise,outputs/study1_35f100_external_v1/surprise/b30p04.wav,happy,0.5000478029251099,surprised,0.49574124813079834,6.33777744951658e-05,5.234172203927301e-05,0.0007504104869440198,0.5000478029251099,0.002733904402703047,3.605928888816834e-09,0.0006108245579525828,0.49574124813079834,1.0209542011807571e-07
1830,external,external100,305,b30p05,30,1502030,5,normal,outputs/study1_35f100_external_v1/normal/b30p05.wav,sad,0.9698696136474609,neutral,0.030083714053034782,1.0259515192956314e-06,2.0925997432641452e-06,5.747413069912e-06,3.6033456126460806e-05,0.030083714053034782,2.2439827773723664e-08,0.9698696136474609,1.782342678779969e-06,4.11720015177329e-14
1831,external,external100,305,b30p05,30,1502030,5,happy,outputs/study1_35f100_external_v1/happy/b30p05.wav,happy,0.992500364780426,happy,0.992500364780426,1.1398360584280454e-06,8.802133493190922e-07,1.9716164388228208e-05,0.992500364780426,2.1089842903165845e-06,7.329377382792046e-11,1.7025467968778685e-05,0.00745879951864481,4.6331391501119867e-10
1832,external,external100,305,b30p05,30,1502030,5,sad,outputs/study1_35f100_external_v1/sad/b30p05.wav,sad,0.9999985694885254,sad,0.9999985694885254,1.8394501921648043e-08,4.1784485915741243e-07,7.54954271542374e-07,1.4019366112449916e-08,2.258924354237024e-07,1.3397570164386252e-08,0.9999985694885254,1.739385346866129e-08,2.0625276660191094e-12
1833,external,external100,305,b30p05,30,1502030,5,calm,outputs/study1_35f100_external_v1/calm/b30p05.wav,sad,1.0,,,5.014383699930569e-11,6.016153797361312e-09,1.6141848746542564e-08,1.40759875977281e-10,1.616589501152177e-10,2.012936518858144e-11,1.0,2.075263155765228e-10,8.076299919801837e-19
1834,external,external100,305,b30p05,30,1502030,5,angry,outputs/study1_35f100_external_v1/angry/b30p05.wav,happy,0.6189003586769104,angry,0.0010689983610063791,0.0010689983610063791,0.00017777566972654313,0.0009032274829223752,0.6189003586769104,0.007536668796092272,5.6095558420565794e-08,0.03151550889015198,0.33989736437797546,7.915677002756638e-08
1835,external,external100,305,b30p05,30,1502030,5,surprise,outputs/study1_35f100_external_v1/surprise/b30p05.wav,surprised,0.9981147050857544,surprised,0.9981147050857544,2.6452549718669616e-05,2.3233119463839103e-06,7.595957140438259e-05,0.0004232006031088531,3.844530874630436e-05,5.38681902903515e-12,0.0013188206357881427,0.9981147050857544,1.985091535594563e-10
1836,external,external100,306,b30p06,30,1502030,6,normal,outputs/study1_35f100_external_v1/normal/b30p06.wav,angry,1.0,neutral,1.4336503338652218e-11,1.0,2.3858877113563937e-12,6.079465815315988e-14,1.4652289798133822e-11,1.4336503338652218e-11,1.9545552920304313e-14,2.5768056091668434e-11,2.1928114705971335e-12,3.037390586417723e-25
1837,external,external100,306,b30p06,30,1502030,6,happy,outputs/study1_35f100_external_v1/happy/b30p06.wav,happy,0.9896370768547058,happy,0.9896370768547058,1.5506567478951183e-06,1.0353369361837395e-06,7.307198302441975e-06,0.9896370768547058,1.2442493471098715e-06,1.9624420144470633e-11,5.641144980472745e-06,0.01034615095704794,4.1249437893187135e-11
1838,external,external100,306,b30p06,30,1502030,6,sad,outputs/study1_35f100_external_v1/sad/b30p06.wav,sad,0.9999998807907104,sad,0.9999998807907104,3.624217037589972e-10,5.7710881407047054e-08,1.8068012863636795e-08,1.3436608492511937e-09,1.5620725823950465e-09,6.23312845782209e-10,0.9999998807907104,4.394135888485806e-10,1.2268765080001372e-15
1839,external,external100,306,b30p06,30,1502030,6,calm,outputs/study1_35f100_external_v1/calm/b30p06.wav,sad,0.9999996423721313,,,1.3513020924449393e-08,2.1683224105117915e-08,2.5640078504807207e-08,1.2927208103974408e-07,1.9544701501672535e-07,1.3501600948373493e-09,0.9999996423721313,6.447178346746796e-09,5.717964621752836e-13
1840,external,external100,306,b30p06,30,1502030,6,angry,outputs/study1_35f100_external_v1/angry/b30p06.wav,angry,1.0,angry,1.0,1.0,1.5481326073527035e-12,2.316316626352344e-13,1.7502310364903018e-11,5.112786582994744e-11,2.822310180361303e-15,5.159603300164406e-11,6.939139540751427e-11,4.084267383352992e-23
1841,external,external100,306,b30p06,30,1502030,6,surprise,outputs/study1_35f100_external_v1/surprise/b30p06.wav,happy,0.9959689378738403,surprised,0.00400822376832366,9.33375702061312e-07,6.762003067706246e-06,7.384500804619165e-06,0.9959689378738403,8.890311278264562e-07,1.3808795773506688e-10,6.77513253322104e-06,0.00400822376832366,1.261405563335316e-10
1842,external,external100,307,b30p07,30,1502030,7,normal,outputs/study1_35f100_external_v1/normal/b30p07.wav,neutral,0.9948475360870361,neutral,0.9948475360870361,0.00014106769231148064,5.392677485360764e-05,5.834607145516202e-05,0.0006999622564762831,0.9948475360870361,4.432801503639894e-08,0.00016763900930527598,0.004031179007142782,2.703069981180306e-07
1843,external,external100,307,b30p07,30,1502030,7,happy,outputs/study1_35f100_external_v1/happy/b30p07.wav,happy,0.8611860871315002,happy,0.8611860871315002,3.4215583582408726e-05,0.0001190796319860965,0.0005971428472548723,0.8611860871315002,0.071338951587677,4.861838931446982e-08,0.0017207433702424169,0.0650036558508873,8.298155051988942e-08
1844,external,external100,307,b30p07,30,1502030,7,sad,outputs/study1_35f100_external_v1/sad/b30p07.wav,sad,0.998853325843811,sad,0.998853325843811,0.0001500252983532846,5.49724863958545e-05,0.00011273051495663822,4.3605046812444925e-05,0.000520993722602725,6.106979526521172e-07,0.998853325843811,0.0002636194694787264,2.7370855804065286e-08
1845,external,external100,307,b30p07,30,1502030,7,calm,outputs/study1_35f100_external_v1/calm/b30p07.wav,sad,0.9999998807907104,,,7.22088389082387e-09,4.740198455976952e-09,2.9707680759827326e-09,2.328529369322041e-09,5.668583114015746e-08,9.93105944702144e-12,0.9999998807907104,5.0251980354687475e-09,2.563336599914654e-17
1846,external,external100,307,b30p07,30,1502030,7,angry,outputs/study1_35f100_external_v1/angry/b30p07.wav,angry,0.9161643385887146,angry,0.9161643385887146,0.9161643385887146,2.9600483685499057e-05,0.00020621520525310189,0.003047788282856345,9.75288130575791e-05,2.1185966033954173e-05,0.08032120764255524,0.00011213042307645082,2.051432357319527e-10
1847,external,external100,307,b30p07,30,1502030,7,surprise,outputs/study1_35f100_external_v1/surprise/b30p07.wav,sad,1.0,surprised,5.439922058821101e-13,9.519354027915858e-14,2.81912904478987e-12,3.510176741286508e-12,1.809290293541127e-13,1.4803205861634028e-13,5.370592285033394e-16,1.0,5.439922058821101e-13,1.6302126458903088e-26
1848,external,external100,308,b30p08,30,1502030,8,normal,outputs/study1_35f100_external_v1/normal/b30p08.wav,happy,0.9999958276748657,neutral,1.4122393565685343e-07,3.692713690384153e-08,1.0653656801196121e-07,1.657739403526648e-07,0.9999958276748657,1.4122393565685343e-07,6.743075542381405e-10,3.649178665909858e-07,3.3197154607478296e-06,8.902665271648402e-09
1849,external,external100,308,b30p08,30,1502030,8,happy,outputs/study1_35f100_external_v1/happy/b30p08.wav,happy,0.9893853068351746,happy,0.9893853068351746,1.9534620605554665e-06,1.0299974064764683e-06,4.391347374621546e-06,0.9893853068351746,9.126019904215354e-07,1.4395033776093413e-11,6.134792329248739e-06,0.010600218549370766,2.373982607717373e-11
1850,external,external100,308,b30p08,30,1502030,8,sad,outputs/study1_35f100_external_v1/sad/b30p08.wav,sad,1.0,sad,1.0,4.718287934836474e-13,5.223289249040031e-12,2.3428455356300226e-11,7.247784317154782e-11,4.291627817010202e-13,4.401095526023304e-15,1.0,4.892499599895572e-12,1.3931946229363454e-24
1851,external,external100,308,b30p08,30,1502030,8,calm,outputs/study1_35f100_external_v1/calm/b30p08.wav,sad,1.0,,,5.046661005758679e-11,1.7009901820408402e-10,5.49778000902279e-10,1.0564116692535208e-08,5.23430465637631e-10,4.1034265828993055e-13,1.0,1.0917595716364303e-09,3.197676554904164e-18
1852,external,external100,308,b30p08,30,1502030,8,angry,outputs/study1_35f100_external_v1/angry/b30p08.wav,angry,0.6815958619117737,angry,0.6815958619117737,0.6815958619117737,0.001250379136763513,0.030251674354076385,0.049049049615859985,0.00028279703110456467,0.00019339828577358276,0.22354666888713837,0.013829872943460941,2.9200191420386545e-07
1853,external,external100,308,b30p08,30,1502030,8,surprise,outputs/study1_35f100_external_v1/surprise/b30p08.wav,sad,0.999967098236084,surprised,4.416167200815835e-07,3.845921696665755e-07,1.1846972256535082e-06,2.9583770810859278e-06,4.099590114492457e-06,2.3674521798966452e-05,1.0950719797619968e-07,0.999967098236084,4.416167200815835e-07,7.407529034608729e-10
1854,external,external100,309,b30p09,30,1502030,9,normal,outputs/study1_35f100_external_v1/normal/b30p09.wav,happy,0.9998062252998352,neutral,4.543318209471181e-05,1.7509480585431447e-06,1.72571417351719e-05,1.8077606000588275e-05,0.9998062252998352,4.543318209471181e-05,3.184904926456511e-07,3.266910061938688e-05,7.580098463222384e-05,2.581925627964665e-06
1855,external,external100,309,b30p09,30,1502030,9,happy,outputs/study1_35f100_external_v1/happy/b30p09.wav,happy,0.7651361227035522,happy,0.7651361227035522,7.977033237693831e-05,6.183933874126524e-05,0.0005794172175228596,0.7651361227035522,5.279959077597596e-05,3.3519715891827673e-09,0.0006545701180584729,0.2334355264902115,6.5914824709523145e-09
1856,external,external100,309,b30p09,30,1502030,9,sad,outputs/study1_35f100_external_v1/sad/b30p09.wav,sad,0.9999126195907593,sad,0.9999126195907593,2.912912293595582e-07,8.829962894196797e-07,2.8751104764523916e-05,7.923197699710727e-06,4.359197191661224e-05,2.982483593427787e-08,0.9999126195907593,5.975110070721712e-06,1.6516413792189155e-09
1857,external,external100,309,b30p09,30,1502030,9,calm,outputs/study1_35f100_external_v1/calm/b30p09.wav,neutral,0.8225228786468506,,,6.130678957561031e-05,3.8461155781988055e-05,0.002827245509251952,0.000128014842630364,0.8225228786468506,3.862195452342121e-09,0.07017602771520615,0.10424600541591644,2.1911847891686875e-09
1858,external,external100,309,b30p09,30,1502030,9,angry,outputs/study1_35f100_external_v1/angry/b30p09.wav,angry,0.9999998807907104,angry,0.9999998807907104,0.9999998807907104,1.5078627235709519e-09,2.1863652555076385e-10,5.781731360343656e-08,2.098785589765839e-09,1.0153550916713883e-10,7.377642496919634e-09,1.6833876514965596e-09,9.854497113642288e-18
1859,external,external100,309,b30p09,30,1502030,9,surprise,outputs/study1_35f100_external_v1/surprise/b30p09.wav,angry,0.8929571509361267,surprised,0.0006671398878097534,0.8929571509361267,0.00048389460425823927,0.011338594369590282,0.0003866234910674393,2.3368582333205268e-05,8.092869393294677e-05,0.09406234323978424,0.0006671398878097534,6.4359118034929e-09
1860,external,external100,310,b31p00,31,1502031,0,normal,outputs/study1_35f100_external_v1/normal/b31p00.wav,neutral,0.9998877048492432,neutral,0.9998877048492432,6.74884176987689e-07,4.083884732608567e-07,3.3174012514791684e-06,2.588661664049141e-05,0.9998877048492432,5.410203396394309e-10,1.1559338418010157e-05,7.033927249722183e-05,2.1596436639015337e-08
1861,external,external100,310,b31p00,31,1502031,0,happy,outputs/study1_35f100_external_v1/happy/b31p00.wav,surprised,0.694484531879425,happy,0.019185945391654968,0.00018860588897950947,8.346690447069705e-05,0.0032450216822326183,0.019185945391654968,0.0009460164001211524,1.0699827690530128e-08,0.28186628222465515,0.694484531879425,1.4560197314494872e-07
1862,external,external100,310,b31p00,31,1502031,0,sad,outputs/study1_35f100_external_v1/sad/b31p00.wav,sad,0.999998927116394,sad,0.999998927116394,1.0439954678531649e-08,5.9504618121764e-08,6.837978503426712e-07,2.4320380376252615e-08,1.4188422881034057e-07,3.8577563366004597e-10,0.999998927116394,1.6174507777577674e-07,6.575840132833077e-12
1863,external,external100,310,b31p00,31,1502031,0,calm,outputs/study1_35f100_external_v1/calm/b31p00.wav,happy,0.48537477850914,,,0.0002372271119384095,0.0001661622227402404,0.004843061789870262,0.48537477850914,0.030815936625003815,1.901909598700513e-07,0.26760002970695496,0.21096237003803253,2.0414748291841534e-07
1864,external,external100,310,b31p00,31,1502031,0,angry,outputs/study1_35f100_external_v1/angry/b31p00.wav,angry,0.9999674558639526,angry,0.9999674558639526,0.9999674558639526,2.97618157674151e-07,2.446599864924792e-07,3.978419954364654e-06,6.15003614257148e-07,1.601873655943109e-08,2.5662435291451402e-05,1.7703853245620849e-06,1.598272078920382e-12
1865,external,external100,310,b31p00,31,1502031,0,surprise,outputs/study1_35f100_external_v1/surprise/b31p00.wav,sad,0.5077072381973267,surprised,0.48945263028144836,9.624322410672903e-05,0.0005988525808788836,0.0017216239357367158,0.00039453755016438663,2.8822702006436884e-05,3.3772240559670763e-09,0.5077072381973267,0.48945263028144836,1.8376582033852173e-08
1866,external,external100,311,b31p01,31,1502031,1,normal,outputs/study1_35f100_external_v1/normal/b31p01.wav,sad,0.9993095397949219,neutral,0.0006792229251004755,2.616984886572027e-07,2.7139506642015476e-07,2.8113242933613947e-06,3.208441512470017e-06,0.0006792229251004755,6.109618921890103e-10,0.9993095397949219,4.631272531696595e-06,3.8022407759189664e-14
1867,external,external100,311,b31p01,31,1502031,1,happy,outputs/study1_35f100_external_v1/happy/b31p01.wav,sad,0.9999452829360962,happy,2.2315709429676645e-05,2.9641734045071644e-07,1.309015146944148e-06,5.411847268987913e-06,2.2315709429676645e-05,1.9825471099466085e-05,1.7415201725157203e-08,0.9999452829360962,5.568030246649869e-06,2.453635628008044e-10
1868,external,external100,311,b31p01,31,1502031,1,sad,outputs/study1_35f100_external_v1/sad/b31p01.wav,sad,0.9953422546386719,sad,0.9953422546386719,0.0002474272041581571,4.918657054986397e-07,1.6913256331463344e-05,0.00012598236207850277,0.0006291691679507494,3.8847430827715357e-10,0.9953422546386719,0.0036376744974404573,1.8734846573414954e-12
1869,external,external100,311,b31p01,31,1502031,1,calm,outputs/study1_35f100_external_v1/calm/b31p01.wav,sad,1.0,,,4.2575845626835473e-11,3.7121947182860993e-10,4.4235348717336365e-10,4.1664449668132875e-11,2.0986246074272685e-10,1.2936342535380119e-12,1.0,7.5216263772937e-11,4.580023364680066e-18
1870,external,external100,311,b31p01,31,1502031,1,angry,outputs/study1_35f100_external_v1/angry/b31p01.wav,sad,0.708710253238678,angry,0.1849721223115921,0.1849721223115921,0.0048979343846440315,0.022675342857837677,0.037161074578762054,0.00030799987143836915,0.00012255624460522085,0.708710253238678,0.04114949703216553,3.3049598187062657e-06
1871,external,external100,311,b31p01,31,1502031,1,surprise,outputs/study1_35f100_external_v1/surprise/b31p01.wav,surprised,1.0,surprised,1.0,4.1595171751396265e-09,1.6789692969254588e-09,3.177603069559609e-09,2.616390126775059e-08,1.392891690876752e-09,4.40098375293284e-20,6.550107567449004e-09,1.0,1.8566563502759013e-17
1872,external,external100,312,b31p02,31,1502031,2,normal,outputs/study1_35f100_external_v1/normal/b31p02.wav,sad,0.9999704360961914,neutral,2.6444371542311274e-05,2.779032826083494e-08,5.174813821895441e-08,8.238099553636857e-07,1.7812768646763288e-06,2.6444371542311274e-05,6.732970292411267e-10,0.9999704360961914,3.972220099512924e-07,1.4595610961162797e-13
1873,external,external100,312,b31p02,31,1502031,2,happy,outputs/study1_35f100_external_v1/happy/b31p02.wav,surprised,0.8647670745849609,happy,0.11590034514665604,3.064478005398996e-05,1.5593701391480863e-05,0.017764205113053322,0.11590034514665604,1.446265378035605e-05,6.914510075617386e-10,0.0015076461713761091,0.8647670745849609,3.7152655951722124e-10
1874,external,external100,312,b31p02,31,1502031,2,sad,outputs/study1_35f100_external_v1/sad/b31p02.wav,sad,0.9887470602989197,sad,0.9887470602989197,7.5972739068674855e-06,5.3429110266733915e-05,8.685908687766641e-05,0.00975990854203701,0.00111413246486336,3.154873695621063e-07,0.9887470602989197,0.00023064356355462223,1.3251091335320098e-09
1875,external,external100,312,b31p02,31,1502031,2,calm,outputs/study1_35f100_external_v1/calm/b31p02.wav,sad,0.9999980926513672,,,2.053514691624514e-08,1.1916069553308262e-07,1.3002589867028291e-06,9.193546901542504e-08,2.4418869770670426e-07,4.6856802882189186e-09,0.9999980926513672,8.47526067104809e-08,1.6674691141749243e-11
1876,external,external100,312,b31p02,31,1502031,2,angry,outputs/study1_35f100_external_v1/angry/b31p02.wav,sad,0.7332702875137329,angry,0.262204647064209,0.262204647064209,1.7699912859825417e-05,0.0007422605995088816,0.0028287172317504883,9.492145181866363e-05,2.5969625312427524e-06,0.7332702875137329,0.0008388676214963198,1.8478393815080096e-10
1877,external,external100,312,b31p02,31,1502031,2,surprise,outputs/study1_35f100_external_v1/surprise/b31p02.wav,sad,0.9999994039535522,surprised,4.544610021639528e-08,8.809573515122793e-09,3.886209754000447e-08,7.800432655358236e-08,6.085490866780674e-08,3.218693223061564e-07,3.2182587150764164e-10,0.9999994039535522,4.544610021639528e-08,5.546597794774122e-13
1878,external,external100,313,b31p03,31,1502031,3,normal,outputs/study1_35f100_external_v1/normal/b31p03.wav,sad,0.9999825954437256,neutral,9.849220077740029e-06,1.5027663380351441e-07,8.530705031262187e-07,5.981332833471242e-06,3.1639254416404583e-07,9.849220077740029e-06,7.222553932706433e-08,0.9999825954437256,2.3825167261293245e-07,3.1915545761762587e-09
1879,external,external100,313,b31p03,31,1502031,3,happy,outputs/study1_35f100_external_v1/happy/b31p03.wav,happy,0.9999977350234985,happy,0.9999977350234985,2.1852413212286592e-08,4.056719760114902e-08,4.365236350167834e-08,0.9999977350234985,2.950016675384859e-09,5.196796812323434e-11,1.1075600525600748e-07,2.0350030354165938e-06,5.867385050040141e-11
1880,external,external100,313,b31p03,31,1502031,3,sad,outputs/study1_35f100_external_v1/sad/b31p03.wav,sad,0.7864794731140137,sad,0.7864794731140137,0.0002993503294419497,2.510418744350318e-05,0.0005634929984807968,9.268997382605448e-05,4.2612493416527286e-05,5.607240782801171e-10,0.7864794731140137,0.21249736845493317,2.584539526839791e-10
1881,external,external100,313,b31p03,31,1502031,3,calm,outputs/study1_35f100_external_v1/calm/b31p03.wav,neutral,0.9999786615371704,,,3.928579417333822e-08,6.806231311884403e-08,1.6283260606542171e-07,8.748545354819726e-08,0.9999786615371704,1.2558973305765164e-10,2.0810508431168273e-05,1.857068951949259e-07,1.562285197043156e-11
1882,external,external100,313,b31p03,31,1502031,3,angry,outputs/study1_35f100_external_v1/angry/b31p03.wav,angry,0.9286514520645142,angry,0.9286514520645142,0.9286514520645142,0.007755473721772432,0.012479781173169613,0.005628468934446573,0.0007262029103003442,0.007129814475774765,0.03683242201805115,0.0007953144377097487,1.0755011317087337e-06
1883,external,external100,313,b31p03,31,1502031,3,surprise,outputs/study1_35f100_external_v1/surprise/b31p03.wav,sad,0.9999874830245972,surprised,9.831483538391694e-08,1.1202072300875443e-06,9.396063092026452e-07,1.0473592055859626e-06,5.497995516634546e-06,3.3904484553204384e-06,3.511651698318019e-07,0.9999874830245972,9.831483538391694e-08,9.212586249418564e-11
1884,external,external100,314,b31p04,31,1502031,4,normal,outputs/study1_35f100_external_v1/normal/b31p04.wav,angry,0.998079776763916,neutral,4.3987306526105385e-06,0.998079776763916,4.910132338409312e-05,2.612122261780314e-05,0.0007363535114564002,4.3987306526105385e-06,1.93434345874266e-07,0.00019533216254785657,0.0009088090737350285,7.201408913637408e-10
1885,external,external100,314,b31p04,31,1502031,4,happy,outputs/study1_35f100_external_v1/happy/b31p04.wav,happy,0.9983481168746948,happy,0.9983481168746948,1.3414805835054722e-06,2.8113745429436676e-06,2.991124893014785e-05,0.9983481168746948,3.1083752674021525e-06,2.084524330925319e-09,4.509117206907831e-05,0.0015695153269916773,6.7493126643114465e-09
1886,external,external100,314,b31p04,31,1502031,4,sad,outputs/study1_35f100_external_v1/sad/b31p04.wav,happy,0.6590027213096619,sad,0.1935519129037857,0.018562188372015953,0.01860184036195278,0.0956452265381813,0.6590027213096619,0.00011247566726524383,0.0020049745216965675,0.1935519129037857,0.012501595541834831,1.706751572783105e-05
1887,external,external100,314,b31p04,31,1502031,4,calm,outputs/study1_35f100_external_v1/calm/b31p04.wav,sad,1.0,,,1.8180174032877972e-10,1.4110643764553288e-09,8.152363228930426e-09,2.1845377062845728e-08,1.8979546823061355e-09,3.158679914849749e-11,1.0,9.541604173435303e-10,1.3539835426145384e-15
1888,external,external100,314,b31p04,31,1502031,4,angry,outputs/study1_35f100_external_v1/angry/b31p04.wav,surprised,1.0,angry,9.705005028781688e-12,9.705005028781688e-12,1.183484300143478e-11,6.949444492088119e-11,1.5005260922684727e-10,1.919483148815626e-11,2.767879413592585e-23,4.244246967766152e-11,1.0,4.48345382156309e-21
1889,external,external100,314,b31p04,31,1502031,4,surprise,outputs/study1_35f100_external_v1/surprise/b31p04.wav,happy,0.9998843669891357,surprised,8.193023677449673e-05,2.934785641173221e-07,3.70894940715516e-06,8.342493856616784e-06,0.9998843669891357,2.153296009055339e-06,1.2023810391781353e-08,1.9197796063963324e-05,8.193023677449673e-05,2.013094757558065e-08
1890,external,external100,315,b31p05,31,1502031,5,normal,outputs/study1_35f100_external_v1/normal/b31p05.wav,sad,0.9999867677688599,neutral,1.6593228338024346e-06,7.892041509194314e-08,3.232902088257106e-07,1.0515263966226485e-05,2.1646509651418455e-07,1.6593228338024346e-06,2.3570351004309487e-08,0.9999867677688599,3.5294908684591064e-07,1.32239819095048e-09
1891,external,external100,315,b31p05,31,1502031,5,happy,outputs/study1_35f100_external_v1/happy/b31p05.wav,sad,0.9983829259872437,happy,0.00024745677364990115,1.163833076134324e-06,7.921102223917842e-06,0.0005208852235227823,0.00024745677364990115,0.0005457645165733993,1.2340302646407508e-07,0.9983829259872437,0.00029368206742219627,4.34969180673761e-08
1892,external,external100,315,b31p05,31,1502031,5,sad,outputs/study1_35f100_external_v1/sad/b31p05.wav,sad,1.0,sad,1.0,6.8305122842560184e-12,2.195765347323686e-09,2.8475539703975983e-09,1.660882542608988e-11,1.1455593418308041e-11,1.8105478054308843e-12,1.0,2.9819490626747935e-11,9.150166519001106e-22
1893,external,external100,315,b31p05,31,1502031,5,calm,outputs/study1_35f100_external_v1/calm/b31p05.wav,sad,0.9999762773513794,,,2.2700581414625276e-09,4.153047328259163e-08,2.355248034291435e-05,9.774806741802422e-09,5.428737281931717e-08,1.3652984298673232e-09,0.9999762773513794,3.3271714272586905e-08,1.048614998002198e-13
1894,external,external100,315,b31p05,31,1502031,5,angry,outputs/study1_35f100_external_v1/angry/b31p05.wav,sad,0.7113499641418457,angry,0.268250435590744,0.268250435590744,2.3948798116180114e-05,0.000753805274143815,0.0005840254598297179,0.0001234310766449198,6.662344276264776e-08,0.7113499641418457,0.01891433447599411,3.365768427854299e-11
1895,external,external100,315,b31p05,31,1502031,5,surprise,outputs/study1_35f100_external_v1/surprise/b31p05.wav,surprised,0.9520053863525391,surprised,0.9520053863525391,0.014728371053934097,6.120566831668839e-05,0.0064813545905053616,0.012596065178513527,3.56281925633084e-05,1.3282661193159129e-08,0.014092031866312027,0.9520053863525391,9.50303480351522e-09
1896,external,external100,316,b31p06,31,1502031,6,normal,outputs/study1_35f100_external_v1/normal/b31p06.wav,surprised,0.46138110756874084,neutral,0.0001276229158975184,0.10136756300926208,0.0021250424906611443,0.0030686617828905582,0.34673061966896057,0.0001276229158975184,1.2504410733527038e-06,0.08519797027111053,0.46138110756874084,2.0165261105375976e-07
1897,external,external100,316,b31p06,31,1502031,6,happy,outputs/study1_35f100_external_v1/happy/b31p06.wav,happy,0.9999980926513672,happy,0.9999980926513672,2.2208264116585497e-09,6.8202514746928955e-09,1.4567210548932508e-08,0.9999980926513672,7.517685363112037e-10,1.8583086458523468e-12,4.717571400192355e-08,1.7817286561694345e-06,1.0579520115863716e-12
1898,external,external100,316,b31p06,31,1502031,6,sad,outputs/study1_35f100_external_v1/sad/b31p06.wav,sad,1.0,sad,1.0,4.535552378115426e-09,2.510572905123354e-08,4.436171252564236e-08,9.168063641595836e-09,1.3697239786836235e-08,4.1175526876990887e-10,1.0,5.940259395487146e-09,1.8784231236982675e-14
1899,external,external100,316,b31p06,31,1502031,6,calm,outputs/study1_35f100_external_v1/calm/b31p06.wav,sad,1.0,,,2.519736849726506e-11,8.347823765575413e-09,1.4359622824144935e-08,1.7756524028911258e-10,1.7335471946822167e-10,2.153026194828822e-11,1.0,2.0637096198594662e-10,3.845307482540053e-18
1900,external,external100,316,b31p06,31,1502031,6,angry,outputs/study1_35f100_external_v1/angry/b31p06.wav,sad,0.9531067609786987,angry,0.0005131932557560503,0.0005131932557560503,0.00027690906426869333,0.04507668316364288,0.0005490556359291077,3.7612480809912086e-05,0.0002983042213600129,0.9531067609786987,0.00014109558833297342,3.1653192422709253e-07
1901,external,external100,316,b31p06,31,1502031,6,surprise,outputs/study1_35f100_external_v1/surprise/b31p06.wav,surprised,0.9999997615814209,surprised,0.9999997615814209,1.0593694810268062e-08,3.5320348867884377e-09,1.6312599271373074e-08,1.3691341393951006e-07,5.107361200629157e-09,5.994130187665247e-19,5.0706834286984304e-08,0.9999997615814209,4.276177012786371e-16
1902,external,external100,317,b31p07,31,1502031,7,normal,outputs/study1_35f100_external_v1/normal/b31p07.wav,sad,0.9999984502792358,neutral,1.2578760788528598e-06,6.4049583414771405e-09,4.40889280639567e-08,9.531431288678505e-08,7.663658863066303e-08,1.2578760788528598e-06,3.7182404377666955e-10,0.9999984502792358,4.5391651326553983e-08,5.69639387743015e-13
1903,external,external100,317,b31p07,31,1502031,7,happy,outputs/study1_35f100_external_v1/happy/b31p07.wav,surprised,0.9519987106323242,happy,0.04365010932087898,3.668703357107006e-05,7.492091754102148e-06,0.0006462591118179262,0.04365010932087898,0.00017261563334614038,1.2317342978906964e-10,0.003488111076876521,0.9519987106323242,2.142991478715217e-10
1904,external,external100,317,b31p07,31,1502031,7,sad,outputs/study1_35f100_external_v1/sad/b31p07.wav,sad,1.0,sad,1.0,1.7771133414661022e-13,6.193756618699808e-11,5.510669698338688e-11,8.129024797048912e-13,4.95892823332289e-13,1.7165854512574824e-14,1.0,8.058782590900093e-13,1.5196587204042417e-26
1905,external,external100,317,b31p07,31,1502031,7,calm,outputs/study1_35f100_external_v1/calm/b31p07.wav,sad,0.9992225170135498,,,3.689096411108039e-05,2.6964446533384034e-06,1.999828964471817e-05,3.4696381590038072e-06,0.0007079688366502523,7.772861465582537e-08,0.9992225170135498,6.4414589360239916e-06,1.8389387235195898e-11
1906,external,external100,317,b31p07,31,1502031,7,angry,outputs/study1_35f100_external_v1/angry/b31p07.wav,angry,1.0,angry,1.0,1.0,8.564980322200988e-12,1.453002323494046e-12,1.2721811104565717e-10,5.462094318509081e-11,5.706537672955925e-13,5.522351465003794e-10,1.1588285019070721e-11,6.4016529464341e-22
1907,external,external100,317,b31p07,31,1502031,7,surprise,outputs/study1_35f100_external_v1/surprise/b31p07.wav,neutral,0.829099714756012,surprised,0.012133532203733921,0.09880902618169785,0.008127258159220219,0.0016936900792643428,0.008230461739003658,0.829099714756012,7.677840767428279e-05,0.04182787984609604,0.012133532203733921,1.565792331348348e-06
1908,external,external100,318,b31p08,31,1502031,8,normal,outputs/study1_35f100_external_v1/normal/b31p08.wav,sad,0.9995500445365906,neutral,3.2346740681532538e-06,2.3910944946692325e-05,6.874793143651914e-07,1.0029544682765845e-05,5.658057943946915e-06,3.2346740681532538e-06,5.498095312361784e-10,0.9995500445365906,0.00040635582990944386,2.622721831380126e-11
1909,external,external100,318,b31p08,31,1502031,8,happy,outputs/study1_35f100_external_v1/happy/b31p08.wav,sad,0.9997960925102234,happy,2.3602238798048347e-05,2.5207131670867966e-07,5.365524202716188e-07,0.0001388672535540536,2.3602238798048347e-05,3.0528117349604145e-06,1.035246111058541e-08,0.9997960925102234,3.761203333851881e-05,9.089746733081938e-09
1910,external,external100,318,b31p08,31,1502031,8,sad,outputs/study1_35f100_external_v1/sad/b31p08.wav,sad,0.9999998807907104,sad,0.9999998807907104,5.661759394648413e-10,4.332448355626184e-08,7.651343025827373e-08,6.316124290250968e-10,3.091550349054728e-09,6.809974112398365e-11,0.9999998807907104,4.97060437254504e-09,1.9272477121406052e-16
1911,external,external100,318,b31p08,31,1502031,8,calm,outputs/study1_35f100_external_v1/calm/b31p08.wav,sad,0.9999997615814209,,,2.8760391290738596e-10,2.1864005717020518e-08,2.8985729727537546e-07,2.6806830089043387e-09,5.46215073171652e-09,1.160549642498232e-10,0.9999997615814209,7.256033995872713e-09,1.950204422593565e-15
1912,external,external100,318,b31p08,31,1502031,8,angry,outputs/study1_35f100_external_v1/angry/b31p08.wav,angry,1.0,angry,1.0,1.0,5.510513784645274e-14,1.0487834050927711e-14,1.6327698741658292e-12,1.0135855913265268e-12,2.514708206802213e-16,4.59302821470553e-12,1.5724583093956745e-12,3.073181144057842e-26
1913,external,external100,318,b31p08,31,1502031,8,surprise,outputs/study1_35f100_external_v1/surprise/b31p08.wav,sad,1.0,surprised,5.080633691534331e-09,2.6477334214014547e-10,3.5103160378469056e-09,3.917409330256305e-08,3.7110972628262573e-10,2.12425455003995e-09,6.000375543657732e-12,1.0,5.080633691534331e-09,1.221920332937295e-16
1914,external,external100,319,b31p09,31,1502031,9,normal,outputs/study1_35f100_external_v1/normal/b31p09.wav,surprised,0.9999996423721313,neutral,5.542655667767349e-09,2.897038609006586e-09,7.936333812352814e-10,3.9220584113763834e-08,6.173124234010174e-08,5.542655667767349e-09,2.1273244878000941e-19,1.7518071615540975e-07,0.9999996423721313,1.8194740854332752e-17
1915,external,external100,319,b31p09,31,1502031,9,happy,outputs/study1_35f100_external_v1/happy/b31p09.wav,happy,0.8625031113624573,happy,0.8625031113624573,2.1419886252260767e-05,2.7266565666650422e-05,0.0002253124548587948,0.8625031113624573,8.370846444449853e-06,5.499522504059939e-10,0.00016624642012175173,0.13704824447631836,2.3850368346955975e-09
1916,external,external100,319,b31p09,31,1502031,9,sad,outputs/study1_35f100_external_v1/sad/b31p09.wav,sad,1.0,sad,1.0,2.263760290333039e-09,1.6409842373832362e-08,2.0468199579681823e-08,8.393998385258783e-09,2.830384637775296e-08,7.968792986590145e-11,1.0,1.160250118203976e-08,8.930673583464055e-14
1917,external,external100,319,b31p09,31,1502031,9,calm,outputs/study1_35f100_external_v1/calm/b31p09.wav,neutral,0.9886306524276733,,,0.00790433119982481,1.544230690342374e-05,4.2105079046450555e-05,0.00044211637577973306,0.9886306524276733,1.4121644653641852e-07,0.0025319138076156378,0.00043331561028026044,8.92608972846709e-11
1918,external,external100,319,b31p09,31,1502031,9,angry,outputs/study1_35f100_external_v1/angry/b31p09.wav,sad,0.9854572415351868,angry,0.014496642164885998,0.014496642164885998,3.61190075182094e-07,5.168209554540226e-06,2.1024856323492713e-05,1.7404541722498834e-05,1.9437175069469959e-07,0.9854572415351868,2.035106263065245e-06,2.5472749994384647e-13
1919,external,external100,319,b31p09,31,1502031,9,surprise,outputs/study1_35f100_external_v1/surprise/b31p09.wav,happy,0.6657368540763855,surprised,0.3318123519420624,0.0001321232266491279,5.1720267947530374e-05,0.000987677718512714,0.6657368540763855,0.0002827141433954239,5.894366328362821e-09,0.0009964860510081053,0.3318123519420624,3.215293276070952e-08
1920,external,external100,320,b32p00,32,1502032,0,normal,outputs/study1_35f100_external_v1/normal/b32p00.wav,happy,0.7022806406021118,neutral,4.8068635805975646e-05,1.8192777133663185e-05,6.316975031950278e-06,5.67307070014067e-05,0.7022806406021118,4.8068635805975646e-05,3.3481772909738083e-11,3.270688830525614e-05,0.29755738377571106,6.227268006808728e-11
1921,external,external100,320,b32p00,32,1502032,0,happy,outputs/study1_35f100_external_v1/happy/b32p00.wav,sad,0.3721841871738434,happy,0.3382572531700134,0.00013918850163463503,0.000545753980986774,0.005939125083386898,0.3382572531700134,0.010987994261085987,2.8127760742790997e-07,0.3721841871738434,0.27194568514823914,5.25173163623549e-07
1922,external,external100,320,b32p00,32,1502032,0,sad,outputs/study1_35f100_external_v1/sad/b32p00.wav,sad,0.9999997615814209,sad,0.9999997615814209,1.3345367866346436e-10,1.7108016336919718e-08,2.546347559473361e-07,7.066926488441538e-10,1.0231666625060143e-09,4.990538884919182e-11,0.9999997615814209,2.173211388623031e-09,2.47114210940776e-18
1923,external,external100,320,b32p00,32,1502032,0,calm,outputs/study1_35f100_external_v1/calm/b32p00.wav,surprised,0.9938393235206604,,,1.4526916856993921e-05,4.942866667079215e-07,0.0007272508228197694,0.0005360743962228298,4.805333082913421e-05,4.788335093014462e-12,0.0048342361114919186,0.9938393235206604,1.2077660919984634e-11
1924,external,external100,320,b32p00,32,1502032,0,angry,outputs/study1_35f100_external_v1/angry/b32p00.wav,sad,0.9759893417358398,angry,0.00023451668675988913,0.00023451668675988913,1.175190163849038e-06,0.002448763931170106,5.8838330005528405e-05,7.4097647484450135e-06,1.0633205427268422e-09,0.9759893417358398,0.021260017529129982,3.0346725132801566e-11
1925,external,external100,320,b32p00,32,1502032,0,surprise,outputs/study1_35f100_external_v1/surprise/b32p00.wav,surprised,1.0,surprised,1.0,1.3980060165064145e-11,4.1652212928733334e-11,3.026766615121801e-10,1.1247126840974175e-10,1.7438932242708205e-11,9.978359019214478e-23,3.235851864236139e-10,1.0,1.566450020567568e-20
1926,external,external100,321,b32p01,32,1502032,1,normal,outputs/study1_35f100_external_v1/normal/b32p01.wav,sad,0.5789065361022949,neutral,0.36842548847198486,5.867759318789467e-05,5.3021785788587295e-06,0.00042925190064124763,0.00047862721839919686,0.36842548847198486,4.895096550328049e-10,0.5789065361022949,0.05169614031910896,2.2883134189605192e-12
1927,external,external100,321,b32p01,32,1502032,1,happy,outputs/study1_35f100_external_v1/happy/b32p01.wav,happy,0.9810614585876465,happy,0.9810614585876465,4.094401447218843e-05,3.591344284359366e-05,0.00011339764023432508,0.9810614585876465,1.7143045624834485e-05,9.931578226485271e-09,6.657510675722733e-05,0.018664391711354256,1.4410511539608706e-07
1928,external,external100,321,b32p01,32,1502032,1,sad,outputs/study1_35f100_external_v1/sad/b32p01.wav,sad,0.9998059868812561,sad,0.9998059868812561,1.8232725551570184e-06,6.0874999689986e-06,0.00011230553354835138,6.828061941632768e-06,6.1008006014162675e-05,2.351569264646969e-06,0.9998059868812561,2.3048676212056307e-06,1.4283868949860334e-06
1929,external,external100,321,b32p01,32,1502032,1,calm,outputs/study1_35f100_external_v1/calm/b32p01.wav,sad,0.9999977350234985,,,2.728204773205789e-09,3.3019722422977793e-07,1.959930614248151e-06,1.1458840987188523e-08,3.183627583780435e-08,8.20862400274791e-09,0.9999977350234985,1.2238281499321602e-08,2.4510618144499285e-13
1930,external,external100,321,b32p01,32,1502032,1,angry,outputs/study1_35f100_external_v1/angry/b32p01.wav,angry,1.0,angry,1.0,1.0,2.451665715060003e-13,6.720706687023993e-15,2.2417061696505813e-12,4.229545099571075e-12,1.1175824703873755e-15,7.921538425215147e-12,8.232537373163706e-13,1.4367491311167222e-26
1931,external,external100,321,b32p01,32,1502032,1,surprise,outputs/study1_35f100_external_v1/surprise/b32p01.wav,angry,0.9999998807907104,surprised,5.301811256686051e-08,0.9999998807907104,9.488917429578692e-10,3.5354033589563016e-10,1.2329707921310273e-08,5.576271000506949e-09,2.5905926709368643e-12,1.0174090903092292e-08,5.301811256686051e-08,7.761340396378493e-17
1932,external,external100,322,b32p02,32,1502032,2,normal,outputs/study1_35f100_external_v1/normal/b32p02.wav,happy,0.5082240104675293,neutral,6.104060503275832e-06,3.3654316666797968e-06,6.1969344642420765e-06,1.947488635778427e-05,0.5082240104675293,6.104060503275832e-06,1.8844916946370027e-12,2.3882026653154753e-05,0.49171704053878784,2.574797796847661e-12
1933,external,external100,322,b32p02,32,1502032,2,happy,outputs/study1_35f100_external_v1/happy/b32p02.wav,happy,1.0,happy,1.0,4.543478787644162e-11,5.273446679332494e-10,2.348224115156228e-10,1.0,8.315968053063116e-11,1.0446722480128567e-11,8.732535805577868e-10,1.8219824537979434e-09,4.9086255893282527e-11
1934,external,external100,322,b32p02,32,1502032,2,sad,outputs/study1_35f100_external_v1/sad/b32p02.wav,surprised,0.8589722514152527,sad,0.13858681917190552,3.954183557652868e-05,3.636143901530886e-06,0.0007432717829942703,0.0010932901641353965,0.000561096181627363,5.435949607113244e-11,0.13858681917190552,0.8589722514152527,2.937372914346703e-11
1935,external,external100,322,b32p02,32,1502032,2,calm,outputs/study1_35f100_external_v1/calm/b32p02.wav,happy,0.9999586343765259,,,9.398189604326035e-08,3.1278489132091636e-07,6.1911561033412e-07,0.9999586343765259,3.0264789074863074e-07,3.6607278319777947e-10,6.123370326349686e-07,3.934224514523521e-05,6.856161860469001e-09
1936,external,external100,322,b32p02,32,1502032,2,angry,outputs/study1_35f100_external_v1/angry/b32p02.wav,angry,1.0,angry,1.0,1.0,1.3490678192618066e-11,3.4024521481518244e-12,1.1023720131175807e-10,2.3927670955714575e-10,1.0573893106588517e-12,1.6411648706693427e-09,2.6001086700366827e-11,1.10327928385645e-20
1937,external,external100,322,b32p02,32,1502032,2,surprise,outputs/study1_35f100_external_v1/surprise/b32p02.wav,angry,0.9891700148582458,surprised,0.010783404111862183,0.9891700148582458,4.099486432096455e-06,8.941149644670077e-06,1.939068897627294e-05,4.2317851693951525e-06,1.907196345296569e-10,9.908660103974398e-06,0.010783404111862183,2.4232902143261903e-11
1938,external,external100,323,b32p03,32,1502032,3,normal,outputs/study1_35f100_external_v1/normal/b32p03.wav,neutral,0.9989043474197388,neutral,0.9989043474197388,3.253753959597816e-07,1.0725720755999646e-07,4.0338443795917556e-05,1.6160280438271002e-06,0.9989043474197388,1.1789856417532274e-11,0.0003282178658992052,0.0007249611662700772,9.958170572865743e-12
1939,external,external100,323,b32p03,32,1502032,3,happy,outputs/study1_35f100_external_v1/happy/b32p03.wav,neutral,0.9664763808250427,happy,1.88596204679925e-05,5.9148196669411846e-06,1.489201622462133e-06,0.0002834056504070759,1.88596204679925e-05,0.9664763808250427,5.2153534962906534e-11,0.0018372464692220092,0.03137676790356636,1.2006522165375344e-10
1940,external,external100,323,b32p03,32,1502032,3,sad,outputs/study1_35f100_external_v1/sad/b32p03.wav,sad,0.9999974966049194,sad,0.9999974966049194,1.2627468493064953e-07,2.807308590035973e-07,8.737683288018161e-07,1.7930648965602813e-08,1.0175125453315559e-06,1.4841479156757487e-09,0.9999974966049194,2.0500510800047778e-07,6.291439808361887e-13
1941,external,external100,323,b32p03,32,1502032,3,calm,outputs/study1_35f100_external_v1/calm/b32p03.wav,surprised,0.9946269392967224,,,5.3897132602287456e-05,2.135186605300987e-06,0.0002208086516475305,0.00012783957936335355,0.0034155724570155144,1.3170135121365334e-11,0.0015528459334746003,0.9946269392967224,2.973268853345701e-10
1942,external,external100,323,b32p03,32,1502032,3,angry,outputs/study1_35f100_external_v1/angry/b32p03.wav,sad,0.9996978044509888,angry,0.0001249982014996931,0.0001249982014996931,5.259758495412825e-07,2.982643673021812e-05,6.549837053171359e-06,1.0182702681049705e-06,2.6833413269145012e-09,0.9996978044509888,0.00013943320664111525,3.982801068114217e-12
1943,external,external100,323,b32p03,32,1502032,3,surprise,outputs/study1_35f100_external_v1/surprise/b32p03.wav,surprised,0.6491320729255676,surprised,0.6491320729255676,0.0004262866568751633,8.488137268614082e-07,0.00014792369620408863,0.002666609827429056,0.34657973051071167,2.6037866307504487e-11,0.0010465605882927775,0.6491320729255676,1.222196562705724e-11
1944,external,external100,324,b32p04,32,1502032,4,normal,outputs/study1_35f100_external_v1/normal/b32p04.wav,sad,0.8102087378501892,neutral,0.09938445687294006,8.788912964519113e-05,3.879610630974639e-06,0.013434519991278648,0.00027785965357907116,0.09938445687294006,4.826694599557868e-09,0.8102087378501892,0.07660261541604996,2.8780844374409753e-10
1945,external,external100,324,b32p04,32,1502032,4,happy,outputs/study1_35f100_external_v1/happy/b32p04.wav,happy,0.5369777679443359,happy,0.5369777679443359,0.0003822681901510805,0.00036078423727303743,0.01241430826485157,0.5369777679443359,0.02555553987622261,6.82565826082282e-07,0.01206436101347208,0.412112832069397,0.00013138058420736343
1946,external,external100,324,b32p04,32,1502032,4,sad,outputs/study1_35f100_external_v1/sad/b32p04.wav,sad,0.9999996423721313,sad,0.9999996423721313,6.627417725724172e-09,5.268423208804052e-08,5.6669172465717566e-08,3.5474008175384597e-09,2.203007198886553e-07,5.828270643881694e-10,0.9999996423721313,6.3257354909751484e-09,2.2296196193569845e-13
1947,external,external100,324,b32p04,32,1502032,4,calm,outputs/study1_35f100_external_v1/calm/b32p04.wav,sad,1.0,,,6.94713800375446e-11,1.227985380047869e-09,3.413572979837909e-09,6.223934145843657e-10,7.467011453599071e-10,6.589708379661774e-12,1.0,5.117266610454863e-10,3.1531640553554704e-16
1948,external,external100,324,b32p04,32,1502032,4,angry,outputs/study1_35f100_external_v1/angry/b32p04.wav,sad,0.9957542419433594,angry,0.002241463167592883,0.002241463167592883,1.5896413970040157e-05,0.0018086982890963554,2.892980228352826e-05,7.869221008149907e-06,1.522290290267847e-06,0.9957542419433594,0.0001414762227796018,9.306810322406989e-10
1949,external,external100,324,b32p04,32,1502032,4,surprise,outputs/study1_35f100_external_v1/surprise/b32p04.wav,angry,0.7947375774383545,surprised,0.03541768714785576,0.7947375774383545,0.00010135566117241979,0.021309738978743553,0.00045214747660793364,0.00033383583649992943,1.267415768779756e-06,0.14764633774757385,0.03541768714785576,4.424696165017394e-09
1950,external,external100,325,b32p05,32,1502032,5,normal,outputs/study1_35f100_external_v1/normal/b32p05.wav,neutral,0.9990957975387573,neutral,0.9990957975387573,1.4090875133376812e-08,3.123485470268861e-08,4.1864254285428615e-07,1.8846147753492914e-08,0.9990957975387573,5.122424619891097e-12,0.0009033430833369493,4.493101357638807e-07,8.636361826839137e-17
1951,external,external100,325,b32p05,32,1502032,5,happy,outputs/study1_35f100_external_v1/happy/b32p05.wav,happy,0.8657024502754211,happy,0.8657024502754211,0.0001844284706749022,2.6597885153023526e-05,0.0010630813194438815,0.8657024502754211,0.0030926233157515526,2.2224645235269236e-08,0.004372280091047287,0.12555855512619019,2.0758363916684175e-08
1952,external,external100,325,b32p05,32,1502032,5,sad,outputs/study1_35f100_external_v1/sad/b32p05.wav,sad,1.0,sad,1.0,7.38019367840792e-12,2.3733055520835933e-09,3.0847300269698508e-09,4.220086780026833e-11,2.0110484458268907e-11,6.327490181118334e-12,1.0,1.8436335791349734e-11,1.5918335601597923e-21
1953,external,external100,325,b32p05,32,1502032,5,calm,outputs/study1_35f100_external_v1/calm/b32p05.wav,sad,1.0,,,8.157852648613129e-13,8.762860229105662e-12,1.0391714398705343e-11,8.791717354128536e-13,6.083856942534771e-12,5.6225411764030016e-15,1.0,1.758475092969447e-12,1.2679569391681075e-24
1954,external,external100,325,b32p05,32,1502032,5,angry,outputs/study1_35f100_external_v1/angry/b32p05.wav,surprised,0.8872148990631104,angry,3.515388380037621e-05,3.515388380037621e-05,1.743772008921951e-05,0.00020704478083644062,0.11247440427541733,3.665890062620747e-06,2.3988136130248527e-11,4.739304495160468e-05,0.8872148990631104,3.3392642817542395e-11
1955,external,external100,325,b32p05,32,1502032,5,surprise,outputs/study1_35f100_external_v1/surprise/b32p05.wav,sad,0.9999457597732544,surprised,6.097072713373564e-08,5.1544702728278935e-05,8.21155268226903e-08,1.1171769642714935e-07,2.0718919131468283e-06,3.2484072676197684e-07,2.2457443904499996e-08,0.9999457597732544,6.097072713373564e-08,1.8012316898435854e-13
1956,external,external100,326,b32p06,32,1502032,6,normal,outputs/study1_35f100_external_v1/normal/b32p06.wav,sad,0.9999786615371704,neutral,1.0842961728485534e-06,1.3409672305897402e-07,1.3616258343063237e-07,7.550504960818216e-06,2.4610588411633216e-07,1.0842961728485534e-06,2.7921231993133233e-10,0.9999786615371704,1.2233585948706605e-05,3.740100590343687e-11
1957,external,external100,326,b32p06,32,1502032,6,happy,outputs/study1_35f100_external_v1/happy/b32p06.wav,sad,0.9997221827507019,happy,0.00015011269715614617,5.002489729122317e-07,2.402983909632894e-06,6.221223884494975e-05,0.00015011269715614617,2.9882785383961163e-06,1.412482397711301e-08,0.9997221827507019,5.962245268165134e-05,6.768596794159976e-10
1958,external,external100,326,b32p06,32,1502032,6,sad,outputs/study1_35f100_external_v1/sad/b32p06.wav,sad,0.9999992847442627,sad,0.9999992847442627,2.975745427846732e-09,6.046980693952264e-09,5.041261488258897e-07,5.542074887898707e-08,1.4105528300945025e-08,4.998328834160404e-11,0.9999992847442627,1.2044375807818142e-07,1.1870994638674137e-13
1959,external,external100,326,b32p06,32,1502032,6,calm,outputs/study1_35f100_external_v1/calm/b32p06.wav,sad,1.0,,,1.19792370467664e-11,5.911366951494301e-10,2.1962471841163733e-09,5.329238786377921e-11,9.01396041141922e-11,6.172851401038681e-13,1.0,1.0636265479480045e-10,5.017551176053439e-22
1960,external,external100,326,b32p06,32,1502032,6,angry,outputs/study1_35f100_external_v1/angry/b32p06.wav,angry,0.9725885391235352,angry,0.9725885391235352,0.9725885391235352,0.0015094453701749444,0.0003191416326444596,7.558282959507778e-05,3.170869968016632e-05,2.1314235709724016e-07,0.0011090404586866498,0.024366477504372597,4.326171421098479e-08
1961,external,external100,326,b32p06,32,1502032,6,surprise,outputs/study1_35f100_external_v1/surprise/b32p06.wav,surprised,0.9988031387329102,surprised,0.9988031387329102,1.1348697626090143e-05,0.00021455386013258249,0.00010138557991012931,7.753948011668399e-05,1.1722485396603588e-05,5.013591278246743e-11,0.0007801683386787772,0.9988031387329102,1.825449373882293e-07
1962,external,external100,327,b32p07,32,1502032,7,normal,outputs/study1_35f100_external_v1/normal/b32p07.wav,surprised,0.3589058220386505,neutral,0.3012154698371887,0.29889965057373047,0.004499403759837151,0.006788467988371849,0.021298399195075035,0.3012154698371887,9.01468865777133e-06,0.008357584476470947,0.3589058220386505,2.6152369173360057e-05
1963,external,external100,327,b32p07,32,1502032,7,happy,outputs/study1_35f100_external_v1/happy/b32p07.wav,happy,0.8332666754722595,happy,0.8332666754722595,0.00010457087773829699,0.0002287999086547643,0.001784673659130931,0.8332666754722595,0.054841432720422745,2.059418875433039e-07,0.0053986976854503155,0.10437435656785965,6.290995315794135e-07
1964,external,external100,327,b32p07,32,1502032,7,sad,outputs/study1_35f100_external_v1/sad/b32p07.wav,sad,1.0,sad,1.0,1.0616874046576186e-09,4.5291121963941805e-09,5.788448831367532e-09,8.912042215314386e-10,4.923321195171582e-10,6.13452127637415e-12,1.0,3.1008460243953095e-09,8.672078306956804e-19
1965,external,external100,327,b32p07,32,1502032,7,calm,outputs/study1_35f100_external_v1/calm/b32p07.wav,sad,0.999967098236084,,,2.4841449786094927e-08,5.231063937571889e-08,3.198025660822168e-05,5.06184001380916e-08,5.8723327356347e-07,2.6694471078059223e-09,0.999967098236084,2.683385957880091e-07,2.3104096760762083e-11
1966,external,external100,327,b32p07,32,1502032,7,angry,outputs/study1_35f100_external_v1/angry/b32p07.wav,angry,0.9999996423721313,angry,0.9999996423721313,0.9999996423721313,4.660800634326279e-09,2.330670323402728e-09,3.467661997547111e-07,9.389681920879411e-09,6.927886597729582e-10,4.345042725617532e-08,9.487725272094849e-09,6.846774306332995e-16
1967,external,external100,327,b32p07,32,1502032,7,surprise,outputs/study1_35f100_external_v1/surprise/b32p07.wav,sad,0.958071768283844,surprised,0.038171615451574326,0.0005233932170085609,7.609780732309446e-05,0.0015323562547564507,0.0014251945540308952,0.00019831534882541746,1.1199703209285872e-07,0.958071768283844,0.038171615451574326,1.0981757441186346e-06
1968,external,external100,328,b32p08,32,1502032,8,normal,outputs/study1_35f100_external_v1/normal/b32p08.wav,neutral,0.9998902082443237,neutral,0.9998902082443237,2.23526990339451e-06,1.9766215700656176e-05,3.646325239969883e-06,3.7412937672343105e-05,0.9998902082443237,1.1210022421437316e-06,4.1641807911219075e-05,1.8353806581217214e-06,2.0665318061219295e-06
1969,external,external100,328,b32p08,32,1502032,8,happy,outputs/study1_35f100_external_v1/happy/b32p08.wav,happy,0.9951560497283936,happy,0.9951560497283936,6.545218184328405e-06,5.35407298229984e-06,1.2802333912986796e-05,0.9951560497283936,1.4230853366825613e-06,5.396795788037423e-10,8.12257803772809e-06,0.004809708800166845,2.3846047358944134e-09
1970,external,external100,328,b32p08,32,1502032,8,sad,outputs/study1_35f100_external_v1/sad/b32p08.wav,sad,1.0,sad,1.0,1.225194126925136e-13,7.889180628217751e-12,1.0081046240839608e-11,5.424918869158246e-13,3.227784250818544e-13,5.3350044075127414e-15,1.0,3.6510765656465327e-13,6.927290827156149e-26
1971,external,external100,328,b32p08,32,1502032,8,calm,outputs/study1_35f100_external_v1/calm/b32p08.wav,sad,1.0,,,8.62814403257417e-11,1.309546915351234e-09,9.830101177499273e-09,1.1062940841188862e-10,1.014619943617845e-09,2.71494914223791e-12,1.0,8.453151512100021e-10,3.853295979305784e-18
1972,external,external100,328,b32p08,32,1502032,8,angry,outputs/study1_35f100_external_v1/angry/b32p08.wav,angry,0.9919598698616028,angry,0.9919598698616028,0.9919598698616028,4.132619869778864e-05,6.753375055268407e-05,0.0026442687958478928,1.0906433999480214e-05,9.327067829190128e-08,0.00024001752899494022,0.005035958718508482,5.648779777267521e-10
1973,external,external100,328,b32p08,32,1502032,8,surprise,outputs/study1_35f100_external_v1/surprise/b32p08.wav,happy,0.9299852252006531,surprised,0.021230338141322136,0.00021079710859339684,0.00047534791519865394,0.00026487201103009284,0.9299852252006531,0.042490459978580475,4.520724985468405e-07,0.00534206535667181,0.021230338141322136,4.517445404417231e-07
1974,external,external100,329,b32p09,32,1502032,9,normal,outputs/study1_35f100_external_v1/normal/b32p09.wav,sad,0.4640994071960449,neutral,0.32109296321868896,0.0280417762696743,4.868534233537503e-06,0.0005405586562119424,0.0013285812456160784,0.32109296321868896,3.54383056233587e-09,0.4640994071960449,0.18489184975624084,7.041735250457037e-11
1975,external,external100,329,b32p09,32,1502032,9,happy,outputs/study1_35f100_external_v1/happy/b32p09.wav,sad,0.9953990578651428,happy,0.0039031514897942543,2.464916633471148e-06,4.3108277168357745e-05,0.00016843275807332247,0.0039031514897942543,0.0003464584005996585,4.3253723447378434e-07,0.9953990578651428,0.00013691266940440983,4.775074113894107e-09
1976,external,external100,329,b32p09,32,1502032,9,sad,outputs/study1_35f100_external_v1/sad/b32p09.wav,sad,0.9554874897003174,sad,0.9554874897003174,2.562735608080402e-05,0.0001530652225483209,0.01302823144942522,0.01070569921284914,2.3185530153568834e-05,2.288524854066054e-07,0.9554874897003174,0.020576369017362595,2.8007480779024263e-08
1977,external,external100,329,b32p09,32,1502032,9,calm,outputs/study1_35f100_external_v1/calm/b32p09.wav,sad,1.0,,,7.69676614109649e-11,2.950158339842801e-09,8.986742017214056e-09,6.324611945274228e-10,7.759474174307002e-10,2.387832986894267e-11,1.0,4.33546976097432e-10,3.0362806554748694e-16
1978,external,external100,329,b32p09,32,1502032,9,angry,outputs/study1_35f100_external_v1/angry/b32p09.wav,surprised,0.9999878406524658,angry,2.8751303489116253e-06,2.8751303489116253e-06,2.9380328214756446e-07,1.635232706576062e-06,2.327758920728229e-06,7.385650064861693e-07,7.699328743733091e-15,4.291136519896099e-06,0.9999878406524658,2.7401697230700073e-11
1979,external,external100,329,b32p09,32,1502032,9,surprise,outputs/study1_35f100_external_v1/surprise/b32p09.wav,happy,0.9775643944740295,surprised,0.021912382915616035,0.00016433268319815397,2.1068770365673117e-05,8.57866762089543e-05,0.9775643944740295,1.2617865650099702e-05,7.464101337006923e-09,0.00023938326921779662,0.021912382915616035,4.091097682845657e-09
1980,external,external100,330,b33p00,33,1502033,0,normal,outputs/study1_35f100_external_v1/normal/b33p00.wav,sad,0.990908145904541,neutral,0.007678708527237177,5.109895937494002e-05,0.00011471976176835597,0.0005797288031317294,8.184278703993186e-05,0.007678708527237177,9.197435133501131e-07,0.990908145904541,0.0005846117273904383,2.604076314582926e-07
1981,external,external100,330,b33p00,33,1502033,0,happy,outputs/study1_35f100_external_v1/happy/b33p00.wav,sad,0.9952310919761658,happy,0.001218995894305408,1.960403551493073e-06,0.00012402918946463615,0.0010614440543577075,0.001218995894305408,6.143550126580521e-05,1.302116601209491e-07,0.9952310919761658,0.002300785155966878,1.9068520984433235e-08
1982,external,external100,330,b33p00,33,1502033,0,sad,outputs/study1_35f100_external_v1/sad/b33p00.wav,sad,0.9973157048225403,sad,0.9973157048225403,0.0001655362721066922,1.7060821846826002e-05,4.328785871621221e-05,6.872404628666118e-05,0.00014768564142286777,1.7823820641638122e-08,0.9973157048225403,0.00224192813038826,9.943940781909077e-09
1983,external,external100,330,b33p00,33,1502033,0,calm,outputs/study1_35f100_external_v1/calm/b33p00.wav,sad,0.9999994039535522,,,6.687773179692158e-08,5.5932829923222016e-08,2.2709313896029926e-07,1.1916834807834675e-07,9.153787772220312e-08,2.1945709693937943e-09,0.9999994039535522,5.1513186605234296e-08,1.9387761795303105e-12
1984,external,external100,330,b33p00,33,1502033,0,angry,outputs/study1_35f100_external_v1/angry/b33p00.wav,angry,1.0,angry,1.0,1.0,8.086644548432886e-11,2.3196071799458373e-12,3.8864086948642296e-10,1.4573392492778225e-10,1.5740036227521181e-12,5.469852903949857e-10,3.099270146078581e-11,6.760873696945333e-22
1985,external,external100,330,b33p00,33,1502033,0,surprise,outputs/study1_35f100_external_v1/surprise/b33p00.wav,surprised,0.9389036297798157,surprised,0.9389036297798157,9.955012501450256e-05,0.019961997866630554,0.0022307347971946,0.01914675161242485,0.00011795663158409297,7.148064895545758e-08,0.0195375457406044,0.9389036297798157,1.7964176777240937e-06
1986,external,external100,331,b33p01,33,1502033,1,normal,outputs/study1_35f100_external_v1/normal/b33p01.wav,happy,0.9854573607444763,neutral,3.579001349862665e-05,0.0009734744089655578,0.01213094126433134,0.00022654031636193395,0.9854573607444763,3.579001349862665e-05,9.73408023128286e-05,0.0003246281121391803,0.0007082228548824787,4.565205017570406e-05
1987,external,external100,331,b33p01,33,1502033,1,happy,outputs/study1_35f100_external_v1/happy/b33p01.wav,happy,0.9997197985649109,happy,0.9997197985649109,2.382024604230537e-07,8.428468163401703e-07,2.5489057406957727e-06,0.9997197985649109,2.1487191759206326e-07,2.088637596209253e-10,2.8811580250476254e-06,0.00027354349731467664,3.5167080358888825e-10
1988,external,external100,331,b33p01,33,1502033,1,sad,outputs/study1_35f100_external_v1/sad/b33p01.wav,sad,0.8455086350440979,sad,0.8455086350440979,0.05689586326479912,0.01607729122042656,0.02257731929421425,0.018594317138195038,0.0017872934695333242,0.03789840638637543,0.8455086350440979,0.0006462091114372015,1.4616398402722552e-05
1989,external,external100,331,b33p01,33,1502033,1,calm,outputs/study1_35f100_external_v1/calm/b33p01.wav,sad,1.0,,,6.3230982949580294e-12,1.160152196533204e-09,2.2781234676472195e-09,2.2687981701685622e-11,2.0932306235565967e-11,7.558088811927821e-13,1.0,5.0944370250105564e-11,3.2966211977082755e-22
1990,external,external100,331,b33p01,33,1502033,1,angry,outputs/study1_35f100_external_v1/angry/b33p01.wav,angry,0.4873929023742676,angry,0.4873929023742676,0.4873929023742676,0.004623573273420334,0.008001559413969517,0.15945956110954285,5.9783062170026824e-05,0.002639713929966092,0.336338073015213,0.0014840903459116817,7.775504968776659e-07
1991,external,external100,331,b33p01,33,1502033,1,surprise,outputs/study1_35f100_external_v1/surprise/b33p01.wav,angry,0.9337884187698364,surprised,0.0003435795078985393,0.9337884187698364,0.0025623126421123743,0.0002359706995775923,0.06166447326540947,0.00018347802688367665,0.00030842021806165576,0.0009130958351306617,0.0003435795078985393,2.208732041708572e-07
1992,external,external100,332,b33p02,33,1502033,2,normal,outputs/study1_35f100_external_v1/normal/b33p02.wav,neutral,0.9646668434143066,neutral,0.9646668434143066,1.568377047078684e-05,5.362467618397204e-06,0.0022567210253328085,0.002026114845648408,0.9646668434143066,9.29677135275142e-09,0.0007887641550041735,0.030240148305892944,3.1260876198757614e-07
1993,external,external100,332,b33p02,33,1502033,2,happy,outputs/study1_35f100_external_v1/happy/b33p02.wav,surprised,0.8546305298805237,happy,0.13204626739025116,7.033250585664064e-05,2.546057839936111e-05,0.0071223280392587185,0.13204626739025116,0.0009026068728417158,5.241017397850101e-09,0.0052022142335772514,0.8546305298805237,2.7344947284291266e-07
1994,external,external100,332,b33p02,33,1502033,2,sad,outputs/study1_35f100_external_v1/sad/b33p02.wav,sad,1.0,sad,1.0,2.7140614755616355e-10,1.2706473206947067e-08,2.7167935456873238e-08,3.7882499914765333e-10,1.9111119353709682e-09,6.680220265842252e-11,1.0,8.351132008144191e-10,9.756204895813836e-17
1995,external,external100,332,b33p02,33,1502033,2,calm,outputs/study1_35f100_external_v1/calm/b33p02.wav,sad,0.8874980211257935,,,1.8287291823071428e-05,2.1468764543897123e-07,9.908056381391361e-05,4.71924249723088e-06,0.09119954705238342,4.3289764134479825e-12,0.8874980211257935,0.02118009701371193,2.7929784881890705e-15
1996,external,external100,332,b33p02,33,1502033,2,angry,outputs/study1_35f100_external_v1/angry/b33p02.wav,angry,1.0,angry,1.0,1.0,2.954649025443956e-11,1.1537141901551973e-11,2.0358277286192106e-09,3.5657229946473024e-10,1.185104938445855e-13,4.804129316582362e-10,2.328955917008102e-09,4.657950318279279e-20
1997,external,external100,332,b33p02,33,1502033,2,surprise,outputs/study1_35f100_external_v1/surprise/b33p02.wav,surprised,0.9999996423721313,surprised,0.9999996423721313,2.593479564438894e-08,6.350977965752236e-09,3.1133037481367865e-08,1.2363905455003987e-07,9.598794648013609e-09,2.2920591611512547e-18,1.785666938758368e-07,0.9999996423721313,1.5473416827149083e-15
1998,external,external100,333,b33p03,33,1502033,3,normal,outputs/study1_35f100_external_v1/normal/b33p03.wav,surprised,1.0,neutral,1.1499200029685408e-11,8.262618887699968e-12,1.151816662881e-11,5.68889484131585e-11,5.436286837356974e-11,1.1499200029685408e-11,2.005306035860615e-23,4.723849089671717e-11,1.0,2.9488689953895666e-21
1999,external,external100,333,b33p03,33,1502033,3,happy,outputs/study1_35f100_external_v1/happy/b33p03.wav,surprised,0.8547984957695007,happy,0.1449243128299713,1.657938446442131e-05,7.136906060623005e-05,0.00010488722909940407,0.1449243128299713,1.5234511010930873e-05,5.708293213113613e-11,6.912057870067656e-05,0.8547984957695007,1.7720963585432514e-09
2000,external,external100,333,b33p03,33,1502033,3,sad,outputs/study1_35f100_external_v1/sad/b33p03.wav,sad,0.9999916553497314,sad,0.9999916553497314,3.5309184909237956e-07,6.709816489092191e-07,2.0263034912204603e-06,2.3871336907177465e-06,1.700291932138498e-06,1.2950554406643278e-08,0.9999916553497314,1.2714186823359341e-06,1.0682246059934286e-10
2001,external,external100,333,b33p03,33,1502033,3,calm,outputs/study1_35f100_external_v1/calm/b33p03.wav,sad,1.0,,,8.967047659957927e-10,2.2142842226458015e-08,1.4467610220947336e-08,2.1873258759796954e-09,3.4867870812860247e-09,1.4924683711114994e-10,1.0,1.929899573482885e-09,4.776432765610629e-15
2002,external,external100,333,b33p03,33,1502033,3,angry,outputs/study1_35f100_external_v1/angry/b33p03.wav,sad,0.9999994039535522,angry,4.4226825934856606e-07,4.4226825934856606e-07,3.689896388436864e-08,3.525654435065917e-08,1.2138310978571099e-07,1.670896132566213e-08,5.103872879885785e-09,0.9999994039535522,5.920009371607193e-09,2.7498516362730284e-14
2003,external,external100,333,b33p03,33,1502033,3,surprise,outputs/study1_35f100_external_v1/surprise/b33p03.wav,surprised,0.9994439482688904,surprised,0.9994439482688904,3.783785359701142e-05,1.7087733112930437e-06,0.00020050324383191764,4.99011148349382e-05,2.3027427232591435e-05,5.722098142535437e-12,0.00024313703761436045,0.9994439482688904,4.71431604864847e-09
2004,external,external100,334,b33p04,33,1502033,4,normal,outputs/study1_35f100_external_v1/normal/b33p04.wav,happy,0.9976317882537842,neutral,3.052410829695873e-05,5.27938682353124e-05,0.0006962064653635025,0.00013790720549877733,0.9976317882537842,3.052410829695873e-05,2.6154568786296295e-06,0.0001330067025264725,0.0012894304236397147,2.569368007243611e-05
2005,external,external100,334,b33p04,33,1502033,4,happy,outputs/study1_35f100_external_v1/happy/b33p04.wav,sad,0.5297297239303589,happy,0.2396598905324936,4.171307955402881e-05,2.1993075279169716e-05,0.0019439674215391278,0.2396598905324936,0.0005109109915792942,3.7113363493546103e-09,0.5297297239303589,0.2280917912721634,1.7470984381429133e-10
2006,external,external100,334,b33p04,33,1502033,4,sad,outputs/study1_35f100_external_v1/sad/b33p04.wav,sad,0.9999936819076538,sad,0.9999936819076538,2.333348625427334e-08,1.8756781017259527e-08,2.2059923310280283e-07,5.37480809725821e-06,3.463443931650545e-07,2.573450619269835e-10,0.9999936819076538,3.30725640651508e-07,3.2089982797758876e-13
2007,external,external100,334,b33p04,33,1502033,4,calm,outputs/study1_35f100_external_v1/calm/b33p04.wav,sad,1.0,,,2.603170283499434e-11,7.97707011557236e-10,1.0957426077595755e-08,1.0274022604894739e-10,1.282100259292207e-10,2.4574021203344065e-12,1.0,3.3490671347280454e-10,1.7608727230911397e-18
2008,external,external100,334,b33p04,33,1502033,4,angry,outputs/study1_35f100_external_v1/angry/b33p04.wav,angry,0.9853447079658508,angry,0.9853447079658508,0.9853447079658508,0.00018017980619333684,0.00037257495569065213,0.002325021894648671,3.0677561881020665e-05,9.13495284748933e-07,0.0031787436455488205,0.008567135781049728,2.4510526941412536e-08
2009,external,external100,334,b33p04,33,1502033,4,surprise,outputs/study1_35f100_external_v1/surprise/b33p04.wav,surprised,0.8844084739685059,surprised,0.8844084739685059,0.05651865154504776,0.02790238708257675,0.0029484061524271965,0.024720851331949234,0.000188612422789447,1.468242658120289e-06,0.003289627144113183,0.8844084739685059,2.154472349502612e-05
2010,external,external100,335,b33p05,33,1502033,5,normal,outputs/study1_35f100_external_v1/normal/b33p05.wav,surprised,0.9404458999633789,neutral,0.05284499004483223,3.222845771233551e-05,5.402359602157958e-05,0.00014489886234514415,0.00258705485612154,0.05284499004483223,1.753817924221579e-10,0.003890966298058629,0.9404458999633789,1.3329759518398987e-09
2011,external,external100,335,b33p05,33,1502033,5,happy,outputs/study1_35f100_external_v1/happy/b33p05.wav,sad,0.999991774559021,happy,8.82747031027975e-07,2.0174740100742383e-08,2.5363129907418624e-07,6.380399099725764e-06,8.82747031027975e-07,4.752077984448988e-07,2.330608772638243e-08,0.999991774559021,1.691573601192431e-07,2.653937292151909e-09
2012,external,external100,335,b33p05,33,1502033,5,sad,outputs/study1_35f100_external_v1/sad/b33p05.wav,neutral,0.9458039999008179,sad,0.052010949701070786,4.506655841396423e-06,7.663514224987011e-06,0.00018909358186647296,0.001778558362275362,0.9458039999008179,5.8944248593206794e-08,0.052010949701070786,0.00020525054424069822,1.734994925506328e-10
2013,external,external100,335,b33p05,33,1502033,5,calm,outputs/study1_35f100_external_v1/calm/b33p05.wav,sad,0.9999990463256836,,,3.3128551990557753e-07,1.4000835335536976e-07,9.479837359549492e-08,4.117144669635309e-08,2.3120884407035192e-07,4.470036785164666e-09,0.9999990463256836,1.947084271591848e-08,3.057976642089136e-14
2014,external,external100,335,b33p05,33,1502033,5,angry,outputs/study1_35f100_external_v1/angry/b33p05.wav,angry,0.9994844198226929,angry,0.9994844198226929,0.9994844198226929,7.12792607373558e-05,3.761480184039101e-05,7.1292547545454e-06,1.3998850590724032e-05,2.2833660295873415e-07,5.010466338717379e-05,0.0003352663479745388,6.751635694968172e-09
2015,external,external100,335,b33p05,33,1502033,5,surprise,outputs/study1_35f100_external_v1/surprise/b33p05.wav,sad,0.9997289776802063,surprised,0.0001724061876302585,1.2990886943953228e-06,6.315405016721343e-07,4.669086047215387e-05,3.894475958077237e-05,1.1007000466634054e-05,3.580000518255133e-09,0.9997289776802063,0.0001724061876302585,1.4149935667617797e-09
2016,external,external100,336,b33p06,33,1502033,6,normal,outputs/study1_35f100_external_v1/normal/b33p06.wav,angry,0.9975739121437073,neutral,3.812996874330565e-05,0.9975739121437073,0.0019998911302536726,4.139837255934253e-05,6.141373887658119e-05,3.812996874330565e-05,7.97007160144858e-05,0.00016982690431177616,3.5532972106011584e-05,9.121733057781967e-08
2017,external,external100,336,b33p06,33,1502033,6,happy,outputs/study1_35f100_external_v1/happy/b33p06.wav,surprised,0.999982476234436,happy,1.5513922335230745e-05,7.518708855513978e-08,1.8902420961808275e-08,2.2299367685718607e-07,1.5513922335230745e-05,8.597881446803513e-07,1.663245938978263e-16,9.079579967874452e-07,0.999982476234436,1.4231945157962278e-13
2018,external,external100,336,b33p06,33,1502033,6,sad,outputs/study1_35f100_external_v1/sad/b33p06.wav,sad,0.9852637052536011,sad,0.9852637052536011,0.009108559228479862,0.0001301910524489358,0.0001968354918062687,8.559743582736701e-05,0.0045007867738604546,1.5551395335933194e-06,0.9852637052536011,0.000712733599357307,3.825036731797127e-09
2019,external,external100,336,b33p06,33,1502033,6,calm,outputs/study1_35f100_external_v1/calm/b33p06.wav,sad,0.9999996423721313,,,3.2426055174283874e-09,6.09770056669845e-09,3.2224090062982214e-08,2.717770675175757e-09,3.1686417401033395e-07,2.1731302521366125e-11,0.9999996423721313,1.2672415117265245e-08,9.59890770113516e-16
2020,external,external100,336,b33p06,33,1502033,6,angry,outputs/study1_35f100_external_v1/angry/b33p06.wav,surprised,0.9995198249816895,angry,3.374786683707498e-05,3.374786683707498e-05,5.356207566364901e-06,2.5009760065586306e-05,2.401575693511404e-05,2.2951282971916953e-06,1.3935703719464287e-12,0.0003897101560141891,0.9995198249816895,5.360540344945264e-10
2021,external,external100,336,b33p06,33,1502033,6,surprise,outputs/study1_35f100_external_v1/surprise/b33p06.wav,angry,0.9826416969299316,surprised,0.010283824056386948,0.9826416969299316,0.00019023424829356372,0.00023652715026400983,0.0056329513899981976,2.6902896934188902e-05,5.099730060464935e-07,0.0009871840011328459,0.010283824056386948,2.057270354072216e-09
2022,external,external100,337,b33p07,33,1502033,7,normal,outputs/study1_35f100_external_v1/normal/b33p07.wav,disgusted,0.4968685507774353,neutral,0.0003804048174060881,0.2295079529285431,0.4968685507774353,0.004666837863624096,0.12417648732662201,0.0003804048174060881,0.00015554047422483563,0.007416205480694771,0.13670790195465088,0.00012018949200864881
2023,external,external100,337,b33p07,33,1502033,7,happy,outputs/study1_35f100_external_v1/happy/b33p07.wav,surprised,0.9929603934288025,happy,0.0066679175943136215,1.3468189536069985e-05,2.7177575248060748e-05,0.00016015596338547766,0.0066679175943136215,7.277241365954978e-06,3.316222296767535e-11,0.00016349740326404572,0.9929603934288025,7.653824241060647e-09
2024,external,external100,337,b33p07,33,1502033,7,sad,outputs/study1_35f100_external_v1/sad/b33p07.wav,sad,1.0,sad,1.0,3.695322867147688e-11,5.200214925338287e-09,2.0998038863240254e-08,2.183981329118012e-10,5.416983181460999e-11,9.850018370394231e-12,1.0,3.1133132183391865e-10,3.3961659875117758e-18
2025,external,external100,337,b33p07,33,1502033,7,calm,outputs/study1_35f100_external_v1/calm/b33p07.wav,sad,0.9959465861320496,,,1.5740526748686534e-07,1.4756398059034836e-07,2.6445291041454766e-06,0.00011308078683214262,0.003895857371389866,1.009385769412674e-10,0.9959465861320496,4.1569481254555285e-05,1.9430825695730507e-14
2026,external,external100,337,b33p07,33,1502033,7,angry,outputs/study1_35f100_external_v1/angry/b33p07.wav,angry,0.9998970031738281,angry,0.9998970031738281,0.9998970031738281,7.354356625910441e-07,2.8298950383032206e-07,4.48626167326438e-07,1.3990312481837464e-06,1.8493356890303403e-07,9.972493717214093e-05,1.516313403726599e-07,1.5503511018380434e-13
2027,external,external100,337,b33p07,33,1502033,7,surprise,outputs/study1_35f100_external_v1/surprise/b33p07.wav,angry,0.9999072551727295,surprised,7.83044015406631e-05,0.9999072551727295,3.7585124346151133e-07,1.1122848491140758e-06,6.931152711331379e-06,5.244529575065826e-07,9.220570418300156e-10,5.54844473299454e-06,7.83044015406631e-05,2.0784313940064303e-12
2028,external,external100,338,b33p08,33,1502033,8,normal,outputs/study1_35f100_external_v1/normal/b33p08.wav,sad,0.9999997615814209,neutral,9.494176111957131e-08,1.0583475429370992e-08,1.784236403068462e-08,3.839104323333231e-08,8.545887197897173e-08,9.494176111957131e-08,3.2539232419637187e-10,0.9999997615814209,2.144680166793478e-08,3.411378167797463e-13
2029,external,external100,338,b33p08,33,1502033,8,happy,outputs/study1_35f100_external_v1/happy/b33p08.wav,happy,0.9987130165100098,happy,0.9987130165100098,5.266499556455528e-06,1.3956944712845143e-05,5.7571716752136126e-05,0.9987130165100098,1.7984504665946588e-05,4.9127432788509395e-08,0.0002786556142382324,0.000913273252081126,1.5664821262362238e-07
2030,external,external100,338,b33p08,33,1502033,8,sad,outputs/study1_35f100_external_v1/sad/b33p08.wav,sad,0.9999992847442627,sad,0.9999992847442627,2.504634499800318e-09,1.727672049867124e-08,5.8085873888558126e-08,1.200558017444564e-07,5.141858423485246e-07,6.949134323530615e-11,0.9999992847442627,7.524817391413308e-08,7.975374917770783e-14
2031,external,external100,338,b33p08,33,1502033,8,calm,outputs/study1_35f100_external_v1/calm/b33p08.wav,sad,1.0,,,1.5019978316654914e-10,6.345406977636969e-10,4.988727209109811e-09,1.8445893701368732e-08,1.3777883278720537e-09,7.752484418310779e-12,1.0,1.2539643767794928e-09,2.854607705458787e-16
2032,external,external100,338,b33p08,33,1502033,8,angry,outputs/study1_35f100_external_v1/angry/b33p08.wav,sad,0.718896746635437,angry,0.0002273748250445351,0.0002273748250445351,0.0006322515546344221,0.0006401843274943531,0.03902878984808922,0.17321695387363434,1.986233257866843e-07,0.718896746635437,0.0673573836684227,8.609290347294518e-08
2033,external,external100,338,b33p08,33,1502033,8,surprise,outputs/study1_35f100_external_v1/surprise/b33p08.wav,sad,0.9627358317375183,surprised,0.01951948180794716,1.767402318364475e-05,1.5571320545859635e-05,0.00036954315146431327,0.0012861081631854177,0.016055753454566002,6.496178706072442e-09,0.9627358317375183,0.01951948180794716,1.523693171634477e-09
2034,external,external100,339,b33p09,33,1502033,9,normal,outputs/study1_35f100_external_v1/normal/b33p09.wav,surprised,0.957503616809845,neutral,0.00017250834207516164,0.00017362819926347584,0.000141566400998272,0.000757434347178787,0.03411472961306572,0.00017250834207516164,3.000897086380405e-09,0.007136439438909292,0.957503616809845,1.413419852269726e-07
2035,external,external100,339,b33p09,33,1502033,9,happy,outputs/study1_35f100_external_v1/happy/b33p09.wav,sad,0.5686178207397461,happy,0.00041184487054124475,0.011814884841442108,3.5923989344155416e-05,0.0016922547947615385,0.00041184487054124475,0.4168815314769745,3.811631131611648e-06,0.5686178207397461,0.0005419179797172546,2.53784909753918e-10
2036,external,external100,339,b33p09,33,1502033,9,sad,outputs/study1_35f100_external_v1/sad/b33p09.wav,sad,1.0,sad,1.0,1.196745307019409e-11,4.308151613230393e-10,3.823368566191476e-10,2.174495132567511e-11,3.0931635724984474e-11,5.692318903564864e-13,1.0,1.6695917218201295e-11,1.633533246169867e-23
2037,external,external100,339,b33p09,33,1502033,9,calm,outputs/study1_35f100_external_v1/calm/b33p09.wav,sad,1.0,,,3.1692487523216073e-10,1.2105169311382724e-08,1.5412327414310312e-08,7.945605839942971e-10,2.274485044750918e-09,5.3102442582053655e-11,1.0,1.5288413868219664e-09,3.505527802649569e-15
2038,external,external100,339,b33p09,33,1502033,9,angry,outputs/study1_35f100_external_v1/angry/b33p09.wav,surprised,0.9999821186065674,angry,4.659886144509073e-06,4.659886144509073e-06,1.362734849408298e-07,5.557182021220797e-07,1.0448829925735481e-05,1.3104730101076711e-07,2.319119881891282e-15,1.8996493054146413e-06,0.9999821186065674,2.2234325925546417e-12
2039,external,external100,339,b33p09,33,1502033,9,surprise,outputs/study1_35f100_external_v1/surprise/b33p09.wav,surprised,0.9583107829093933,surprised,0.9583107829093933,8.374093158636242e-05,9.783735004020855e-05,0.0001526779669802636,0.04122164100408554,1.4951153389120009e-05,2.1223468815723123e-10,0.00011840375373139977,0.9583107829093933,3.318853458722515e-08
2040,external,external100,340,b34p00,34,1502034,0,normal,outputs/study1_35f100_external_v1/normal/b34p00.wav,sad,0.8570507764816284,neutral,0.11958875507116318,0.00021004902373533696,0.006879151798784733,0.001364445430226624,0.007529620546847582,0.11958875507116318,1.508000696048839e-05,0.8570507764816284,0.007355877663940191,6.238194600882707e-06
2041,external,external100,340,b34p00,34,1502034,0,happy,outputs/study1_35f100_external_v1/happy/b34p00.wav,happy,0.5174073576927185,happy,0.5174073576927185,0.0023658424615859985,0.0005980263813398778,0.0012740909587591887,0.5174073576927185,0.00015686487313359976,1.6264687019429402e-06,0.4604306221008301,0.017765577882528305,1.4156550598443118e-08
2042,external,external100,340,b34p00,34,1502034,0,sad,outputs/study1_35f100_external_v1/sad/b34p00.wav,sad,1.0,sad,1.0,8.06956634846756e-09,1.9550981278371182e-08,3.852609964383191e-08,3.948064541958729e-09,1.6219900089708972e-08,5.445878747956101e-10,1.0,2.9751459074134345e-09,8.54009025904592e-15
2043,external,external100,340,b34p00,34,1502034,0,calm,outputs/study1_35f100_external_v1/calm/b34p00.wav,sad,0.9999793767929077,,,6.421500131637004e-08,2.1716817855121917e-07,4.149069809500361e-06,8.887250260158908e-07,1.114395672630053e-05,1.0890541801700238e-09,0.9999793767929077,4.1162356865243055e-06,4.8183342732377454e-11
2044,external,external100,340,b34p00,34,1502034,0,angry,outputs/study1_35f100_external_v1/angry/b34p00.wav,angry,1.0,angry,1.0,1.0,7.070908528833408e-13,3.3363469051275046e-14,4.988548202994325e-12,7.032552058056085e-12,2.9774076304759593e-15,1.5482486820372898e-11,3.543758385696205e-12,7.678236119043844e-25
2045,external,external100,340,b34p00,34,1502034,0,surprise,outputs/study1_35f100_external_v1/surprise/b34p00.wav,angry,0.9999992847442627,surprised,7.084921094246965e-08,0.9999992847442627,2.7308590233587893e-07,8.42960989899666e-09,1.0708230746558911e-07,1.2211089917002482e-08,1.3032990242578535e-09,1.7969377097415418e-07,7.084921094246965e-08,1.2899747450981886e-15
2046,external,external100,341,b34p01,34,1502034,1,normal,outputs/study1_35f100_external_v1/normal/b34p01.wav,neutral,0.8700054287910461,neutral,0.8700054287910461,7.383423962892266e-06,0.00022146663104649633,0.00013863308413419873,0.06548695266246796,0.8700054287910461,2.079654905173811e-06,0.06372909247875214,0.000408907828386873,1.307254251514678e-07
2047,external,external100,341,b34p01,34,1502034,1,happy,outputs/study1_35f100_external_v1/happy/b34p01.wav,neutral,0.5951716303825378,happy,0.005887514445930719,0.0005988042103126645,0.0006056418060325086,0.001575179398059845,0.005887514445930719,0.5951716303825378,1.2293420468267868e-06,0.3819744884967804,0.014185422100126743,9.743754247892866e-08
2048,external,external100,341,b34p01,34,1502034,1,sad,outputs/study1_35f100_external_v1/sad/b34p01.wav,sad,1.0,sad,1.0,6.5775410292012726e-12,8.007557950051591e-10,1.833850404864279e-09,2.4714060659070114e-11,2.2514943034956936e-11,1.7969171072981793e-12,1.0,2.4653890040582382e-11,3.740939264452056e-21
2049,external,external100,341,b34p01,34,1502034,1,calm,outputs/study1_35f100_external_v1/calm/b34p01.wav,sad,0.9999997615814209,,,1.3893199923842303e-09,1.916236058718823e-09,1.2836323115550385e-09,1.5202802350344768e-09,1.8703013893173193e-07,9.971523606822075e-12,0.9999997615814209,7.072886720749239e-10,1.7669694577959618e-17
2050,external,external100,341,b34p01,34,1502034,1,angry,outputs/study1_35f100_external_v1/angry/b34p01.wav,angry,0.9999955892562866,angry,0.9999955892562866,0.9999955892562866,2.458945800754009e-06,6.969109023202691e-08,1.6004962333227013e-07,2.0741630635257025e-07,9.2365279869e-09,8.493393011121952e-07,5.50948982436239e-07,2.1293238710879542e-13
2051,external,external100,341,b34p01,34,1502034,1,surprise,outputs/study1_35f100_external_v1/surprise/b34p01.wav,sad,0.9999959468841553,surprised,2.514369157324836e-07,2.087936934458412e-07,2.5290728444815613e-07,3.472596574738418e-07,1.6391134067816893e-06,1.3513061958292383e-06,7.915265776148317e-09,0.9999959468841553,2.514369157324836e-07,5.0839915610723097e-11
2052,external,external100,342,b34p02,34,1502034,2,normal,outputs/study1_35f100_external_v1/normal/b34p02.wav,sad,0.9999146461486816,neutral,4.261369031155482e-05,5.816152679471998e-07,9.454058272240218e-06,1.7491760445409454e-05,1.208392404805636e-05,4.261369031155482e-05,8.971239822130883e-07,0.9999146461486816,1.735481760078983e-06,3.9419114727934357e-07
2053,external,external100,342,b34p02,34,1502034,2,happy,outputs/study1_35f100_external_v1/happy/b34p02.wav,sad,0.9999557733535767,happy,1.3606926586362533e-05,1.8357861009121734e-08,1.1354773477023627e-07,1.2570093304020702e-06,1.3606926586362533e-05,2.297333048772998e-05,2.22062535026879e-10,0.9999557733535767,6.168093477754155e-06,4.830186814755444e-13
2054,external,external100,342,b34p02,34,1502034,2,sad,outputs/study1_35f100_external_v1/sad/b34p02.wav,sad,0.9999970197677612,sad,0.9999970197677612,6.201427815710758e-09,6.261583962441364e-08,2.780432623694651e-06,2.0481495610624734e-08,1.5407843889647665e-08,3.033213125114287e-10,0.9999970197677612,1.8404205093247583e-07,1.5237915367439375e-13
2055,external,external100,342,b34p02,34,1502034,2,calm,outputs/study1_35f100_external_v1/calm/b34p02.wav,sad,1.0,,,2.4222459107936523e-11,2.9992566763503703e-10,2.2060533955148287e-10,2.074158032827622e-11,6.975287014654441e-11,7.376981512631497e-13,1.0,2.943826085677337e-11,2.725096121737372e-20
2056,external,external100,342,b34p02,34,1502034,2,angry,outputs/study1_35f100_external_v1/angry/b34p02.wav,angry,0.9998989105224609,angry,0.9998989105224609,0.9998989105224609,1.3061214758636197e-06,1.2611092188308248e-06,1.217318913404597e-05,1.5484121149711427e-06,2.4832651490669377e-08,6.472563836723566e-05,2.002813016588334e-05,1.0085630247624877e-10
2057,external,external100,342,b34p02,34,1502034,2,surprise,outputs/study1_35f100_external_v1/surprise/b34p02.wav,sad,0.9999842643737793,surprised,5.983604864923109e-07,3.9807147800274834e-08,6.057828159100609e-07,1.3553437383961864e-05,1.7850943834218924e-07,7.329378490794625e-07,1.5032282973947986e-08,0.9999842643737793,5.983604864923109e-07,1.232431157127678e-09
2058,external,external100,343,b34p03,34,1502034,3,normal,outputs/study1_35f100_external_v1/normal/b34p03.wav,sad,0.9981856942176819,neutral,0.0017794524319469929,7.729940989520401e-07,2.215289441664936e-06,1.5857898688409477e-05,5.597015388048021e-06,0.0017794524319469929,9.76722880352554e-09,0.9981856942176819,1.0396215657237917e-05,5.714796257744181e-12
2059,external,external100,343,b34p03,34,1502034,3,happy,outputs/study1_35f100_external_v1/happy/b34p03.wav,sad,0.8312894105911255,happy,0.13527511060237885,8.333558071171865e-06,1.673334918450564e-05,0.0036275063175708055,0.13527511060237885,0.014875676482915878,8.554393815529693e-08,0.8312894105911255,0.014907133765518665,1.567605600882871e-08
2060,external,external100,343,b34p03,34,1502034,3,sad,outputs/study1_35f100_external_v1/sad/b34p03.wav,sad,0.9999998807907104,sad,0.9999998807907104,3.3488254391755845e-09,3.1359974617117814e-09,1.3071698390376696e-07,3.738065856850881e-09,1.5011544007847988e-08,3.7694788262987444e-11,0.9999998807907104,1.6564115412620595e-08,2.3717142751686696e-15
2061,external,external100,343,b34p03,34,1502034,3,calm,outputs/study1_35f100_external_v1/calm/b34p03.wav,sad,1.0,,,8.28985216247153e-15,3.8021352017324206e-13,3.9467539479642877e-13,1.817442545201317e-13,9.91942734006844e-14,1.6270773674327083e-16,1.0,1.583112709934581e-14,1.698139639819355e-30
2062,external,external100,343,b34p03,34,1502034,3,angry,outputs/study1_35f100_external_v1/angry/b34p03.wav,surprised,0.9999997615814209,angry,4.5468745213383954e-08,4.5468745213383954e-08,2.8163704701711367e-09,8.491224612328097e-09,6.807451313761703e-08,3.670200143801594e-09,3.6477933475734294e-19,2.5739009146263925e-08,0.9999997615814209,1.284097977570579e-16
2063,external,external100,343,b34p03,34,1502034,3,surprise,outputs/study1_35f100_external_v1/surprise/b34p03.wav,happy,0.7781897783279419,surprised,0.19473281502723694,0.022018492221832275,0.0014913567574694753,0.0014465205604210496,0.7781897783279419,0.00012465179315768182,8.934376864999649e-07,0.001994709949940443,0.19473281502723694,7.676219411223428e-07
2064,external,external100,344,b34p04,34,1502034,4,normal,outputs/study1_35f100_external_v1/normal/b34p04.wav,angry,0.9696229696273804,neutral,0.0005035826470702887,0.9696229696273804,0.0007520469953306019,0.00024044053861871362,0.013792796991765499,0.0005035826470702887,0.00011007046850863844,0.014373842626810074,0.0006039277650415897,1.8933386058961332e-07
2065,external,external100,344,b34p04,34,1502034,4,happy,outputs/study1_35f100_external_v1/happy/b34p04.wav,happy,0.9960082769393921,happy,0.9960082769393921,2.264001523144543e-06,2.8776014460163424e-06,4.3332736822776496e-05,0.9960082769393921,0.003319348208606243,1.1314031489462195e-08,3.6608471418730915e-05,0.000587310700211674,1.0563205865565806e-09
2066,external,external100,344,b34p04,34,1502034,4,sad,outputs/study1_35f100_external_v1/sad/b34p04.wav,sad,1.0,sad,1.0,1.8263238144022864e-10,2.06439665362268e-08,9.39635036445452e-09,1.9222354263881414e-10,6.927479700991057e-10,8.291957398487426e-11,1.0,2.398908849343684e-10,8.132881141651996e-18
2067,external,external100,344,b34p04,34,1502034,4,calm,outputs/study1_35f100_external_v1/calm/b34p04.wav,sad,1.0,,,5.019515358917204e-10,2.0215187301886317e-09,6.491664095165106e-09,6.205359559530166e-10,8.173287824320141e-09,4.096265861230908e-12,1.0,3.785571855985381e-09,5.583339432812888e-16
2068,external,external100,344,b34p04,34,1502034,4,angry,outputs/study1_35f100_external_v1/angry/b34p04.wav,sad,0.8215112090110779,angry,0.002075257245451212,0.002075257245451212,0.00012741322279907763,0.007470676675438881,6.357536767609417e-05,5.9310208598617464e-05,1.7398024354520203e-08,0.8215112090110779,0.1686924695968628,1.3830072198572907e-08
2069,external,external100,344,b34p04,34,1502034,4,surprise,outputs/study1_35f100_external_v1/surprise/b34p04.wav,surprised,0.980506420135498,surprised,0.980506420135498,6.90604283590801e-05,0.00010294547973899171,0.00010540385119384155,0.018995419144630432,1.8413682482787408e-05,1.36100575254261e-10,0.0002023552224272862,0.980506420135498,4.320586555195405e-09
2070,external,external100,345,b34p05,34,1502034,5,normal,outputs/study1_35f100_external_v1/normal/b34p05.wav,neutral,0.6755071878433228,neutral,0.6755071878433228,2.9803166398778558e-05,0.0032765280921012163,0.0006009342614561319,0.26988592743873596,0.6755071878433228,0.0002949496847577393,0.05005766451358795,0.00032566601294092834,2.134755595761817e-05
2071,external,external100,345,b34p05,34,1502034,5,happy,outputs/study1_35f100_external_v1/happy/b34p05.wav,happy,0.9999971389770508,happy,0.9999971389770508,8.97994834048177e-09,2.1313044840098883e-07,4.7286565774129485e-08,0.9999971389770508,3.4938338888679255e-09,5.361686095106677e-11,7.06058358446171e-08,2.4764351564954268e-06,4.564346470226077e-11
2072,external,external100,345,b34p05,34,1502034,5,sad,outputs/study1_35f100_external_v1/sad/b34p05.wav,sad,1.0,sad,1.0,1.1926869214473612e-11,2.0262436173368314e-09,4.297009414955255e-09,1.550976708175611e-11,1.85260452811864e-11,5.906748072430357e-13,1.0,1.608390087781686e-10,7.187834400393551e-21
2073,external,external100,345,b34p05,34,1502034,5,calm,outputs/study1_35f100_external_v1/calm/b34p05.wav,neutral,0.9487073421478271,,,4.361704122857191e-05,2.998553100042045e-05,0.0015513503458350897,0.0023488893639296293,0.9487073421478271,2.775532337295772e-08,0.008560257032513618,0.03875834122300148,2.821695090915455e-07
2074,external,external100,345,b34p05,34,1502034,5,angry,outputs/study1_35f100_external_v1/angry/b34p05.wav,angry,1.0,angry,1.0,1.0,3.318035299640365e-12,2.0825002963395511e-13,1.6983277631443805e-11,3.359044986606108e-11,2.091219102927171e-15,4.86127527121738e-11,1.0804565575561753e-10,2.2215435384900054e-23
2075,external,external100,345,b34p05,34,1502034,5,surprise,outputs/study1_35f100_external_v1/surprise/b34p05.wav,surprised,0.5506047606468201,surprised,0.5506047606468201,0.27890488505363464,0.0008749942062422633,0.0039240834303200245,0.13937073945999146,0.00023326801601797342,7.300067750293238e-07,0.02608632855117321,0.5506047606468201,1.2542321314867877e-07
2076,external,external100,346,b34p06,34,1502034,6,normal,outputs/study1_35f100_external_v1/normal/b34p06.wav,sad,0.7132003307342529,neutral,0.2838534414768219,0.0006347975577227771,1.5172633538895752e-05,0.00013599589874502271,0.0008605503826402128,0.2838534414768219,3.987436869579142e-08,0.7132003307342529,0.0012996451696380973,1.3215907535002458e-11
2077,external,external100,346,b34p06,34,1502034,6,happy,outputs/study1_35f100_external_v1/happy/b34p06.wav,surprised,0.8924292922019958,happy,0.04314073920249939,8.279226312879473e-05,7.280697900569066e-05,0.001074515632353723,0.04314073920249939,0.06062610074877739,3.3469411686581907e-09,0.0025736570823937654,0.8924292922019958,8.224331793371675e-08
2078,external,external100,346,b34p06,34,1502034,6,sad,outputs/study1_35f100_external_v1/sad/b34p06.wav,sad,1.0,sad,1.0,5.91185156384455e-10,5.3047832793140515e-09,3.258150726992426e-08,2.9323299344241605e-09,3.1692259927496025e-09,9.674441803220191e-11,1.0,1.9041768162253447e-09,2.3102605525377124e-15
2079,external,external100,346,b34p06,34,1502034,6,calm,outputs/study1_35f100_external_v1/calm/b34p06.wav,surprised,0.8884853720664978,,,0.008219786919653416,0.0001370140234939754,0.0011427623685449362,0.0020858815405517817,0.06410204619169235,1.3098765627717057e-08,0.035827070474624634,0.8884853720664978,2.6493918170444886e-08
2080,external,external100,346,b34p06,34,1502034,6,angry,outputs/study1_35f100_external_v1/angry/b34p06.wav,angry,1.0,angry,1.0,1.0,1.650510105108069e-13,5.932880919266295e-15,1.2251223256362631e-12,1.4964459792848883e-12,8.108757047744152e-16,6.8690274822313935e-12,4.3643691091665993e-13,4.07130150219592e-27
2081,external,external100,346,b34p06,34,1502034,6,surprise,outputs/study1_35f100_external_v1/surprise/b34p06.wav,sad,0.9999910593032837,surprised,7.522958753725106e-07,1.6569105127928196e-06,2.133605789822468e-07,5.185158329368278e-07,5.26155508850934e-06,6.032836381564266e-07,7.333440965595628e-09,0.9999910593032837,7.522958753725106e-07,1.785205316906513e-11
2082,external,external100,347,b34p07,34,1502034,7,normal,outputs/study1_35f100_external_v1/normal/b34p07.wav,happy,0.9999493360519409,neutral,5.470891665027011e-06,3.7420321064018935e-07,5.153098072696594e-07,7.57772113502142e-07,0.9999493360519409,5.470891665027011e-06,1.5155193766602792e-09,4.3979363795187965e-07,4.313757744967006e-05,2.3888773625913018e-08
2083,external,external100,347,b34p07,34,1502034,7,happy,outputs/study1_35f100_external_v1/happy/b34p07.wav,sad,0.9670758247375488,happy,0.019034158438444138,2.4274366296594962e-05,2.697922354855109e-05,0.002480905270203948,0.019034158438444138,7.977830682648346e-05,5.236873334979464e-08,0.9670758247375488,0.011277939192950726,2.664222842341246e-09
2084,external,external100,347,b34p07,34,1502034,7,sad,outputs/study1_35f100_external_v1/sad/b34p07.wav,sad,1.0,sad,1.0,1.2159321292892766e-11,2.364684226208169e-09,6.367026461617797e-09,4.0778783128025964e-11,3.6194141433965044e-11,2.255895123481899e-12,1.0,7.205441104884969e-11,4.773101230662959e-22
2085,external,external100,347,b34p07,34,1502034,7,calm,outputs/study1_35f100_external_v1/calm/b34p07.wav,sad,0.9999998807907104,,,5.625944710097031e-10,1.0095742908333705e-08,7.144961244875958e-08,1.965536178261118e-09,6.248796591279415e-09,3.980345913978667e-11,0.9999998807907104,8.96315199838682e-09,5.9924053126016435e-15
2086,external,external100,347,b34p07,34,1502034,7,angry,outputs/study1_35f100_external_v1/angry/b34p07.wav,surprised,0.5090542435646057,angry,0.4889007806777954,0.4889007806777954,0.0002386951819062233,0.00041960799717344344,0.00046456692507490516,0.00011903601989615709,7.615151176310064e-09,0.0008029841701500118,0.5090542435646057,1.4093151534666504e-08
2087,external,external100,347,b34p07,34,1502034,7,surprise,outputs/study1_35f100_external_v1/surprise/b34p07.wav,angry,0.9998519420623779,surprised,8.710402653377969e-06,0.9998519420623779,1.0064419257105328e-05,4.1527564462739974e-06,0.00010573378676781431,2.3808631510746636e-07,3.2963217222459207e-07,1.8863318473449908e-05,8.710402653377969e-06,3.596657043372642e-12
2088,external,external100,348,b34p08,34,1502034,8,normal,outputs/study1_35f100_external_v1/normal/b34p08.wav,neutral,0.6312249898910522,neutral,0.6312249898910522,4.3261343307676725e-06,4.7073203290892707e-07,0.00043012743117287755,1.7089432731154375e-05,0.6312249898910522,1.6161448568308145e-10,0.36647549271583557,0.0018476365366950631,3.7819526427663314e-14
2089,external,external100,348,b34p08,34,1502034,8,happy,outputs/study1_35f100_external_v1/happy/b34p08.wav,sad,0.8766440749168396,happy,0.03704235330224037,1.0360303349443711e-05,1.207242803502595e-05,0.048586051911115646,0.03704235330224037,2.0528432287392206e-05,2.5345203269466765e-08,0.8766440749168396,0.037684470415115356,6.062055302180624e-10
2090,external,external100,348,b34p08,34,1502034,8,sad,outputs/study1_35f100_external_v1/sad/b34p08.wav,sad,1.0,sad,1.0,5.556176612547814e-12,4.0900651754327555e-09,4.1049692534045334e-09,3.6547868897951474e-11,1.4071820098049415e-11,4.976232099995759e-12,1.0,1.6741901268102488e-11,4.8597993791750273e-23
2091,external,external100,348,b34p08,34,1502034,8,calm,outputs/study1_35f100_external_v1/calm/b34p08.wav,sad,1.0,,,3.1052344723336844e-11,1.7770585003518136e-10,2.0491421059976034e-10,8.538214406328404e-12,5.700125441099324e-11,9.201957230052515e-14,1.0,1.0162270330793532e-10,7.690122863701471e-21
2092,external,external100,348,b34p08,34,1502034,8,angry,outputs/study1_35f100_external_v1/angry/b34p08.wav,angry,1.0,angry,1.0,1.0,3.565564510310537e-11,1.6818962672235371e-12,3.284227612088131e-10,2.250387931557185e-10,6.87765057579004e-13,3.7264324959096484e-10,3.617971894298577e-11,6.224252391455061e-22
2093,external,external100,348,b34p08,34,1502034,8,surprise,outputs/study1_35f100_external_v1/surprise/b34p08.wav,surprised,0.6414408087730408,surprised,0.6414408087730408,0.00045109158963896334,1.6954920738498913e-06,0.0029036514461040497,0.00973814819008112,0.0006546240765601397,4.305252543357341e-10,0.3448099195957184,0.6414408087730408,2.7698081675464614e-11
2094,external,external100,349,b34p09,34,1502034,9,normal,outputs/study1_35f100_external_v1/normal/b34p09.wav,sad,0.9999986886978149,neutral,6.542882236004743e-09,4.2141232170500587e-10,1.879844946373055e-09,1.5814347165132858e-08,1.259559326172166e-06,6.542882236004743e-09,7.22188767121601e-11,0.9999986886978149,1.5681933529521075e-09,1.5583929215777352e-16
2095,external,external100,349,b34p09,34,1502034,9,happy,outputs/study1_35f100_external_v1/happy/b34p09.wav,happy,1.0,happy,1.0,2.789380055059909e-12,1.9383676955198048e-11,1.5645639298011993e-11,1.0,1.899240964151061e-12,1.2980967110953496e-14,3.673559026418083e-11,1.195439303103285e-09,4.47748339242642e-16
2096,external,external100,349,b34p09,34,1502034,9,sad,outputs/study1_35f100_external_v1/sad/b34p09.wav,sad,0.9999728202819824,sad,0.9999728202819824,3.973127604695037e-09,3.9176690336262254e-08,2.686802326934412e-05,5.292046800775552e-09,1.838014185295833e-08,8.552101388170641e-11,0.9999728202819824,2.6650491236068774e-07,1.2595161814687528e-15
2097,external,external100,349,b34p09,34,1502034,9,calm,outputs/study1_35f100_external_v1/calm/b34p09.wav,sad,0.9999997615814209,,,2.62221333535706e-09,1.8465851070459394e-08,9.596787009513719e-08,1.3661629338912462e-07,5.236206135350585e-08,3.627460276600658e-10,0.9999997615814209,2.2593697579509353e-08,1.3952557642235575e-12
2098,external,external100,349,b34p09,34,1502034,9,angry,outputs/study1_35f100_external_v1/angry/b34p09.wav,fearful,0.7092821598052979,angry,0.0005793854943476617,0.0005793854943476617,0.00012459025310818106,0.7092821598052979,0.000538166263140738,1.4498131349682808e-05,7.344528512476245e-06,0.2842273712158203,0.0052263811230659485,9.32325150415636e-08
2099,external,external100,349,b34p09,34,1502034,9,surprise,outputs/study1_35f100_external_v1/surprise/b34p09.wav,sad,1.0,surprised,3.993960717707523e-10,1.2975300001105694e-10,6.803944962996411e-09,2.537963261772802e-08,7.561535397826447e-09,7.644334609757664e-10,2.086945061208212e-10,1.0,3.993960717707523e-10,5.506264199173075e-16
2100,external,external100,350,b35p00,35,1502035,0,normal,outputs/study1_35f100_external_v1/normal/b35p00.wav,neutral,0.9988158941268921,neutral,0.9988158941268921,3.685856199808768e-06,3.194409146090038e-06,4.221109975333093e-06,0.00040065645589493215,0.9988158941268921,2.7719502249112793e-09,0.0006000884459353983,0.00017230131197720766,2.5724009034000517e-10
2101,external,external100,350,b35p00,35,1502035,0,happy,outputs/study1_35f100_external_v1/happy/b35p00.wav,happy,0.9107942581176758,happy,0.9107942581176758,1.0086720976687502e-05,1.4011841813044157e-05,0.0002950438065454364,0.9107942581176758,1.1157298104080837e-05,4.39394715057162e-10,6.07846122875344e-05,0.0888146460056305,8.384368199720882e-10
2102,external,external100,350,b35p00,35,1502035,0,sad,outputs/study1_35f100_external_v1/sad/b35p00.wav,neutral,0.9480150938034058,sad,0.051448073238134384,1.408950538461795e-05,1.45670219353633e-05,0.00017699161253403872,0.00025558448396623135,0.9480150938034058,1.997759540017796e-07,0.051448073238134384,7.538517093053088e-05,2.940965249109695e-10
2103,external,external100,350,b35p00,35,1502035,0,calm,outputs/study1_35f100_external_v1/calm/b35p00.wav,surprised,0.7356265783309937,,,0.00043656310299411416,0.0002631819515954703,0.0071770562790334225,0.006325002294033766,0.126764178276062,7.672600332853108e-08,0.12340202927589417,0.7356265783309937,5.361566309147747e-06
2104,external,external100,350,b35p00,35,1502035,0,angry,outputs/study1_35f100_external_v1/angry/b35p00.wav,angry,0.9999412298202515,angry,0.9999412298202515,0.9999412298202515,2.927467903646175e-06,1.440876644664968e-06,9.960393072105944e-06,3.4541537843324477e-06,3.093806810738897e-08,9.364789548271801e-06,3.160091728204861e-05,4.195163938458535e-10
2105,external,external100,350,b35p00,35,1502035,0,surprise,outputs/study1_35f100_external_v1/surprise/b35p00.wav,sad,0.9997618794441223,surprised,4.8685018555261195e-05,2.551104671510984e-06,1.5023881587694632e-06,1.7572177966940217e-05,0.00015140445611905307,1.637307468627114e-05,1.63188627055888e-08,0.9997618794441223,4.8685018555261195e-05,4.4793430076239815e-10
2106,external,external100,351,b35p01,35,1502035,1,normal,outputs/study1_35f100_external_v1/normal/b35p01.wav,sad,0.9997262358665466,neutral,0.00010561256931396201,3.4583479191496735e-06,5.719639375456609e-06,2.77225008176174e-05,0.00012305699056014419,0.00010561256931396201,6.483534207291086e-07,0.9997262358665466,7.527686648245435e-06,2.9776366261557996e-08
2107,external,external100,351,b35p01,35,1502035,1,happy,outputs/study1_35f100_external_v1/happy/b35p01.wav,happy,0.9999998807907104,happy,0.9999998807907104,4.13938827659166e-10,1.1473446637211282e-09,5.069066499885366e-09,0.9999998807907104,2.8962064746451688e-08,8.79863196190378e-12,1.6037047245731628e-08,1.2688641959357483e-07,1.5218434845643003e-10
2108,external,external100,351,b35p01,35,1502035,1,sad,outputs/study1_35f100_external_v1/sad/b35p01.wav,sad,1.0,sad,1.0,5.745602327245081e-10,1.177283426301301e-08,4.728462599246086e-08,4.1602452038880244e-10,1.3280625488221176e-09,3.8831833581998154e-11,1.0,1.775572022744143e-09,3.1537747710735244e-18
2109,external,external100,351,b35p01,35,1502035,1,calm,outputs/study1_35f100_external_v1/calm/b35p01.wav,sad,1.0,,,1.144165599938074e-12,2.8226156221361487e-12,1.3105275545322037e-11,3.4299032797974194e-12,1.2938347442037479e-11,1.1236999540906829e-15,1.0,2.0411521431396018e-11,1.0989727293539577e-22
2110,external,external100,351,b35p01,35,1502035,1,angry,outputs/study1_35f100_external_v1/angry/b35p01.wav,angry,1.0,angry,1.0,1.0,8.483179978792388e-13,6.813095958712809e-14,1.3910796126115343e-11,5.904352094049381e-12,6.864249548946917e-15,2.1825477189429954e-11,4.149708788397932e-12,1.2745472803855501e-24
2111,external,external100,351,b35p01,35,1502035,1,surprise,outputs/study1_35f100_external_v1/surprise/b35p01.wav,angry,1.0,surprised,1.5615163242305163e-12,1.0,1.395856900118092e-13,1.2406576281728462e-14,3.030628265704438e-12,2.49390655696069e-12,5.992609341662813e-16,7.85635532324358e-12,1.5615163242305163e-12,1.7754346970449062e-26
2112,external,external100,352,b35p02,35,1502035,2,normal,outputs/study1_35f100_external_v1/normal/b35p02.wav,neutral,0.9998573064804077,neutral,0.9998573064804077,1.622671419454491e-08,6.9750065279095e-08,7.516567279708397e-07,5.280055859202548e-08,0.9998573064804077,1.1320996917696391e-10,0.00014155730605125427,1.838181304947284e-07,5.98000043038581e-14
2113,external,external100,352,b35p02,35,1502035,2,happy,outputs/study1_35f100_external_v1/happy/b35p02.wav,sad,0.9999821186065674,happy,7.397154035970743e-07,3.200193816610408e-07,5.6943054715929975e-08,3.688112428790191e-06,7.397154035970743e-07,6.402954682016571e-07,1.8865510542642738e-10,0.9999821186065674,1.2440342288755346e-05,3.022112074479999e-12
2114,external,external100,352,b35p02,35,1502035,2,sad,outputs/study1_35f100_external_v1/sad/b35p02.wav,sad,1.0,sad,1.0,1.4686734467472817e-11,3.6102670852855567e-10,9.586881288825566e-10,1.5168766243078835e-10,4.450877513773044e-11,3.759996871147142e-13,1.0,2.9113353394727426e-10,1.5657875005957014e-19
2115,external,external100,352,b35p02,35,1502035,2,calm,outputs/study1_35f100_external_v1/calm/b35p02.wav,sad,0.9999943971633911,,,2.038957269689945e-08,2.222824946329638e-07,4.6553595893783495e-06,2.3198024834414355e-08,5.341619271348463e-07,4.8035642130628275e-09,0.9999943971633911,1.2329915932696167e-07,2.2716432901415118e-11
2116,external,external100,352,b35p02,35,1502035,2,angry,outputs/study1_35f100_external_v1/angry/b35p02.wav,surprised,0.7311010360717773,angry,0.0021007689647376537,0.0021007689647376537,0.0006868329946883023,0.0016120708314701915,0.0010072920704260468,0.1098863035440445,3.719811658697836e-08,0.15360522270202637,0.7311010360717773,3.796038754444453e-07
2117,external,external100,352,b35p02,35,1502035,2,surprise,outputs/study1_35f100_external_v1/surprise/b35p02.wav,sad,0.9993165731430054,surprised,0.0003681008820421994,2.4755336198722944e-06,2.15606678466429e-06,0.00023323606001213193,6.1019560234854e-05,1.639011679799296e-05,1.7747892044894797e-08,0.9993165731430054,0.0003681008820421994,3.065169096316822e-08
2118,external,external100,353,b35p03,35,1502035,3,normal,outputs/study1_35f100_external_v1/normal/b35p03.wav,happy,0.999936580657959,neutral,4.2558252744129277e-07,2.4938012543884724e-08,5.220498877633872e-08,4.4751791961061826e-07,0.999936580657959,4.2558252744129277e-07,3.13114603689435e-11,2.9653804745066736e-07,6.218524504220113e-05,1.166357455062439e-09
2119,external,external100,353,b35p03,35,1502035,3,happy,outputs/study1_35f100_external_v1/happy/b35p03.wav,sad,0.9999986886978149,happy,4.529512125373003e-07,6.108290762085744e-08,1.9850887156280805e-08,2.42786626358793e-08,4.529512125373003e-07,7.308481144718826e-07,2.430116774476687e-09,0.9999986886978149,6.397048224471291e-09,6.523176909658396e-14
2120,external,external100,353,b35p03,35,1502035,3,sad,outputs/study1_35f100_external_v1/sad/b35p03.wav,sad,0.9998825788497925,sad,0.9998825788497925,6.370263463395531e-07,2.4576227133366046e-06,4.4009375415043905e-05,6.766120804968523e-06,3.3139058359665796e-06,1.0059730826128543e-08,0.9998825788497925,6.021692752256058e-05,3.579364360462023e-08
2121,external,external100,353,b35p03,35,1502035,3,calm,outputs/study1_35f100_external_v1/calm/b35p03.wav,sad,0.9647254347801208,,,2.252540252811741e-05,6.848870543763041e-05,0.0009154364815913141,0.0011127241887152195,0.005155757535248995,4.5177507956850604e-08,0.9647254347801208,0.027999181300401688,3.9256158856915135e-07
2122,external,external100,353,b35p03,35,1502035,3,angry,outputs/study1_35f100_external_v1/angry/b35p03.wav,angry,1.0,angry,1.0,1.0,2.663986652801098e-12,2.354624741712774e-13,2.730707153453249e-11,3.737092579836343e-11,7.398137380216618e-15,6.449018402632234e-11,3.041041030105163e-11,6.052500585428383e-24
2123,external,external100,353,b35p03,35,1502035,3,surprise,outputs/study1_35f100_external_v1/surprise/b35p03.wav,angry,0.9968446493148804,surprised,0.0030171708203852177,0.9968446493148804,1.4627134987676982e-05,1.4110606571193784e-05,7.057679613353685e-05,3.646851610028534e-06,5.96418070486493e-09,3.519380697980523e-05,0.0030171708203852177,3.823419914006365e-10
2124,external,external100,354,b35p04,35,1502035,4,normal,outputs/study1_35f100_external_v1/normal/b35p04.wav,neutral,0.8529621362686157,neutral,0.8529621362686157,0.00021264945098664612,0.00017796421889215708,0.00046336677041836083,0.00389870535582304,0.8529621362686157,2.1826808804803477e-08,0.020606830716133118,0.12167823314666748,1.015126613879147e-07
2125,external,external100,354,b35p04,35,1502035,4,happy,outputs/study1_35f100_external_v1/happy/b35p04.wav,sad,0.976713240146637,happy,2.472220512572676e-05,2.943201434391085e-05,1.0566704986558761e-05,0.007905750535428524,2.472220512572676e-05,5.119101842865348e-05,9.527035160772357e-09,0.976713240146637,0.015265140682458878,3.050605812404683e-08
2126,external,external100,354,b35p04,35,1502035,4,sad,outputs/study1_35f100_external_v1/sad/b35p04.wav,sad,0.999976396560669,sad,0.999976396560669,3.4980689456176606e-09,4.40542089563678e-06,1.8899774659075774e-05,3.343546950418386e-08,4.145426402146768e-08,1.6402235303303314e-07,0.999976396560669,1.1015295342531317e-08,3.6269317220784594e-14
2127,external,external100,354,b35p04,35,1502035,4,calm,outputs/study1_35f100_external_v1/calm/b35p04.wav,neutral,0.9007084965705872,,,1.1752375939977355e-05,1.1836623343697283e-05,0.00030904693994671106,0.08896023780107498,0.9007084965705872,1.2993747411371714e-08,0.001995391445234418,0.008003300987184048,7.655545086748816e-10
2128,external,external100,354,b35p04,35,1502035,4,angry,outputs/study1_35f100_external_v1/angry/b35p04.wav,angry,1.0,angry,1.0,1.0,4.241444868935407e-12,5.068225028027895e-13,5.1392133604277745e-11,1.9778820248284035e-10,3.634427286035302e-14,1.6690131221519522e-10,5.497116997710272e-11,8.238594702767238e-22
2129,external,external100,354,b35p04,35,1502035,4,surprise,outputs/study1_35f100_external_v1/surprise/b35p04.wav,sad,1.0,surprised,2.4570356860209586e-09,9.582251658812879e-11,3.7936725982845587e-10,5.5724438396964615e-09,4.3217643352910784e-10,2.9924113187362877e-10,5.629737127865742e-13,1.0,2.4570356860209586e-09,2.2334112285406325e-18
2130,external,external100,355,b35p05,35,1502035,5,normal,outputs/study1_35f100_external_v1/normal/b35p05.wav,sad,0.698714017868042,neutral,0.003312501823529601,0.2149432897567749,0.000621737155597657,0.004270521458238363,0.01075891125947237,0.003312501823529601,3.906773144990439e-06,0.698714017868042,0.0673750713467598,1.1690591605884038e-08
2131,external,external100,355,b35p05,35,1502035,5,happy,outputs/study1_35f100_external_v1/happy/b35p05.wav,happy,0.8686726093292236,happy,0.8686726093292236,0.00030231039272621274,0.001296524191275239,0.005812185816466808,0.8686726093292236,9.814628720050678e-05,1.019365299725905e-06,0.021355846896767616,0.10246016830205917,1.1427057415858144e-06
2132,external,external100,355,b35p05,35,1502035,5,sad,outputs/study1_35f100_external_v1/sad/b35p05.wav,sad,0.9997376799583435,sad,0.9997376799583435,3.58218699147983e-07,6.090888149401508e-08,0.0002541647700127214,1.5123556522667059e-06,4.4110677777098317e-07,4.905041262048826e-09,0.9997376799583435,5.676590262737591e-06,1.187719089745798e-10
2133,external,external100,355,b35p05,35,1502035,5,calm,outputs/study1_35f100_external_v1/calm/b35p05.wav,neutral,0.9999884366989136,,,5.543058456680683e-09,2.6218199167260536e-08,4.4070517901673156e-07,1.0009618733874959e-07,0.9999884366989136,5.56610400131996e-12,8.974507181847002e-06,2.0300026335462462e-06,7.712338580267986e-12
2134,external,external100,355,b35p05,35,1502035,5,angry,outputs/study1_35f100_external_v1/angry/b35p05.wav,surprised,0.9503321051597595,angry,0.0398738794028759,0.0398738794028759,0.002424276899546385,0.004179063253104687,0.0009214984020218253,3.839457713183947e-05,6.58608740877753e-08,0.002229937119409442,0.9503321051597595,7.836288204998709e-07
2135,external,external100,355,b35p05,35,1502035,5,surprise,outputs/study1_35f100_external_v1/surprise/b35p05.wav,angry,0.9999998807907104,surprised,2.4833630707377097e-09,0.9999998807907104,1.0348900625345436e-09,3.205285481477915e-10,9.695249936214623e-09,5.122395840828631e-09,6.82081613412322e-11,9.37194002403885e-08,2.4833630707377097e-09,6.543187904218601e-17
2136,external,external100,356,b35p06,35,1502035,6,normal,outputs/study1_35f100_external_v1/normal/b35p06.wav,angry,0.3730998933315277,neutral,0.23159076273441315,0.3730998933315277,0.0006591023411601782,0.14860811829566956,0.0024961819872260094,0.23159076273441315,8.031733887037262e-05,0.1741556078195572,0.06928206980228424,2.7995232812827453e-05
2137,external,external100,356,b35p06,35,1502035,6,happy,outputs/study1_35f100_external_v1/happy/b35p06.wav,happy,0.7107805609703064,happy,0.7107805609703064,9.648285777075216e-05,0.00027084717294201255,0.00019215283100493252,0.7107805609703064,1.9485918528516777e-05,1.9759958114207166e-09,0.00016421116015408188,0.2884761393070221,4.992158686434323e-09
2138,external,external100,356,b35p06,35,1502035,6,sad,outputs/study1_35f100_external_v1/sad/b35p06.wav,sad,1.0,sad,1.0,6.713225808585577e-11,3.048967656127388e-08,2.445758973124157e-08,3.1531074973223383e-10,8.542490603780095e-10,1.3272566379285422e-10,1.0,2.744953986333343e-10,2.563865002889953e-17
2139,external,external100,356,b35p06,35,1502035,6,calm,outputs/study1_35f100_external_v1/calm/b35p06.wav,sad,1.0,,,4.538680195564915e-11,6.7436349837635134e-09,2.2720310077772865e-09,8.281967472933971e-11,2.1316243214997144e-10,1.6231821442502792e-11,1.0,3.720762933867583e-11,5.691445891084692e-22
2140,external,external100,356,b35p06,35,1502035,6,angry,outputs/study1_35f100_external_v1/angry/b35p06.wav,surprised,0.9999997615814209,angry,9.218363294927201e-10,9.218363294927201e-10,2.395387777021085e-10,3.510060686551242e-09,2.1250991721899481e-07,1.2058333220821282e-09,1.1424074309902658e-20,9.466504913291374e-09,0.9999997615814209,3.4194718529692456e-19
2141,external,external100,356,b35p06,35,1502035,6,surprise,outputs/study1_35f100_external_v1/surprise/b35p06.wav,surprised,0.9993027448654175,surprised,0.9993027448654175,4.279007043805905e-05,2.8101729185436852e-05,2.9261667805258185e-05,0.0005067990277893841,9.96825474430807e-06,1.4121569365255215e-11,8.036095823626965e-05,0.9993027448654175,7.812440472321214e-09
2142,external,external100,357,b35p07,35,1502035,7,normal,outputs/study1_35f100_external_v1/normal/b35p07.wav,angry,0.9987103939056396,neutral,1.2810301996069029e-05,0.9987103939056396,6.085746645112522e-05,3.379164991201833e-05,0.00016817152209114283,1.2810301996069029e-05,2.782319654670573e-07,0.00014952920901123434,0.0008641135646030307,7.349096886599682e-09
2143,external,external100,357,b35p07,35,1502035,7,happy,outputs/study1_35f100_external_v1/happy/b35p07.wav,happy,0.9999479055404663,happy,0.9999479055404663,1.0323454091576423e-07,7.729245226073544e-07,7.300893116735097e-07,0.9999479055404663,1.9205937860533595e-05,1.4430444617019589e-09,1.0846538316400256e-06,3.024675061169546e-05,2.5202473441510165e-09
2144,external,external100,357,b35p07,35,1502035,7,sad,outputs/study1_35f100_external_v1/sad/b35p07.wav,sad,0.9999984502792358,sad,0.9999984502792358,5.675810044181162e-09,7.249691691413318e-08,1.3178392919144244e-06,8.492772707313634e-08,2.3522169101397594e-08,1.6400140134820163e-09,0.9999984502792358,6.166868615764542e-08,1.9605207214612452e-12
2145,external,external100,357,b35p07,35,1502035,7,calm,outputs/study1_35f100_external_v1/calm/b35p07.wav,surprised,0.9999096393585205,,,5.227055908108014e-07,1.6333375469912426e-06,7.682524483243469e-06,6.247125566005707e-05,9.866846539807739e-07,8.266435089611737e-14,1.7059417587006465e-05,0.9999096393585205,3.987693508733514e-10
2146,external,external100,357,b35p07,35,1502035,7,angry,outputs/study1_35f100_external_v1/angry/b35p07.wav,angry,0.999981164932251,angry,0.999981164932251,0.999981164932251,2.422456759632041e-07,6.809724482081947e-07,8.815644832793623e-06,2.3690277828336548e-07,1.4329311959215829e-08,5.319392130331835e-06,3.5600360206444748e-06,6.977360529625276e-12
2147,external,external100,357,b35p07,35,1502035,7,surprise,outputs/study1_35f100_external_v1/surprise/b35p07.wav,sad,0.7687351703643799,surprised,0.2248491793870926,0.0017689389642328024,0.0001608430757187307,0.0011474548373371363,0.0028261286206543446,0.0005122313159517944,3.559628680704918e-08,0.7687351703643799,0.2248491793870926,6.457492673916931e-08
2148,external,external100,358,b35p08,35,1502035,8,normal,outputs/study1_35f100_external_v1/normal/b35p08.wav,neutral,0.9999886751174927,neutral,0.9999886751174927,1.189560361325448e-08,4.790391372466729e-08,2.7920196998820757e-07,2.345800353964478e-08,0.9999886751174927,3.896115027823832e-11,1.0750469300546683e-05,1.9589012367760006e-07,3.663551666893694e-12
2149,external,external100,358,b35p08,35,1502035,8,happy,outputs/study1_35f100_external_v1/happy/b35p08.wav,surprised,0.9591131806373596,happy,0.039180461317300797,4.9289992603007704e-05,2.9760654797428288e-05,0.0003846128820441663,0.039180461317300797,5.981525100651197e-05,2.337124660467538e-10,0.0011828403221443295,0.9591131806373596,3.338824994258971e-09
2150,external,external100,358,b35p08,35,1502035,8,sad,outputs/study1_35f100_external_v1/sad/b35p08.wav,sad,0.9405656456947327,sad,0.9405656456947327,1.1863171494042035e-05,2.768932063190732e-06,0.0002865305286832154,0.00038697710260748863,0.0006495230481959879,3.353917976678389e-10,0.9405656456947327,0.05809665098786354,2.0164686587165193e-10
2151,external,external100,358,b35p08,35,1502035,8,calm,outputs/study1_35f100_external_v1/calm/b35p08.wav,sad,0.9985371828079224,,,5.6027406714065364e-08,1.8968782455885957e-07,4.562388937756623e-07,6.323491419379934e-08,0.0014619437279179692,7.396216972210823e-10,0.9985371828079224,5.983867623626793e-08,8.270525517593147e-16
2152,external,external100,358,b35p08,35,1502035,8,angry,outputs/study1_35f100_external_v1/angry/b35p08.wav,surprised,0.994383692741394,angry,4.27363884227816e-05,4.27363884227816e-05,5.3916646720608696e-05,0.00016954843886196613,0.0050765410996973515,2.4775165002210997e-05,1.3360654249616744e-10,0.00024872052017599344,0.994383692741394,3.55746649916e-08
2153,external,external100,358,b35p08,35,1502035,8,surprise,outputs/study1_35f100_external_v1/surprise/b35p08.wav,angry,0.9999741315841675,surprised,1.2190997949801385e-05,0.9999741315841675,7.775196309012244e-07,2.74102120556563e-07,9.876036529021803e-06,6.872379572087084e-07,7.074489882796797e-09,1.941811888173106e-06,1.2190997949801385e-05,1.0905091413215828e-10
2154,external,external100,359,b35p09,35,1502035,9,normal,outputs/study1_35f100_external_v1/normal/b35p09.wav,happy,0.9196745157241821,neutral,0.0006652360898442566,9.736856736708432e-05,2.4627739549032412e-05,0.00017308811948169023,0.9196745157241821,0.0006652360898442566,6.317014467072113e-09,0.009928019717335701,0.06943705677986145,1.656794923476923e-09
2155,external,external100,359,b35p09,35,1502035,9,happy,outputs/study1_35f100_external_v1/happy/b35p09.wav,neutral,0.9972594976425171,happy,0.0015780199319124222,1.4606843251385726e-05,0.00016086993855424225,4.236194217810407e-05,0.0015780199319124222,0.9972594976425171,8.341613124684955e-07,0.0007253563962876797,0.0002181678282795474,2.2858809245462908e-07
2156,external,external100,359,b35p09,35,1502035,9,sad,outputs/study1_35f100_external_v1/sad/b35p09.wav,sad,0.9999933242797852,sad,0.9999933242797852,1.650616709980568e-08,6.387138817842697e-09,3.6080983534247935e-08,3.6521984725368384e-07,6.222967385838274e-06,3.612334736891043e-11,0.9999933242797852,6.945380448541982e-08,3.320563970814726e-16
2157,external,external100,359,b35p09,35,1502035,9,calm,outputs/study1_35f100_external_v1/calm/b35p09.wav,happy,0.5284243226051331,,,0.0001464628876419738,0.00017804809613153338,0.0023568887263536453,0.5284243226051331,0.018558168783783913,4.817523517886002e-07,0.4149484932422638,0.03538699448108673,1.21296835686735e-07
2158,external,external100,359,b35p09,35,1502035,9,angry,outputs/study1_35f100_external_v1/angry/b35p09.wav,angry,1.0,angry,1.0,1.0,4.744021812213596e-14,1.3826861010651976e-15,5.215302473736416e-13,6.887456642339085e-13,1.3893260717480629e-16,1.2866995880225773e-12,1.84775060378152e-13,1.4887812822746273e-28
2159,external,external100,359,b35p09,35,1502035,9,surprise,outputs/study1_35f100_external_v1/surprise/b35p09.wav,surprised,0.5210744142532349,surprised,0.5210744142532349,0.00032903451938182116,0.0008946550660766661,0.0022152578458189964,0.021452579647302628,0.4506194591522217,1.0856750520815694e-07,0.0034041483886539936,0.5210744142532349,1.0308443961548619e-05
2160,external,external100,360,b36p00,36,1502036,0,normal,outputs/study1_35f100_external_v1/normal/b36p00.wav,angry,0.9907855987548828,neutral,0.00036130339140072465,0.9907855987548828,5.3338470024755225e-05,0.0001680859422776848,0.0002457063237670809,0.00036130339140072465,1.3581432540377136e-05,0.008217853493988514,0.00015451361832674593,7.668968571294954e-09
2161,external,external100,360,b36p00,36,1502036,0,happy,outputs/study1_35f100_external_v1/happy/b36p00.wav,happy,0.8305453062057495,happy,0.8305453062057495,2.4115191990858875e-05,2.2199797967914492e-05,0.002578029176220298,0.8305453062057495,0.04000499099493027,2.340414795298784e-08,0.0008925740839913487,0.12593196332454681,8.922846745917923e-07
2162,external,external100,360,b36p00,36,1502036,0,sad,outputs/study1_35f100_external_v1/sad/b36p00.wav,sad,0.9393628835678101,sad,0.9393628835678101,0.022239921614527702,4.54948894912377e-05,0.00037955044535920024,0.0024039018899202347,7.998960791155696e-05,5.39311493241712e-08,0.9393628835678101,0.03548823669552803,8.748623492316199e-10
2163,external,external100,360,b36p00,36,1502036,0,calm,outputs/study1_35f100_external_v1/calm/b36p00.wav,sad,0.9739592671394348,,,0.021656695753335953,0.0003396113752387464,0.0015737758949398994,0.001271169981919229,0.0003834069357253611,0.000757857458665967,0.9739592671394348,5.8200646890327334e-05,1.308996289139941e-08
2164,external,external100,360,b36p00,36,1502036,0,angry,outputs/study1_35f100_external_v1/angry/b36p00.wav,surprised,0.9985540509223938,angry,2.8551021387102082e-05,2.8551021387102082e-05,3.913435648428276e-06,3.791731796809472e-05,5.642997348331846e-05,1.832764428399969e-05,2.414704287218017e-12,0.0013008435489609838,0.9985540509223938,1.2177439612237606e-10
2165,external,external100,360,b36p00,36,1502036,0,surprise,outputs/study1_35f100_external_v1/surprise/b36p00.wav,surprised,0.998555600643158,surprised,0.998555600643158,9.88476131169591e-07,6.634688247686427e-07,0.0001586549187777564,2.2999325665296055e-05,1.2187823585918522e-06,1.7851484992916639e-13,0.0012598384637385607,0.998555600643158,5.206788993017408e-12
2166,external,external100,361,b36p01,36,1502036,1,normal,outputs/study1_35f100_external_v1/normal/b36p01.wav,surprised,0.9999903440475464,neutral,3.862426467549085e-07,2.453145242498067e-08,9.077321116990333e-09,2.1650922121807525e-07,1.307073262069025e-06,3.862426467549085e-07,3.312809384182613e-17,7.658842150704004e-06,0.9999903440475464,2.5397020844328787e-15
2167,external,external100,361,b36p01,36,1502036,1,happy,outputs/study1_35f100_external_v1/happy/b36p01.wav,happy,0.9999955892562866,happy,0.9999955892562866,2.0069643724696107e-09,3.4669431769884795e-09,2.988419822713695e-08,0.9999955892562866,5.966270144597274e-09,1.89430871162799e-12,4.4648942321146023e-08,4.290297965781065e-06,2.744961549727698e-11
2168,external,external100,361,b36p01,36,1502036,1,sad,outputs/study1_35f100_external_v1/sad/b36p01.wav,sad,0.9996778964996338,sad,0.9996778964996338,5.540877623388951e-07,2.882411081372993e-06,2.7083055101684295e-05,6.63696891933796e-06,0.000274163787253201,3.046358187930309e-08,0.9996778964996338,1.0827959158632439e-05,4.1613729129252874e-10
2169,external,external100,361,b36p01,36,1502036,1,calm,outputs/study1_35f100_external_v1/calm/b36p01.wav,surprised,0.6460885405540466,,,3.3226271625608206e-05,5.2043749747099355e-05,0.00999846775084734,0.0004745484620798379,0.0002098499535350129,1.7176025046694576e-09,0.3431433141231537,0.6460885405540466,1.988165010402554e-08
2170,external,external100,361,b36p01,36,1502036,1,angry,outputs/study1_35f100_external_v1/angry/b36p01.wav,surprised,0.6851702928543091,angry,0.008111247792840004,0.008111247792840004,0.004268392454832792,0.005539219360798597,0.00347966980189085,0.0003331576008349657,3.480970462987898e-07,0.2930971682071686,0.6851702928543091,4.642646160846198e-07
2171,external,external100,361,b36p01,36,1502036,1,surprise,outputs/study1_35f100_external_v1/surprise/b36p01.wav,angry,0.9999990463256836,surprised,1.608590451951386e-07,0.9999990463256836,4.844682166549319e-08,2.5851710105939674e-08,1.0212445999968622e-07,1.549440220571796e-08,5.545662817851849e-10,6.184649805618392e-07,1.608590451951386e-07,2.188986398556341e-15
2172,external,external100,362,b36p02,36,1502036,2,normal,outputs/study1_35f100_external_v1/normal/b36p02.wav,surprised,0.9993996620178223,neutral,0.00043634645408019423,3.4952431633428205e-06,3.1796247412785306e-08,2.5348558665427845e-06,5.779658386018127e-05,0.00043634645408019423,7.902378634815944e-15,0.00010018195462180302,0.9993996620178223,3.115713457092599e-14
2173,external,external100,362,b36p02,36,1502036,2,happy,outputs/study1_35f100_external_v1/happy/b36p02.wav,surprised,0.4510299563407898,happy,0.3696782886981964,8.991846698336303e-05,0.00010684724111342803,0.007474781479686499,0.3696782886981964,0.16566713154315948,7.153247594260392e-08,0.0059510888531804085,0.4510299563407898,1.8876669400924584e-06
2174,external,external100,362,b36p02,36,1502036,2,sad,outputs/study1_35f100_external_v1/sad/b36p02.wav,sad,0.9999936819076538,sad,0.9999936819076538,1.8620685438008877e-08,8.619014391086921e-10,1.472402999525002e-07,1.040956817632832e-06,4.791621677213698e-08,7.353025523529344e-13,0.9999936819076538,5.024508027418051e-06,5.120558217520173e-16
2175,external,external100,362,b36p02,36,1502036,2,calm,outputs/study1_35f100_external_v1/calm/b36p02.wav,surprised,0.6744146943092346,,,0.00016349038924090564,8.545700984541327e-05,0.002010670956224203,0.0026367760729044676,0.02927553281188011,6.5309042618366675e-09,0.2914133071899414,0.6744146943092346,5.904349009711041e-08
2176,external,external100,362,b36p02,36,1502036,2,angry,outputs/study1_35f100_external_v1/angry/b36p02.wav,surprised,0.8868155479431152,angry,0.0012948655057698488,0.0012948655057698488,0.000501945789437741,0.006869758944958448,0.09645883738994598,0.0003509631205815822,8.404711593357206e-08,0.007707358803600073,0.8868155479431152,6.169220796437003e-07
2177,external,external100,362,b36p02,36,1502036,2,surprise,outputs/study1_35f100_external_v1/surprise/b36p02.wav,surprised,0.9975619316101074,surprised,0.9975619316101074,8.9207960627391e-06,7.481609713977377e-07,1.9572511519072577e-05,0.002327366266399622,3.1738113648316357e-06,3.9327558137153273e-13,7.836137956473976e-05,0.9975619316101074,3.3744819005060434e-12
2178,external,external100,363,b36p03,36,1502036,3,normal,outputs/study1_35f100_external_v1/normal/b36p03.wav,angry,0.7289876341819763,neutral,0.24174918234348297,0.7289876341819763,0.0031240901444107294,0.0011186180636286736,0.0026577021926641464,0.24174918234348297,1.6358113498426974e-05,0.010686003603041172,0.011660314165055752,6.23907467911522e-08
2179,external,external100,363,b36p03,36,1502036,3,happy,outputs/study1_35f100_external_v1/happy/b36p03.wav,happy,0.9641577005386353,happy,0.9641577005386353,0.0029272830579429865,0.00024233903968706727,0.0006536673754453659,0.9641577005386353,5.056844383943826e-05,6.639373282268934e-07,0.00316402199678123,0.028802890330553055,8.918436833482701e-07
2180,external,external100,363,b36p03,36,1502036,3,sad,outputs/study1_35f100_external_v1/sad/b36p03.wav,sad,0.9999834299087524,sad,0.9999834299087524,3.1453264437431017e-09,4.993980837753043e-07,1.6029558537411503e-05,1.1325417048624331e-08,4.8435435218152634e-08,4.9145384650728374e-08,0.9999834299087524,6.732625124072911e-09,1.8745276869364808e-13
2181,external,external100,363,b36p03,36,1502036,3,calm,outputs/study1_35f100_external_v1/calm/b36p03.wav,sad,0.9999752044677734,,,4.714901820079831e-07,1.3483997918228852e-06,1.3969067367725074e-05,1.0999715414072853e-06,6.468388619396137e-06,8.252352046156375e-08,0.9999752044677734,1.3813718169330969e-06,1.5308408762848558e-08
2182,external,external100,363,b36p03,36,1502036,3,angry,outputs/study1_35f100_external_v1/angry/b36p03.wav,angry,1.0,angry,1.0,1.0,3.179293850755216e-13,1.4370456051255448e-14,2.3288369930402064e-12,3.8213377774598545e-12,1.0276386886964015e-15,6.08769935503406e-12,1.7899389652756281e-12,7.222255164082018e-26
2183,external,external100,363,b36p03,36,1502036,3,surprise,outputs/study1_35f100_external_v1/surprise/b36p03.wav,surprised,0.9999998807907104,surprised,0.9999998807907104,1.6839560856851676e-09,7.371450116977485e-10,3.909606416385714e-09,1.3069715976143925e-07,1.159718432397483e-09,3.232504219113885e-20,8.283396191188785e-09,0.9999998807907104,4.970240441977975e-18
2184,external,external100,364,b36p04,36,1502036,4,normal,outputs/study1_35f100_external_v1/normal/b36p04.wav,happy,0.9999401569366455,neutral,3.648131752242989e-08,5.28436245872399e-08,3.5421294342086185e-07,2.754974559593393e-07,0.9999401569366455,3.648131752242989e-08,4.176076845441301e-11,4.82143661884038e-07,5.8612204156816006e-05,1.1648092212990235e-10
2185,external,external100,364,b36p04,36,1502036,4,happy,outputs/study1_35f100_external_v1/happy/b36p04.wav,happy,0.9999997615814209,happy,0.9999997615814209,3.114963842421048e-10,9.382875587604644e-10,5.828615923242353e-10,0.9999997615814209,7.876221896907509e-11,1.1801691080556148e-13,2.124189490970707e-09,2.6394349106340087e-07,3.014827767316465e-14
2186,external,external100,364,b36p04,36,1502036,4,sad,outputs/study1_35f100_external_v1/sad/b36p04.wav,sad,0.9999223947525024,sad,0.9999223947525024,2.1917394121828693e-07,6.477105216617929e-07,4.8675887228455395e-05,2.0815727111767046e-05,3.916134573955787e-06,8.755816338634759e-08,0.9999223947525024,3.22775440508849e-06,4.525783836584196e-08
2187,external,external100,364,b36p04,36,1502036,4,calm,outputs/study1_35f100_external_v1/calm/b36p04.wav,happy,0.5942234992980957,,,4.771510066348128e-05,6.687573477393016e-05,0.0016269291518256068,0.5942234992980957,0.17579114437103271,2.0691752311563505e-08,0.0023468374274671078,0.22589696943759918,8.705357146254755e-08
2188,external,external100,364,b36p04,36,1502036,4,angry,outputs/study1_35f100_external_v1/angry/b36p04.wav,sad,0.9993271827697754,angry,1.4386652765097097e-05,1.4386652765097097e-05,2.962119879157399e-06,9.025493454828393e-06,0.00022812756651546806,7.482044748030603e-05,5.759057675192025e-09,0.9993271827697754,0.00034352278453297913,3.821583327567879e-10
2189,external,external100,364,b36p04,36,1502036,4,surprise,outputs/study1_35f100_external_v1/surprise/b36p04.wav,happy,0.7137360572814941,surprised,0.2860725522041321,4.298949352232739e-05,2.3912267351988703e-05,5.021846300223842e-05,0.7137360572814941,2.5863093469524756e-05,1.0774664493951036e-10,4.84135998704005e-05,0.2860725522041321,3.5006395004977264e-10
2190,external,external100,365,b36p05,36,1502036,5,normal,outputs/study1_35f100_external_v1/normal/b36p05.wav,sad,0.9229139685630798,neutral,0.01312535535544157,0.00036380576784722507,4.985816849512048e-05,0.008073801174759865,0.0001746585767250508,0.01312535535544157,8.65746727640726e-08,0.9229139685630798,0.05529826134443283,1.8910802168647933e-07
2191,external,external100,365,b36p05,36,1502036,5,happy,outputs/study1_35f100_external_v1/happy/b36p05.wav,sad,0.9364524483680725,happy,7.072583684930578e-05,2.0538705939543433e-05,1.540461653348757e-06,0.0018357960507273674,7.072583684930578e-05,5.096066524856724e-05,2.881938021559449e-10,0.9364524483680725,0.06156807392835617,2.076316618637719e-10
2192,external,external100,365,b36p05,36,1502036,5,sad,outputs/study1_35f100_external_v1/sad/b36p05.wav,sad,1.0,sad,1.0,1.272271269456629e-13,1.2401933646710717e-11,2.2846917066554617e-11,3.8833348971374637e-13,2.7943630482446524e-13,4.073501298507967e-15,1.0,7.2821420117955e-13,5.549189036185138e-26
2193,external,external100,365,b36p05,36,1502036,5,calm,outputs/study1_35f100_external_v1/calm/b36p05.wav,neutral,0.5156182050704956,,,0.00024048537306953222,0.0002768023987300694,0.0004179748648311943,0.47613221406936646,0.5156182050704956,2.4358134851354407e-06,0.004942644387483597,0.0023691579699516296,1.1367060182010391e-08
2194,external,external100,365,b36p05,36,1502036,5,angry,outputs/study1_35f100_external_v1/angry/b36p05.wav,sad,0.7462746500968933,angry,0.010476472787559032,0.010476472787559032,0.001877994160167873,0.003152082208544016,0.031602855771780014,0.1431111991405487,8.810819963400718e-06,0.7462746500968933,0.06347306817770004,2.2931142666493542e-05
2195,external,external100,365,b36p05,36,1502036,5,surprise,outputs/study1_35f100_external_v1/surprise/b36p05.wav,happy,0.835408627986908,surprised,0.002618653466925025,0.10198117792606354,0.048650965094566345,0.0014614071696996689,0.835408627986908,0.0008789410931058228,0.0026580782141536474,0.006249055732041597,0.002618653466925025,9.301560203311965e-05
2196,external,external100,366,b36p06,36,1502036,6,normal,outputs/study1_35f100_external_v1/normal/b36p06.wav,neutral,0.991328775882721,neutral,0.991328775882721,0.00010018926695920527,0.00021914445096626878,0.00019258612883277237,0.0028041128534823656,0.991328775882721,4.814721705770353e-07,0.0009978559101000428,0.004348134621977806,8.616816558060236e-06
2197,external,external100,366,b36p06,36,1502036,6,happy,outputs/study1_35f100_external_v1/happy/b36p06.wav,happy,0.887633204460144,happy,0.887633204460144,1.4455374184763059e-05,1.1793498742918018e-05,0.00018493406241759658,0.887633204460144,4.166522194282152e-05,4.834837530331981e-10,0.00016337067063432187,0.11195062845945358,1.1360596907650233e-09
2198,external,external100,366,b36p06,36,1502036,6,sad,outputs/study1_35f100_external_v1/sad/b36p06.wav,neutral,0.8605328798294067,sad,0.05468367412686348,7.43391428841278e-05,6.841954018454999e-05,0.019095739349722862,0.0005265337531454861,0.8605328798294067,9.917275178850105e-08,0.05468367412686348,0.06501796841621399,3.045110759103409e-07
2199,external,external100,366,b36p06,36,1502036,6,calm,outputs/study1_35f100_external_v1/calm/b36p06.wav,neutral,0.9939633011817932,,,1.466081721446244e-05,1.4189370631356724e-05,0.00011369541607564315,0.0034444909542798996,0.9939633011817932,3.168039341971962e-08,0.00016188420704565942,0.0022861086763441563,1.5919653151286184e-06
2200,external,external100,366,b36p06,36,1502036,6,angry,outputs/study1_35f100_external_v1/angry/b36p06.wav,angry,1.0,angry,1.0,1.0,8.250335310766577e-12,8.901563297233905e-13,5.074692055462293e-11,2.1678039918704428e-10,1.2799848258127772e-13,6.646569405965863e-10,3.236912127224656e-11,8.103258988044969e-22
2201,external,external100,366,b36p06,36,1502036,6,surprise,outputs/study1_35f100_external_v1/surprise/b36p06.wav,sad,0.7656309604644775,surprised,0.21664653718471527,5.2873710956191644e-05,2.1446689061122015e-05,0.002713308669626713,0.010864606127142906,0.004070248454809189,7.904484178311577e-09,0.7656309604644775,0.21664653718471527,1.3177112734297225e-08
2202,external,external100,367,b36p07,36,1502036,7,normal,outputs/study1_35f100_external_v1/normal/b36p07.wav,sad,0.9999315738677979,neutral,5.854050414200174e-06,2.85281970491269e-07,6.179380420689995e-07,4.7420682676602155e-05,7.59599231514585e-07,5.854050414200174e-06,6.010764330710572e-09,0.9999315738677979,1.340661219728645e-05,3.4539109350362196e-09
2203,external,external100,367,b36p07,36,1502036,7,happy,outputs/study1_35f100_external_v1/happy/b36p07.wav,happy,0.940622091293335,happy,0.940622091293335,2.5776409529498778e-05,1.4324296898848843e-05,0.00012378458632156253,0.940622091293335,1.4140507119009271e-05,9.495949582216667e-10,0.0001200507758767344,0.05907970666885376,3.089577926829179e-09
2204,external,external100,367,b36p07,36,1502036,7,sad,outputs/study1_35f100_external_v1/sad/b36p07.wav,sad,0.9999867677688599,sad,0.9999867677688599,9.393023958637059e-08,1.58105103764683e-06,8.499479918100405e-06,2.3427766393524507e-07,2.533864517317852e-06,1.7526653550703486e-07,0.9999867677688599,1.5770038430673594e-07,8.860235212182488e-09
2205,external,external100,367,b36p07,36,1502036,7,calm,outputs/study1_35f100_external_v1/calm/b36p07.wav,sad,1.0,,,1.6621905674779613e-12,1.0711169728949699e-09,1.5448461399003577e-09,8.725966997580326e-12,1.0761102078871154e-11,4.160889298041037e-13,1.0,1.942724280057373e-11,7.72401417096884e-23
2206,external,external100,367,b36p07,36,1502036,7,angry,outputs/study1_35f100_external_v1/angry/b36p07.wav,sad,0.8532879948616028,angry,0.1260497123003006,0.1260497123003006,0.0036048779729753733,0.013650172390043736,0.0013827853836119175,0.00011979175906162709,0.0003007739724125713,0.8532879948616028,0.0016038342146202922,2.7036968219817936e-08
2207,external,external100,367,b36p07,36,1502036,7,surprise,outputs/study1_35f100_external_v1/surprise/b36p07.wav,neutral,0.8786661624908447,surprised,0.010350636206567287,1.6149339217008674e-06,9.709273172120447e-07,0.0006062457105144858,7.438943430315703e-05,0.8786661624908447,9.836959719011773e-11,0.11030003428459167,0.010350636206567287,3.5130091110419093e-13
2208,external,external100,368,b36p08,36,1502036,8,normal,outputs/study1_35f100_external_v1/normal/b36p08.wav,sad,0.999245285987854,neutral,1.654192055866588e-05,0.0006879540742374957,3.2975358408293687e-06,1.8654394807526842e-05,5.811535629618447e-06,1.654192055866588e-05,1.1726185533689204e-07,0.999245285987854,2.2393642211682163e-05,9.468090200748236e-11
2209,external,external100,368,b36p08,36,1502036,8,happy,outputs/study1_35f100_external_v1/happy/b36p08.wav,sad,0.9911448359489441,happy,0.008668012917041779,8.52184598443273e-07,2.0334515284048393e-05,7.049144915072247e-05,0.008668012917041779,1.2687231901509222e-05,3.900832368231022e-08,0.9911448359489441,8.26808245619759e-05,2.4123580737167583e-12
2210,external,external100,368,b36p08,36,1502036,8,sad,outputs/study1_35f100_external_v1/sad/b36p08.wav,sad,0.9999996423721313,sad,0.9999996423721313,1.3953534994115557e-09,1.1444190306519886e-07,2.714530467073928e-07,3.1022999724683586e-09,7.587596329017288e-09,1.5692720456428333e-09,0.9999996423721313,3.756706057345127e-09,9.554307181297485e-15
2211,external,external100,368,b36p08,36,1502036,8,calm,outputs/study1_35f100_external_v1/calm/b36p08.wav,sad,0.8484542965888977,,,5.389472789829597e-05,6.483880861196667e-05,0.00046231519081629813,0.017607813701033592,0.030146468430757523,1.3989308378370424e-08,0.8484542965888977,0.10321037471294403,2.5624979471672304e-08
2212,external,external100,368,b36p08,36,1502036,8,angry,outputs/study1_35f100_external_v1/angry/b36p08.wav,angry,0.999645471572876,angry,0.999645471572876,0.999645471572876,9.213367775373627e-06,7.792016731400508e-06,7.423874922096729e-05,2.1301009383023484e-06,2.826281217949145e-07,0.00021682557417079806,4.403860293678008e-05,1.9462118028279463e-10
2213,external,external100,368,b36p08,36,1502036,8,surprise,outputs/study1_35f100_external_v1/surprise/b36p08.wav,surprised,1.0,surprised,1.0,1.548859998590224e-11,4.768068578853146e-11,4.846816281656174e-10,2.0562364311249581e-10,2.173292622253964e-11,1.237150489036684e-22,1.1225037566120477e-09,1.0,4.647653616019484e-21
2214,external,external100,369,b36p09,36,1502036,9,normal,outputs/study1_35f100_external_v1/normal/b36p09.wav,surprised,0.6459003686904907,neutral,8.368877024622634e-05,3.0103914468782023e-05,1.7873508113552816e-05,0.00015143067867029458,0.3536666929721832,8.368877024622634e-05,1.1073063299615882e-10,0.00014982011634856462,0.6459003686904907,2.6575224243430284e-09
2215,external,external100,369,b36p09,36,1502036,9,happy,outputs/study1_35f100_external_v1/happy/b36p09.wav,happy,0.9999980926513672,happy,0.9999980926513672,2.3042770469494656e-10,1.2697017881535544e-09,2.9028972559075328e-09,0.9999980926513672,5.142088976839432e-10,4.554551722747713e-14,9.159289326987619e-09,1.9319263628858607e-06,1.405417479578364e-14
2216,external,external100,369,b36p09,36,1502036,9,sad,outputs/study1_35f100_external_v1/sad/b36p09.wav,surprised,0.9341053366661072,sad,0.03799525648355484,0.00012412802607286721,1.69520153576741e-05,0.0014834043104201555,0.010825502686202526,0.015449455939233303,1.2635277268913114e-09,0.03799525648355484,0.9341053366661072,7.595915896274619e-09
2217,external,external100,369,b36p09,36,1502036,9,calm,outputs/study1_35f100_external_v1/calm/b36p09.wav,sad,0.9966236352920532,,,6.154402399261016e-06,6.090493798183161e-07,0.00012470537330955267,7.383229967672378e-05,0.00016955140745267272,7.039884231119231e-10,0.9966236352920532,0.0030014810618013144,1.5245914253281256e-10
2218,external,external100,369,b36p09,36,1502036,9,angry,outputs/study1_35f100_external_v1/angry/b36p09.wav,angry,0.9999990463256836,angry,0.9999990463256836,0.9999990463256836,9.271708023561587e-08,2.68858690866125e-09,7.807936981407693e-07,6.359604398653573e-09,1.5516050666519732e-08,1.0711742248759037e-07,2.753815397937842e-09,1.144315041960958e-16
2219,external,external100,369,b36p09,36,1502036,9,surprise,outputs/study1_35f100_external_v1/surprise/b36p09.wav,sad,0.9271761775016785,surprised,0.000276999082416296,0.03984205424785614,0.0001647052849875763,0.028806794434785843,0.00337772024795413,3.6696921597467735e-05,0.00031889299862086773,0.9271761775016785,0.000276999082416296,2.2674839783576317e-09
2220,external,external100,370,b37p00,37,1502037,0,normal,outputs/study1_35f100_external_v1/normal/b37p00.wav,angry,0.6126285195350647,neutral,0.2193242758512497,0.6126285195350647,0.00022941766656003892,0.0016282956348732114,0.06409113854169846,0.2193242758512497,1.7888718275571591e-06,0.008430782705545425,0.0936657190322876,8.424198938428162e-08
2221,external,external100,370,b37p00,37,1502037,0,happy,outputs/study1_35f100_external_v1/happy/b37p00.wav,surprised,0.8058828711509705,happy,0.1938372701406479,1.6703254004823975e-05,4.668503606808372e-06,9.417502587893978e-05,0.1938372701406479,3.398898843443021e-05,1.2939897417463264e-11,0.00013029038382228464,0.8058828711509705,4.6900813094330474e-11
2222,external,external100,370,b37p00,37,1502037,0,sad,outputs/study1_35f100_external_v1/sad/b37p00.wav,surprised,0.9999983310699463,sad,5.874140924788662e-07,1.1057680104897827e-08,1.0368904845847737e-08,9.0301860211639e-08,9.637298035158892e-07,7.969642723537618e-08,9.942651405883289e-18,5.874140924788662e-07,0.9999983310699463,6.717363871497654e-15
2223,external,external100,370,b37p00,37,1502037,0,calm,outputs/study1_35f100_external_v1/calm/b37p00.wav,sad,0.9999984502792358,,,1.1985384240631447e-08,4.181299928518456e-08,6.842551414365516e-08,8.565947950955888e-08,1.1809374882432166e-06,3.224658040590356e-10,0.9999984502792358,5.124707413983742e-08,3.084977477467443e-13
2224,external,external100,370,b37p00,37,1502037,0,angry,outputs/study1_35f100_external_v1/angry/b37p00.wav,angry,0.9977090358734131,angry,0.9977090358734131,0.9977090358734131,5.345568933989853e-05,2.0977473468519747e-05,0.0020962078124284744,4.908757205157599e-07,5.106924163555959e-07,2.2101463400758803e-05,9.720907110022381e-05,9.727382961621789e-12
2225,external,external100,370,b37p00,37,1502037,0,surprise,outputs/study1_35f100_external_v1/surprise/b37p00.wav,surprised,0.5320903062820435,surprised,0.5320903062820435,0.4628394842147827,0.00012672098819166422,0.0024477248080074787,0.000572878576349467,8.315084414789453e-05,1.6598200147655007e-08,0.0018396353116258979,0.5320903062820435,5.0382215732724944e-08
2226,external,external100,371,b37p01,37,1502037,1,normal,outputs/study1_35f100_external_v1/normal/b37p01.wav,sad,0.99951171875,neutral,8.893634912965354e-06,1.686933137534652e-05,1.646236160013359e-05,1.4859558177704457e-05,7.775141966703814e-06,8.893634912965354e-06,9.442234549794648e-09,0.99951171875,0.0004234168736729771,2.250170894058101e-08
2227,external,external100,371,b37p01,37,1502037,1,happy,outputs/study1_35f100_external_v1/happy/b37p01.wav,happy,0.9852967858314514,happy,0.9852967858314514,1.6097224033728708e-06,1.8076860897053848e-06,9.852059520198964e-06,0.9852967858314514,7.644624133718025e-07,1.8416726477177292e-11,1.1979605915257707e-05,0.0146771976724267,1.531659347964176e-11
2228,external,external100,371,b37p01,37,1502037,1,sad,outputs/study1_35f100_external_v1/sad/b37p01.wav,sad,0.9999974966049194,sad,0.9999974966049194,2.8119908179746744e-08,4.1484145185677335e-07,1.7644395029492443e-06,2.164586199171481e-08,1.7727572299008898e-07,1.2489825174100133e-08,0.9999974966049194,4.1139433193393415e-08,2.2555236758176056e-12
2229,external,external100,371,b37p01,37,1502037,1,calm,outputs/study1_35f100_external_v1/calm/b37p01.wav,sad,1.0,,,2.333233384277378e-09,1.063341592555389e-08,2.9206429275063783e-08,7.152457737191753e-09,4.6832433042709454e-08,8.175368715335196e-11,1.0,9.979818749172864e-09,6.232890587118053e-14
2230,external,external100,371,b37p01,37,1502037,1,angry,outputs/study1_35f100_external_v1/angry/b37p01.wav,sad,0.9971508383750916,angry,3.258370270486921e-05,3.258370270486921e-05,1.3483253269441775e-06,0.00013120441872160882,0.0005485454457812011,0.0020560380071401596,1.1189438708925081e-07,0.9971508383750916,7.924008241388947e-05,1.5436585343309162e-10
2231,external,external100,371,b37p01,37,1502037,1,surprise,outputs/study1_35f100_external_v1/surprise/b37p01.wav,neutral,0.9772714376449585,surprised,0.0019887597300112247,0.00898308027535677,7.037504838081077e-05,0.0004942206433042884,0.00023452578170690686,0.9772714376449585,7.709596161475929e-07,0.010956726968288422,0.0019887597300112247,1.1630378438098887e-08
2232,external,external100,372,b37p02,37,1502037,2,normal,outputs/study1_35f100_external_v1/normal/b37p02.wav,surprised,1.0,neutral,4.0410250146116766e-10,9.659912453274799e-11,9.679720219812893e-11,6.402986474363104e-10,1.293434515048375e-08,4.0410250146116766e-10,8.167437177196895e-22,8.788160199557637e-10,1.0,5.618903484223177e-20
2233,external,external100,372,b37p02,37,1502037,2,happy,outputs/study1_35f100_external_v1/happy/b37p02.wav,happy,0.9999504089355469,happy,0.9999504089355469,5.697851790387176e-08,2.4759876282587356e-07,9.411274390913604e-07,0.9999504089355469,5.682724690814211e-07,3.1847247061733697e-10,7.544753088950529e-07,4.71105013275519e-05,2.4270350174049327e-09
2234,external,external100,372,b37p02,37,1502037,2,sad,outputs/study1_35f100_external_v1/sad/b37p02.wav,sad,1.0,sad,1.0,1.0055717543366871e-11,1.8053778472193471e-09,5.7980287238024175e-09,2.7084230691531985e-11,2.5387050101022268e-11,8.379024470789309e-13,1.0,9.631358904860221e-11,1.3336381489470557e-22
2235,external,external100,372,b37p02,37,1502037,2,calm,outputs/study1_35f100_external_v1/calm/b37p02.wav,sad,0.9999996423721313,,,7.123480139092919e-10,8.461739042786576e-08,2.810754438087315e-07,2.8388165151937983e-09,9.03642938254734e-09,1.597579180057096e-09,0.9999996423721313,2.1279848994026906e-09,2.425411717101619e-15
2236,external,external100,372,b37p02,37,1502037,2,angry,outputs/study1_35f100_external_v1/angry/b37p02.wav,surprised,0.9999338388442993,angry,6.230016879271716e-05,6.230016879271716e-05,4.418940022787865e-07,3.5807582321467635e-07,1.9741935375350295e-06,1.6731473806430586e-07,2.4306330399467314e-15,8.652152700960869e-07,0.9999338388442993,4.838259784131771e-13
2237,external,external100,372,b37p02,37,1502037,2,surprise,outputs/study1_35f100_external_v1/surprise/b37p02.wav,happy,0.8856247067451477,surprised,0.1085824966430664,0.0020628783386200666,0.0001962200039997697,0.0006765794823877513,0.8856247067451477,4.3047370127169415e-05,9.370527465080158e-08,0.002813889179378748,0.1085824966430664,7.801032353427217e-08
2238,external,external100,373,b37p03,37,1502037,3,normal,outputs/study1_35f100_external_v1/normal/b37p03.wav,sad,0.9999797344207764,neutral,3.1330994261224987e-06,1.240561005033669e-07,2.713358355777018e-07,1.1452030776126776e-05,3.654143711173674e-06,3.1330994261224987e-06,1.7520051187602803e-08,0.9999797344207764,1.6382475678256014e-06,2.5925608326815563e-09
2239,external,external100,373,b37p03,37,1502037,3,happy,outputs/study1_35f100_external_v1/happy/b37p03.wav,surprised,0.999994158744812,happy,4.426455234352034e-06,7.111013644589548e-08,1.9293706188250326e-08,3.9811544638723717e-07,4.426455234352034e-06,9.372833886800436e-08,1.1877982724016456e-16,8.106017617137695e-07,0.999994158744812,1.8757493117343288e-13
2240,external,external100,373,b37p03,37,1502037,3,sad,outputs/study1_35f100_external_v1/sad/b37p03.wav,sad,0.9999979734420776,sad,0.9999979734420776,1.4785070057143912e-08,3.9030948073559557e-07,1.4632944385084556e-06,2.16224353977168e-08,4.8849468470280044e-08,1.814492200935547e-08,0.9999979734420776,1.7643040806092358e-08,8.370334590376838e-13
2241,external,external100,373,b37p03,37,1502037,3,calm,outputs/study1_35f100_external_v1/calm/b37p03.wav,sad,0.513925313949585,,,0.00020641484297811985,0.00037744129076600075,0.009629035368561745,0.18831168115139008,0.02896115742623806,4.560204160952708e-07,0.513925313949585,0.258586585521698,1.8877706224884605e-06
2242,external,external100,373,b37p03,37,1502037,3,angry,outputs/study1_35f100_external_v1/angry/b37p03.wav,sad,0.9998536109924316,angry,3.660665242932737e-06,3.660665242932737e-06,9.571189139023772e-07,3.2721571187721565e-05,7.36461443011649e-05,1.6290333633151022e-06,1.8339083140972434e-08,0.9998536109924316,3.3742369851097465e-05,4.0504954945674854e-10
2243,external,external100,373,b37p03,37,1502037,3,surprise,outputs/study1_35f100_external_v1/surprise/b37p03.wav,happy,0.9736534953117371,surprised,0.02565024234354496,1.3226658666098956e-05,8.529408660251647e-05,0.00033661603811196983,0.9736534953117371,5.88809562032111e-05,2.2547965272678994e-08,0.00020185188623145223,0.02565024234354496,3.7638082517332805e-07
2244,external,external100,374,b37p04,37,1502037,4,normal,outputs/study1_35f100_external_v1/normal/b37p04.wav,surprised,0.9964323043823242,neutral,6.562694125022972e-06,6.764542376913596e-06,1.643169525777921e-06,0.00010527653648750857,0.003217170014977455,6.562694125022972e-06,2.7756139400758606e-12,0.00023031358432490379,0.9964323043823242,1.253344789065025e-10
2245,external,external100,374,b37p04,37,1502037,4,happy,outputs/study1_35f100_external_v1/happy/b37p04.wav,happy,0.9998292922973633,happy,0.9998292922973633,1.3980034964333754e-05,0.00010814113193191588,5.432833859231323e-06,0.9998292922973633,1.1671953643599409e-06,1.3072990441287402e-06,1.9532208170858212e-05,2.1013354853494093e-05,2.316586602546522e-07
2246,external,external100,374,b37p04,37,1502037,4,sad,outputs/study1_35f100_external_v1/sad/b37p04.wav,sad,0.9999970197677612,sad,0.9999970197677612,5.9513896033536184e-09,1.1885475714734639e-08,1.2761734069499653e-07,1.3832265040036873e-06,1.2738760233332869e-06,9.303632170221121e-11,0.9999970197677612,2.035450705761832e-07,4.8178329408636936e-14
2247,external,external100,374,b37p04,37,1502037,4,calm,outputs/study1_35f100_external_v1/calm/b37p04.wav,sad,0.9929839372634888,,,6.823148055445927e-07,5.220462298893835e-06,1.2241808690305334e-05,2.2584424641536316e-06,0.006993953604251146,3.7333126812200135e-08,0.9929839372634888,1.7618127685636864e-06,6.66042470742062e-13
2248,external,external100,374,b37p04,37,1502037,4,angry,outputs/study1_35f100_external_v1/angry/b37p04.wav,surprised,0.9900963306427002,angry,0.00405259570106864,0.00405259570106864,0.00016690873599145561,9.199099440593272e-05,0.005248256493359804,7.449418717442313e-06,4.804493469734439e-10,0.0003365071606822312,0.9900963306427002,3.4364813217280243e-09
2249,external,external100,374,b37p04,37,1502037,4,surprise,outputs/study1_35f100_external_v1/surprise/b37p04.wav,happy,0.9999839067459106,surprised,1.6018319001886994e-05,8.872350854005617e-09,2.0839699743646634e-08,2.064127180290143e-08,0.9999839067459106,9.547481027993854e-09,1.6678992171767493e-12,4.16423908689012e-08,1.6018319001886994e-05,5.014558646793121e-12
2250,external,external100,375,b37p05,37,1502037,5,normal,outputs/study1_35f100_external_v1/normal/b37p05.wav,sad,0.9797046184539795,neutral,0.020272424444556236,3.0239635862017167e-07,3.473222989214264e-07,1.5143057680688798e-05,4.259261743300158e-07,0.020272424444556236,3.6645117496014734e-10,0.9797046184539795,6.644319455517689e-06,3.824568903221769e-15
2251,external,external100,375,b37p05,37,1502037,5,happy,outputs/study1_35f100_external_v1/happy/b37p05.wav,happy,0.9931561350822449,happy,0.9931561350822449,4.5388610487862024e-06,1.5201069800241385e-05,2.5791221560211852e-05,0.9931561350822449,2.297533501405269e-05,2.2241182229265632e-09,1.917778172355611e-05,0.00675627589225769,1.2554978390255656e-08
2252,external,external100,375,b37p05,37,1502037,5,sad,outputs/study1_35f100_external_v1/sad/b37p05.wav,sad,0.9999958276748657,sad,0.9999958276748657,1.9186021660289043e-09,1.880441971024993e-07,3.878653842548374e-06,8.625434588793723e-09,1.6406893621478957e-08,3.2027931418099342e-09,0.9999958276748657,1.7012572683938743e-08,1.207849602670799e-13
2253,external,external100,375,b37p05,37,1502037,5,calm,outputs/study1_35f100_external_v1/calm/b37p05.wav,sad,1.0,,,2.358414028305611e-13,2.046936838778768e-12,1.965143542684289e-12,3.135716241785963e-13,1.1681260342691346e-12,1.9452787142470443e-15,1.0,3.9190062328144093e-13,2.8113582712447463e-24
2254,external,external100,375,b37p05,37,1502037,5,angry,outputs/study1_35f100_external_v1/angry/b37p05.wav,angry,1.0,angry,1.0,1.0,2.4458193716853094e-12,2.625451668136075e-13,2.5482718365998913e-11,5.181457693459457e-11,4.86226964452937e-14,1.7994364331919144e-10,8.028440759422217e-12,4.30648034956725e-23
2255,external,external100,375,b37p05,37,1502037,5,surprise,outputs/study1_35f100_external_v1/surprise/b37p05.wav,angry,0.9999979734420776,surprised,3.851940988397473e-08,0.9999979734420776,2.500592870546825e-07,1.8911652688302638e-08,1.180462845695729e-06,3.686647787048969e-08,2.185896263995346e-08,5.08176754010492e-07,3.851940988397473e-08,1.4270704369189098e-14
2256,external,external100,376,b37p06,37,1502037,6,normal,outputs/study1_35f100_external_v1/normal/b37p06.wav,surprised,0.9999997615814209,neutral,8.598197154263687e-10,6.794822482447671e-10,3.9830963527442975e-10,8.112852611930066e-09,2.453618890285725e-07,8.598197154263687e-10,2.565317946928372e-20,2.292560807859445e-08,0.9999997615814209,2.7063370613119532e-18
2257,external,external100,376,b37p06,37,1502037,6,happy,outputs/study1_35f100_external_v1/happy/b37p06.wav,happy,0.9999964237213135,happy,0.9999964237213135,1.3573301771430124e-07,1.5156068400301592e-07,2.9564006354121375e-07,0.9999964237213135,8.532535389349505e-08,2.8260414008940415e-09,7.863753239689686e-07,2.12517443287652e-06,3.228715295122697e-09
2258,external,external100,376,b37p06,37,1502037,6,sad,outputs/study1_35f100_external_v1/sad/b37p06.wav,sad,0.9997971653938293,sad,0.9997971653938293,1.44044292937906e-07,6.718800591443141e-07,0.00017999092233367264,9.919389185597538e-07,1.3474051456796587e-06,4.2926897592110436e-09,0.9997971653938293,1.9683940990944393e-05,2.511120644754783e-09
2259,external,external100,376,b37p06,37,1502037,6,calm,outputs/study1_35f100_external_v1/calm/b37p06.wav,sad,0.9999808073043823,,,1.3513803764908516e-07,8.019429742489592e-07,4.6980721890577115e-06,5.612122890852334e-07,1.23770159916603e-05,2.1994631893562655e-08,0.9999808073043823,6.918852477610926e-07,1.1560215007477836e-09
2260,external,external100,376,b37p06,37,1502037,6,angry,outputs/study1_35f100_external_v1/angry/b37p06.wav,happy,0.9662631750106812,angry,0.029790259897708893,0.029790259897708893,0.00016078104090411216,0.00044698474812321365,0.9662631750106812,5.57130897504976e-06,4.12918052461464e-06,0.0015459958231076598,0.0017830621218308806,3.6750200660407017e-09
2261,external,external100,376,b37p06,37,1502037,6,surprise,outputs/study1_35f100_external_v1/surprise/b37p06.wav,happy,0.9949170351028442,surprised,0.005052014719694853,3.412994146856363e-06,5.450028766063042e-06,1.0632950761646498e-05,0.9949170351028442,3.6154578992864117e-06,3.976404205907613e-10,7.886861567385495e-06,0.005052014719694853,6.495181614774026e-10
2262,external,external100,377,b37p07,37,1502037,7,normal,outputs/study1_35f100_external_v1/normal/b37p07.wav,neutral,0.9999278783798218,neutral,0.9999278783798218,6.265813112804608e-07,4.585233739362593e-07,1.8797002212522784e-06,4.374756463221274e-05,0.9999278783798218,1.6559250637371292e-09,9.514204066363163e-06,1.5841143977013417e-05,8.497127446105424e-09
2263,external,external100,377,b37p07,37,1502037,7,happy,outputs/study1_35f100_external_v1/happy/b37p07.wav,sad,0.9655051231384277,happy,0.004310069140046835,3.5260389267932624e-05,0.00010431596456328407,0.0026026731356978416,0.004310069140046835,0.025673819705843925,3.2597852168692043e-06,0.9655051231384277,0.0017604135209694505,4.980914127372671e-06
2264,external,external100,377,b37p07,37,1502037,7,sad,outputs/study1_35f100_external_v1/sad/b37p07.wav,sad,0.999997615814209,sad,0.999997615814209,2.6541007613900547e-08,5.848937121299969e-07,1.3153382951713866e-06,7.042898886311377e-08,3.3368598906236e-07,3.150290339704043e-08,0.999997615814209,4.083806004473445e-08,7.820981362538504e-11
2265,external,external100,377,b37p07,37,1502037,7,calm,outputs/study1_35f100_external_v1/calm/b37p07.wav,sad,0.9958407282829285,,,4.26522592533729e-06,6.4969731283781584e-06,0.0037246569991111755,7.386885408777744e-05,0.00025919469771906734,2.1576558992819628e-06,0.9958407282829285,8.1067111750599e-05,7.596006526000565e-06
2266,external,external100,377,b37p07,37,1502037,7,angry,outputs/study1_35f100_external_v1/angry/b37p07.wav,angry,0.9802073836326599,angry,0.9802073836326599,0.9802073836326599,0.0001821674086386338,0.0010159988887608051,0.0003280536620877683,0.0009147696546278894,0.000246933865128085,0.016978980973362923,0.00012549696839414537,1.3507980156646227e-07
2267,external,external100,377,b37p07,37,1502037,7,surprise,outputs/study1_35f100_external_v1/surprise/b37p07.wav,neutral,0.9743407368659973,surprised,0.002372489310801029,0.00010985061817336828,0.00042928120819851756,0.000353858747985214,0.021331772208213806,0.9743407368659973,2.462563998051337e-06,0.0010586439166218042,0.002372489310801029,1.004784508040757e-06
2268,external,external100,378,b37p08,37,1502037,8,normal,outputs/study1_35f100_external_v1/normal/b37p08.wav,surprised,0.3542330861091614,neutral,0.15748946368694305,0.00034193560713902116,0.0014698595041409135,0.005419760476797819,0.29780125617980957,0.15748946368694305,8.271712772511819e-07,0.18323752284049988,0.3542330861091614,6.274094175751088e-06
2269,external,external100,378,b37p08,37,1502037,8,happy,outputs/study1_35f100_external_v1/happy/b37p08.wav,happy,1.0,happy,1.0,8.403345380658678e-11,4.169921352659145e-10,4.928761287992245e-10,1.0,1.2494824619402323e-10,3.908398669809354e-13,1.1990222148483554e-09,4.2364003860484445e-08,1.1981629880961076e-12
2270,external,external100,378,b37p08,37,1502037,8,sad,outputs/study1_35f100_external_v1/sad/b37p08.wav,sad,0.9999872446060181,sad,0.9999872446060181,6.381720396575474e-08,1.1806083222154484e-07,1.4380894697296753e-07,7.380427291536762e-07,1.1454738341853954e-05,7.567091397930881e-10,0.9999872446060181,1.8687303793285537e-07,1.5244917958220916e-13
2271,external,external100,378,b37p08,37,1502037,8,calm,outputs/study1_35f100_external_v1/calm/b37p08.wav,sad,0.9999841451644897,,,4.4071651217336694e-08,1.8261739853642212e-07,4.124627253077051e-07,1.3941503311798442e-06,1.3812042197969276e-05,5.0123971639948195e-09,0.9999841451644897,1.1767446039812057e-07,3.20523186984889e-12
2272,external,external100,378,b37p08,37,1502037,8,angry,outputs/study1_35f100_external_v1/angry/b37p08.wav,sad,0.9925133585929871,angry,0.007322153076529503,0.007322153076529503,5.9722719925048295e-06,7.419628673233092e-05,6.809809565311298e-05,6.388776000676444e-06,4.762159733218141e-06,0.9925133585929871,5.055760084360372e-06,9.48198030509273e-12
2273,external,external100,378,b37p08,37,1502037,8,surprise,outputs/study1_35f100_external_v1/surprise/b37p08.wav,angry,1.0,surprised,1.695321313888165e-11,1.0,1.7251023526343445e-11,9.172225695977532e-13,1.2272027838378108e-10,6.907868721484078e-11,3.097895746352608e-13,3.538345172415802e-10,1.695321313888165e-11,1.2126897425230805e-22
2274,external,external100,379,b37p09,37,1502037,9,normal,outputs/study1_35f100_external_v1/normal/b37p09.wav,angry,0.7193503975868225,neutral,1.5283487300621346e-05,0.7193503975868225,7.434486906277016e-05,0.00021958339493721724,0.005128585733473301,1.5283487300621346e-05,4.343459369948732e-09,0.0002622879692353308,0.2749496102333069,1.9698513653576555e-10
2275,external,external100,379,b37p09,37,1502037,9,happy,outputs/study1_35f100_external_v1/happy/b37p09.wav,neutral,0.5065539479255676,happy,0.01708006113767624,0.00017137042596004903,5.6272518122568727e-05,0.017691144719719887,0.01708006113767624,0.5065539479255676,6.362294158179793e-08,0.056594278663396835,0.40185239911079407,4.976974423698266e-07
2276,external,external100,379,b37p09,37,1502037,9,sad,outputs/study1_35f100_external_v1/sad/b37p09.wav,sad,0.9999991655349731,sad,0.9999991655349731,2.433985513139447e-10,1.4124972835816152e-07,7.029895527921326e-07,1.8482250174756132e-09,2.169387558481617e-09,7.50787820802401e-10,0.9999991655349731,1.874696842207868e-09,3.365791625905614e-17
2277,external,external100,379,b37p09,37,1502037,9,calm,outputs/study1_35f100_external_v1/calm/b37p09.wav,sad,0.9997819066047668,,,1.4688686178487842e-07,2.436484010104323e-07,0.00021339113300200552,3.0919909477233887e-07,1.183586959996319e-06,1.0421376650526781e-08,0.9997819066047668,2.910725470428588e-06,6.665645813086485e-10
2278,external,external100,379,b37p09,37,1502037,9,angry,outputs/study1_35f100_external_v1/angry/b37p09.wav,surprised,0.9037207365036011,angry,0.08181252330541611,0.08181252330541611,0.0044932737946510315,0.0008187246276065707,0.008224641904234886,9.87132079899311e-05,1.0478358802856746e-07,0.0008300749468617141,0.9037207365036011,1.1476633972051786e-06
2279,external,external100,379,b37p09,37,1502037,9,surprise,outputs/study1_35f100_external_v1/surprise/b37p09.wav,surprised,0.796129584312439,surprised,0.796129584312439,8.685330249136314e-05,4.537896529654972e-05,8.861938840709627e-05,0.2035132348537445,9.19204467209056e-06,8.388577332762992e-11,0.0001271032524527982,0.796129584312439,8.190635392146817e-10
2280,external,external100,380,b38p00,38,1502038,0,normal,outputs/study1_35f100_external_v1/normal/b38p00.wav,happy,0.999832034111023,neutral,4.2123228922719136e-05,6.331102326839755e-07,6.420337012968957e-05,1.1216669918212574e-05,0.999832034111023,4.2123228922719136e-05,5.733415378017526e-07,9.567254892317578e-06,3.3601954783080146e-05,6.028935786162037e-06
2281,external,external100,380,b38p00,38,1502038,0,happy,outputs/study1_35f100_external_v1/happy/b38p00.wav,happy,0.9394175410270691,happy,0.9394175410270691,6.421730176953133e-06,2.4049704734352417e-06,4.4850170525023714e-05,0.9394175410270691,2.167483899029321e-06,3.1752340340363006e-11,4.762515891343355e-05,0.06047910451889038,1.3757454377094636e-11
2282,external,external100,380,b38p00,38,1502038,0,sad,outputs/study1_35f100_external_v1/sad/b38p00.wav,sad,0.9999947547912598,sad,0.9999947547912598,1.563245710656247e-08,2.912893535267358e-07,4.202043783152476e-06,4.160705771028006e-07,2.609803857467341e-07,3.027891537499272e-08,0.9999947547912598,7.928903755782812e-08,7.734418105975749e-10
2283,external,external100,380,b38p00,38,1502038,0,calm,outputs/study1_35f100_external_v1/calm/b38p00.wav,sad,1.0,,,1.3782344709944994e-10,1.22207388653095e-09,3.661614567107563e-09,5.987302875709588e-10,1.6660177681870891e-09,3.911577658999299e-12,1.0,1.0399695549168086e-09,3.020314349116922e-17
2284,external,external100,380,b38p00,38,1502038,0,angry,outputs/study1_35f100_external_v1/angry/b38p00.wav,angry,1.0,angry,1.0,1.0,2.6944891630409362e-12,4.723618414817499e-13,5.533356411957513e-11,8.894037589746162e-11,5.863089639577277e-15,8.911901772101771e-11,1.7565460197488392e-10,2.822547600542146e-22
2285,external,external100,380,b38p00,38,1502038,0,surprise,outputs/study1_35f100_external_v1/surprise/b38p00.wav,surprised,0.8419360518455505,surprised,0.8419360518455505,9.583306382410228e-05,1.600636460352689e-05,0.00018806286971084774,0.15702839195728302,1.142375185736455e-05,7.518006356344031e-11,0.0007243365980684757,0.8419360518455505,6.202240110386725e-11
2286,external,external100,381,b38p01,38,1502038,1,normal,outputs/study1_35f100_external_v1/normal/b38p01.wav,happy,1.0,neutral,1.4511420710905387e-11,3.862463127113358e-11,2.486603978280044e-10,1.8684219449394135e-10,1.0,1.4511420710905387e-11,2.1001658460808974e-14,6.038545219411162e-10,5.374754508125079e-08,1.0809855648683062e-15
2287,external,external100,381,b38p01,38,1502038,1,happy,outputs/study1_35f100_external_v1/happy/b38p01.wav,happy,1.0,happy,1.0,2.3032248851195813e-12,8.755045993735777e-11,9.454151003729372e-12,1.0,2.459637582583746e-13,4.1076945447512947e-13,5.097486235200455e-12,8.157767517058545e-11,3.647149382089883e-14
2288,external,external100,381,b38p01,38,1502038,1,sad,outputs/study1_35f100_external_v1/sad/b38p01.wav,sad,1.0,sad,1.0,2.1728771126133806e-12,4.721193991308326e-10,4.628729899369688e-10,7.319102789116183e-12,1.2627523159058907e-11,4.5357768647773244e-13,1.0,7.935602695796629e-12,6.128732947865321e-23
2289,external,external100,381,b38p01,38,1502038,1,calm,outputs/study1_35f100_external_v1/calm/b38p01.wav,sad,1.0,,,3.7941337571734124e-11,4.886079318922043e-10,2.3060855447454287e-09,8.462927025831846e-10,8.699349574037285e-11,1.0627594724393896e-12,1.0,5.207030362441856e-10,1.3819239912359165e-19
2290,external,external100,381,b38p01,38,1502038,1,angry,outputs/study1_35f100_external_v1/angry/b38p01.wav,angry,0.9999548196792603,angry,0.9999548196792603,0.9999548196792603,2.8249758088350063e-07,1.8644350063823367e-07,8.495355814375216e-07,4.5457446162799897e-07,1.8306983706750657e-10,1.1357400353517733e-06,4.231014827382751e-05,5.015684916009899e-12
2291,external,external100,381,b38p01,38,1502038,1,surprise,outputs/study1_35f100_external_v1/surprise/b38p01.wav,surprised,0.999738872051239,surprised,0.999738872051239,3.0868245630699676e-06,0.00012292846804484725,2.5907902454491705e-05,3.9743354136589915e-05,2.085139158225502e-06,4.2089196711225796e-12,6.73506292514503e-05,0.999738872051239,8.929220740583332e-08
2292,external,external100,382,b38p02,38,1502038,2,normal,outputs/study1_35f100_external_v1/normal/b38p02.wav,angry,0.9997054934501648,neutral,7.027369429124519e-05,0.9997054934501648,1.1737171917047817e-05,2.0922534531564452e-05,8.598636668466497e-06,7.027369429124519e-05,3.3631840778980404e-07,9.630664862925187e-05,8.620399603387341e-05,2.8778497362935695e-09
2293,external,external100,382,b38p02,38,1502038,2,happy,outputs/study1_35f100_external_v1/happy/b38p02.wav,surprised,0.6417173147201538,happy,0.3567754030227661,0.0001474956952733919,2.1711552108172327e-05,0.0006310780299827456,0.3567754030227661,0.00011818711209343746,7.286140579765288e-10,0.0005887462757527828,0.6417173147201538,1.8019549186121253e-09
2294,external,external100,382,b38p02,38,1502038,2,sad,outputs/study1_35f100_external_v1/sad/b38p02.wav,sad,1.0,sad,1.0,6.724621415266085e-10,4.0823202596129704e-08,5.579891748652699e-08,1.2253579262377912e-09,2.7550999259773334e-09,6.46518005797958e-10,1.0,7.99931454409375e-10,5.256780173679978e-16
2295,external,external100,382,b38p02,38,1502038,2,calm,outputs/study1_35f100_external_v1/calm/b38p02.wav,sad,1.0,,,1.5224134175539916e-09,1.1518666909182684e-08,7.283004421765327e-09,9.845726456347847e-10,4.313243540110534e-09,4.6063920039474127e-11,1.0,1.5451230295226992e-09,3.723378495989838e-17
2296,external,external100,382,b38p02,38,1502038,2,angry,outputs/study1_35f100_external_v1/angry/b38p02.wav,sad,0.9848975539207458,angry,2.189789665862918e-05,2.189789665862918e-05,8.286173397209495e-05,0.0003869537904392928,0.009923429228365421,0.0005326687241904438,1.4982664708895754e-07,0.9848975539207458,0.004154333379119635,4.4359474316024716e-08
2297,external,external100,382,b38p02,38,1502038,2,surprise,outputs/study1_35f100_external_v1/surprise/b38p02.wav,surprised,0.9983914494514465,surprised,0.9983914494514465,0.0009960029274225235,0.0004159531672485173,4.0820268623065203e-05,7.658364484086633e-05,9.750493518367875e-06,1.1628987356404608e-10,6.924787885509431e-05,0.9983914494514465,1.8858895600715186e-07
2298,external,external100,383,b38p03,38,1502038,3,normal,outputs/study1_35f100_external_v1/normal/b38p03.wav,neutral,0.7187263369560242,neutral,0.7187263369560242,8.006287680473179e-05,3.9215385186253116e-05,0.002274613594636321,0.0044668433256447315,0.7187263369560242,7.590985617866863e-09,0.0037464823108166456,0.27066630125045776,1.415571659890702e-07
2299,external,external100,383,b38p03,38,1502038,3,happy,outputs/study1_35f100_external_v1/happy/b38p03.wav,happy,0.9664446115493774,happy,0.9664446115493774,2.5520157578284852e-06,2.342634161323076e-06,0.00011872946924995631,0.9664446115493774,3.321270924061537e-06,1.2664466697565047e-10,0.00038901218795217574,0.03303942456841469,1.512298099248799e-11
2300,external,external100,383,b38p03,38,1502038,3,sad,outputs/study1_35f100_external_v1/sad/b38p03.wav,sad,1.0,sad,1.0,3.5788284228482903e-12,1.2225961354417336e-09,2.1348478540517135e-09,1.9391406883007e-11,8.725617450799916e-12,6.265087190357455e-13,1.0,3.592117922557314e-11,1.4948408020781384e-22
2301,external,external100,383,b38p03,38,1502038,3,calm,outputs/study1_35f100_external_v1/calm/b38p03.wav,sad,0.99991774559021,,,1.0411433493118238e-07,2.6943644115817733e-07,2.0464508452278096e-06,6.392116483766586e-05,7.00220243743388e-06,1.024721307807397e-09,0.99991774559021,8.868444638210349e-06,4.204160457266237e-12
2302,external,external100,383,b38p03,38,1502038,3,angry,outputs/study1_35f100_external_v1/angry/b38p03.wav,angry,0.9999772310256958,angry,0.9999772310256958,0.9999772310256958,6.199419431140996e-07,1.790060650819214e-06,1.3921165191277396e-05,5.353136955932314e-08,1.2720188351522665e-06,5.1126148719049525e-06,9.073433204775938e-08,2.797242960265317e-13
2303,external,external100,383,b38p03,38,1502038,3,surprise,outputs/study1_35f100_external_v1/surprise/b38p03.wav,fearful,0.9949414134025574,surprised,0.005044762510806322,6.697727030768874e-07,4.2032809233205626e-08,0.9949414134025574,1.0572662176855374e-05,5.163482086345539e-08,1.836085450346303e-11,2.495980197636527e-06,0.005044762510806322,2.6386115514753783e-12
2304,external,external100,384,b38p04,38,1502038,4,normal,outputs/study1_35f100_external_v1/normal/b38p04.wav,sad,0.5837289690971375,neutral,0.020644869655370712,0.00026326964143663645,4.088112837052904e-05,0.000884971406776458,0.009757205843925476,0.020644869655370712,6.2949143675439245e-09,0.5837289690971375,0.3846798241138458,1.2536374605076617e-08
2305,external,external100,384,b38p04,38,1502038,4,happy,outputs/study1_35f100_external_v1/happy/b38p04.wav,happy,0.9999549388885498,happy,0.9999549388885498,6.579202249668015e-08,1.3286577882354322e-07,3.099048058174958e-07,0.9999549388885498,2.8440197752388485e-07,8.488375280446547e-11,6.690235636597208e-07,4.359140439191833e-05,1.8786790179081692e-10
2306,external,external100,384,b38p04,38,1502038,4,sad,outputs/study1_35f100_external_v1/sad/b38p04.wav,sad,0.9999998807907104,sad,0.9999998807907104,1.316357578495797e-10,1.4985452878590877e-08,1.6287117432511877e-07,1.6894927679089733e-09,5.087932852809729e-10,6.775162375571853e-11,0.9999998807907104,1.960077877782851e-09,1.1045315422460364e-17
2307,external,external100,384,b38p04,38,1502038,4,calm,outputs/study1_35f100_external_v1/calm/b38p04.wav,sad,0.9997028708457947,,,1.8154220526866993e-07,1.351355365386553e-07,3.9714927879686e-06,8.833332003632677e-07,0.00028966227546334267,6.290064025193942e-10,0.9997028708457947,2.309950559720164e-06,6.452136595185357e-14
2308,external,external100,384,b38p04,38,1502038,4,angry,outputs/study1_35f100_external_v1/angry/b38p04.wav,angry,1.0,angry,1.0,1.0,2.6487475407455108e-11,3.9899290468770054e-12,6.447213873883584e-10,2.9942953672090766e-10,3.4000439182862996e-13,6.372332661541691e-10,2.7564756033271465e-10,3.335916659084645e-20
2309,external,external100,384,b38p04,38,1502038,4,surprise,outputs/study1_35f100_external_v1/surprise/b38p04.wav,happy,0.683493435382843,surprised,0.3127012252807617,0.00014143847511149943,5.778277409262955e-05,0.0004056651087012142,0.683493435382843,0.0024839446414262056,5.085301069129855e-09,0.0007165966089814901,0.3127012252807617,1.0999712252157678e-08
2310,external,external100,385,b38p05,38,1502038,5,normal,outputs/study1_35f100_external_v1/normal/b38p05.wav,surprised,0.5167549252510071,neutral,0.07660291343927383,0.0005191367235966027,0.00018367137818131596,0.00198919465765357,0.25946104526519775,0.07660291343927383,5.444971762358364e-08,0.14448900520801544,0.5167549252510071,1.2274551863811212e-07
2311,external,external100,385,b38p05,38,1502038,5,happy,outputs/study1_35f100_external_v1/happy/b38p05.wav,happy,0.9826706051826477,happy,0.9826706051826477,1.4667567484138999e-05,2.1704605387640186e-05,0.00015619628538843244,0.9826706051826477,4.3852749513462186e-05,8.123239858548459e-09,7.502446533180773e-05,0.017017867416143417,6.622744308515394e-08
2312,external,external100,385,b38p05,38,1502038,5,sad,outputs/study1_35f100_external_v1/sad/b38p05.wav,sad,1.0,sad,1.0,1.2888969058710842e-10,1.0069738376472515e-09,3.687082639203254e-09,9.401047051937894e-09,9.704719250436256e-10,1.135309814909169e-11,1.0,8.059686806838329e-10,3.3462981552412915e-16
2313,external,external100,385,b38p05,38,1502038,5,calm,outputs/study1_35f100_external_v1/calm/b38p05.wav,sad,0.9937692284584045,,,3.540082980180159e-05,0.0008005675044842064,0.0004980602534487844,0.0005754507146775723,0.00190084264613688,2.124627144439728e-06,0.9937692284584045,0.0024076709523797035,1.0588986697257496e-05
2314,external,external100,385,b38p05,38,1502038,5,angry,outputs/study1_35f100_external_v1/angry/b38p05.wav,surprised,0.5089321136474609,angry,0.0076874676160514355,0.0076874676160514355,0.3126591742038727,0.042838260531425476,0.014452422969043255,0.0001138003499363549,2.5732235371833667e-05,0.11317622661590576,0.5089321136474609,0.00011475798964966089
2315,external,external100,385,b38p05,38,1502038,5,surprise,outputs/study1_35f100_external_v1/surprise/b38p05.wav,neutral,0.99962317943573,surprised,1.3068420230410993e-05,6.208987997524673e-06,1.7324794043815928e-06,2.700887534956564e-06,2.130438224412501e-05,0.99962317943573,6.772126859289074e-09,0.00033184437779709697,1.3068420230410993e-05,6.342504993428477e-11
2316,external,external100,386,b38p06,38,1502038,6,normal,outputs/study1_35f100_external_v1/normal/b38p06.wav,neutral,0.989286482334137,neutral,0.989286482334137,2.687681080715265e-05,3.8288658288365696e-06,9.695916560303885e-06,1.9533352315193042e-05,0.989286482334137,1.2815580596736709e-08,0.010634624399244785,1.8985983842867427e-05,2.0318393235269072e-12
2317,external,external100,386,b38p06,38,1502038,6,happy,outputs/study1_35f100_external_v1/happy/b38p06.wav,happy,0.9976121187210083,happy,0.9976121187210083,1.228916403306357e-06,1.4681870652566431e-06,5.061910997028463e-06,0.9976121187210083,3.6811559311900055e-07,7.9392332985595e-11,4.379887741379207e-06,0.0023754562716931105,1.1354090584392296e-10
2318,external,external100,386,b38p06,38,1502038,6,sad,outputs/study1_35f100_external_v1/sad/b38p06.wav,sad,0.9953188300132751,sad,0.9953188300132751,4.584368525684113e-06,4.524881296674721e-05,0.00013720904826186597,0.00011253458797000349,0.004344845190644264,1.025493475026451e-06,0.9953188300132751,3.573118374333717e-05,3.290988592752342e-09
2319,external,external100,386,b38p06,38,1502038,6,calm,outputs/study1_35f100_external_v1/calm/b38p06.wav,sad,0.8997589945793152,,,6.92857793183066e-05,0.0014804956736043096,0.0023305220529437065,0.004638714715838432,0.08977237343788147,1.860705015133135e-05,0.8997589945793152,0.0019285177113488317,2.4232701889559394e-06
2320,external,external100,386,b38p06,38,1502038,6,angry,outputs/study1_35f100_external_v1/angry/b38p06.wav,surprised,0.5305059552192688,angry,0.012244533747434616,0.012244533747434616,1.4629372344643343e-05,0.20312164723873138,0.00040342388092540205,1.674317172728479e-05,8.56099546808764e-09,0.2536931037902832,0.5305059552192688,1.0173483583342247e-10
2321,external,external100,386,b38p06,38,1502038,6,surprise,outputs/study1_35f100_external_v1/surprise/b38p06.wav,sad,0.9476163387298584,surprised,0.0007634320645593107,2.0799381672986783e-05,8.533366781193763e-05,0.0006020544096827507,0.05090150237083435,1.0286233191436622e-05,2.1940194017133763e-07,0.9476163387298584,0.0007634320645593107,5.431471244987662e-11
2322,external,external100,387,b38p07,38,1502038,7,normal,outputs/study1_35f100_external_v1/normal/b38p07.wav,sad,1.0,neutral,1.8805797807885938e-08,3.856399644064368e-10,6.1416725039009634e-09,5.382055690006382e-09,3.414665217249535e-10,1.8805797807885938e-08,3.0653014848613935e-11,1.0,6.782614470068893e-10,1.729981891417196e-15
2323,external,external100,387,b38p07,38,1502038,7,happy,outputs/study1_35f100_external_v1/happy/b38p07.wav,surprised,0.9414253234863281,happy,0.0013711170759052038,3.621834548539482e-05,6.24743506705272e-06,0.035330526530742645,0.0013711170759052038,0.0005469944444485009,8.128848150157353e-10,0.021283578127622604,0.9414253234863281,3.556730021614385e-09
2324,external,external100,387,b38p07,38,1502038,7,sad,outputs/study1_35f100_external_v1/sad/b38p07.wav,sad,1.0,sad,1.0,5.79427218011519e-12,2.0235246811495244e-09,2.52370235820365e-09,1.1039032535298254e-11,1.736898819215682e-11,1.1830030227991117e-12,1.0,3.3817247613310286e-11,8.970584921391311e-22
2325,external,external100,387,b38p07,38,1502038,7,calm,outputs/study1_35f100_external_v1/calm/b38p07.wav,sad,1.0,,,1.6119086967969487e-11,1.5888583781986654e-09,4.085013216581501e-09,1.3696853547184862e-11,4.052910090868167e-11,6.863432348500065e-13,1.0,1.4243350943132782e-10,5.2732158205080305e-21
2326,external,external100,387,b38p07,38,1502038,7,angry,outputs/study1_35f100_external_v1/angry/b38p07.wav,angry,1.0,angry,1.0,1.0,1.185431093564393e-12,6.243277921556822e-14,8.574575077746616e-12,6.518394851662279e-11,1.0549627645528754e-14,7.501253784791828e-11,5.393619145060979e-12,4.7648007257776965e-24
2327,external,external100,387,b38p07,38,1502038,7,surprise,outputs/study1_35f100_external_v1/surprise/b38p07.wav,surprised,0.8187674283981323,surprised,0.8187674283981323,0.18076203763484955,5.72193821426481e-05,0.0001895119494292885,0.00013231681077741086,1.6321588191203773e-05,1.8979388893836102e-10,7.512606680393219e-05,0.8187674283981323,4.682058629690289e-10
2328,external,external100,388,b38p08,38,1502038,8,normal,outputs/study1_35f100_external_v1/normal/b38p08.wav,sad,0.9142870306968689,neutral,0.04769628867506981,0.0010706946486607194,2.73626374109881e-05,0.0003433554375078529,0.007378435228019953,0.04769628867506981,3.869268994094455e-08,0.9142870306968689,0.029196899384260178,2.7649134093366e-09
2329,external,external100,388,b38p08,38,1502038,8,happy,outputs/study1_35f100_external_v1/happy/b38p08.wav,angry,0.9967361092567444,happy,1.679219349171035e-05,0.9967361092567444,2.2414747945731506e-05,1.6490723282913677e-05,1.679219349171035e-05,2.142744961020071e-06,2.8360411796768403e-09,4.2778250644914806e-05,0.0031632266473025084,1.8538948154400714e-11
2330,external,external100,388,b38p08,38,1502038,8,sad,outputs/study1_35f100_external_v1/sad/b38p08.wav,sad,1.0,sad,1.0,5.929315198549556e-12,4.8170138988723465e-09,7.317605632550794e-09,3.165163270368865e-11,2.4909510218384945e-11,4.408142687678529e-12,1.0,2.959516312572852e-11,1.7045719061790107e-22
2331,external,external100,388,b38p08,38,1502038,8,calm,outputs/study1_35f100_external_v1/calm/b38p08.wav,sad,1.0,,,1.6801217361805953e-10,2.9302054116442378e-09,2.9569691140096666e-09,5.344510389804213e-10,1.6673911140685505e-09,2.3913654043083987e-11,1.0,3.109972002146577e-10,1.5093134503336568e-16
2332,external,external100,388,b38p08,38,1502038,8,angry,outputs/study1_35f100_external_v1/angry/b38p08.wav,angry,0.9601544141769409,angry,0.9601544141769409,0.9601544141769409,0.00010142759856535122,0.00031310171470977366,0.00183781236410141,5.074654836789705e-06,3.7776604955297444e-08,0.00037773020449094474,0.0372103787958622,6.587275169778195e-10
2333,external,external100,388,b38p08,38,1502038,8,surprise,outputs/study1_35f100_external_v1/surprise/b38p08.wav,angry,0.8838408589363098,surprised,0.10467231273651123,0.8838408589363098,0.00215989095158875,0.0021287058480083942,0.006114676594734192,4.2984636820619926e-05,1.4019142327015288e-06,0.001038696733303368,0.10467231273651123,4.3692577378351416e-07
2334,external,external100,389,b38p09,38,1502038,9,normal,outputs/study1_35f100_external_v1/normal/b38p09.wav,sad,0.601311981678009,neutral,0.3923276364803314,5.94233933952637e-05,8.042219633352943e-06,0.0003645924443844706,0.0003787888854276389,0.3923276364803314,4.02856326076062e-09,0.601311981678009,0.005549523513764143,5.614667151349062e-12
2335,external,external100,389,b38p09,38,1502038,9,happy,outputs/study1_35f100_external_v1/happy/b38p09.wav,happy,0.999555766582489,happy,0.999555766582489,2.4225341803685296e-06,1.2579387657751795e-05,3.849487256957218e-05,0.999555766582489,4.650396294891834e-05,2.3840880203351844e-07,0.0002315598540008068,0.00011218902363907546,1.536478890784565e-07
2336,external,external100,389,b38p09,38,1502038,9,sad,outputs/study1_35f100_external_v1/sad/b38p09.wav,sad,0.9943320751190186,sad,0.9943320751190186,0.005585051141679287,8.995993994176388e-07,2.2828777218819596e-05,8.101083039946388e-06,8.946371394813468e-07,7.696963066905482e-09,0.9943320751190186,5.011654138797894e-05,3.038073400707733e-14
2337,external,external100,389,b38p09,38,1502038,9,calm,outputs/study1_35f100_external_v1/calm/b38p09.wav,sad,0.7964015007019043,,,0.015063297003507614,1.5884612366789952e-05,0.011545712128281593,0.002183572156354785,1.787676228559576e-05,1.966545859488633e-08,0.7964015007019043,0.17477205395698547,3.018464367343654e-10
2338,external,external100,389,b38p09,38,1502038,9,angry,outputs/study1_35f100_external_v1/angry/b38p09.wav,angry,0.9989075660705566,angry,0.9989075660705566,0.9989075660705566,3.165613452438265e-05,1.4609663594455924e-05,0.0010176639771088958,6.497925255644077e-07,5.607326784229372e-06,1.6244379366980866e-05,6.051239324733615e-06,1.897254055249764e-11
2339,external,external100,389,b38p09,38,1502038,9,surprise,outputs/study1_35f100_external_v1/surprise/b38p09.wav,surprised,0.9999977350234985,surprised,0.9999977350234985,4.582325985325042e-08,5.0629291870052384e-09,1.473999446943708e-07,1.929154905155883e-06,1.835719487530696e-08,9.932637557387722e-18,1.958494948439693e-07,0.9999977350234985,9.194229240254946e-15
2340,external,external100,390,b39p00,39,1502039,0,normal,outputs/study1_35f100_external_v1/normal/b39p00.wav,surprised,0.9999943971633911,neutral,7.7289804778502e-08,6.909827447998396e-07,1.0058366939347252e-07,2.303911657008939e-07,3.342870968481293e-06,7.7289804778502e-08,4.0237312836536394e-16,1.1726256161637139e-06,0.9999943971633911,4.824112572084094e-13
2341,external,external100,390,b39p00,39,1502039,0,happy,outputs/study1_35f100_external_v1/happy/b39p00.wav,surprised,0.99997878074646,happy,2.062911335087847e-05,3.965506323311274e-08,2.8690289255450807e-08,1.8207612129117479e-07,2.062911335087847e-05,4.4854839842400906e-08,5.57321672734871e-17,3.439318732034735e-07,0.99997878074646,7.729574087993879e-14
2342,external,external100,390,b39p00,39,1502039,0,sad,outputs/study1_35f100_external_v1/sad/b39p00.wav,sad,0.9999984502792358,sad,0.9999984502792358,4.611992565628498e-08,6.399331908824024e-08,2.2123359144643473e-07,8.998950420391338e-07,1.5465374758605321e-07,1.2673988525335744e-09,0.9999984502792358,1.5886362803030352e-07,7.790641395888365e-12
2343,external,external100,390,b39p00,39,1502039,0,calm,outputs/study1_35f100_external_v1/calm/b39p00.wav,neutral,0.9934831261634827,,,1.729128234728705e-05,0.0003339786780998111,5.212520045461133e-05,0.0023660026490688324,0.9934831261634827,2.506584678485524e-05,0.0036817220970988274,3.8154783396748826e-05,2.630619519550237e-06
2344,external,external100,390,b39p00,39,1502039,0,angry,outputs/study1_35f100_external_v1/angry/b39p00.wav,angry,1.0,angry,1.0,1.0,5.938207824768282e-13,5.760755099944864e-14,8.689196064060045e-12,2.3509924909626e-11,3.48821317865827e-15,2.925857472968474e-11,6.647374057450195e-12,1.9005992262901366e-24
2345,external,external100,390,b39p00,39,1502039,0,surprise,outputs/study1_35f100_external_v1/surprise/b39p00.wav,surprised,0.43079280853271484,surprised,0.43079280853271484,0.024460015818476677,0.28606829047203064,0.0729566216468811,0.03132196515798569,0.0009093902190215886,0.00017650572408456355,0.15278366208076477,0.43079280853271484,0.0005306272651068866
2346,external,external100,391,b39p01,39,1502039,1,normal,outputs/study1_35f100_external_v1/normal/b39p01.wav,sad,1.0,neutral,4.550983003534341e-14,3.0365212975351843e-14,1.743742520168845e-12,1.6973941783376967e-12,5.869594090282537e-14,4.550983003534341e-14,2.555576223018253e-16,1.0,1.231989906142275e-13,3.520514234457342e-28
2347,external,external100,391,b39p01,39,1502039,1,happy,outputs/study1_35f100_external_v1/happy/b39p01.wav,happy,1.0,happy,1.0,4.017659469002233e-11,5.7651172030714903e-11,1.6838687388887053e-10,1.0,1.8519156694263295e-11,3.2353782738851755e-13,4.744031278924865e-10,4.040734413734981e-09,1.7830005592626985e-13
2348,external,external100,391,b39p01,39,1502039,1,sad,outputs/study1_35f100_external_v1/sad/b39p01.wav,sad,0.9999955892562866,sad,0.9999955892562866,5.558972304697818e-08,3.76038627791786e-07,2.3856844109104713e-06,1.3900631756769144e-07,1.258779775525909e-06,1.2455710240999451e-08,0.9999955892562866,2.0221172292167466e-07,5.364114707973044e-10
2349,external,external100,391,b39p01,39,1502039,1,calm,outputs/study1_35f100_external_v1/calm/b39p01.wav,neutral,0.666672945022583,,,2.18146997212898e-05,0.00011053533671656623,0.001110896235331893,0.014350524172186852,0.666672945022583,8.401573836636089e-07,0.31595563888549805,0.0017767813988029957,1.6285229165191595e-08
2350,external,external100,391,b39p01,39,1502039,1,angry,outputs/study1_35f100_external_v1/angry/b39p01.wav,surprised,0.9995525479316711,angry,5.020184744353173e-06,5.020184744353173e-06,1.92726292880252e-06,9.054409747477621e-05,9.668846360000316e-06,2.467351805535145e-06,6.215518009132504e-13,0.0003378438123036176,0.9995525479316711,3.243967872101905e-10
2351,external,external100,391,b39p01,39,1502039,1,surprise,outputs/study1_35f100_external_v1/surprise/b39p01.wav,surprised,0.9252528548240662,surprised,0.9252528548240662,9.146476077148691e-05,0.006235803477466106,0.03771558776497841,0.010280650109052658,2.218337613157928e-05,1.1140945588294926e-07,0.02039947360754013,0.9252528548240662,1.864818955255032e-06
2352,external,external100,392,b39p02,39,1502039,2,normal,outputs/study1_35f100_external_v1/normal/b39p02.wav,sad,1.0,neutral,5.489041998707478e-10,2.5084978538814084e-10,3.959338190639983e-09,1.887258571642292e-09,1.401121857425025e-10,5.489041998707478e-10,6.143537501640539e-12,1.0,4.5956882743780625e-10,2.2224562553031333e-18
2353,external,external100,392,b39p02,39,1502039,2,happy,outputs/study1_35f100_external_v1/happy/b39p02.wav,surprised,0.9997839331626892,happy,0.00016847292135935277,3.170070499436406e-07,3.130136860818311e-07,6.606777787965257e-06,0.00016847292135935277,5.59734075977758e-07,1.9973209690977642e-14,3.973798084189184e-05,0.9997839331626892,8.977129803411366e-12
2354,external,external100,392,b39p02,39,1502039,2,sad,outputs/study1_35f100_external_v1/sad/b39p02.wav,sad,1.0,sad,1.0,1.0812012396499426e-09,1.1449406756014469e-08,1.4181613217090216e-08,5.3559219281851256e-09,1.9522949923356236e-09,2.626156792029377e-10,1.0,1.028716556383813e-09,3.6485266576621184e-14
2355,external,external100,392,b39p02,39,1502039,2,calm,outputs/study1_35f100_external_v1/calm/b39p02.wav,sad,1.0,,,1.7016496176545937e-13,2.2569021304597037e-12,4.9464802913401495e-12,1.4778789303449003e-11,1.328724348430288e-12,1.4567186864793548e-15,1.0,2.0058453596011327e-12,1.3178172871130541e-25
2356,external,external100,392,b39p02,39,1502039,2,angry,outputs/study1_35f100_external_v1/angry/b39p02.wav,angry,1.0,angry,1.0,1.0,8.938874488696735e-13,3.9780177307595366e-14,4.348541925852656e-12,2.006266030044057e-12,9.64133346388076e-16,8.397027864703865e-12,6.0368576457192624e-12,6.941707876496645e-26
2357,external,external100,392,b39p02,39,1502039,2,surprise,outputs/study1_35f100_external_v1/surprise/b39p02.wav,sad,1.0,surprised,2.4419460231683843e-08,1.5307262124508725e-09,4.171952117104638e-09,9.689260949130585e-09,4.087553850951053e-09,4.183707602578579e-08,5.1151539601224094e-12,1.0,2.4419460231683843e-08,2.5581330978486586e-15
2358,external,external100,393,b39p03,39,1502039,3,normal,outputs/study1_35f100_external_v1/normal/b39p03.wav,surprised,0.7363623380661011,neutral,0.23260414600372314,0.0034765282180160284,0.0010009799152612686,0.0008649415685795248,0.016520872712135315,0.23260414600372314,6.952166842211227e-08,0.009169509634375572,0.7363623380661011,6.352889840854914e-07
2359,external,external100,393,b39p03,39,1502039,3,happy,outputs/study1_35f100_external_v1/happy/b39p03.wav,sad,0.9999994039535522,happy,2.0949072165876714e-07,5.420385917886961e-09,4.631239747254767e-08,1.5569125366710068e-07,2.0949072165876714e-07,1.3162082268536324e-07,3.9475178681414036e-10,0.9999994039535522,9.65052961987567e-08,7.279628289058593e-12
2360,external,external100,393,b39p03,39,1502039,3,sad,outputs/study1_35f100_external_v1/sad/b39p03.wav,sad,1.0,sad,1.0,4.15915213380913e-09,1.4600004760723095e-08,2.7482521147703665e-08,3.791128300179025e-09,2.4359170680554598e-08,6.24487128675355e-11,1.0,1.0806781247651998e-08,1.820490220567515e-15
2361,external,external100,393,b39p03,39,1502039,3,calm,outputs/study1_35f100_external_v1/calm/b39p03.wav,happy,0.8915706276893616,,,4.5207765651866794e-05,0.0016309530474245548,0.0011385702528059483,0.8915706276893616,0.0010804637568071485,9.714200359667302e-07,0.08466972410678864,0.019863439723849297,1.2240512603511888e-07
2362,external,external100,393,b39p03,39,1502039,3,angry,outputs/study1_35f100_external_v1/angry/b39p03.wav,angry,0.9416454434394836,angry,0.9416454434394836,0.9416454434394836,0.00025885284412652254,0.0003234547039028257,0.05156554654240608,2.0278441297705285e-05,9.571762348059565e-06,0.0047532618045806885,0.001423525158315897,1.8425541092881303e-09
2363,external,external100,393,b39p03,39,1502039,3,surprise,outputs/study1_35f100_external_v1/surprise/b39p03.wav,surprised,0.9954168796539307,surprised,0.9954168796539307,0.0008675355929881334,3.1960673368303105e-05,0.00010654817742761225,0.003100792644545436,5.5018390412442386e-05,2.1877820388649383e-10,0.0004212896747048944,0.9954168796539307,1.6128819169125563e-08
2364,external,external100,394,b39p04,39,1502039,4,normal,outputs/study1_35f100_external_v1/normal/b39p04.wav,sad,0.6983191967010498,neutral,0.0005975128151476383,0.00012610567500814795,0.0003126567171420902,0.0006733700283803046,0.005807722453027964,0.0005975128151476383,1.144345063153196e-08,0.6983191967010498,0.2941633462905884,1.5589785462566397e-08
2365,external,external100,394,b39p04,39,1502039,4,happy,outputs/study1_35f100_external_v1/happy/b39p04.wav,sad,0.9401724934577942,happy,0.006165071856230497,1.6674284779583104e-05,9.469747965340503e-06,0.003995283041149378,0.006165071856230497,0.00016838246665429324,8.435609544221734e-09,0.9401724934577942,0.04947260394692421,3.713780616365625e-09
2366,external,external100,394,b39p04,39,1502039,4,sad,outputs/study1_35f100_external_v1/sad/b39p04.wav,sad,1.0,sad,1.0,1.3250654913588011e-11,7.595964413020795e-10,1.0523467652845397e-09,3.100582637860505e-11,4.371329687113956e-11,3.8508662946780403e-13,1.0,1.1442038289066758e-10,6.444359477705614e-22
2367,external,external100,394,b39p04,39,1502039,4,calm,outputs/study1_35f100_external_v1/calm/b39p04.wav,sad,0.9776573181152344,,,2.248617965960875e-05,1.3171651517041028e-05,0.00032913373433984816,0.002521417336538434,0.01481041219085455,2.8666839568813884e-08,0.9776573181152344,0.004645999986678362,3.7898719718043594e-09
2368,external,external100,394,b39p04,39,1502039,4,angry,outputs/study1_35f100_external_v1/angry/b39p04.wav,surprised,0.42042970657348633,angry,0.0010298658162355423,0.0010298658162355423,0.0012782852863892913,0.0057160090655088425,0.29798030853271484,0.0210738442838192,9.101602813643694e-07,0.25248289108276367,0.42042970657348633,8.153479939210229e-06
2369,external,external100,394,b39p04,39,1502039,4,surprise,outputs/study1_35f100_external_v1/surprise/b39p04.wav,sad,0.9999473094940186,surprised,2.8121758077759296e-05,4.544934313344129e-07,1.118666546062741e-06,3.1052059057401493e-06,3.9178162296593655e-06,1.601671101525426e-05,1.7892398673780008e-09,0.9999473094940186,2.8121758077759296e-05,4.970672207171845e-10
2370,external,external100,395,b39p05,39,1502039,5,normal,outputs/study1_35f100_external_v1/normal/b39p05.wav,neutral,0.7024988532066345,neutral,0.7024988532066345,0.0006095905555412173,0.000132415778352879,0.0014331188285723329,0.0006676831981167197,0.7024988532066345,1.2027750528886827e-07,0.27721571922302246,0.017442530021071434,7.840168514405832e-09
2371,external,external100,395,b39p05,39,1502039,5,happy,outputs/study1_35f100_external_v1/happy/b39p05.wav,sad,0.9918215870857239,happy,0.0004149211454205215,6.46377302473411e-05,4.830486886930885e-06,0.0009159763576462865,0.0004149211454205215,0.002748022088780999,3.708967710736033e-08,0.9918215870857239,0.004030017182230949,4.925949426137777e-09
2372,external,external100,395,b39p05,39,1502039,5,sad,outputs/study1_35f100_external_v1/sad/b39p05.wav,sad,0.9999445676803589,sad,0.9999445676803589,1.7113346473252022e-07,5.787808277091244e-07,2.581436092441436e-06,1.5380912543605518e-07,5.173168028704822e-05,1.1385076881254008e-08,0.9999445676803589,2.6644349304660864e-07,2.0636334654988708e-11
2373,external,external100,395,b39p05,39,1502039,5,calm,outputs/study1_35f100_external_v1/calm/b39p05.wav,sad,0.9999903440475464,,,6.879250502578316e-09,2.013700708403121e-07,1.118926462595482e-07,2.1898492263972003e-07,9.085910278372467e-06,7.1036896365228586e-09,0.9999903440475464,1.24912844512437e-08,2.4686168040299883e-11
2374,external,external100,395,b39p05,39,1502039,5,angry,outputs/study1_35f100_external_v1/angry/b39p05.wav,angry,1.0,angry,1.0,1.0,1.1964440722878056e-11,2.276226299460782e-12,6.952440706475826e-11,1.6899177890383754e-10,2.452515627919278e-14,5.708288286498941e-10,2.9797558864785856e-10,4.720030203056544e-22
2375,external,external100,395,b39p05,39,1502039,5,surprise,outputs/study1_35f100_external_v1/surprise/b39p05.wav,sad,0.9999908208847046,surprised,1.255746724382334e-07,3.566434969570764e-08,4.619469109456986e-07,7.814804121153429e-06,9.735359185469861e-08,5.795825472887373e-07,3.2609182909482115e-08,0.9999908208847046,1.255746724382334e-07,3.420500827022721e-10
2376,external,external100,396,b39p06,39,1502039,6,normal,outputs/study1_35f100_external_v1/normal/b39p06.wav,sad,0.9999996423721313,neutral,4.886268811787886e-08,3.22100635052891e-09,4.34908855595495e-08,2.118296436037781e-07,1.3512866381404365e-08,4.886268811787886e-08,5.219010223989073e-10,0.9999996423721313,2.200092197313097e-08,2.2707701604479658e-12
2377,external,external100,396,b39p06,39,1502039,6,happy,outputs/study1_35f100_external_v1/happy/b39p06.wav,happy,0.9951425790786743,happy,0.9951425790786743,0.0007989334990270436,8.256821456598118e-05,0.00012155818694736809,0.9951425790786743,3.5093493352178484e-05,5.995632932354056e-07,0.00021566965733654797,0.0035993687342852354,3.6414890018932056e-06
2378,external,external100,396,b39p06,39,1502039,6,sad,outputs/study1_35f100_external_v1/sad/b39p06.wav,sad,1.0,sad,1.0,1.1405802691211164e-10,2.2041227176750056e-10,1.1030545365997568e-08,1.0561612695525469e-09,7.415731362314659e-10,1.851335491159789e-12,1.0,1.6691921178590974e-09,4.0025946352460924e-17
2379,external,external100,396,b39p06,39,1502039,6,calm,outputs/study1_35f100_external_v1/calm/b39p06.wav,sad,0.9999994039535522,,,1.1206425121201846e-08,9.787407151407024e-08,2.2045874459308834e-07,3.225759570568698e-08,1.9881053958670236e-07,3.775459944677095e-09,0.9999994039535522,1.53438879380019e-08,1.0642625669632366e-11
2380,external,external100,396,b39p06,39,1502039,6,angry,outputs/study1_35f100_external_v1/angry/b39p06.wav,sad,0.9930815100669861,angry,0.00015590335533488542,0.00015590335533488542,8.451086159766419e-07,0.0023214174434542656,2.0218007193761878e-05,1.1543496839294676e-05,3.694996308922782e-09,0.9930815100669861,0.004408667795360088,2.1736216992973567e-10
2381,external,external100,396,b39p06,39,1502039,6,surprise,outputs/study1_35f100_external_v1/surprise/b39p06.wav,surprised,0.8052734136581421,surprised,0.8052734136581421,0.00012364947178866714,6.668339551652025e-07,0.0006270844605751336,5.6509554269723594e-05,0.0024111303500831127,1.0270121558741963e-11,0.1915075033903122,0.8052734136581421,1.6339073106649837e-12
2382,external,external100,397,b39p07,39,1502039,7,normal,outputs/study1_35f100_external_v1/normal/b39p07.wav,sad,0.99997878074646,neutral,2.068019239231944e-05,2.6263942132231932e-08,8.151260999511578e-08,2.830634002748411e-07,6.475540459405238e-08,2.068019239231944e-05,7.343508579005231e-10,0.99997878074646,5.8828025117918514e-08,3.732149477160031e-14
2383,external,external100,397,b39p07,39,1502039,7,happy,outputs/study1_35f100_external_v1/happy/b39p07.wav,sad,0.9999924898147583,happy,5.228189365880098e-06,6.93731152523469e-08,1.457255507375521e-07,1.0691774150473066e-06,5.228189365880098e-06,6.871365485494607e-07,7.486482545004947e-09,0.9999924898147583,3.0814638307674613e-07,7.705374532873677e-11
2384,external,external100,397,b39p07,39,1502039,7,sad,outputs/study1_35f100_external_v1/sad/b39p07.wav,sad,1.0,sad,1.0,2.1073368050572583e-10,7.020501513466115e-09,2.99284828031432e-08,4.755530635947025e-09,1.1369796215632277e-09,6.834959681567554e-11,1.0,1.6932126811752823e-09,2.2290226813577365e-15
2385,external,external100,397,b39p07,39,1502039,7,calm,outputs/study1_35f100_external_v1/calm/b39p07.wav,sad,0.9999973773956299,,,2.6714495504620572e-08,2.798524576519412e-07,1.592749526935222e-06,5.699434524331082e-08,5.16644945491862e-07,1.1323328941159616e-08,0.9999973773956299,7.089206377486335e-08,7.674508251120926e-11
2386,external,external100,397,b39p07,39,1502039,7,angry,outputs/study1_35f100_external_v1/angry/b39p07.wav,sad,0.8702236413955688,angry,0.11902463436126709,0.11902463436126709,5.579507160291541e-06,0.0033412042539566755,0.00011400124640204012,4.664436346502043e-06,1.9464819089876073e-08,0.8702236413955688,0.007286164443939924,2.7689563966357134e-13
2387,external,external100,397,b39p07,39,1502039,7,surprise,outputs/study1_35f100_external_v1/surprise/b39p07.wav,surprised,0.9998133778572083,surprised,0.9998133778572083,8.634090136183659e-07,7.889107678238361e-08,2.2794010874349624e-06,0.0001793784904293716,1.4354129973526142e-07,3.3498257827688097e-15,3.854731858154992e-06,0.9998133778572083,9.308036112709583e-13
2388,external,external100,398,b39p08,39,1502039,8,normal,outputs/study1_35f100_external_v1/normal/b39p08.wav,neutral,0.9959154725074768,neutral,0.9959154725074768,0.0029059455264359713,3.4962567951879464e-06,3.874257345160004e-06,0.0005633867112919688,0.9959154725074768,9.262191724701552e-08,0.0005794126191176474,2.824269176926464e-05,5.50246610428462e-12
2389,external,external100,398,b39p08,39,1502039,8,happy,outputs/study1_35f100_external_v1/happy/b39p08.wav,surprised,0.5862327814102173,happy,0.41320404410362244,4.422492565936409e-05,3.0062810765230097e-05,0.00018094784172717482,0.41320404410362244,0.0001605664292583242,2.8349533831573126e-10,0.0001473653974244371,0.5862327814102173,8.334700929424343e-09
2390,external,external100,398,b39p08,39,1502039,8,sad,outputs/study1_35f100_external_v1/sad/b39p08.wav,sad,1.0,sad,1.0,1.2103534320628828e-11,1.1713943148805583e-09,1.385234926765122e-09,6.645437672370136e-11,9.744797330180077e-11,2.999059334207743e-12,1.0,7.441543214969926e-11,2.142989220650317e-18
2391,external,external100,398,b39p08,39,1502039,8,calm,outputs/study1_35f100_external_v1/calm/b39p08.wav,sad,1.0,,,4.370221198812807e-11,4.04343269977403e-09,9.850822380030877e-09,4.313395127186759e-11,1.7308576794050623e-10,3.506402633524086e-12,1.0,2.7095614640870735e-10,1.952194713239162e-20
2392,external,external100,398,b39p08,39,1502039,8,angry,outputs/study1_35f100_external_v1/angry/b39p08.wav,happy,0.48942384123802185,angry,0.005075390916317701,0.005075390916317701,0.0004998227232135832,0.001319577218964696,0.48942384123802185,0.003094250801950693,1.6271478386897797e-07,0.011872437782585621,0.48871415853500366,3.5170739920431515e-07
2393,external,external100,398,b39p08,39,1502039,8,surprise,outputs/study1_35f100_external_v1/surprise/b39p08.wav,surprised,0.9989031553268433,surprised,0.9989031553268433,1.6881778719834983e-05,3.9120122892200015e-06,3.6646237276727334e-05,0.00025019669556058943,2.180289629905019e-05,3.3744845025912573e-12,0.0007674447842873633,0.9989031553268433,2.3123854220319373e-10
2394,external,external100,399,b39p09,39,1502039,9,normal,outputs/study1_35f100_external_v1/normal/b39p09.wav,sad,0.9989578723907471,neutral,0.0009844665182754397,1.4865578634726262e-07,7.064524076838552e-09,1.0146233080376987e-06,3.182929958711611e-06,0.0009844665182754397,1.2388767312368487e-12,0.9989578723907471,5.323203731677495e-05,2.6842917467297106e-17
2395,external,external100,399,b39p09,39,1502039,9,happy,outputs/study1_35f100_external_v1/happy/b39p09.wav,surprised,0.9998644590377808,happy,0.00013087934348732233,9.23736607205683e-08,5.906548494749586e-08,1.2723679674309096e-06,0.00013087934348732233,5.2202615563601285e-08,4.766482563700115e-16,3.2181808364839526e-06,0.9998644590377808,6.089190431176825e-14
2396,external,external100,399,b39p09,39,1502039,9,sad,outputs/study1_35f100_external_v1/sad/b39p09.wav,sad,0.9999996423721313,sad,0.9999996423721313,3.5670291165246226e-09,7.155760783916776e-08,8.313948285376682e-08,7.139071112050033e-09,1.5666344665987708e-07,1.1942196120884319e-09,0.9999996423721313,6.591212020623516e-09,3.1041716506280403e-12
2397,external,external100,399,b39p09,39,1502039,9,calm,outputs/study1_35f100_external_v1/calm/b39p09.wav,sad,0.9980778694152832,,,3.639293026935775e-06,2.6975496439263225e-05,0.0004201769770588726,0.00015840036212466657,0.00036984405596740544,1.3955626343431504e-07,0.9980778694152832,0.0009419366251677275,1.1246469284742489e-06
2398,external,external100,399,b39p09,39,1502039,9,angry,outputs/study1_35f100_external_v1/angry/b39p09.wav,surprised,1.0,angry,1.202983490600218e-08,1.202983490600218e-08,8.748535229585741e-11,1.987847525475317e-10,7.435205229278097e-10,1.8368706555804692e-10,3.365862737912017e-22,5.426913918249454e-10,1.0,3.8826948680605325e-22
2399,external,external100,399,b39p09,39,1502039,9,surprise,outputs/study1_35f100_external_v1/surprise/b39p09.wav,surprised,1.0,surprised,1.0,1.8236356869039128e-11,1.4301108040848387e-11,1.5330980929206817e-10,1.0644185532981965e-09,2.472000035225186e-11,4.170370920069141e-23,1.9876655876771565e-10,1.0,7.362890435518724e-22
