dataset,source_panel,candidate_index,candidate_id,batch,seed,position,emotion,wav_path,sample_rate,channels,sample_width_bytes,nframes,duration_sec
development,dev_initial100,0,b00p00,0,1502000,0,normal,outputs/study1_35f100_v1/normal/b00p00.wav,24000,1,2,362880,15.12
development,dev_initial100,0,b00p00,0,1502000,0,happy,outputs/study1_35f100_v1/happy/b00p00.wav,24000,1,2,391680,16.32
development,dev_initial100,0,b00p00,0,1502000,0,sad,outputs/study1_35f100_v1/sad/b00p00.wav,24000,1,2,420480,17.52
development,dev_initial100,0,b00p00,0,1502000,0,calm,outputs/study1_35f100_v1/calm/b00p00.wav,24000,1,2,389760,16.24
development,dev_initial100,0,b00p00,0,1502000,0,angry,outputs/study1_35f100_v1/angry/b00p00.wav,24000,1,2,311040,12.96
development,dev_initial100,0,b00p00,0,1502000,0,surprise,outputs/study1_35f100_v1/surprise/b00p00.wav,24000,1,2,332160,13.84
development,dev_initial100,1,b00p01,0,1502000,1,normal,outputs/study1_35f100_v1/normal/b00p01.wav,24000,1,2,389760,16.24
development,dev_initial100,1,b00p01,0,1502000,1,happy,outputs/study1_35f100_v1/happy/b00p01.wav,24000,1,2,399360,16.64
development,dev_initial100,1,b00p01,0,1502000,1,sad,outputs/study1_35f100_v1/sad/b00p01.wav,24000,1,2,439680,18.32
development,dev_initial100,1,b00p01,0,1502000,1,calm,outputs/study1_35f100_v1/calm/b00p01.wav,24000,1,2,480000,20.0
development,dev_initial100,1,b00p01,0,1502000,1,angry,outputs/study1_35f100_v1/angry/b00p01.wav,24000,1,2,320640,13.36
development,dev_initial100,1,b00p01,0,1502000,1,surprise,outputs/study1_35f100_v1/surprise/b00p01.wav,24000,1,2,337920,14.08
development,dev_initial100,2,b00p02,0,1502000,2,normal,outputs/study1_35f100_v1/normal/b00p02.wav,24000,1,2,393600,16.4
development,dev_initial100,2,b00p02,0,1502000,2,happy,outputs/study1_35f100_v1/happy/b00p02.wav,24000,1,2,426240,17.76
development,dev_initial100,2,b00p02,0,1502000,2,sad,outputs/study1_35f100_v1/sad/b00p02.wav,24000,1,2,408960,17.04
development,dev_initial100,2,b00p02,0,1502000,2,calm,outputs/study1_35f100_v1/calm/b00p02.wav,24000,1,2,397440,16.56
development,dev_initial100,2,b00p02,0,1502000,2,angry,outputs/study1_35f100_v1/angry/b00p02.wav,24000,1,2,393600,16.4
development,dev_initial100,2,b00p02,0,1502000,2,surprise,outputs/study1_35f100_v1/surprise/b00p02.wav,24000,1,2,374400,15.6
development,dev_initial100,3,b00p03,0,1502000,3,normal,outputs/study1_35f100_v1/normal/b00p03.wav,24000,1,2,372480,15.52
development,dev_initial100,3,b00p03,0,1502000,3,happy,outputs/study1_35f100_v1/happy/b00p03.wav,24000,1,2,328320,13.68
development,dev_initial100,3,b00p03,0,1502000,3,sad,outputs/study1_35f100_v1/sad/b00p03.wav,24000,1,2,341760,14.24
development,dev_initial100,3,b00p03,0,1502000,3,calm,outputs/study1_35f100_v1/calm/b00p03.wav,24000,1,2,337920,14.08
development,dev_initial100,3,b00p03,0,1502000,3,angry,outputs/study1_35f100_v1/angry/b00p03.wav,24000,1,2,347520,14.48
development,dev_initial100,3,b00p03,0,1502000,3,surprise,outputs/study1_35f100_v1/surprise/b00p03.wav,24000,1,2,330240,13.76
development,dev_initial100,4,b00p04,0,1502000,4,normal,outputs/study1_35f100_v1/normal/b00p04.wav,24000,1,2,364800,15.2
development,dev_initial100,4,b00p04,0,1502000,4,happy,outputs/study1_35f100_v1/happy/b00p04.wav,24000,1,2,391680,16.32
development,dev_initial100,4,b00p04,0,1502000,4,sad,outputs/study1_35f100_v1/sad/b00p04.wav,24000,1,2,416640,17.36
development,dev_initial100,4,b00p04,0,1502000,4,calm,outputs/study1_35f100_v1/calm/b00p04.wav,24000,1,2,351360,14.64
development,dev_initial100,4,b00p04,0,1502000,4,angry,outputs/study1_35f100_v1/angry/b00p04.wav,24000,1,2,332160,13.84
development,dev_initial100,4,b00p04,0,1502000,4,surprise,outputs/study1_35f100_v1/surprise/b00p04.wav,24000,1,2,378240,15.76
development,dev_initial100,5,b00p05,0,1502000,5,normal,outputs/study1_35f100_v1/normal/b00p05.wav,24000,1,2,374400,15.6
development,dev_initial100,5,b00p05,0,1502000,5,happy,outputs/study1_35f100_v1/happy/b00p05.wav,24000,1,2,393600,16.4
development,dev_initial100,5,b00p05,0,1502000,5,sad,outputs/study1_35f100_v1/sad/b00p05.wav,24000,1,2,430080,17.92
development,dev_initial100,5,b00p05,0,1502000,5,calm,outputs/study1_35f100_v1/calm/b00p05.wav,24000,1,2,468480,19.52
development,dev_initial100,5,b00p05,0,1502000,5,angry,outputs/study1_35f100_v1/angry/b00p05.wav,24000,1,2,347520,14.48
development,dev_initial100,5,b00p05,0,1502000,5,surprise,outputs/study1_35f100_v1/surprise/b00p05.wav,24000,1,2,334080,13.92
development,dev_initial100,6,b00p06,0,1502000,6,normal,outputs/study1_35f100_v1/normal/b00p06.wav,24000,1,2,345600,14.4
development,dev_initial100,6,b00p06,0,1502000,6,happy,outputs/study1_35f100_v1/happy/b00p06.wav,24000,1,2,389760,16.24
development,dev_initial100,6,b00p06,0,1502000,6,sad,outputs/study1_35f100_v1/sad/b00p06.wav,24000,1,2,549120,22.88
development,dev_initial100,6,b00p06,0,1502000,6,calm,outputs/study1_35f100_v1/calm/b00p06.wav,24000,1,2,405120,16.88
development,dev_initial100,6,b00p06,0,1502000,6,angry,outputs/study1_35f100_v1/angry/b00p06.wav,24000,1,2,339840,14.16
development,dev_initial100,6,b00p06,0,1502000,6,surprise,outputs/study1_35f100_v1/surprise/b00p06.wav,24000,1,2,360960,15.04
development,dev_initial100,7,b00p07,0,1502000,7,normal,outputs/study1_35f100_v1/normal/b00p07.wav,24000,1,2,339840,14.16
development,dev_initial100,7,b00p07,0,1502000,7,happy,outputs/study1_35f100_v1/happy/b00p07.wav,24000,1,2,389760,16.24
development,dev_initial100,7,b00p07,0,1502000,7,sad,outputs/study1_35f100_v1/sad/b00p07.wav,24000,1,2,389760,16.24
development,dev_initial100,7,b00p07,0,1502000,7,calm,outputs/study1_35f100_v1/calm/b00p07.wav,24000,1,2,462720,19.28
development,dev_initial100,7,b00p07,0,1502000,7,angry,outputs/study1_35f100_v1/angry/b00p07.wav,24000,1,2,330240,13.76
development,dev_initial100,7,b00p07,0,1502000,7,surprise,outputs/study1_35f100_v1/surprise/b00p07.wav,24000,1,2,339840,14.16
development,dev_initial100,8,b00p08,0,1502000,8,normal,outputs/study1_35f100_v1/normal/b00p08.wav,24000,1,2,353280,14.72
development,dev_initial100,8,b00p08,0,1502000,8,happy,outputs/study1_35f100_v1/happy/b00p08.wav,24000,1,2,359040,14.96
development,dev_initial100,8,b00p08,0,1502000,8,sad,outputs/study1_35f100_v1/sad/b00p08.wav,24000,1,2,403200,16.8
development,dev_initial100,8,b00p08,0,1502000,8,calm,outputs/study1_35f100_v1/calm/b00p08.wav,24000,1,2,380160,15.84
development,dev_initial100,8,b00p08,0,1502000,8,angry,outputs/study1_35f100_v1/angry/b00p08.wav,24000,1,2,314880,13.12
development,dev_initial100,8,b00p08,0,1502000,8,surprise,outputs/study1_35f100_v1/surprise/b00p08.wav,24000,1,2,403200,16.8
development,dev_initial100,9,b00p09,0,1502000,9,normal,outputs/study1_35f100_v1/normal/b00p09.wav,24000,1,2,362880,15.12
development,dev_initial100,9,b00p09,0,1502000,9,happy,outputs/study1_35f100_v1/happy/b00p09.wav,24000,1,2,382080,15.92
development,dev_initial100,9,b00p09,0,1502000,9,sad,outputs/study1_35f100_v1/sad/b00p09.wav,24000,1,2,405120,16.88
development,dev_initial100,9,b00p09,0,1502000,9,calm,outputs/study1_35f100_v1/calm/b00p09.wav,24000,1,2,472320,19.68
development,dev_initial100,9,b00p09,0,1502000,9,angry,outputs/study1_35f100_v1/angry/b00p09.wav,24000,1,2,382080,15.92
development,dev_initial100,9,b00p09,0,1502000,9,surprise,outputs/study1_35f100_v1/surprise/b00p09.wav,24000,1,2,328320,13.68
development,dev_initial100,10,b01p00,1,1502001,0,normal,outputs/study1_35f100_v1/normal/b01p00.wav,24000,1,2,322560,13.44
development,dev_initial100,10,b01p00,1,1502001,0,happy,outputs/study1_35f100_v1/happy/b01p00.wav,24000,1,2,349440,14.56
development,dev_initial100,10,b01p00,1,1502001,0,sad,outputs/study1_35f100_v1/sad/b01p00.wav,24000,1,2,418560,17.44
development,dev_initial100,10,b01p00,1,1502001,0,calm,outputs/study1_35f100_v1/calm/b01p00.wav,24000,1,2,387840,16.16
development,dev_initial100,10,b01p00,1,1502001,0,angry,outputs/study1_35f100_v1/angry/b01p00.wav,24000,1,2,368640,15.36
development,dev_initial100,10,b01p00,1,1502001,0,surprise,outputs/study1_35f100_v1/surprise/b01p00.wav,24000,1,2,384000,16.0
development,dev_initial100,11,b01p01,1,1502001,1,normal,outputs/study1_35f100_v1/normal/b01p01.wav,24000,1,2,368640,15.36
development,dev_initial100,11,b01p01,1,1502001,1,happy,outputs/study1_35f100_v1/happy/b01p01.wav,24000,1,2,347520,14.48
development,dev_initial100,11,b01p01,1,1502001,1,sad,outputs/study1_35f100_v1/sad/b01p01.wav,24000,1,2,435840,18.16
development,dev_initial100,11,b01p01,1,1502001,1,calm,outputs/study1_35f100_v1/calm/b01p01.wav,24000,1,2,408960,17.04
development,dev_initial100,11,b01p01,1,1502001,1,angry,outputs/study1_35f100_v1/angry/b01p01.wav,24000,1,2,334080,13.92
development,dev_initial100,11,b01p01,1,1502001,1,surprise,outputs/study1_35f100_v1/surprise/b01p01.wav,24000,1,2,337920,14.08
development,dev_initial100,12,b01p02,1,1502001,2,normal,outputs/study1_35f100_v1/normal/b01p02.wav,24000,1,2,372480,15.52
development,dev_initial100,12,b01p02,1,1502001,2,happy,outputs/study1_35f100_v1/happy/b01p02.wav,24000,1,2,343680,14.32
development,dev_initial100,12,b01p02,1,1502001,2,sad,outputs/study1_35f100_v1/sad/b01p02.wav,24000,1,2,485760,20.24
development,dev_initial100,12,b01p02,1,1502001,2,calm,outputs/study1_35f100_v1/calm/b01p02.wav,24000,1,2,397440,16.56
development,dev_initial100,12,b01p02,1,1502001,2,angry,outputs/study1_35f100_v1/angry/b01p02.wav,24000,1,2,312960,13.04
development,dev_initial100,12,b01p02,1,1502001,2,surprise,outputs/study1_35f100_v1/surprise/b01p02.wav,24000,1,2,347520,14.48
development,dev_initial100,13,b01p03,1,1502001,3,normal,outputs/study1_35f100_v1/normal/b01p03.wav,24000,1,2,359040,14.96
development,dev_initial100,13,b01p03,1,1502001,3,happy,outputs/study1_35f100_v1/happy/b01p03.wav,24000,1,2,407040,16.96
development,dev_initial100,13,b01p03,1,1502001,3,sad,outputs/study1_35f100_v1/sad/b01p03.wav,24000,1,2,466560,19.44
development,dev_initial100,13,b01p03,1,1502001,3,calm,outputs/study1_35f100_v1/calm/b01p03.wav,24000,1,2,391680,16.32
development,dev_initial100,13,b01p03,1,1502001,3,angry,outputs/study1_35f100_v1/angry/b01p03.wav,24000,1,2,360960,15.04
development,dev_initial100,13,b01p03,1,1502001,3,surprise,outputs/study1_35f100_v1/surprise/b01p03.wav,24000,1,2,349440,14.56
development,dev_initial100,14,b01p04,1,1502001,4,normal,outputs/study1_35f100_v1/normal/b01p04.wav,24000,1,2,393600,16.4
development,dev_initial100,14,b01p04,1,1502001,4,happy,outputs/study1_35f100_v1/happy/b01p04.wav,24000,1,2,337920,14.08
development,dev_initial100,14,b01p04,1,1502001,4,sad,outputs/study1_35f100_v1/sad/b01p04.wav,24000,1,2,374400,15.6
development,dev_initial100,14,b01p04,1,1502001,4,calm,outputs/study1_35f100_v1/calm/b01p04.wav,24000,1,2,374400,15.6
development,dev_initial100,14,b01p04,1,1502001,4,angry,outputs/study1_35f100_v1/angry/b01p04.wav,24000,1,2,351360,14.64
development,dev_initial100,14,b01p04,1,1502001,4,surprise,outputs/study1_35f100_v1/surprise/b01p04.wav,24000,1,2,374400,15.6
development,dev_initial100,15,b01p05,1,1502001,5,normal,outputs/study1_35f100_v1/normal/b01p05.wav,24000,1,2,389760,16.24
development,dev_initial100,15,b01p05,1,1502001,5,happy,outputs/study1_35f100_v1/happy/b01p05.wav,24000,1,2,393600,16.4
development,dev_initial100,15,b01p05,1,1502001,5,sad,outputs/study1_35f100_v1/sad/b01p05.wav,24000,1,2,426240,17.76
development,dev_initial100,15,b01p05,1,1502001,5,calm,outputs/study1_35f100_v1/calm/b01p05.wav,24000,1,2,424320,17.68
development,dev_initial100,15,b01p05,1,1502001,5,angry,outputs/study1_35f100_v1/angry/b01p05.wav,24000,1,2,374400,15.6
development,dev_initial100,15,b01p05,1,1502001,5,surprise,outputs/study1_35f100_v1/surprise/b01p05.wav,24000,1,2,328320,13.68
development,dev_initial100,16,b01p06,1,1502001,6,normal,outputs/study1_35f100_v1/normal/b01p06.wav,24000,1,2,311040,12.96
development,dev_initial100,16,b01p06,1,1502001,6,happy,outputs/study1_35f100_v1/happy/b01p06.wav,24000,1,2,316800,13.2
development,dev_initial100,16,b01p06,1,1502001,6,sad,outputs/study1_35f100_v1/sad/b01p06.wav,24000,1,2,453120,18.88
development,dev_initial100,16,b01p06,1,1502001,6,calm,outputs/study1_35f100_v1/calm/b01p06.wav,24000,1,2,441600,18.4
development,dev_initial100,16,b01p06,1,1502001,6,angry,outputs/study1_35f100_v1/angry/b01p06.wav,24000,1,2,401280,16.72
development,dev_initial100,16,b01p06,1,1502001,6,surprise,outputs/study1_35f100_v1/surprise/b01p06.wav,24000,1,2,401280,16.72
development,dev_initial100,17,b01p07,1,1502001,7,normal,outputs/study1_35f100_v1/normal/b01p07.wav,24000,1,2,351360,14.64
development,dev_initial100,17,b01p07,1,1502001,7,happy,outputs/study1_35f100_v1/happy/b01p07.wav,24000,1,2,397440,16.56
development,dev_initial100,17,b01p07,1,1502001,7,sad,outputs/study1_35f100_v1/sad/b01p07.wav,24000,1,2,399360,16.64
development,dev_initial100,17,b01p07,1,1502001,7,calm,outputs/study1_35f100_v1/calm/b01p07.wav,24000,1,2,397440,16.56
development,dev_initial100,17,b01p07,1,1502001,7,angry,outputs/study1_35f100_v1/angry/b01p07.wav,24000,1,2,359040,14.96
development,dev_initial100,17,b01p07,1,1502001,7,surprise,outputs/study1_35f100_v1/surprise/b01p07.wav,24000,1,2,437760,18.24
development,dev_initial100,18,b01p08,1,1502001,8,normal,outputs/study1_35f100_v1/normal/b01p08.wav,24000,1,2,349440,14.56
development,dev_initial100,18,b01p08,1,1502001,8,happy,outputs/study1_35f100_v1/happy/b01p08.wav,24000,1,2,393600,16.4
development,dev_initial100,18,b01p08,1,1502001,8,sad,outputs/study1_35f100_v1/sad/b01p08.wav,24000,1,2,395520,16.48
development,dev_initial100,18,b01p08,1,1502001,8,calm,outputs/study1_35f100_v1/calm/b01p08.wav,24000,1,2,364800,15.2
development,dev_initial100,18,b01p08,1,1502001,8,angry,outputs/study1_35f100_v1/angry/b01p08.wav,24000,1,2,339840,14.16
development,dev_initial100,18,b01p08,1,1502001,8,surprise,outputs/study1_35f100_v1/surprise/b01p08.wav,24000,1,2,332160,13.84
development,dev_initial100,19,b01p09,1,1502001,9,normal,outputs/study1_35f100_v1/normal/b01p09.wav,24000,1,2,324480,13.52
development,dev_initial100,19,b01p09,1,1502001,9,happy,outputs/study1_35f100_v1/happy/b01p09.wav,24000,1,2,422400,17.6
development,dev_initial100,19,b01p09,1,1502001,9,sad,outputs/study1_35f100_v1/sad/b01p09.wav,24000,1,2,456960,19.04
development,dev_initial100,19,b01p09,1,1502001,9,calm,outputs/study1_35f100_v1/calm/b01p09.wav,24000,1,2,374400,15.6
development,dev_initial100,19,b01p09,1,1502001,9,angry,outputs/study1_35f100_v1/angry/b01p09.wav,24000,1,2,455040,18.96
development,dev_initial100,19,b01p09,1,1502001,9,surprise,outputs/study1_35f100_v1/surprise/b01p09.wav,24000,1,2,408960,17.04
development,dev_initial100,20,b02p00,2,1502002,0,normal,outputs/study1_35f100_v1/normal/b02p00.wav,24000,1,2,314880,13.12
development,dev_initial100,20,b02p00,2,1502002,0,happy,outputs/study1_35f100_v1/happy/b02p00.wav,24000,1,2,397440,16.56
development,dev_initial100,20,b02p00,2,1502002,0,sad,outputs/study1_35f100_v1/sad/b02p00.wav,24000,1,2,376320,15.68
development,dev_initial100,20,b02p00,2,1502002,0,calm,outputs/study1_35f100_v1/calm/b02p00.wav,24000,1,2,355200,14.8
development,dev_initial100,20,b02p00,2,1502002,0,angry,outputs/study1_35f100_v1/angry/b02p00.wav,24000,1,2,324480,13.52
development,dev_initial100,20,b02p00,2,1502002,0,surprise,outputs/study1_35f100_v1/surprise/b02p00.wav,24000,1,2,336000,14.0
development,dev_initial100,21,b02p01,2,1502002,1,normal,outputs/study1_35f100_v1/normal/b02p01.wav,24000,1,2,397440,16.56
development,dev_initial100,21,b02p01,2,1502002,1,happy,outputs/study1_35f100_v1/happy/b02p01.wav,24000,1,2,407040,16.96
development,dev_initial100,21,b02p01,2,1502002,1,sad,outputs/study1_35f100_v1/sad/b02p01.wav,24000,1,2,432000,18.0
development,dev_initial100,21,b02p01,2,1502002,1,calm,outputs/study1_35f100_v1/calm/b02p01.wav,24000,1,2,391680,16.32
development,dev_initial100,21,b02p01,2,1502002,1,angry,outputs/study1_35f100_v1/angry/b02p01.wav,24000,1,2,414720,17.28
development,dev_initial100,21,b02p01,2,1502002,1,surprise,outputs/study1_35f100_v1/surprise/b02p01.wav,24000,1,2,449280,18.72
development,dev_initial100,22,b02p02,2,1502002,2,normal,outputs/study1_35f100_v1/normal/b02p02.wav,24000,1,2,382080,15.92
development,dev_initial100,22,b02p02,2,1502002,2,happy,outputs/study1_35f100_v1/happy/b02p02.wav,24000,1,2,359040,14.96
development,dev_initial100,22,b02p02,2,1502002,2,sad,outputs/study1_35f100_v1/sad/b02p02.wav,24000,1,2,418560,17.44
development,dev_initial100,22,b02p02,2,1502002,2,calm,outputs/study1_35f100_v1/calm/b02p02.wav,24000,1,2,437760,18.24
development,dev_initial100,22,b02p02,2,1502002,2,angry,outputs/study1_35f100_v1/angry/b02p02.wav,24000,1,2,357120,14.88
development,dev_initial100,22,b02p02,2,1502002,2,surprise,outputs/study1_35f100_v1/surprise/b02p02.wav,24000,1,2,418560,17.44
development,dev_initial100,23,b02p03,2,1502002,3,normal,outputs/study1_35f100_v1/normal/b02p03.wav,24000,1,2,341760,14.24
development,dev_initial100,23,b02p03,2,1502002,3,happy,outputs/study1_35f100_v1/happy/b02p03.wav,24000,1,2,403200,16.8
development,dev_initial100,23,b02p03,2,1502002,3,sad,outputs/study1_35f100_v1/sad/b02p03.wav,24000,1,2,353280,14.72
development,dev_initial100,23,b02p03,2,1502002,3,calm,outputs/study1_35f100_v1/calm/b02p03.wav,24000,1,2,364800,15.2
development,dev_initial100,23,b02p03,2,1502002,3,angry,outputs/study1_35f100_v1/angry/b02p03.wav,24000,1,2,353280,14.72
development,dev_initial100,23,b02p03,2,1502002,3,surprise,outputs/study1_35f100_v1/surprise/b02p03.wav,24000,1,2,330240,13.76
development,dev_initial100,24,b02p04,2,1502002,4,normal,outputs/study1_35f100_v1/normal/b02p04.wav,24000,1,2,372480,15.52
development,dev_initial100,24,b02p04,2,1502002,4,happy,outputs/study1_35f100_v1/happy/b02p04.wav,24000,1,2,399360,16.64
development,dev_initial100,24,b02p04,2,1502002,4,sad,outputs/study1_35f100_v1/sad/b02p04.wav,24000,1,2,428160,17.84
development,dev_initial100,24,b02p04,2,1502002,4,calm,outputs/study1_35f100_v1/calm/b02p04.wav,24000,1,2,412800,17.2
development,dev_initial100,24,b02p04,2,1502002,4,angry,outputs/study1_35f100_v1/angry/b02p04.wav,24000,1,2,324480,13.52
development,dev_initial100,24,b02p04,2,1502002,4,surprise,outputs/study1_35f100_v1/surprise/b02p04.wav,24000,1,2,355200,14.8
development,dev_initial100,25,b02p05,2,1502002,5,normal,outputs/study1_35f100_v1/normal/b02p05.wav,24000,1,2,376320,15.68
development,dev_initial100,25,b02p05,2,1502002,5,happy,outputs/study1_35f100_v1/happy/b02p05.wav,24000,1,2,324480,13.52
development,dev_initial100,25,b02p05,2,1502002,5,sad,outputs/study1_35f100_v1/sad/b02p05.wav,24000,1,2,407040,16.96
development,dev_initial100,25,b02p05,2,1502002,5,calm,outputs/study1_35f100_v1/calm/b02p05.wav,24000,1,2,408960,17.04
development,dev_initial100,25,b02p05,2,1502002,5,angry,outputs/study1_35f100_v1/angry/b02p05.wav,24000,1,2,349440,14.56
development,dev_initial100,25,b02p05,2,1502002,5,surprise,outputs/study1_35f100_v1/surprise/b02p05.wav,24000,1,2,345600,14.4
development,dev_initial100,26,b02p06,2,1502002,6,normal,outputs/study1_35f100_v1/normal/b02p06.wav,24000,1,2,360960,15.04
development,dev_initial100,26,b02p06,2,1502002,6,happy,outputs/study1_35f100_v1/happy/b02p06.wav,24000,1,2,430080,17.92
development,dev_initial100,26,b02p06,2,1502002,6,sad,outputs/study1_35f100_v1/sad/b02p06.wav,24000,1,2,460800,19.2
development,dev_initial100,26,b02p06,2,1502002,6,calm,outputs/study1_35f100_v1/calm/b02p06.wav,24000,1,2,322560,13.44
development,dev_initial100,26,b02p06,2,1502002,6,angry,outputs/study1_35f100_v1/angry/b02p06.wav,24000,1,2,408960,17.04
development,dev_initial100,26,b02p06,2,1502002,6,surprise,outputs/study1_35f100_v1/surprise/b02p06.wav,24000,1,2,432000,18.0
development,dev_initial100,27,b02p07,2,1502002,7,normal,outputs/study1_35f100_v1/normal/b02p07.wav,24000,1,2,359040,14.96
development,dev_initial100,27,b02p07,2,1502002,7,happy,outputs/study1_35f100_v1/happy/b02p07.wav,24000,1,2,412800,17.2
development,dev_initial100,27,b02p07,2,1502002,7,sad,outputs/study1_35f100_v1/sad/b02p07.wav,24000,1,2,428160,17.84
development,dev_initial100,27,b02p07,2,1502002,7,calm,outputs/study1_35f100_v1/calm/b02p07.wav,24000,1,2,418560,17.44
development,dev_initial100,27,b02p07,2,1502002,7,angry,outputs/study1_35f100_v1/angry/b02p07.wav,24000,1,2,326400,13.6
development,dev_initial100,27,b02p07,2,1502002,7,surprise,outputs/study1_35f100_v1/surprise/b02p07.wav,24000,1,2,399360,16.64
development,dev_initial100,28,b02p08,2,1502002,8,normal,outputs/study1_35f100_v1/normal/b02p08.wav,24000,1,2,370560,15.44
development,dev_initial100,28,b02p08,2,1502002,8,happy,outputs/study1_35f100_v1/happy/b02p08.wav,24000,1,2,403200,16.8
development,dev_initial100,28,b02p08,2,1502002,8,sad,outputs/study1_35f100_v1/sad/b02p08.wav,24000,1,2,462720,19.28
development,dev_initial100,28,b02p08,2,1502002,8,calm,outputs/study1_35f100_v1/calm/b02p08.wav,24000,1,2,336000,14.0
development,dev_initial100,28,b02p08,2,1502002,8,angry,outputs/study1_35f100_v1/angry/b02p08.wav,24000,1,2,355200,14.8
development,dev_initial100,28,b02p08,2,1502002,8,surprise,outputs/study1_35f100_v1/surprise/b02p08.wav,24000,1,2,385920,16.08
development,dev_initial100,29,b02p09,2,1502002,9,normal,outputs/study1_35f100_v1/normal/b02p09.wav,24000,1,2,391680,16.32
development,dev_initial100,29,b02p09,2,1502002,9,happy,outputs/study1_35f100_v1/happy/b02p09.wav,24000,1,2,382080,15.92
development,dev_initial100,29,b02p09,2,1502002,9,sad,outputs/study1_35f100_v1/sad/b02p09.wav,24000,1,2,347520,14.48
development,dev_initial100,29,b02p09,2,1502002,9,calm,outputs/study1_35f100_v1/calm/b02p09.wav,24000,1,2,380160,15.84
development,dev_initial100,29,b02p09,2,1502002,9,angry,outputs/study1_35f100_v1/angry/b02p09.wav,24000,1,2,328320,13.68
development,dev_initial100,29,b02p09,2,1502002,9,surprise,outputs/study1_35f100_v1/surprise/b02p09.wav,24000,1,2,336000,14.0
development,dev_initial100,30,b03p00,3,1502003,0,normal,outputs/study1_35f100_v1/normal/b03p00.wav,24000,1,2,416640,17.36
development,dev_initial100,30,b03p00,3,1502003,0,happy,outputs/study1_35f100_v1/happy/b03p00.wav,24000,1,2,422400,17.6
development,dev_initial100,30,b03p00,3,1502003,0,sad,outputs/study1_35f100_v1/sad/b03p00.wav,24000,1,2,462720,19.28
development,dev_initial100,30,b03p00,3,1502003,0,calm,outputs/study1_35f100_v1/calm/b03p00.wav,24000,1,2,395520,16.48
development,dev_initial100,30,b03p00,3,1502003,0,angry,outputs/study1_35f100_v1/angry/b03p00.wav,24000,1,2,364800,15.2
development,dev_initial100,30,b03p00,3,1502003,0,surprise,outputs/study1_35f100_v1/surprise/b03p00.wav,24000,1,2,332160,13.84
development,dev_initial100,31,b03p01,3,1502003,1,normal,outputs/study1_35f100_v1/normal/b03p01.wav,24000,1,2,449280,18.72
development,dev_initial100,31,b03p01,3,1502003,1,happy,outputs/study1_35f100_v1/happy/b03p01.wav,24000,1,2,418560,17.44
development,dev_initial100,31,b03p01,3,1502003,1,sad,outputs/study1_35f100_v1/sad/b03p01.wav,24000,1,2,474240,19.76
development,dev_initial100,31,b03p01,3,1502003,1,calm,outputs/study1_35f100_v1/calm/b03p01.wav,24000,1,2,328320,13.68
development,dev_initial100,31,b03p01,3,1502003,1,angry,outputs/study1_35f100_v1/angry/b03p01.wav,24000,1,2,393600,16.4
development,dev_initial100,31,b03p01,3,1502003,1,surprise,outputs/study1_35f100_v1/surprise/b03p01.wav,24000,1,2,380160,15.84
development,dev_initial100,32,b03p02,3,1502003,2,normal,outputs/study1_35f100_v1/normal/b03p02.wav,24000,1,2,376320,15.68
development,dev_initial100,32,b03p02,3,1502003,2,happy,outputs/study1_35f100_v1/happy/b03p02.wav,24000,1,2,364800,15.2
development,dev_initial100,32,b03p02,3,1502003,2,sad,outputs/study1_35f100_v1/sad/b03p02.wav,24000,1,2,362880,15.12
development,dev_initial100,32,b03p02,3,1502003,2,calm,outputs/study1_35f100_v1/calm/b03p02.wav,24000,1,2,376320,15.68
development,dev_initial100,32,b03p02,3,1502003,2,angry,outputs/study1_35f100_v1/angry/b03p02.wav,24000,1,2,370560,15.44
development,dev_initial100,32,b03p02,3,1502003,2,surprise,outputs/study1_35f100_v1/surprise/b03p02.wav,24000,1,2,424320,17.68
development,dev_initial100,33,b03p03,3,1502003,3,normal,outputs/study1_35f100_v1/normal/b03p03.wav,24000,1,2,372480,15.52
development,dev_initial100,33,b03p03,3,1502003,3,happy,outputs/study1_35f100_v1/happy/b03p03.wav,24000,1,2,385920,16.08
development,dev_initial100,33,b03p03,3,1502003,3,sad,outputs/study1_35f100_v1/sad/b03p03.wav,24000,1,2,382080,15.92
development,dev_initial100,33,b03p03,3,1502003,3,calm,outputs/study1_35f100_v1/calm/b03p03.wav,24000,1,2,382080,15.92
development,dev_initial100,33,b03p03,3,1502003,3,angry,outputs/study1_35f100_v1/angry/b03p03.wav,24000,1,2,437760,18.24
development,dev_initial100,33,b03p03,3,1502003,3,surprise,outputs/study1_35f100_v1/surprise/b03p03.wav,24000,1,2,330240,13.76
development,dev_initial100,34,b03p04,3,1502003,4,normal,outputs/study1_35f100_v1/normal/b03p04.wav,24000,1,2,362880,15.12
development,dev_initial100,34,b03p04,3,1502003,4,happy,outputs/study1_35f100_v1/happy/b03p04.wav,24000,1,2,366720,15.28
development,dev_initial100,34,b03p04,3,1502003,4,sad,outputs/study1_35f100_v1/sad/b03p04.wav,24000,1,2,353280,14.72
development,dev_initial100,34,b03p04,3,1502003,4,calm,outputs/study1_35f100_v1/calm/b03p04.wav,24000,1,2,420480,17.52
development,dev_initial100,34,b03p04,3,1502003,4,angry,outputs/study1_35f100_v1/angry/b03p04.wav,24000,1,2,420480,17.52
development,dev_initial100,34,b03p04,3,1502003,4,surprise,outputs/study1_35f100_v1/surprise/b03p04.wav,24000,1,2,412800,17.2
development,dev_initial100,35,b03p05,3,1502003,5,normal,outputs/study1_35f100_v1/normal/b03p05.wav,24000,1,2,376320,15.68
development,dev_initial100,35,b03p05,3,1502003,5,happy,outputs/study1_35f100_v1/happy/b03p05.wav,24000,1,2,393600,16.4
development,dev_initial100,35,b03p05,3,1502003,5,sad,outputs/study1_35f100_v1/sad/b03p05.wav,24000,1,2,412800,17.2
development,dev_initial100,35,b03p05,3,1502003,5,calm,outputs/study1_35f100_v1/calm/b03p05.wav,24000,1,2,462720,19.28
development,dev_initial100,35,b03p05,3,1502003,5,angry,outputs/study1_35f100_v1/angry/b03p05.wav,24000,1,2,399360,16.64
development,dev_initial100,35,b03p05,3,1502003,5,surprise,outputs/study1_35f100_v1/surprise/b03p05.wav,24000,1,2,337920,14.08
development,dev_initial100,36,b03p06,3,1502003,6,normal,outputs/study1_35f100_v1/normal/b03p06.wav,24000,1,2,359040,14.96
development,dev_initial100,36,b03p06,3,1502003,6,happy,outputs/study1_35f100_v1/happy/b03p06.wav,24000,1,2,366720,15.28
development,dev_initial100,36,b03p06,3,1502003,6,sad,outputs/study1_35f100_v1/sad/b03p06.wav,24000,1,2,382080,15.92
development,dev_initial100,36,b03p06,3,1502003,6,calm,outputs/study1_35f100_v1/calm/b03p06.wav,24000,1,2,426240,17.76
development,dev_initial100,36,b03p06,3,1502003,6,angry,outputs/study1_35f100_v1/angry/b03p06.wav,24000,1,2,314880,13.12
development,dev_initial100,36,b03p06,3,1502003,6,surprise,outputs/study1_35f100_v1/surprise/b03p06.wav,24000,1,2,370560,15.44
development,dev_initial100,37,b03p07,3,1502003,7,normal,outputs/study1_35f100_v1/normal/b03p07.wav,24000,1,2,330240,13.76
development,dev_initial100,37,b03p07,3,1502003,7,happy,outputs/study1_35f100_v1/happy/b03p07.wav,24000,1,2,422400,17.6
development,dev_initial100,37,b03p07,3,1502003,7,sad,outputs/study1_35f100_v1/sad/b03p07.wav,24000,1,2,374400,15.6
development,dev_initial100,37,b03p07,3,1502003,7,calm,outputs/study1_35f100_v1/calm/b03p07.wav,24000,1,2,403200,16.8
development,dev_initial100,37,b03p07,3,1502003,7,angry,outputs/study1_35f100_v1/angry/b03p07.wav,24000,1,2,439680,18.32
development,dev_initial100,37,b03p07,3,1502003,7,surprise,outputs/study1_35f100_v1/surprise/b03p07.wav,24000,1,2,378240,15.76
development,dev_initial100,38,b03p08,3,1502003,8,normal,outputs/study1_35f100_v1/normal/b03p08.wav,24000,1,2,370560,15.44
development,dev_initial100,38,b03p08,3,1502003,8,happy,outputs/study1_35f100_v1/happy/b03p08.wav,24000,1,2,359040,14.96
development,dev_initial100,38,b03p08,3,1502003,8,sad,outputs/study1_35f100_v1/sad/b03p08.wav,24000,1,2,387840,16.16
development,dev_initial100,38,b03p08,3,1502003,8,calm,outputs/study1_35f100_v1/calm/b03p08.wav,24000,1,2,439680,18.32
development,dev_initial100,38,b03p08,3,1502003,8,angry,outputs/study1_35f100_v1/angry/b03p08.wav,24000,1,2,380160,15.84
development,dev_initial100,38,b03p08,3,1502003,8,surprise,outputs/study1_35f100_v1/surprise/b03p08.wav,24000,1,2,351360,14.64
development,dev_initial100,39,b03p09,3,1502003,9,normal,outputs/study1_35f100_v1/normal/b03p09.wav,24000,1,2,337920,14.08
development,dev_initial100,39,b03p09,3,1502003,9,happy,outputs/study1_35f100_v1/happy/b03p09.wav,24000,1,2,408960,17.04
development,dev_initial100,39,b03p09,3,1502003,9,sad,outputs/study1_35f100_v1/sad/b03p09.wav,24000,1,2,443520,18.48
development,dev_initial100,39,b03p09,3,1502003,9,calm,outputs/study1_35f100_v1/calm/b03p09.wav,24000,1,2,428160,17.84
development,dev_initial100,39,b03p09,3,1502003,9,angry,outputs/study1_35f100_v1/angry/b03p09.wav,24000,1,2,324480,13.52
development,dev_initial100,39,b03p09,3,1502003,9,surprise,outputs/study1_35f100_v1/surprise/b03p09.wav,24000,1,2,311040,12.96
development,dev_initial100,40,b04p00,4,1502004,0,normal,outputs/study1_35f100_v1/normal/b04p00.wav,24000,1,2,378240,15.76
development,dev_initial100,40,b04p00,4,1502004,0,happy,outputs/study1_35f100_v1/happy/b04p00.wav,24000,1,2,385920,16.08
development,dev_initial100,40,b04p00,4,1502004,0,sad,outputs/study1_35f100_v1/sad/b04p00.wav,24000,1,2,447360,18.64
development,dev_initial100,40,b04p00,4,1502004,0,calm,outputs/study1_35f100_v1/calm/b04p00.wav,24000,1,2,353280,14.72
development,dev_initial100,40,b04p00,4,1502004,0,angry,outputs/study1_35f100_v1/angry/b04p00.wav,24000,1,2,378240,15.76
development,dev_initial100,40,b04p00,4,1502004,0,surprise,outputs/study1_35f100_v1/surprise/b04p00.wav,24000,1,2,347520,14.48
development,dev_initial100,41,b04p01,4,1502004,1,normal,outputs/study1_35f100_v1/normal/b04p01.wav,24000,1,2,382080,15.92
development,dev_initial100,41,b04p01,4,1502004,1,happy,outputs/study1_35f100_v1/happy/b04p01.wav,24000,1,2,372480,15.52
development,dev_initial100,41,b04p01,4,1502004,1,sad,outputs/study1_35f100_v1/sad/b04p01.wav,24000,1,2,491520,20.48
development,dev_initial100,41,b04p01,4,1502004,1,calm,outputs/study1_35f100_v1/calm/b04p01.wav,24000,1,2,437760,18.24
development,dev_initial100,41,b04p01,4,1502004,1,angry,outputs/study1_35f100_v1/angry/b04p01.wav,24000,1,2,316800,13.2
development,dev_initial100,41,b04p01,4,1502004,1,surprise,outputs/study1_35f100_v1/surprise/b04p01.wav,24000,1,2,372480,15.52
development,dev_initial100,42,b04p02,4,1502004,2,normal,outputs/study1_35f100_v1/normal/b04p02.wav,24000,1,2,451200,18.8
development,dev_initial100,42,b04p02,4,1502004,2,happy,outputs/study1_35f100_v1/happy/b04p02.wav,24000,1,2,451200,18.8
development,dev_initial100,42,b04p02,4,1502004,2,sad,outputs/study1_35f100_v1/sad/b04p02.wav,24000,1,2,399360,16.64
development,dev_initial100,42,b04p02,4,1502004,2,calm,outputs/study1_35f100_v1/calm/b04p02.wav,24000,1,2,458880,19.12
development,dev_initial100,42,b04p02,4,1502004,2,angry,outputs/study1_35f100_v1/angry/b04p02.wav,24000,1,2,378240,15.76
development,dev_initial100,42,b04p02,4,1502004,2,surprise,outputs/study1_35f100_v1/surprise/b04p02.wav,24000,1,2,368640,15.36
development,dev_initial100,43,b04p03,4,1502004,3,normal,outputs/study1_35f100_v1/normal/b04p03.wav,24000,1,2,591360,24.64
development,dev_initial100,43,b04p03,4,1502004,3,happy,outputs/study1_35f100_v1/happy/b04p03.wav,24000,1,2,384000,16.0
development,dev_initial100,43,b04p03,4,1502004,3,sad,outputs/study1_35f100_v1/sad/b04p03.wav,24000,1,2,520320,21.68
development,dev_initial100,43,b04p03,4,1502004,3,calm,outputs/study1_35f100_v1/calm/b04p03.wav,24000,1,2,420480,17.52
development,dev_initial100,43,b04p03,4,1502004,3,angry,outputs/study1_35f100_v1/angry/b04p03.wav,24000,1,2,316800,13.2
development,dev_initial100,43,b04p03,4,1502004,3,surprise,outputs/study1_35f100_v1/surprise/b04p03.wav,24000,1,2,362880,15.12
development,dev_initial100,44,b04p04,4,1502004,4,normal,outputs/study1_35f100_v1/normal/b04p04.wav,24000,1,2,389760,16.24
development,dev_initial100,44,b04p04,4,1502004,4,happy,outputs/study1_35f100_v1/happy/b04p04.wav,24000,1,2,391680,16.32
development,dev_initial100,44,b04p04,4,1502004,4,sad,outputs/study1_35f100_v1/sad/b04p04.wav,24000,1,2,437760,18.24
development,dev_initial100,44,b04p04,4,1502004,4,calm,outputs/study1_35f100_v1/calm/b04p04.wav,24000,1,2,401280,16.72
development,dev_initial100,44,b04p04,4,1502004,4,angry,outputs/study1_35f100_v1/angry/b04p04.wav,24000,1,2,366720,15.28
development,dev_initial100,44,b04p04,4,1502004,4,surprise,outputs/study1_35f100_v1/surprise/b04p04.wav,24000,1,2,366720,15.28
development,dev_initial100,45,b04p05,4,1502004,5,normal,outputs/study1_35f100_v1/normal/b04p05.wav,24000,1,2,441600,18.4
development,dev_initial100,45,b04p05,4,1502004,5,happy,outputs/study1_35f100_v1/happy/b04p05.wav,24000,1,2,347520,14.48
development,dev_initial100,45,b04p05,4,1502004,5,sad,outputs/study1_35f100_v1/sad/b04p05.wav,24000,1,2,416640,17.36
development,dev_initial100,45,b04p05,4,1502004,5,calm,outputs/study1_35f100_v1/calm/b04p05.wav,24000,1,2,389760,16.24
development,dev_initial100,45,b04p05,4,1502004,5,angry,outputs/study1_35f100_v1/angry/b04p05.wav,24000,1,2,330240,13.76
development,dev_initial100,45,b04p05,4,1502004,5,surprise,outputs/study1_35f100_v1/surprise/b04p05.wav,24000,1,2,382080,15.92
development,dev_initial100,46,b04p06,4,1502004,6,normal,outputs/study1_35f100_v1/normal/b04p06.wav,24000,1,2,389760,16.24
development,dev_initial100,46,b04p06,4,1502004,6,happy,outputs/study1_35f100_v1/happy/b04p06.wav,24000,1,2,351360,14.64
development,dev_initial100,46,b04p06,4,1502004,6,sad,outputs/study1_35f100_v1/sad/b04p06.wav,24000,1,2,395520,16.48
development,dev_initial100,46,b04p06,4,1502004,6,calm,outputs/study1_35f100_v1/calm/b04p06.wav,24000,1,2,380160,15.84
development,dev_initial100,46,b04p06,4,1502004,6,angry,outputs/study1_35f100_v1/angry/b04p06.wav,24000,1,2,339840,14.16
development,dev_initial100,46,b04p06,4,1502004,6,surprise,outputs/study1_35f100_v1/surprise/b04p06.wav,24000,1,2,426240,17.76
development,dev_initial100,47,b04p07,4,1502004,7,normal,outputs/study1_35f100_v1/normal/b04p07.wav,24000,1,2,412800,17.2
development,dev_initial100,47,b04p07,4,1502004,7,happy,outputs/study1_35f100_v1/happy/b04p07.wav,24000,1,2,372480,15.52
development,dev_initial100,47,b04p07,4,1502004,7,sad,outputs/study1_35f100_v1/sad/b04p07.wav,24000,1,2,395520,16.48
development,dev_initial100,47,b04p07,4,1502004,7,calm,outputs/study1_35f100_v1/calm/b04p07.wav,24000,1,2,370560,15.44
development,dev_initial100,47,b04p07,4,1502004,7,angry,outputs/study1_35f100_v1/angry/b04p07.wav,24000,1,2,345600,14.4
development,dev_initial100,47,b04p07,4,1502004,7,surprise,outputs/study1_35f100_v1/surprise/b04p07.wav,24000,1,2,341760,14.24
development,dev_initial100,48,b04p08,4,1502004,8,normal,outputs/study1_35f100_v1/normal/b04p08.wav,24000,1,2,370560,15.44
development,dev_initial100,48,b04p08,4,1502004,8,happy,outputs/study1_35f100_v1/happy/b04p08.wav,24000,1,2,357120,14.88
development,dev_initial100,48,b04p08,4,1502004,8,sad,outputs/study1_35f100_v1/sad/b04p08.wav,24000,1,2,456960,19.04
development,dev_initial100,48,b04p08,4,1502004,8,calm,outputs/study1_35f100_v1/calm/b04p08.wav,24000,1,2,435840,18.16
development,dev_initial100,48,b04p08,4,1502004,8,angry,outputs/study1_35f100_v1/angry/b04p08.wav,24000,1,2,382080,15.92
development,dev_initial100,48,b04p08,4,1502004,8,surprise,outputs/study1_35f100_v1/surprise/b04p08.wav,24000,1,2,368640,15.36
development,dev_initial100,49,b04p09,4,1502004,9,normal,outputs/study1_35f100_v1/normal/b04p09.wav,24000,1,2,345600,14.4
development,dev_initial100,49,b04p09,4,1502004,9,happy,outputs/study1_35f100_v1/happy/b04p09.wav,24000,1,2,330240,13.76
development,dev_initial100,49,b04p09,4,1502004,9,sad,outputs/study1_35f100_v1/sad/b04p09.wav,24000,1,2,407040,16.96
development,dev_initial100,49,b04p09,4,1502004,9,calm,outputs/study1_35f100_v1/calm/b04p09.wav,24000,1,2,345600,14.4
development,dev_initial100,49,b04p09,4,1502004,9,angry,outputs/study1_35f100_v1/angry/b04p09.wav,24000,1,2,326400,13.6
development,dev_initial100,49,b04p09,4,1502004,9,surprise,outputs/study1_35f100_v1/surprise/b04p09.wav,24000,1,2,345600,14.4
development,dev_initial100,50,b05p00,5,1502005,0,normal,outputs/study1_35f100_v1/normal/b05p00.wav,24000,1,2,387840,16.16
development,dev_initial100,50,b05p00,5,1502005,0,happy,outputs/study1_35f100_v1/happy/b05p00.wav,24000,1,2,349440,14.56
development,dev_initial100,50,b05p00,5,1502005,0,sad,outputs/study1_35f100_v1/sad/b05p00.wav,24000,1,2,430080,17.92
development,dev_initial100,50,b05p00,5,1502005,0,calm,outputs/study1_35f100_v1/calm/b05p00.wav,24000,1,2,572160,23.84
development,dev_initial100,50,b05p00,5,1502005,0,angry,outputs/study1_35f100_v1/angry/b05p00.wav,24000,1,2,328320,13.68
development,dev_initial100,50,b05p00,5,1502005,0,surprise,outputs/study1_35f100_v1/surprise/b05p00.wav,24000,1,2,328320,13.68
development,dev_initial100,51,b05p01,5,1502005,1,normal,outputs/study1_35f100_v1/normal/b05p01.wav,24000,1,2,360960,15.04
development,dev_initial100,51,b05p01,5,1502005,1,happy,outputs/study1_35f100_v1/happy/b05p01.wav,24000,1,2,418560,17.44
development,dev_initial100,51,b05p01,5,1502005,1,sad,outputs/study1_35f100_v1/sad/b05p01.wav,24000,1,2,391680,16.32
development,dev_initial100,51,b05p01,5,1502005,1,calm,outputs/study1_35f100_v1/calm/b05p01.wav,24000,1,2,439680,18.32
development,dev_initial100,51,b05p01,5,1502005,1,angry,outputs/study1_35f100_v1/angry/b05p01.wav,24000,1,2,303360,12.64
development,dev_initial100,51,b05p01,5,1502005,1,surprise,outputs/study1_35f100_v1/surprise/b05p01.wav,24000,1,2,330240,13.76
development,dev_initial100,52,b05p02,5,1502005,2,normal,outputs/study1_35f100_v1/normal/b05p02.wav,24000,1,2,422400,17.6
development,dev_initial100,52,b05p02,5,1502005,2,happy,outputs/study1_35f100_v1/happy/b05p02.wav,24000,1,2,360960,15.04
development,dev_initial100,52,b05p02,5,1502005,2,sad,outputs/study1_35f100_v1/sad/b05p02.wav,24000,1,2,391680,16.32
development,dev_initial100,52,b05p02,5,1502005,2,calm,outputs/study1_35f100_v1/calm/b05p02.wav,24000,1,2,359040,14.96
development,dev_initial100,52,b05p02,5,1502005,2,angry,outputs/study1_35f100_v1/angry/b05p02.wav,24000,1,2,341760,14.24
development,dev_initial100,52,b05p02,5,1502005,2,surprise,outputs/study1_35f100_v1/surprise/b05p02.wav,24000,1,2,351360,14.64
development,dev_initial100,53,b05p03,5,1502005,3,normal,outputs/study1_35f100_v1/normal/b05p03.wav,24000,1,2,291840,12.16
development,dev_initial100,53,b05p03,5,1502005,3,happy,outputs/study1_35f100_v1/happy/b05p03.wav,24000,1,2,374400,15.6
development,dev_initial100,53,b05p03,5,1502005,3,sad,outputs/study1_35f100_v1/sad/b05p03.wav,24000,1,2,374400,15.6
development,dev_initial100,53,b05p03,5,1502005,3,calm,outputs/study1_35f100_v1/calm/b05p03.wav,24000,1,2,455040,18.96
development,dev_initial100,53,b05p03,5,1502005,3,angry,outputs/study1_35f100_v1/angry/b05p03.wav,24000,1,2,385920,16.08
development,dev_initial100,53,b05p03,5,1502005,3,surprise,outputs/study1_35f100_v1/surprise/b05p03.wav,24000,1,2,339840,14.16
development,dev_initial100,54,b05p04,5,1502005,4,normal,outputs/study1_35f100_v1/normal/b05p04.wav,24000,1,2,385920,16.08
development,dev_initial100,54,b05p04,5,1502005,4,happy,outputs/study1_35f100_v1/happy/b05p04.wav,24000,1,2,349440,14.56
development,dev_initial100,54,b05p04,5,1502005,4,sad,outputs/study1_35f100_v1/sad/b05p04.wav,24000,1,2,385920,16.08
development,dev_initial100,54,b05p04,5,1502005,4,calm,outputs/study1_35f100_v1/calm/b05p04.wav,24000,1,2,357120,14.88
development,dev_initial100,54,b05p04,5,1502005,4,angry,outputs/study1_35f100_v1/angry/b05p04.wav,24000,1,2,314880,13.12
development,dev_initial100,54,b05p04,5,1502005,4,surprise,outputs/study1_35f100_v1/surprise/b05p04.wav,24000,1,2,330240,13.76
development,dev_initial100,55,b05p05,5,1502005,5,normal,outputs/study1_35f100_v1/normal/b05p05.wav,24000,1,2,403200,16.8
development,dev_initial100,55,b05p05,5,1502005,5,happy,outputs/study1_35f100_v1/happy/b05p05.wav,24000,1,2,339840,14.16
development,dev_initial100,55,b05p05,5,1502005,5,sad,outputs/study1_35f100_v1/sad/b05p05.wav,24000,1,2,504960,21.04
development,dev_initial100,55,b05p05,5,1502005,5,calm,outputs/study1_35f100_v1/calm/b05p05.wav,24000,1,2,405120,16.88
development,dev_initial100,55,b05p05,5,1502005,5,angry,outputs/study1_35f100_v1/angry/b05p05.wav,24000,1,2,362880,15.12
development,dev_initial100,55,b05p05,5,1502005,5,surprise,outputs/study1_35f100_v1/surprise/b05p05.wav,24000,1,2,336000,14.0
development,dev_initial100,56,b05p06,5,1502005,6,normal,outputs/study1_35f100_v1/normal/b05p06.wav,24000,1,2,341760,14.24
development,dev_initial100,56,b05p06,5,1502005,6,happy,outputs/study1_35f100_v1/happy/b05p06.wav,24000,1,2,372480,15.52
development,dev_initial100,56,b05p06,5,1502005,6,sad,outputs/study1_35f100_v1/sad/b05p06.wav,24000,1,2,489600,20.4
development,dev_initial100,56,b05p06,5,1502005,6,calm,outputs/study1_35f100_v1/calm/b05p06.wav,24000,1,2,462720,19.28
development,dev_initial100,56,b05p06,5,1502005,6,angry,outputs/study1_35f100_v1/angry/b05p06.wav,24000,1,2,360960,15.04
development,dev_initial100,56,b05p06,5,1502005,6,surprise,outputs/study1_35f100_v1/surprise/b05p06.wav,24000,1,2,393600,16.4
development,dev_initial100,57,b05p07,5,1502005,7,normal,outputs/study1_35f100_v1/normal/b05p07.wav,24000,1,2,330240,13.76
development,dev_initial100,57,b05p07,5,1502005,7,happy,outputs/study1_35f100_v1/happy/b05p07.wav,24000,1,2,526080,21.92
development,dev_initial100,57,b05p07,5,1502005,7,sad,outputs/study1_35f100_v1/sad/b05p07.wav,24000,1,2,460800,19.2
development,dev_initial100,57,b05p07,5,1502005,7,calm,outputs/study1_35f100_v1/calm/b05p07.wav,24000,1,2,397440,16.56
development,dev_initial100,57,b05p07,5,1502005,7,angry,outputs/study1_35f100_v1/angry/b05p07.wav,24000,1,2,330240,13.76
development,dev_initial100,57,b05p07,5,1502005,7,surprise,outputs/study1_35f100_v1/surprise/b05p07.wav,24000,1,2,385920,16.08
development,dev_initial100,58,b05p08,5,1502005,8,normal,outputs/study1_35f100_v1/normal/b05p08.wav,24000,1,2,368640,15.36
development,dev_initial100,58,b05p08,5,1502005,8,happy,outputs/study1_35f100_v1/happy/b05p08.wav,24000,1,2,368640,15.36
development,dev_initial100,58,b05p08,5,1502005,8,sad,outputs/study1_35f100_v1/sad/b05p08.wav,24000,1,2,552960,23.04
development,dev_initial100,58,b05p08,5,1502005,8,calm,outputs/study1_35f100_v1/calm/b05p08.wav,24000,1,2,391680,16.32
development,dev_initial100,58,b05p08,5,1502005,8,angry,outputs/study1_35f100_v1/angry/b05p08.wav,24000,1,2,426240,17.76
development,dev_initial100,58,b05p08,5,1502005,8,surprise,outputs/study1_35f100_v1/surprise/b05p08.wav,24000,1,2,351360,14.64
development,dev_initial100,59,b05p09,5,1502005,9,normal,outputs/study1_35f100_v1/normal/b05p09.wav,24000,1,2,366720,15.28
development,dev_initial100,59,b05p09,5,1502005,9,happy,outputs/study1_35f100_v1/happy/b05p09.wav,24000,1,2,422400,17.6
development,dev_initial100,59,b05p09,5,1502005,9,sad,outputs/study1_35f100_v1/sad/b05p09.wav,24000,1,2,432000,18.0
development,dev_initial100,59,b05p09,5,1502005,9,calm,outputs/study1_35f100_v1/calm/b05p09.wav,24000,1,2,468480,19.52
development,dev_initial100,59,b05p09,5,1502005,9,angry,outputs/study1_35f100_v1/angry/b05p09.wav,24000,1,2,337920,14.08
development,dev_initial100,59,b05p09,5,1502005,9,surprise,outputs/study1_35f100_v1/surprise/b05p09.wav,24000,1,2,432000,18.0
development,dev_initial100,60,b06p00,6,1502006,0,normal,outputs/study1_35f100_v1/normal/b06p00.wav,24000,1,2,355200,14.8
development,dev_initial100,60,b06p00,6,1502006,0,happy,outputs/study1_35f100_v1/happy/b06p00.wav,24000,1,2,349440,14.56
development,dev_initial100,60,b06p00,6,1502006,0,sad,outputs/study1_35f100_v1/sad/b06p00.wav,24000,1,2,445440,18.56
development,dev_initial100,60,b06p00,6,1502006,0,calm,outputs/study1_35f100_v1/calm/b06p00.wav,24000,1,2,403200,16.8
development,dev_initial100,60,b06p00,6,1502006,0,angry,outputs/study1_35f100_v1/angry/b06p00.wav,24000,1,2,443520,18.48
development,dev_initial100,60,b06p00,6,1502006,0,surprise,outputs/study1_35f100_v1/surprise/b06p00.wav,24000,1,2,378240,15.76
development,dev_initial100,61,b06p01,6,1502006,1,normal,outputs/study1_35f100_v1/normal/b06p01.wav,24000,1,2,320640,13.36
development,dev_initial100,61,b06p01,6,1502006,1,happy,outputs/study1_35f100_v1/happy/b06p01.wav,24000,1,2,366720,15.28
development,dev_initial100,61,b06p01,6,1502006,1,sad,outputs/study1_35f100_v1/sad/b06p01.wav,24000,1,2,504960,21.04
development,dev_initial100,61,b06p01,6,1502006,1,calm,outputs/study1_35f100_v1/calm/b06p01.wav,24000,1,2,345600,14.4
development,dev_initial100,61,b06p01,6,1502006,1,angry,outputs/study1_35f100_v1/angry/b06p01.wav,24000,1,2,360960,15.04
development,dev_initial100,61,b06p01,6,1502006,1,surprise,outputs/study1_35f100_v1/surprise/b06p01.wav,24000,1,2,359040,14.96
development,dev_initial100,62,b06p02,6,1502006,2,normal,outputs/study1_35f100_v1/normal/b06p02.wav,24000,1,2,401280,16.72
development,dev_initial100,62,b06p02,6,1502006,2,happy,outputs/study1_35f100_v1/happy/b06p02.wav,24000,1,2,370560,15.44
development,dev_initial100,62,b06p02,6,1502006,2,sad,outputs/study1_35f100_v1/sad/b06p02.wav,24000,1,2,650880,27.12
development,dev_initial100,62,b06p02,6,1502006,2,calm,outputs/study1_35f100_v1/calm/b06p02.wav,24000,1,2,364800,15.2
development,dev_initial100,62,b06p02,6,1502006,2,angry,outputs/study1_35f100_v1/angry/b06p02.wav,24000,1,2,322560,13.44
development,dev_initial100,62,b06p02,6,1502006,2,surprise,outputs/study1_35f100_v1/surprise/b06p02.wav,24000,1,2,362880,15.12
development,dev_initial100,63,b06p03,6,1502006,3,normal,outputs/study1_35f100_v1/normal/b06p03.wav,24000,1,2,372480,15.52
development,dev_initial100,63,b06p03,6,1502006,3,happy,outputs/study1_35f100_v1/happy/b06p03.wav,24000,1,2,382080,15.92
development,dev_initial100,63,b06p03,6,1502006,3,sad,outputs/study1_35f100_v1/sad/b06p03.wav,24000,1,2,359040,14.96
development,dev_initial100,63,b06p03,6,1502006,3,calm,outputs/study1_35f100_v1/calm/b06p03.wav,24000,1,2,405120,16.88
development,dev_initial100,63,b06p03,6,1502006,3,angry,outputs/study1_35f100_v1/angry/b06p03.wav,24000,1,2,360960,15.04
development,dev_initial100,63,b06p03,6,1502006,3,surprise,outputs/study1_35f100_v1/surprise/b06p03.wav,24000,1,2,337920,14.08
development,dev_initial100,64,b06p04,6,1502006,4,normal,outputs/study1_35f100_v1/normal/b06p04.wav,24000,1,2,389760,16.24
development,dev_initial100,64,b06p04,6,1502006,4,happy,outputs/study1_35f100_v1/happy/b06p04.wav,24000,1,2,345600,14.4
development,dev_initial100,64,b06p04,6,1502006,4,sad,outputs/study1_35f100_v1/sad/b06p04.wav,24000,1,2,401280,16.72
development,dev_initial100,64,b06p04,6,1502006,4,calm,outputs/study1_35f100_v1/calm/b06p04.wav,24000,1,2,420480,17.52
development,dev_initial100,64,b06p04,6,1502006,4,angry,outputs/study1_35f100_v1/angry/b06p04.wav,24000,1,2,337920,14.08
development,dev_initial100,64,b06p04,6,1502006,4,surprise,outputs/study1_35f100_v1/surprise/b06p04.wav,24000,1,2,370560,15.44
development,dev_initial100,65,b06p05,6,1502006,5,normal,outputs/study1_35f100_v1/normal/b06p05.wav,24000,1,2,426240,17.76
development,dev_initial100,65,b06p05,6,1502006,5,happy,outputs/study1_35f100_v1/happy/b06p05.wav,24000,1,2,416640,17.36
development,dev_initial100,65,b06p05,6,1502006,5,sad,outputs/study1_35f100_v1/sad/b06p05.wav,24000,1,2,405120,16.88
development,dev_initial100,65,b06p05,6,1502006,5,calm,outputs/study1_35f100_v1/calm/b06p05.wav,24000,1,2,366720,15.28
development,dev_initial100,65,b06p05,6,1502006,5,angry,outputs/study1_35f100_v1/angry/b06p05.wav,24000,1,2,372480,15.52
development,dev_initial100,65,b06p05,6,1502006,5,surprise,outputs/study1_35f100_v1/surprise/b06p05.wav,24000,1,2,468480,19.52
development,dev_initial100,66,b06p06,6,1502006,6,normal,outputs/study1_35f100_v1/normal/b06p06.wav,24000,1,2,422400,17.6
development,dev_initial100,66,b06p06,6,1502006,6,happy,outputs/study1_35f100_v1/happy/b06p06.wav,24000,1,2,391680,16.32
development,dev_initial100,66,b06p06,6,1502006,6,sad,outputs/study1_35f100_v1/sad/b06p06.wav,24000,1,2,422400,17.6
development,dev_initial100,66,b06p06,6,1502006,6,calm,outputs/study1_35f100_v1/calm/b06p06.wav,24000,1,2,366720,15.28
development,dev_initial100,66,b06p06,6,1502006,6,angry,outputs/study1_35f100_v1/angry/b06p06.wav,24000,1,2,357120,14.88
development,dev_initial100,66,b06p06,6,1502006,6,surprise,outputs/study1_35f100_v1/surprise/b06p06.wav,24000,1,2,380160,15.84
development,dev_initial100,67,b06p07,6,1502006,7,normal,outputs/study1_35f100_v1/normal/b06p07.wav,24000,1,2,441600,18.4
development,dev_initial100,67,b06p07,6,1502006,7,happy,outputs/study1_35f100_v1/happy/b06p07.wav,24000,1,2,314880,13.12
development,dev_initial100,67,b06p07,6,1502006,7,sad,outputs/study1_35f100_v1/sad/b06p07.wav,24000,1,2,453120,18.88
development,dev_initial100,67,b06p07,6,1502006,7,calm,outputs/study1_35f100_v1/calm/b06p07.wav,24000,1,2,401280,16.72
development,dev_initial100,67,b06p07,6,1502006,7,angry,outputs/study1_35f100_v1/angry/b06p07.wav,24000,1,2,326400,13.6
development,dev_initial100,67,b06p07,6,1502006,7,surprise,outputs/study1_35f100_v1/surprise/b06p07.wav,24000,1,2,506880,21.12
development,dev_initial100,68,b06p08,6,1502006,8,normal,outputs/study1_35f100_v1/normal/b06p08.wav,24000,1,2,414720,17.28
development,dev_initial100,68,b06p08,6,1502006,8,happy,outputs/study1_35f100_v1/happy/b06p08.wav,24000,1,2,347520,14.48
development,dev_initial100,68,b06p08,6,1502006,8,sad,outputs/study1_35f100_v1/sad/b06p08.wav,24000,1,2,382080,15.92
development,dev_initial100,68,b06p08,6,1502006,8,calm,outputs/study1_35f100_v1/calm/b06p08.wav,24000,1,2,385920,16.08
development,dev_initial100,68,b06p08,6,1502006,8,angry,outputs/study1_35f100_v1/angry/b06p08.wav,24000,1,2,368640,15.36
development,dev_initial100,68,b06p08,6,1502006,8,surprise,outputs/study1_35f100_v1/surprise/b06p08.wav,24000,1,2,360960,15.04
development,dev_initial100,69,b06p09,6,1502006,9,normal,outputs/study1_35f100_v1/normal/b06p09.wav,24000,1,2,368640,15.36
development,dev_initial100,69,b06p09,6,1502006,9,happy,outputs/study1_35f100_v1/happy/b06p09.wav,24000,1,2,424320,17.68
development,dev_initial100,69,b06p09,6,1502006,9,sad,outputs/study1_35f100_v1/sad/b06p09.wav,24000,1,2,543360,22.64
development,dev_initial100,69,b06p09,6,1502006,9,calm,outputs/study1_35f100_v1/calm/b06p09.wav,24000,1,2,407040,16.96
development,dev_initial100,69,b06p09,6,1502006,9,angry,outputs/study1_35f100_v1/angry/b06p09.wav,24000,1,2,441600,18.4
development,dev_initial100,69,b06p09,6,1502006,9,surprise,outputs/study1_35f100_v1/surprise/b06p09.wav,24000,1,2,449280,18.72
development,dev_initial100,70,b07p00,7,1502007,0,normal,outputs/study1_35f100_v1/normal/b07p00.wav,24000,1,2,366720,15.28
development,dev_initial100,70,b07p00,7,1502007,0,happy,outputs/study1_35f100_v1/happy/b07p00.wav,24000,1,2,391680,16.32
development,dev_initial100,70,b07p00,7,1502007,0,sad,outputs/study1_35f100_v1/sad/b07p00.wav,24000,1,2,439680,18.32
development,dev_initial100,70,b07p00,7,1502007,0,calm,outputs/study1_35f100_v1/calm/b07p00.wav,24000,1,2,449280,18.72
development,dev_initial100,70,b07p00,7,1502007,0,angry,outputs/study1_35f100_v1/angry/b07p00.wav,24000,1,2,376320,15.68
development,dev_initial100,70,b07p00,7,1502007,0,surprise,outputs/study1_35f100_v1/surprise/b07p00.wav,24000,1,2,403200,16.8
development,dev_initial100,71,b07p01,7,1502007,1,normal,outputs/study1_35f100_v1/normal/b07p01.wav,24000,1,2,343680,14.32
development,dev_initial100,71,b07p01,7,1502007,1,happy,outputs/study1_35f100_v1/happy/b07p01.wav,24000,1,2,347520,14.48
development,dev_initial100,71,b07p01,7,1502007,1,sad,outputs/study1_35f100_v1/sad/b07p01.wav,24000,1,2,376320,15.68
development,dev_initial100,71,b07p01,7,1502007,1,calm,outputs/study1_35f100_v1/calm/b07p01.wav,24000,1,2,385920,16.08
development,dev_initial100,71,b07p01,7,1502007,1,angry,outputs/study1_35f100_v1/angry/b07p01.wav,24000,1,2,297600,12.4
development,dev_initial100,71,b07p01,7,1502007,1,surprise,outputs/study1_35f100_v1/surprise/b07p01.wav,24000,1,2,380160,15.84
development,dev_initial100,72,b07p02,7,1502007,2,normal,outputs/study1_35f100_v1/normal/b07p02.wav,24000,1,2,376320,15.68
development,dev_initial100,72,b07p02,7,1502007,2,happy,outputs/study1_35f100_v1/happy/b07p02.wav,24000,1,2,360960,15.04
development,dev_initial100,72,b07p02,7,1502007,2,sad,outputs/study1_35f100_v1/sad/b07p02.wav,24000,1,2,364800,15.2
development,dev_initial100,72,b07p02,7,1502007,2,calm,outputs/study1_35f100_v1/calm/b07p02.wav,24000,1,2,362880,15.12
development,dev_initial100,72,b07p02,7,1502007,2,angry,outputs/study1_35f100_v1/angry/b07p02.wav,24000,1,2,443520,18.48
development,dev_initial100,72,b07p02,7,1502007,2,surprise,outputs/study1_35f100_v1/surprise/b07p02.wav,24000,1,2,345600,14.4
development,dev_initial100,73,b07p03,7,1502007,3,normal,outputs/study1_35f100_v1/normal/b07p03.wav,24000,1,2,481920,20.08
development,dev_initial100,73,b07p03,7,1502007,3,happy,outputs/study1_35f100_v1/happy/b07p03.wav,24000,1,2,372480,15.52
development,dev_initial100,73,b07p03,7,1502007,3,sad,outputs/study1_35f100_v1/sad/b07p03.wav,24000,1,2,487680,20.32
development,dev_initial100,73,b07p03,7,1502007,3,calm,outputs/study1_35f100_v1/calm/b07p03.wav,24000,1,2,380160,15.84
development,dev_initial100,73,b07p03,7,1502007,3,angry,outputs/study1_35f100_v1/angry/b07p03.wav,24000,1,2,351360,14.64
development,dev_initial100,73,b07p03,7,1502007,3,surprise,outputs/study1_35f100_v1/surprise/b07p03.wav,24000,1,2,368640,15.36
development,dev_initial100,74,b07p04,7,1502007,4,normal,outputs/study1_35f100_v1/normal/b07p04.wav,24000,1,2,476160,19.84
development,dev_initial100,74,b07p04,7,1502007,4,happy,outputs/study1_35f100_v1/happy/b07p04.wav,24000,1,2,364800,15.2
development,dev_initial100,74,b07p04,7,1502007,4,sad,outputs/study1_35f100_v1/sad/b07p04.wav,24000,1,2,349440,14.56
development,dev_initial100,74,b07p04,7,1502007,4,calm,outputs/study1_35f100_v1/calm/b07p04.wav,24000,1,2,407040,16.96
development,dev_initial100,74,b07p04,7,1502007,4,angry,outputs/study1_35f100_v1/angry/b07p04.wav,24000,1,2,412800,17.2
development,dev_initial100,74,b07p04,7,1502007,4,surprise,outputs/study1_35f100_v1/surprise/b07p04.wav,24000,1,2,384000,16.0
development,dev_initial100,75,b07p05,7,1502007,5,normal,outputs/study1_35f100_v1/normal/b07p05.wav,24000,1,2,309120,12.88
development,dev_initial100,75,b07p05,7,1502007,5,happy,outputs/study1_35f100_v1/happy/b07p05.wav,24000,1,2,378240,15.76
development,dev_initial100,75,b07p05,7,1502007,5,sad,outputs/study1_35f100_v1/sad/b07p05.wav,24000,1,2,1413120,58.88
development,dev_initial100,75,b07p05,7,1502007,5,calm,outputs/study1_35f100_v1/calm/b07p05.wav,24000,1,2,378240,15.76
development,dev_initial100,75,b07p05,7,1502007,5,angry,outputs/study1_35f100_v1/angry/b07p05.wav,24000,1,2,343680,14.32
development,dev_initial100,75,b07p05,7,1502007,5,surprise,outputs/study1_35f100_v1/surprise/b07p05.wav,24000,1,2,360960,15.04
development,dev_initial100,76,b07p06,7,1502007,6,normal,outputs/study1_35f100_v1/normal/b07p06.wav,24000,1,2,410880,17.12
development,dev_initial100,76,b07p06,7,1502007,6,happy,outputs/study1_35f100_v1/happy/b07p06.wav,24000,1,2,374400,15.6
development,dev_initial100,76,b07p06,7,1502007,6,sad,outputs/study1_35f100_v1/sad/b07p06.wav,24000,1,2,382080,15.92
development,dev_initial100,76,b07p06,7,1502007,6,calm,outputs/study1_35f100_v1/calm/b07p06.wav,24000,1,2,430080,17.92
development,dev_initial100,76,b07p06,7,1502007,6,angry,outputs/study1_35f100_v1/angry/b07p06.wav,24000,1,2,334080,13.92
development,dev_initial100,76,b07p06,7,1502007,6,surprise,outputs/study1_35f100_v1/surprise/b07p06.wav,24000,1,2,336000,14.0
development,dev_initial100,77,b07p07,7,1502007,7,normal,outputs/study1_35f100_v1/normal/b07p07.wav,24000,1,2,339840,14.16
development,dev_initial100,77,b07p07,7,1502007,7,happy,outputs/study1_35f100_v1/happy/b07p07.wav,24000,1,2,451200,18.8
development,dev_initial100,77,b07p07,7,1502007,7,sad,outputs/study1_35f100_v1/sad/b07p07.wav,24000,1,2,391680,16.32
development,dev_initial100,77,b07p07,7,1502007,7,calm,outputs/study1_35f100_v1/calm/b07p07.wav,24000,1,2,432000,18.0
development,dev_initial100,77,b07p07,7,1502007,7,angry,outputs/study1_35f100_v1/angry/b07p07.wav,24000,1,2,318720,13.28
development,dev_initial100,77,b07p07,7,1502007,7,surprise,outputs/study1_35f100_v1/surprise/b07p07.wav,24000,1,2,360960,15.04
development,dev_initial100,78,b07p08,7,1502007,8,normal,outputs/study1_35f100_v1/normal/b07p08.wav,24000,1,2,357120,14.88
development,dev_initial100,78,b07p08,7,1502007,8,happy,outputs/study1_35f100_v1/happy/b07p08.wav,24000,1,2,391680,16.32
development,dev_initial100,78,b07p08,7,1502007,8,sad,outputs/study1_35f100_v1/sad/b07p08.wav,24000,1,2,430080,17.92
development,dev_initial100,78,b07p08,7,1502007,8,calm,outputs/study1_35f100_v1/calm/b07p08.wav,24000,1,2,370560,15.44
development,dev_initial100,78,b07p08,7,1502007,8,angry,outputs/study1_35f100_v1/angry/b07p08.wav,24000,1,2,334080,13.92
development,dev_initial100,78,b07p08,7,1502007,8,surprise,outputs/study1_35f100_v1/surprise/b07p08.wav,24000,1,2,366720,15.28
development,dev_initial100,79,b07p09,7,1502007,9,normal,outputs/study1_35f100_v1/normal/b07p09.wav,24000,1,2,382080,15.92
development,dev_initial100,79,b07p09,7,1502007,9,happy,outputs/study1_35f100_v1/happy/b07p09.wav,24000,1,2,378240,15.76
development,dev_initial100,79,b07p09,7,1502007,9,sad,outputs/study1_35f100_v1/sad/b07p09.wav,24000,1,2,360960,15.04
development,dev_initial100,79,b07p09,7,1502007,9,calm,outputs/study1_35f100_v1/calm/b07p09.wav,24000,1,2,443520,18.48
development,dev_initial100,79,b07p09,7,1502007,9,angry,outputs/study1_35f100_v1/angry/b07p09.wav,24000,1,2,403200,16.8
development,dev_initial100,79,b07p09,7,1502007,9,surprise,outputs/study1_35f100_v1/surprise/b07p09.wav,24000,1,2,403200,16.8
development,dev_initial100,80,b08p00,8,1502008,0,normal,outputs/study1_35f100_v1/normal/b08p00.wav,24000,1,2,384000,16.0
development,dev_initial100,80,b08p00,8,1502008,0,happy,outputs/study1_35f100_v1/happy/b08p00.wav,24000,1,2,376320,15.68
development,dev_initial100,80,b08p00,8,1502008,0,sad,outputs/study1_35f100_v1/sad/b08p00.wav,24000,1,2,401280,16.72
development,dev_initial100,80,b08p00,8,1502008,0,calm,outputs/study1_35f100_v1/calm/b08p00.wav,24000,1,2,403200,16.8
development,dev_initial100,80,b08p00,8,1502008,0,angry,outputs/study1_35f100_v1/angry/b08p00.wav,24000,1,2,393600,16.4
development,dev_initial100,80,b08p00,8,1502008,0,surprise,outputs/study1_35f100_v1/surprise/b08p00.wav,24000,1,2,416640,17.36
development,dev_initial100,81,b08p01,8,1502008,1,normal,outputs/study1_35f100_v1/normal/b08p01.wav,24000,1,2,372480,15.52
development,dev_initial100,81,b08p01,8,1502008,1,happy,outputs/study1_35f100_v1/happy/b08p01.wav,24000,1,2,372480,15.52
development,dev_initial100,81,b08p01,8,1502008,1,sad,outputs/study1_35f100_v1/sad/b08p01.wav,24000,1,2,355200,14.8
development,dev_initial100,81,b08p01,8,1502008,1,calm,outputs/study1_35f100_v1/calm/b08p01.wav,24000,1,2,428160,17.84
development,dev_initial100,81,b08p01,8,1502008,1,angry,outputs/study1_35f100_v1/angry/b08p01.wav,24000,1,2,357120,14.88
development,dev_initial100,81,b08p01,8,1502008,1,surprise,outputs/study1_35f100_v1/surprise/b08p01.wav,24000,1,2,374400,15.6
development,dev_initial100,82,b08p02,8,1502008,2,normal,outputs/study1_35f100_v1/normal/b08p02.wav,24000,1,2,577920,24.08
development,dev_initial100,82,b08p02,8,1502008,2,happy,outputs/study1_35f100_v1/happy/b08p02.wav,24000,1,2,389760,16.24
development,dev_initial100,82,b08p02,8,1502008,2,sad,outputs/study1_35f100_v1/sad/b08p02.wav,24000,1,2,393600,16.4
development,dev_initial100,82,b08p02,8,1502008,2,calm,outputs/study1_35f100_v1/calm/b08p02.wav,24000,1,2,412800,17.2
development,dev_initial100,82,b08p02,8,1502008,2,angry,outputs/study1_35f100_v1/angry/b08p02.wav,24000,1,2,332160,13.84
development,dev_initial100,82,b08p02,8,1502008,2,surprise,outputs/study1_35f100_v1/surprise/b08p02.wav,24000,1,2,339840,14.16
development,dev_initial100,83,b08p03,8,1502008,3,normal,outputs/study1_35f100_v1/normal/b08p03.wav,24000,1,2,387840,16.16
development,dev_initial100,83,b08p03,8,1502008,3,happy,outputs/study1_35f100_v1/happy/b08p03.wav,24000,1,2,364800,15.2
development,dev_initial100,83,b08p03,8,1502008,3,sad,outputs/study1_35f100_v1/sad/b08p03.wav,24000,1,2,414720,17.28
development,dev_initial100,83,b08p03,8,1502008,3,calm,outputs/study1_35f100_v1/calm/b08p03.wav,24000,1,2,443520,18.48
development,dev_initial100,83,b08p03,8,1502008,3,angry,outputs/study1_35f100_v1/angry/b08p03.wav,24000,1,2,355200,14.8
development,dev_initial100,83,b08p03,8,1502008,3,surprise,outputs/study1_35f100_v1/surprise/b08p03.wav,24000,1,2,510720,21.28
development,dev_initial100,84,b08p04,8,1502008,4,normal,outputs/study1_35f100_v1/normal/b08p04.wav,24000,1,2,418560,17.44
development,dev_initial100,84,b08p04,8,1502008,4,happy,outputs/study1_35f100_v1/happy/b08p04.wav,24000,1,2,347520,14.48
development,dev_initial100,84,b08p04,8,1502008,4,sad,outputs/study1_35f100_v1/sad/b08p04.wav,24000,1,2,393600,16.4
development,dev_initial100,84,b08p04,8,1502008,4,calm,outputs/study1_35f100_v1/calm/b08p04.wav,24000,1,2,439680,18.32
development,dev_initial100,84,b08p04,8,1502008,4,angry,outputs/study1_35f100_v1/angry/b08p04.wav,24000,1,2,324480,13.52
development,dev_initial100,84,b08p04,8,1502008,4,surprise,outputs/study1_35f100_v1/surprise/b08p04.wav,24000,1,2,382080,15.92
development,dev_initial100,85,b08p05,8,1502008,5,normal,outputs/study1_35f100_v1/normal/b08p05.wav,24000,1,2,395520,16.48
development,dev_initial100,85,b08p05,8,1502008,5,happy,outputs/study1_35f100_v1/happy/b08p05.wav,24000,1,2,341760,14.24
development,dev_initial100,85,b08p05,8,1502008,5,sad,outputs/study1_35f100_v1/sad/b08p05.wav,24000,1,2,426240,17.76
development,dev_initial100,85,b08p05,8,1502008,5,calm,outputs/study1_35f100_v1/calm/b08p05.wav,24000,1,2,435840,18.16
development,dev_initial100,85,b08p05,8,1502008,5,angry,outputs/study1_35f100_v1/angry/b08p05.wav,24000,1,2,416640,17.36
development,dev_initial100,85,b08p05,8,1502008,5,surprise,outputs/study1_35f100_v1/surprise/b08p05.wav,24000,1,2,449280,18.72
development,dev_initial100,86,b08p06,8,1502008,6,normal,outputs/study1_35f100_v1/normal/b08p06.wav,24000,1,2,370560,15.44
development,dev_initial100,86,b08p06,8,1502008,6,happy,outputs/study1_35f100_v1/happy/b08p06.wav,24000,1,2,401280,16.72
development,dev_initial100,86,b08p06,8,1502008,6,sad,outputs/study1_35f100_v1/sad/b08p06.wav,24000,1,2,407040,16.96
development,dev_initial100,86,b08p06,8,1502008,6,calm,outputs/study1_35f100_v1/calm/b08p06.wav,24000,1,2,370560,15.44
development,dev_initial100,86,b08p06,8,1502008,6,angry,outputs/study1_35f100_v1/angry/b08p06.wav,24000,1,2,370560,15.44
development,dev_initial100,86,b08p06,8,1502008,6,surprise,outputs/study1_35f100_v1/surprise/b08p06.wav,24000,1,2,391680,16.32
development,dev_initial100,87,b08p07,8,1502008,7,normal,outputs/study1_35f100_v1/normal/b08p07.wav,24000,1,2,384000,16.0
development,dev_initial100,87,b08p07,8,1502008,7,happy,outputs/study1_35f100_v1/happy/b08p07.wav,24000,1,2,345600,14.4
development,dev_initial100,87,b08p07,8,1502008,7,sad,outputs/study1_35f100_v1/sad/b08p07.wav,24000,1,2,439680,18.32
development,dev_initial100,87,b08p07,8,1502008,7,calm,outputs/study1_35f100_v1/calm/b08p07.wav,24000,1,2,428160,17.84
development,dev_initial100,87,b08p07,8,1502008,7,angry,outputs/study1_35f100_v1/angry/b08p07.wav,24000,1,2,362880,15.12
development,dev_initial100,87,b08p07,8,1502008,7,surprise,outputs/study1_35f100_v1/surprise/b08p07.wav,24000,1,2,368640,15.36
development,dev_initial100,88,b08p08,8,1502008,8,normal,outputs/study1_35f100_v1/normal/b08p08.wav,24000,1,2,378240,15.76
development,dev_initial100,88,b08p08,8,1502008,8,happy,outputs/study1_35f100_v1/happy/b08p08.wav,24000,1,2,399360,16.64
development,dev_initial100,88,b08p08,8,1502008,8,sad,outputs/study1_35f100_v1/sad/b08p08.wav,24000,1,2,360960,15.04
development,dev_initial100,88,b08p08,8,1502008,8,calm,outputs/study1_35f100_v1/calm/b08p08.wav,24000,1,2,395520,16.48
development,dev_initial100,88,b08p08,8,1502008,8,angry,outputs/study1_35f100_v1/angry/b08p08.wav,24000,1,2,289920,12.08
development,dev_initial100,88,b08p08,8,1502008,8,surprise,outputs/study1_35f100_v1/surprise/b08p08.wav,24000,1,2,368640,15.36
development,dev_initial100,89,b08p09,8,1502008,9,normal,outputs/study1_35f100_v1/normal/b08p09.wav,24000,1,2,405120,16.88
development,dev_initial100,89,b08p09,8,1502008,9,happy,outputs/study1_35f100_v1/happy/b08p09.wav,24000,1,2,376320,15.68
development,dev_initial100,89,b08p09,8,1502008,9,sad,outputs/study1_35f100_v1/sad/b08p09.wav,24000,1,2,414720,17.28
development,dev_initial100,89,b08p09,8,1502008,9,calm,outputs/study1_35f100_v1/calm/b08p09.wav,24000,1,2,416640,17.36
development,dev_initial100,89,b08p09,8,1502008,9,angry,outputs/study1_35f100_v1/angry/b08p09.wav,24000,1,2,336000,14.0
development,dev_initial100,89,b08p09,8,1502008,9,surprise,outputs/study1_35f100_v1/surprise/b08p09.wav,24000,1,2,349440,14.56
development,dev_initial100,90,b09p00,9,1502009,0,normal,outputs/study1_35f100_v1/normal/b09p00.wav,24000,1,2,437760,18.24
development,dev_initial100,90,b09p00,9,1502009,0,happy,outputs/study1_35f100_v1/happy/b09p00.wav,24000,1,2,328320,13.68
development,dev_initial100,90,b09p00,9,1502009,0,sad,outputs/study1_35f100_v1/sad/b09p00.wav,24000,1,2,364800,15.2
development,dev_initial100,90,b09p00,9,1502009,0,calm,outputs/study1_35f100_v1/calm/b09p00.wav,24000,1,2,382080,15.92
development,dev_initial100,90,b09p00,9,1502009,0,angry,outputs/study1_35f100_v1/angry/b09p00.wav,24000,1,2,403200,16.8
development,dev_initial100,90,b09p00,9,1502009,0,surprise,outputs/study1_35f100_v1/surprise/b09p00.wav,24000,1,2,393600,16.4
development,dev_initial100,91,b09p01,9,1502009,1,normal,outputs/study1_35f100_v1/normal/b09p01.wav,24000,1,2,337920,14.08
development,dev_initial100,91,b09p01,9,1502009,1,happy,outputs/study1_35f100_v1/happy/b09p01.wav,24000,1,2,359040,14.96
development,dev_initial100,91,b09p01,9,1502009,1,sad,outputs/study1_35f100_v1/sad/b09p01.wav,24000,1,2,412800,17.2
development,dev_initial100,91,b09p01,9,1502009,1,calm,outputs/study1_35f100_v1/calm/b09p01.wav,24000,1,2,489600,20.4
development,dev_initial100,91,b09p01,9,1502009,1,angry,outputs/study1_35f100_v1/angry/b09p01.wav,24000,1,2,309120,12.88
development,dev_initial100,91,b09p01,9,1502009,1,surprise,outputs/study1_35f100_v1/surprise/b09p01.wav,24000,1,2,437760,18.24
development,dev_initial100,92,b09p02,9,1502009,2,normal,outputs/study1_35f100_v1/normal/b09p02.wav,24000,1,2,359040,14.96
development,dev_initial100,92,b09p02,9,1502009,2,happy,outputs/study1_35f100_v1/happy/b09p02.wav,24000,1,2,349440,14.56
development,dev_initial100,92,b09p02,9,1502009,2,sad,outputs/study1_35f100_v1/sad/b09p02.wav,24000,1,2,393600,16.4
development,dev_initial100,92,b09p02,9,1502009,2,calm,outputs/study1_35f100_v1/calm/b09p02.wav,24000,1,2,376320,15.68
development,dev_initial100,92,b09p02,9,1502009,2,angry,outputs/study1_35f100_v1/angry/b09p02.wav,24000,1,2,395520,16.48
development,dev_initial100,92,b09p02,9,1502009,2,surprise,outputs/study1_35f100_v1/surprise/b09p02.wav,24000,1,2,351360,14.64
development,dev_initial100,93,b09p03,9,1502009,3,normal,outputs/study1_35f100_v1/normal/b09p03.wav,24000,1,2,351360,14.64
development,dev_initial100,93,b09p03,9,1502009,3,happy,outputs/study1_35f100_v1/happy/b09p03.wav,24000,1,2,364800,15.2
development,dev_initial100,93,b09p03,9,1502009,3,sad,outputs/study1_35f100_v1/sad/b09p03.wav,24000,1,2,416640,17.36
development,dev_initial100,93,b09p03,9,1502009,3,calm,outputs/study1_35f100_v1/calm/b09p03.wav,24000,1,2,393600,16.4
development,dev_initial100,93,b09p03,9,1502009,3,angry,outputs/study1_35f100_v1/angry/b09p03.wav,24000,1,2,341760,14.24
development,dev_initial100,93,b09p03,9,1502009,3,surprise,outputs/study1_35f100_v1/surprise/b09p03.wav,24000,1,2,366720,15.28
development,dev_initial100,94,b09p04,9,1502009,4,normal,outputs/study1_35f100_v1/normal/b09p04.wav,24000,1,2,353280,14.72
development,dev_initial100,94,b09p04,9,1502009,4,happy,outputs/study1_35f100_v1/happy/b09p04.wav,24000,1,2,320640,13.36
development,dev_initial100,94,b09p04,9,1502009,4,sad,outputs/study1_35f100_v1/sad/b09p04.wav,24000,1,2,366720,15.28
development,dev_initial100,94,b09p04,9,1502009,4,calm,outputs/study1_35f100_v1/calm/b09p04.wav,24000,1,2,443520,18.48
development,dev_initial100,94,b09p04,9,1502009,4,angry,outputs/study1_35f100_v1/angry/b09p04.wav,24000,1,2,351360,14.64
development,dev_initial100,94,b09p04,9,1502009,4,surprise,outputs/study1_35f100_v1/surprise/b09p04.wav,24000,1,2,297600,12.4
development,dev_initial100,95,b09p05,9,1502009,5,normal,outputs/study1_35f100_v1/normal/b09p05.wav,24000,1,2,372480,15.52
development,dev_initial100,95,b09p05,9,1502009,5,happy,outputs/study1_35f100_v1/happy/b09p05.wav,24000,1,2,355200,14.8
development,dev_initial100,95,b09p05,9,1502009,5,sad,outputs/study1_35f100_v1/sad/b09p05.wav,24000,1,2,403200,16.8
development,dev_initial100,95,b09p05,9,1502009,5,calm,outputs/study1_35f100_v1/calm/b09p05.wav,24000,1,2,412800,17.2
development,dev_initial100,95,b09p05,9,1502009,5,angry,outputs/study1_35f100_v1/angry/b09p05.wav,24000,1,2,337920,14.08
development,dev_initial100,95,b09p05,9,1502009,5,surprise,outputs/study1_35f100_v1/surprise/b09p05.wav,24000,1,2,314880,13.12
development,dev_initial100,96,b09p06,9,1502009,6,normal,outputs/study1_35f100_v1/normal/b09p06.wav,24000,1,2,485760,20.24
development,dev_initial100,96,b09p06,9,1502009,6,happy,outputs/study1_35f100_v1/happy/b09p06.wav,24000,1,2,487680,20.32
development,dev_initial100,96,b09p06,9,1502009,6,sad,outputs/study1_35f100_v1/sad/b09p06.wav,24000,1,2,497280,20.72
development,dev_initial100,96,b09p06,9,1502009,6,calm,outputs/study1_35f100_v1/calm/b09p06.wav,24000,1,2,560640,23.36
development,dev_initial100,96,b09p06,9,1502009,6,angry,outputs/study1_35f100_v1/angry/b09p06.wav,24000,1,2,384000,16.0
development,dev_initial100,96,b09p06,9,1502009,6,surprise,outputs/study1_35f100_v1/surprise/b09p06.wav,24000,1,2,422400,17.6
development,dev_initial100,97,b09p07,9,1502009,7,normal,outputs/study1_35f100_v1/normal/b09p07.wav,24000,1,2,441600,18.4
development,dev_initial100,97,b09p07,9,1502009,7,happy,outputs/study1_35f100_v1/happy/b09p07.wav,24000,1,2,336000,14.0
development,dev_initial100,97,b09p07,9,1502009,7,sad,outputs/study1_35f100_v1/sad/b09p07.wav,24000,1,2,345600,14.4
development,dev_initial100,97,b09p07,9,1502009,7,calm,outputs/study1_35f100_v1/calm/b09p07.wav,24000,1,2,382080,15.92
development,dev_initial100,97,b09p07,9,1502009,7,angry,outputs/study1_35f100_v1/angry/b09p07.wav,24000,1,2,324480,13.52
development,dev_initial100,97,b09p07,9,1502009,7,surprise,outputs/study1_35f100_v1/surprise/b09p07.wav,24000,1,2,503040,20.96
development,dev_initial100,98,b09p08,9,1502009,8,normal,outputs/study1_35f100_v1/normal/b09p08.wav,24000,1,2,389760,16.24
development,dev_initial100,98,b09p08,9,1502009,8,happy,outputs/study1_35f100_v1/happy/b09p08.wav,24000,1,2,376320,15.68
development,dev_initial100,98,b09p08,9,1502009,8,sad,outputs/study1_35f100_v1/sad/b09p08.wav,24000,1,2,374400,15.6
development,dev_initial100,98,b09p08,9,1502009,8,calm,outputs/study1_35f100_v1/calm/b09p08.wav,24000,1,2,397440,16.56
development,dev_initial100,98,b09p08,9,1502009,8,angry,outputs/study1_35f100_v1/angry/b09p08.wav,24000,1,2,343680,14.32
development,dev_initial100,98,b09p08,9,1502009,8,surprise,outputs/study1_35f100_v1/surprise/b09p08.wav,24000,1,2,351360,14.64
development,dev_initial100,99,b09p09,9,1502009,9,normal,outputs/study1_35f100_v1/normal/b09p09.wav,24000,1,2,337920,14.08
development,dev_initial100,99,b09p09,9,1502009,9,happy,outputs/study1_35f100_v1/happy/b09p09.wav,24000,1,2,307200,12.8
development,dev_initial100,99,b09p09,9,1502009,9,sad,outputs/study1_35f100_v1/sad/b09p09.wav,24000,1,2,351360,14.64
development,dev_initial100,99,b09p09,9,1502009,9,calm,outputs/study1_35f100_v1/calm/b09p09.wav,24000,1,2,355200,14.8
development,dev_initial100,99,b09p09,9,1502009,9,angry,outputs/study1_35f100_v1/angry/b09p09.wav,24000,1,2,418560,17.44
development,dev_initial100,99,b09p09,9,1502009,9,surprise,outputs/study1_35f100_v1/surprise/b09p09.wav,24000,1,2,368640,15.36
development,dev_extension200,100,b10p00,10,1502010,0,normal,outputs/study1_35f300_extension_v1/normal/b10p00.wav,24000,1,2,349440,14.56
development,dev_extension200,100,b10p00,10,1502010,0,happy,outputs/study1_35f300_extension_v1/happy/b10p00.wav,24000,1,2,349440,14.56
development,dev_extension200,100,b10p00,10,1502010,0,sad,outputs/study1_35f300_extension_v1/sad/b10p00.wav,24000,1,2,439680,18.32
development,dev_extension200,100,b10p00,10,1502010,0,calm,outputs/study1_35f300_extension_v1/calm/b10p00.wav,24000,1,2,334080,13.92
development,dev_extension200,100,b10p00,10,1502010,0,angry,outputs/study1_35f300_extension_v1/angry/b10p00.wav,24000,1,2,305280,12.72
development,dev_extension200,100,b10p00,10,1502010,0,surprise,outputs/study1_35f300_extension_v1/surprise/b10p00.wav,24000,1,2,332160,13.84
development,dev_extension200,101,b10p01,10,1502010,1,normal,outputs/study1_35f300_extension_v1/normal/b10p01.wav,24000,1,2,397440,16.56
development,dev_extension200,101,b10p01,10,1502010,1,happy,outputs/study1_35f300_extension_v1/happy/b10p01.wav,24000,1,2,389760,16.24
development,dev_extension200,101,b10p01,10,1502010,1,sad,outputs/study1_35f300_extension_v1/sad/b10p01.wav,24000,1,2,430080,17.92
development,dev_extension200,101,b10p01,10,1502010,1,calm,outputs/study1_35f300_extension_v1/calm/b10p01.wav,24000,1,2,389760,16.24
development,dev_extension200,101,b10p01,10,1502010,1,angry,outputs/study1_35f300_extension_v1/angry/b10p01.wav,24000,1,2,391680,16.32
development,dev_extension200,101,b10p01,10,1502010,1,surprise,outputs/study1_35f300_extension_v1/surprise/b10p01.wav,24000,1,2,407040,16.96
development,dev_extension200,102,b10p02,10,1502010,2,normal,outputs/study1_35f300_extension_v1/normal/b10p02.wav,24000,1,2,353280,14.72
development,dev_extension200,102,b10p02,10,1502010,2,happy,outputs/study1_35f300_extension_v1/happy/b10p02.wav,24000,1,2,384000,16.0
development,dev_extension200,102,b10p02,10,1502010,2,sad,outputs/study1_35f300_extension_v1/sad/b10p02.wav,24000,1,2,460800,19.2
development,dev_extension200,102,b10p02,10,1502010,2,calm,outputs/study1_35f300_extension_v1/calm/b10p02.wav,24000,1,2,374400,15.6
development,dev_extension200,102,b10p02,10,1502010,2,angry,outputs/study1_35f300_extension_v1/angry/b10p02.wav,24000,1,2,351360,14.64
development,dev_extension200,102,b10p02,10,1502010,2,surprise,outputs/study1_35f300_extension_v1/surprise/b10p02.wav,24000,1,2,351360,14.64
development,dev_extension200,103,b10p03,10,1502010,3,normal,outputs/study1_35f300_extension_v1/normal/b10p03.wav,24000,1,2,401280,16.72
development,dev_extension200,103,b10p03,10,1502010,3,happy,outputs/study1_35f300_extension_v1/happy/b10p03.wav,24000,1,2,353280,14.72
development,dev_extension200,103,b10p03,10,1502010,3,sad,outputs/study1_35f300_extension_v1/sad/b10p03.wav,24000,1,2,470400,19.6
development,dev_extension200,103,b10p03,10,1502010,3,calm,outputs/study1_35f300_extension_v1/calm/b10p03.wav,24000,1,2,380160,15.84
development,dev_extension200,103,b10p03,10,1502010,3,angry,outputs/study1_35f300_extension_v1/angry/b10p03.wav,24000,1,2,370560,15.44
development,dev_extension200,103,b10p03,10,1502010,3,surprise,outputs/study1_35f300_extension_v1/surprise/b10p03.wav,24000,1,2,405120,16.88
development,dev_extension200,104,b10p04,10,1502010,4,normal,outputs/study1_35f300_extension_v1/normal/b10p04.wav,24000,1,2,347520,14.48
development,dev_extension200,104,b10p04,10,1502010,4,happy,outputs/study1_35f300_extension_v1/happy/b10p04.wav,24000,1,2,372480,15.52
development,dev_extension200,104,b10p04,10,1502010,4,sad,outputs/study1_35f300_extension_v1/sad/b10p04.wav,24000,1,2,393600,16.4
development,dev_extension200,104,b10p04,10,1502010,4,calm,outputs/study1_35f300_extension_v1/calm/b10p04.wav,24000,1,2,360960,15.04
development,dev_extension200,104,b10p04,10,1502010,4,angry,outputs/study1_35f300_extension_v1/angry/b10p04.wav,24000,1,2,389760,16.24
development,dev_extension200,104,b10p04,10,1502010,4,surprise,outputs/study1_35f300_extension_v1/surprise/b10p04.wav,24000,1,2,408960,17.04
development,dev_extension200,105,b10p05,10,1502010,5,normal,outputs/study1_35f300_extension_v1/normal/b10p05.wav,24000,1,2,357120,14.88
development,dev_extension200,105,b10p05,10,1502010,5,happy,outputs/study1_35f300_extension_v1/happy/b10p05.wav,24000,1,2,412800,17.2
development,dev_extension200,105,b10p05,10,1502010,5,sad,outputs/study1_35f300_extension_v1/sad/b10p05.wav,24000,1,2,420480,17.52
development,dev_extension200,105,b10p05,10,1502010,5,calm,outputs/study1_35f300_extension_v1/calm/b10p05.wav,24000,1,2,1052160,43.84
development,dev_extension200,105,b10p05,10,1502010,5,angry,outputs/study1_35f300_extension_v1/angry/b10p05.wav,24000,1,2,366720,15.28
development,dev_extension200,105,b10p05,10,1502010,5,surprise,outputs/study1_35f300_extension_v1/surprise/b10p05.wav,24000,1,2,474240,19.76
development,dev_extension200,106,b10p06,10,1502010,6,normal,outputs/study1_35f300_extension_v1/normal/b10p06.wav,24000,1,2,357120,14.88
development,dev_extension200,106,b10p06,10,1502010,6,happy,outputs/study1_35f300_extension_v1/happy/b10p06.wav,24000,1,2,337920,14.08
development,dev_extension200,106,b10p06,10,1502010,6,sad,outputs/study1_35f300_extension_v1/sad/b10p06.wav,24000,1,2,422400,17.6
development,dev_extension200,106,b10p06,10,1502010,6,calm,outputs/study1_35f300_extension_v1/calm/b10p06.wav,24000,1,2,474240,19.76
development,dev_extension200,106,b10p06,10,1502010,6,angry,outputs/study1_35f300_extension_v1/angry/b10p06.wav,24000,1,2,314880,13.12
development,dev_extension200,106,b10p06,10,1502010,6,surprise,outputs/study1_35f300_extension_v1/surprise/b10p06.wav,24000,1,2,491520,20.48
development,dev_extension200,107,b10p07,10,1502010,7,normal,outputs/study1_35f300_extension_v1/normal/b10p07.wav,24000,1,2,439680,18.32
development,dev_extension200,107,b10p07,10,1502010,7,happy,outputs/study1_35f300_extension_v1/happy/b10p07.wav,24000,1,2,399360,16.64
development,dev_extension200,107,b10p07,10,1502010,7,sad,outputs/study1_35f300_extension_v1/sad/b10p07.wav,24000,1,2,397440,16.56
development,dev_extension200,107,b10p07,10,1502010,7,calm,outputs/study1_35f300_extension_v1/calm/b10p07.wav,24000,1,2,378240,15.76
development,dev_extension200,107,b10p07,10,1502010,7,angry,outputs/study1_35f300_extension_v1/angry/b10p07.wav,24000,1,2,412800,17.2
development,dev_extension200,107,b10p07,10,1502010,7,surprise,outputs/study1_35f300_extension_v1/surprise/b10p07.wav,24000,1,2,376320,15.68
development,dev_extension200,108,b10p08,10,1502010,8,normal,outputs/study1_35f300_extension_v1/normal/b10p08.wav,24000,1,2,401280,16.72
development,dev_extension200,108,b10p08,10,1502010,8,happy,outputs/study1_35f300_extension_v1/happy/b10p08.wav,24000,1,2,336000,14.0
development,dev_extension200,108,b10p08,10,1502010,8,sad,outputs/study1_35f300_extension_v1/sad/b10p08.wav,24000,1,2,510720,21.28
development,dev_extension200,108,b10p08,10,1502010,8,calm,outputs/study1_35f300_extension_v1/calm/b10p08.wav,24000,1,2,422400,17.6
development,dev_extension200,108,b10p08,10,1502010,8,angry,outputs/study1_35f300_extension_v1/angry/b10p08.wav,24000,1,2,339840,14.16
development,dev_extension200,108,b10p08,10,1502010,8,surprise,outputs/study1_35f300_extension_v1/surprise/b10p08.wav,24000,1,2,339840,14.16
development,dev_extension200,109,b10p09,10,1502010,9,normal,outputs/study1_35f300_extension_v1/normal/b10p09.wav,24000,1,2,412800,17.2
development,dev_extension200,109,b10p09,10,1502010,9,happy,outputs/study1_35f300_extension_v1/happy/b10p09.wav,24000,1,2,351360,14.64
development,dev_extension200,109,b10p09,10,1502010,9,sad,outputs/study1_35f300_extension_v1/sad/b10p09.wav,24000,1,2,364800,15.2
development,dev_extension200,109,b10p09,10,1502010,9,calm,outputs/study1_35f300_extension_v1/calm/b10p09.wav,24000,1,2,362880,15.12
development,dev_extension200,109,b10p09,10,1502010,9,angry,outputs/study1_35f300_extension_v1/angry/b10p09.wav,24000,1,2,351360,14.64
development,dev_extension200,109,b10p09,10,1502010,9,surprise,outputs/study1_35f300_extension_v1/surprise/b10p09.wav,24000,1,2,343680,14.32
development,dev_extension200,110,b11p00,11,1502011,0,normal,outputs/study1_35f300_extension_v1/normal/b11p00.wav,24000,1,2,359040,14.96
development,dev_extension200,110,b11p00,11,1502011,0,happy,outputs/study1_35f300_extension_v1/happy/b11p00.wav,24000,1,2,393600,16.4
development,dev_extension200,110,b11p00,11,1502011,0,sad,outputs/study1_35f300_extension_v1/sad/b11p00.wav,24000,1,2,414720,17.28
development,dev_extension200,110,b11p00,11,1502011,0,calm,outputs/study1_35f300_extension_v1/calm/b11p00.wav,24000,1,2,362880,15.12
development,dev_extension200,110,b11p00,11,1502011,0,angry,outputs/study1_35f300_extension_v1/angry/b11p00.wav,24000,1,2,337920,14.08
development,dev_extension200,110,b11p00,11,1502011,0,surprise,outputs/study1_35f300_extension_v1/surprise/b11p00.wav,24000,1,2,382080,15.92
development,dev_extension200,111,b11p01,11,1502011,1,normal,outputs/study1_35f300_extension_v1/normal/b11p01.wav,24000,1,2,343680,14.32
development,dev_extension200,111,b11p01,11,1502011,1,happy,outputs/study1_35f300_extension_v1/happy/b11p01.wav,24000,1,2,328320,13.68
development,dev_extension200,111,b11p01,11,1502011,1,sad,outputs/study1_35f300_extension_v1/sad/b11p01.wav,24000,1,2,403200,16.8
development,dev_extension200,111,b11p01,11,1502011,1,calm,outputs/study1_35f300_extension_v1/calm/b11p01.wav,24000,1,2,401280,16.72
development,dev_extension200,111,b11p01,11,1502011,1,angry,outputs/study1_35f300_extension_v1/angry/b11p01.wav,24000,1,2,359040,14.96
development,dev_extension200,111,b11p01,11,1502011,1,surprise,outputs/study1_35f300_extension_v1/surprise/b11p01.wav,24000,1,2,343680,14.32
development,dev_extension200,112,b11p02,11,1502011,2,normal,outputs/study1_35f300_extension_v1/normal/b11p02.wav,24000,1,2,380160,15.84
development,dev_extension200,112,b11p02,11,1502011,2,happy,outputs/study1_35f300_extension_v1/happy/b11p02.wav,24000,1,2,391680,16.32
development,dev_extension200,112,b11p02,11,1502011,2,sad,outputs/study1_35f300_extension_v1/sad/b11p02.wav,24000,1,2,364800,15.2
development,dev_extension200,112,b11p02,11,1502011,2,calm,outputs/study1_35f300_extension_v1/calm/b11p02.wav,24000,1,2,382080,15.92
development,dev_extension200,112,b11p02,11,1502011,2,angry,outputs/study1_35f300_extension_v1/angry/b11p02.wav,24000,1,2,357120,14.88
development,dev_extension200,112,b11p02,11,1502011,2,surprise,outputs/study1_35f300_extension_v1/surprise/b11p02.wav,24000,1,2,393600,16.4
development,dev_extension200,113,b11p03,11,1502011,3,normal,outputs/study1_35f300_extension_v1/normal/b11p03.wav,24000,1,2,359040,14.96
development,dev_extension200,113,b11p03,11,1502011,3,happy,outputs/study1_35f300_extension_v1/happy/b11p03.wav,24000,1,2,374400,15.6
development,dev_extension200,113,b11p03,11,1502011,3,sad,outputs/study1_35f300_extension_v1/sad/b11p03.wav,24000,1,2,407040,16.96
development,dev_extension200,113,b11p03,11,1502011,3,calm,outputs/study1_35f300_extension_v1/calm/b11p03.wav,24000,1,2,332160,13.84
development,dev_extension200,113,b11p03,11,1502011,3,angry,outputs/study1_35f300_extension_v1/angry/b11p03.wav,24000,1,2,347520,14.48
development,dev_extension200,113,b11p03,11,1502011,3,surprise,outputs/study1_35f300_extension_v1/surprise/b11p03.wav,24000,1,2,326400,13.6
development,dev_extension200,114,b11p04,11,1502011,4,normal,outputs/study1_35f300_extension_v1/normal/b11p04.wav,24000,1,2,345600,14.4
development,dev_extension200,114,b11p04,11,1502011,4,happy,outputs/study1_35f300_extension_v1/happy/b11p04.wav,24000,1,2,393600,16.4
development,dev_extension200,114,b11p04,11,1502011,4,sad,outputs/study1_35f300_extension_v1/sad/b11p04.wav,24000,1,2,384000,16.0
development,dev_extension200,114,b11p04,11,1502011,4,calm,outputs/study1_35f300_extension_v1/calm/b11p04.wav,24000,1,2,437760,18.24
development,dev_extension200,114,b11p04,11,1502011,4,angry,outputs/study1_35f300_extension_v1/angry/b11p04.wav,24000,1,2,324480,13.52
development,dev_extension200,114,b11p04,11,1502011,4,surprise,outputs/study1_35f300_extension_v1/surprise/b11p04.wav,24000,1,2,320640,13.36
development,dev_extension200,115,b11p05,11,1502011,5,normal,outputs/study1_35f300_extension_v1/normal/b11p05.wav,24000,1,2,466560,19.44
development,dev_extension200,115,b11p05,11,1502011,5,happy,outputs/study1_35f300_extension_v1/happy/b11p05.wav,24000,1,2,378240,15.76
development,dev_extension200,115,b11p05,11,1502011,5,sad,outputs/study1_35f300_extension_v1/sad/b11p05.wav,24000,1,2,372480,15.52
development,dev_extension200,115,b11p05,11,1502011,5,calm,outputs/study1_35f300_extension_v1/calm/b11p05.wav,24000,1,2,334080,13.92
development,dev_extension200,115,b11p05,11,1502011,5,angry,outputs/study1_35f300_extension_v1/angry/b11p05.wav,24000,1,2,301440,12.56
development,dev_extension200,115,b11p05,11,1502011,5,surprise,outputs/study1_35f300_extension_v1/surprise/b11p05.wav,24000,1,2,430080,17.92
development,dev_extension200,116,b11p06,11,1502011,6,normal,outputs/study1_35f300_extension_v1/normal/b11p06.wav,24000,1,2,407040,16.96
development,dev_extension200,116,b11p06,11,1502011,6,happy,outputs/study1_35f300_extension_v1/happy/b11p06.wav,24000,1,2,301440,12.56
development,dev_extension200,116,b11p06,11,1502011,6,sad,outputs/study1_35f300_extension_v1/sad/b11p06.wav,24000,1,2,506880,21.12
development,dev_extension200,116,b11p06,11,1502011,6,calm,outputs/study1_35f300_extension_v1/calm/b11p06.wav,24000,1,2,430080,17.92
development,dev_extension200,116,b11p06,11,1502011,6,angry,outputs/study1_35f300_extension_v1/angry/b11p06.wav,24000,1,2,366720,15.28
development,dev_extension200,116,b11p06,11,1502011,6,surprise,outputs/study1_35f300_extension_v1/surprise/b11p06.wav,24000,1,2,391680,16.32
development,dev_extension200,117,b11p07,11,1502011,7,normal,outputs/study1_35f300_extension_v1/normal/b11p07.wav,24000,1,2,397440,16.56
development,dev_extension200,117,b11p07,11,1502011,7,happy,outputs/study1_35f300_extension_v1/happy/b11p07.wav,24000,1,2,353280,14.72
development,dev_extension200,117,b11p07,11,1502011,7,sad,outputs/study1_35f300_extension_v1/sad/b11p07.wav,24000,1,2,433920,18.08
development,dev_extension200,117,b11p07,11,1502011,7,calm,outputs/study1_35f300_extension_v1/calm/b11p07.wav,24000,1,2,416640,17.36
development,dev_extension200,117,b11p07,11,1502011,7,angry,outputs/study1_35f300_extension_v1/angry/b11p07.wav,24000,1,2,339840,14.16
development,dev_extension200,117,b11p07,11,1502011,7,surprise,outputs/study1_35f300_extension_v1/surprise/b11p07.wav,24000,1,2,372480,15.52
development,dev_extension200,118,b11p08,11,1502011,8,normal,outputs/study1_35f300_extension_v1/normal/b11p08.wav,24000,1,2,364800,15.2
development,dev_extension200,118,b11p08,11,1502011,8,happy,outputs/study1_35f300_extension_v1/happy/b11p08.wav,24000,1,2,362880,15.12
development,dev_extension200,118,b11p08,11,1502011,8,sad,outputs/study1_35f300_extension_v1/sad/b11p08.wav,24000,1,2,455040,18.96
development,dev_extension200,118,b11p08,11,1502011,8,calm,outputs/study1_35f300_extension_v1/calm/b11p08.wav,24000,1,2,407040,16.96
development,dev_extension200,118,b11p08,11,1502011,8,angry,outputs/study1_35f300_extension_v1/angry/b11p08.wav,24000,1,2,353280,14.72
development,dev_extension200,118,b11p08,11,1502011,8,surprise,outputs/study1_35f300_extension_v1/surprise/b11p08.wav,24000,1,2,364800,15.2
development,dev_extension200,119,b11p09,11,1502011,9,normal,outputs/study1_35f300_extension_v1/normal/b11p09.wav,24000,1,2,337920,14.08
development,dev_extension200,119,b11p09,11,1502011,9,happy,outputs/study1_35f300_extension_v1/happy/b11p09.wav,24000,1,2,339840,14.16
development,dev_extension200,119,b11p09,11,1502011,9,sad,outputs/study1_35f300_extension_v1/sad/b11p09.wav,24000,1,2,439680,18.32
development,dev_extension200,119,b11p09,11,1502011,9,calm,outputs/study1_35f300_extension_v1/calm/b11p09.wav,24000,1,2,337920,14.08
development,dev_extension200,119,b11p09,11,1502011,9,angry,outputs/study1_35f300_extension_v1/angry/b11p09.wav,24000,1,2,349440,14.56
development,dev_extension200,119,b11p09,11,1502011,9,surprise,outputs/study1_35f300_extension_v1/surprise/b11p09.wav,24000,1,2,339840,14.16
development,dev_extension200,120,b12p00,12,1502012,0,normal,outputs/study1_35f300_extension_v1/normal/b12p00.wav,24000,1,2,336000,14.0
development,dev_extension200,120,b12p00,12,1502012,0,happy,outputs/study1_35f300_extension_v1/happy/b12p00.wav,24000,1,2,332160,13.84
development,dev_extension200,120,b12p00,12,1502012,0,sad,outputs/study1_35f300_extension_v1/sad/b12p00.wav,24000,1,2,382080,15.92
development,dev_extension200,120,b12p00,12,1502012,0,calm,outputs/study1_35f300_extension_v1/calm/b12p00.wav,24000,1,2,437760,18.24
development,dev_extension200,120,b12p00,12,1502012,0,angry,outputs/study1_35f300_extension_v1/angry/b12p00.wav,24000,1,2,345600,14.4
development,dev_extension200,120,b12p00,12,1502012,0,surprise,outputs/study1_35f300_extension_v1/surprise/b12p00.wav,24000,1,2,360960,15.04
development,dev_extension200,121,b12p01,12,1502012,1,normal,outputs/study1_35f300_extension_v1/normal/b12p01.wav,24000,1,2,345600,14.4
development,dev_extension200,121,b12p01,12,1502012,1,happy,outputs/study1_35f300_extension_v1/happy/b12p01.wav,24000,1,2,336000,14.0
development,dev_extension200,121,b12p01,12,1502012,1,sad,outputs/study1_35f300_extension_v1/sad/b12p01.wav,24000,1,2,487680,20.32
development,dev_extension200,121,b12p01,12,1502012,1,calm,outputs/study1_35f300_extension_v1/calm/b12p01.wav,24000,1,2,385920,16.08
development,dev_extension200,121,b12p01,12,1502012,1,angry,outputs/study1_35f300_extension_v1/angry/b12p01.wav,24000,1,2,349440,14.56
development,dev_extension200,121,b12p01,12,1502012,1,surprise,outputs/study1_35f300_extension_v1/surprise/b12p01.wav,24000,1,2,382080,15.92
development,dev_extension200,122,b12p02,12,1502012,2,normal,outputs/study1_35f300_extension_v1/normal/b12p02.wav,24000,1,2,364800,15.2
development,dev_extension200,122,b12p02,12,1502012,2,happy,outputs/study1_35f300_extension_v1/happy/b12p02.wav,24000,1,2,355200,14.8
development,dev_extension200,122,b12p02,12,1502012,2,sad,outputs/study1_35f300_extension_v1/sad/b12p02.wav,24000,1,2,445440,18.56
development,dev_extension200,122,b12p02,12,1502012,2,calm,outputs/study1_35f300_extension_v1/calm/b12p02.wav,24000,1,2,493440,20.56
development,dev_extension200,122,b12p02,12,1502012,2,angry,outputs/study1_35f300_extension_v1/angry/b12p02.wav,24000,1,2,309120,12.88
development,dev_extension200,122,b12p02,12,1502012,2,surprise,outputs/study1_35f300_extension_v1/surprise/b12p02.wav,24000,1,2,387840,16.16
development,dev_extension200,123,b12p03,12,1502012,3,normal,outputs/study1_35f300_extension_v1/normal/b12p03.wav,24000,1,2,387840,16.16
development,dev_extension200,123,b12p03,12,1502012,3,happy,outputs/study1_35f300_extension_v1/happy/b12p03.wav,24000,1,2,364800,15.2
development,dev_extension200,123,b12p03,12,1502012,3,sad,outputs/study1_35f300_extension_v1/sad/b12p03.wav,24000,1,2,347520,14.48
development,dev_extension200,123,b12p03,12,1502012,3,calm,outputs/study1_35f300_extension_v1/calm/b12p03.wav,24000,1,2,376320,15.68
development,dev_extension200,123,b12p03,12,1502012,3,angry,outputs/study1_35f300_extension_v1/angry/b12p03.wav,24000,1,2,351360,14.64
development,dev_extension200,123,b12p03,12,1502012,3,surprise,outputs/study1_35f300_extension_v1/surprise/b12p03.wav,24000,1,2,407040,16.96
development,dev_extension200,124,b12p04,12,1502012,4,normal,outputs/study1_35f300_extension_v1/normal/b12p04.wav,24000,1,2,387840,16.16
development,dev_extension200,124,b12p04,12,1502012,4,happy,outputs/study1_35f300_extension_v1/happy/b12p04.wav,24000,1,2,368640,15.36
development,dev_extension200,124,b12p04,12,1502012,4,sad,outputs/study1_35f300_extension_v1/sad/b12p04.wav,24000,1,2,428160,17.84
development,dev_extension200,124,b12p04,12,1502012,4,calm,outputs/study1_35f300_extension_v1/calm/b12p04.wav,24000,1,2,387840,16.16
development,dev_extension200,124,b12p04,12,1502012,4,angry,outputs/study1_35f300_extension_v1/angry/b12p04.wav,24000,1,2,385920,16.08
development,dev_extension200,124,b12p04,12,1502012,4,surprise,outputs/study1_35f300_extension_v1/surprise/b12p04.wav,24000,1,2,341760,14.24
development,dev_extension200,125,b12p05,12,1502012,5,normal,outputs/study1_35f300_extension_v1/normal/b12p05.wav,24000,1,2,374400,15.6
development,dev_extension200,125,b12p05,12,1502012,5,happy,outputs/study1_35f300_extension_v1/happy/b12p05.wav,24000,1,2,380160,15.84
development,dev_extension200,125,b12p05,12,1502012,5,sad,outputs/study1_35f300_extension_v1/sad/b12p05.wav,24000,1,2,455040,18.96
development,dev_extension200,125,b12p05,12,1502012,5,calm,outputs/study1_35f300_extension_v1/calm/b12p05.wav,24000,1,2,374400,15.6
development,dev_extension200,125,b12p05,12,1502012,5,angry,outputs/study1_35f300_extension_v1/angry/b12p05.wav,24000,1,2,330240,13.76
development,dev_extension200,125,b12p05,12,1502012,5,surprise,outputs/study1_35f300_extension_v1/surprise/b12p05.wav,24000,1,2,355200,14.8
development,dev_extension200,126,b12p06,12,1502012,6,normal,outputs/study1_35f300_extension_v1/normal/b12p06.wav,24000,1,2,324480,13.52
development,dev_extension200,126,b12p06,12,1502012,6,happy,outputs/study1_35f300_extension_v1/happy/b12p06.wav,24000,1,2,324480,13.52
development,dev_extension200,126,b12p06,12,1502012,6,sad,outputs/study1_35f300_extension_v1/sad/b12p06.wav,24000,1,2,372480,15.52
development,dev_extension200,126,b12p06,12,1502012,6,calm,outputs/study1_35f300_extension_v1/calm/b12p06.wav,24000,1,2,366720,15.28
development,dev_extension200,126,b12p06,12,1502012,6,angry,outputs/study1_35f300_extension_v1/angry/b12p06.wav,24000,1,2,405120,16.88
development,dev_extension200,126,b12p06,12,1502012,6,surprise,outputs/study1_35f300_extension_v1/surprise/b12p06.wav,24000,1,2,343680,14.32
development,dev_extension200,127,b12p07,12,1502012,7,normal,outputs/study1_35f300_extension_v1/normal/b12p07.wav,24000,1,2,328320,13.68
development,dev_extension200,127,b12p07,12,1502012,7,happy,outputs/study1_35f300_extension_v1/happy/b12p07.wav,24000,1,2,385920,16.08
development,dev_extension200,127,b12p07,12,1502012,7,sad,outputs/study1_35f300_extension_v1/sad/b12p07.wav,24000,1,2,368640,15.36
development,dev_extension200,127,b12p07,12,1502012,7,calm,outputs/study1_35f300_extension_v1/calm/b12p07.wav,24000,1,2,362880,15.12
development,dev_extension200,127,b12p07,12,1502012,7,angry,outputs/study1_35f300_extension_v1/angry/b12p07.wav,24000,1,2,389760,16.24
development,dev_extension200,127,b12p07,12,1502012,7,surprise,outputs/study1_35f300_extension_v1/surprise/b12p07.wav,24000,1,2,357120,14.88
development,dev_extension200,128,b12p08,12,1502012,8,normal,outputs/study1_35f300_extension_v1/normal/b12p08.wav,24000,1,2,341760,14.24
development,dev_extension200,128,b12p08,12,1502012,8,happy,outputs/study1_35f300_extension_v1/happy/b12p08.wav,24000,1,2,337920,14.08
development,dev_extension200,128,b12p08,12,1502012,8,sad,outputs/study1_35f300_extension_v1/sad/b12p08.wav,24000,1,2,397440,16.56
development,dev_extension200,128,b12p08,12,1502012,8,calm,outputs/study1_35f300_extension_v1/calm/b12p08.wav,24000,1,2,343680,14.32
development,dev_extension200,128,b12p08,12,1502012,8,angry,outputs/study1_35f300_extension_v1/angry/b12p08.wav,24000,1,2,351360,14.64
development,dev_extension200,128,b12p08,12,1502012,8,surprise,outputs/study1_35f300_extension_v1/surprise/b12p08.wav,24000,1,2,430080,17.92
development,dev_extension200,129,b12p09,12,1502012,9,normal,outputs/study1_35f300_extension_v1/normal/b12p09.wav,24000,1,2,499200,20.8
development,dev_extension200,129,b12p09,12,1502012,9,happy,outputs/study1_35f300_extension_v1/happy/b12p09.wav,24000,1,2,382080,15.92
development,dev_extension200,129,b12p09,12,1502012,9,sad,outputs/study1_35f300_extension_v1/sad/b12p09.wav,24000,1,2,585600,24.4
development,dev_extension200,129,b12p09,12,1502012,9,calm,outputs/study1_35f300_extension_v1/calm/b12p09.wav,24000,1,2,362880,15.12
development,dev_extension200,129,b12p09,12,1502012,9,angry,outputs/study1_35f300_extension_v1/angry/b12p09.wav,24000,1,2,389760,16.24
development,dev_extension200,129,b12p09,12,1502012,9,surprise,outputs/study1_35f300_extension_v1/surprise/b12p09.wav,24000,1,2,378240,15.76
development,dev_extension200,130,b13p00,13,1502013,0,normal,outputs/study1_35f300_extension_v1/normal/b13p00.wav,24000,1,2,322560,13.44
development,dev_extension200,130,b13p00,13,1502013,0,happy,outputs/study1_35f300_extension_v1/happy/b13p00.wav,24000,1,2,330240,13.76
development,dev_extension200,130,b13p00,13,1502013,0,sad,outputs/study1_35f300_extension_v1/sad/b13p00.wav,24000,1,2,418560,17.44
development,dev_extension200,130,b13p00,13,1502013,0,calm,outputs/study1_35f300_extension_v1/calm/b13p00.wav,24000,1,2,343680,14.32
development,dev_extension200,130,b13p00,13,1502013,0,angry,outputs/study1_35f300_extension_v1/angry/b13p00.wav,24000,1,2,359040,14.96
development,dev_extension200,130,b13p00,13,1502013,0,surprise,outputs/study1_35f300_extension_v1/surprise/b13p00.wav,24000,1,2,380160,15.84
development,dev_extension200,131,b13p01,13,1502013,1,normal,outputs/study1_35f300_extension_v1/normal/b13p01.wav,24000,1,2,437760,18.24
development,dev_extension200,131,b13p01,13,1502013,1,happy,outputs/study1_35f300_extension_v1/happy/b13p01.wav,24000,1,2,389760,16.24
development,dev_extension200,131,b13p01,13,1502013,1,sad,outputs/study1_35f300_extension_v1/sad/b13p01.wav,24000,1,2,382080,15.92
development,dev_extension200,131,b13p01,13,1502013,1,calm,outputs/study1_35f300_extension_v1/calm/b13p01.wav,24000,1,2,389760,16.24
development,dev_extension200,131,b13p01,13,1502013,1,angry,outputs/study1_35f300_extension_v1/angry/b13p01.wav,24000,1,2,322560,13.44
development,dev_extension200,131,b13p01,13,1502013,1,surprise,outputs/study1_35f300_extension_v1/surprise/b13p01.wav,24000,1,2,360960,15.04
development,dev_extension200,132,b13p02,13,1502013,2,normal,outputs/study1_35f300_extension_v1/normal/b13p02.wav,24000,1,2,518400,21.6
development,dev_extension200,132,b13p02,13,1502013,2,happy,outputs/study1_35f300_extension_v1/happy/b13p02.wav,24000,1,2,316800,13.2
development,dev_extension200,132,b13p02,13,1502013,2,sad,outputs/study1_35f300_extension_v1/sad/b13p02.wav,24000,1,2,405120,16.88
development,dev_extension200,132,b13p02,13,1502013,2,calm,outputs/study1_35f300_extension_v1/calm/b13p02.wav,24000,1,2,412800,17.2
development,dev_extension200,132,b13p02,13,1502013,2,angry,outputs/study1_35f300_extension_v1/angry/b13p02.wav,24000,1,2,439680,18.32
development,dev_extension200,132,b13p02,13,1502013,2,surprise,outputs/study1_35f300_extension_v1/surprise/b13p02.wav,24000,1,2,353280,14.72
development,dev_extension200,133,b13p03,13,1502013,3,normal,outputs/study1_35f300_extension_v1/normal/b13p03.wav,24000,1,2,397440,16.56
development,dev_extension200,133,b13p03,13,1502013,3,happy,outputs/study1_35f300_extension_v1/happy/b13p03.wav,24000,1,2,372480,15.52
development,dev_extension200,133,b13p03,13,1502013,3,sad,outputs/study1_35f300_extension_v1/sad/b13p03.wav,24000,1,2,399360,16.64
development,dev_extension200,133,b13p03,13,1502013,3,calm,outputs/study1_35f300_extension_v1/calm/b13p03.wav,24000,1,2,405120,16.88
development,dev_extension200,133,b13p03,13,1502013,3,angry,outputs/study1_35f300_extension_v1/angry/b13p03.wav,24000,1,2,347520,14.48
development,dev_extension200,133,b13p03,13,1502013,3,surprise,outputs/study1_35f300_extension_v1/surprise/b13p03.wav,24000,1,2,387840,16.16
development,dev_extension200,134,b13p04,13,1502013,4,normal,outputs/study1_35f300_extension_v1/normal/b13p04.wav,24000,1,2,380160,15.84
development,dev_extension200,134,b13p04,13,1502013,4,happy,outputs/study1_35f300_extension_v1/happy/b13p04.wav,24000,1,2,349440,14.56
development,dev_extension200,134,b13p04,13,1502013,4,sad,outputs/study1_35f300_extension_v1/sad/b13p04.wav,24000,1,2,424320,17.68
development,dev_extension200,134,b13p04,13,1502013,4,calm,outputs/study1_35f300_extension_v1/calm/b13p04.wav,24000,1,2,387840,16.16
development,dev_extension200,134,b13p04,13,1502013,4,angry,outputs/study1_35f300_extension_v1/angry/b13p04.wav,24000,1,2,301440,12.56
development,dev_extension200,134,b13p04,13,1502013,4,surprise,outputs/study1_35f300_extension_v1/surprise/b13p04.wav,24000,1,2,359040,14.96
development,dev_extension200,135,b13p05,13,1502013,5,normal,outputs/study1_35f300_extension_v1/normal/b13p05.wav,24000,1,2,357120,14.88
development,dev_extension200,135,b13p05,13,1502013,5,happy,outputs/study1_35f300_extension_v1/happy/b13p05.wav,24000,1,2,366720,15.28
development,dev_extension200,135,b13p05,13,1502013,5,sad,outputs/study1_35f300_extension_v1/sad/b13p05.wav,24000,1,2,447360,18.64
development,dev_extension200,135,b13p05,13,1502013,5,calm,outputs/study1_35f300_extension_v1/calm/b13p05.wav,24000,1,2,378240,15.76
development,dev_extension200,135,b13p05,13,1502013,5,angry,outputs/study1_35f300_extension_v1/angry/b13p05.wav,24000,1,2,301440,12.56
development,dev_extension200,135,b13p05,13,1502013,5,surprise,outputs/study1_35f300_extension_v1/surprise/b13p05.wav,24000,1,2,368640,15.36
development,dev_extension200,136,b13p06,13,1502013,6,normal,outputs/study1_35f300_extension_v1/normal/b13p06.wav,24000,1,2,412800,17.2
development,dev_extension200,136,b13p06,13,1502013,6,happy,outputs/study1_35f300_extension_v1/happy/b13p06.wav,24000,1,2,382080,15.92
development,dev_extension200,136,b13p06,13,1502013,6,sad,outputs/study1_35f300_extension_v1/sad/b13p06.wav,24000,1,2,395520,16.48
development,dev_extension200,136,b13p06,13,1502013,6,calm,outputs/study1_35f300_extension_v1/calm/b13p06.wav,24000,1,2,449280,18.72
development,dev_extension200,136,b13p06,13,1502013,6,angry,outputs/study1_35f300_extension_v1/angry/b13p06.wav,24000,1,2,332160,13.84
development,dev_extension200,136,b13p06,13,1502013,6,surprise,outputs/study1_35f300_extension_v1/surprise/b13p06.wav,24000,1,2,353280,14.72
development,dev_extension200,137,b13p07,13,1502013,7,normal,outputs/study1_35f300_extension_v1/normal/b13p07.wav,24000,1,2,374400,15.6
development,dev_extension200,137,b13p07,13,1502013,7,happy,outputs/study1_35f300_extension_v1/happy/b13p07.wav,24000,1,2,428160,17.84
development,dev_extension200,137,b13p07,13,1502013,7,sad,outputs/study1_35f300_extension_v1/sad/b13p07.wav,24000,1,2,464640,19.36
development,dev_extension200,137,b13p07,13,1502013,7,calm,outputs/study1_35f300_extension_v1/calm/b13p07.wav,24000,1,2,399360,16.64
development,dev_extension200,137,b13p07,13,1502013,7,angry,outputs/study1_35f300_extension_v1/angry/b13p07.wav,24000,1,2,372480,15.52
development,dev_extension200,137,b13p07,13,1502013,7,surprise,outputs/study1_35f300_extension_v1/surprise/b13p07.wav,24000,1,2,407040,16.96
development,dev_extension200,138,b13p08,13,1502013,8,normal,outputs/study1_35f300_extension_v1/normal/b13p08.wav,24000,1,2,403200,16.8
development,dev_extension200,138,b13p08,13,1502013,8,happy,outputs/study1_35f300_extension_v1/happy/b13p08.wav,24000,1,2,418560,17.44
development,dev_extension200,138,b13p08,13,1502013,8,sad,outputs/study1_35f300_extension_v1/sad/b13p08.wav,24000,1,2,382080,15.92
development,dev_extension200,138,b13p08,13,1502013,8,calm,outputs/study1_35f300_extension_v1/calm/b13p08.wav,24000,1,2,397440,16.56
development,dev_extension200,138,b13p08,13,1502013,8,angry,outputs/study1_35f300_extension_v1/angry/b13p08.wav,24000,1,2,353280,14.72
development,dev_extension200,138,b13p08,13,1502013,8,surprise,outputs/study1_35f300_extension_v1/surprise/b13p08.wav,24000,1,2,328320,13.68
development,dev_extension200,139,b13p09,13,1502013,9,normal,outputs/study1_35f300_extension_v1/normal/b13p09.wav,24000,1,2,370560,15.44
development,dev_extension200,139,b13p09,13,1502013,9,happy,outputs/study1_35f300_extension_v1/happy/b13p09.wav,24000,1,2,307200,12.8
development,dev_extension200,139,b13p09,13,1502013,9,sad,outputs/study1_35f300_extension_v1/sad/b13p09.wav,24000,1,2,468480,19.52
development,dev_extension200,139,b13p09,13,1502013,9,calm,outputs/study1_35f300_extension_v1/calm/b13p09.wav,24000,1,2,462720,19.28
development,dev_extension200,139,b13p09,13,1502013,9,angry,outputs/study1_35f300_extension_v1/angry/b13p09.wav,24000,1,2,359040,14.96
development,dev_extension200,139,b13p09,13,1502013,9,surprise,outputs/study1_35f300_extension_v1/surprise/b13p09.wav,24000,1,2,345600,14.4
development,dev_extension200,140,b14p00,14,1502014,0,normal,outputs/study1_35f300_extension_v1/normal/b14p00.wav,24000,1,2,334080,13.92
development,dev_extension200,140,b14p00,14,1502014,0,happy,outputs/study1_35f300_extension_v1/happy/b14p00.wav,24000,1,2,389760,16.24
development,dev_extension200,140,b14p00,14,1502014,0,sad,outputs/study1_35f300_extension_v1/sad/b14p00.wav,24000,1,2,368640,15.36
development,dev_extension200,140,b14p00,14,1502014,0,calm,outputs/study1_35f300_extension_v1/calm/b14p00.wav,24000,1,2,316800,13.2
development,dev_extension200,140,b14p00,14,1502014,0,angry,outputs/study1_35f300_extension_v1/angry/b14p00.wav,24000,1,2,405120,16.88
development,dev_extension200,140,b14p00,14,1502014,0,surprise,outputs/study1_35f300_extension_v1/surprise/b14p00.wav,24000,1,2,337920,14.08
development,dev_extension200,141,b14p01,14,1502014,1,normal,outputs/study1_35f300_extension_v1/normal/b14p01.wav,24000,1,2,391680,16.32
development,dev_extension200,141,b14p01,14,1502014,1,happy,outputs/study1_35f300_extension_v1/happy/b14p01.wav,24000,1,2,422400,17.6
development,dev_extension200,141,b14p01,14,1502014,1,sad,outputs/study1_35f300_extension_v1/sad/b14p01.wav,24000,1,2,422400,17.6
development,dev_extension200,141,b14p01,14,1502014,1,calm,outputs/study1_35f300_extension_v1/calm/b14p01.wav,24000,1,2,506880,21.12
development,dev_extension200,141,b14p01,14,1502014,1,angry,outputs/study1_35f300_extension_v1/angry/b14p01.wav,24000,1,2,387840,16.16
development,dev_extension200,141,b14p01,14,1502014,1,surprise,outputs/study1_35f300_extension_v1/surprise/b14p01.wav,24000,1,2,405120,16.88
development,dev_extension200,142,b14p02,14,1502014,2,normal,outputs/study1_35f300_extension_v1/normal/b14p02.wav,24000,1,2,353280,14.72
development,dev_extension200,142,b14p02,14,1502014,2,happy,outputs/study1_35f300_extension_v1/happy/b14p02.wav,24000,1,2,349440,14.56
development,dev_extension200,142,b14p02,14,1502014,2,sad,outputs/study1_35f300_extension_v1/sad/b14p02.wav,24000,1,2,389760,16.24
development,dev_extension200,142,b14p02,14,1502014,2,calm,outputs/study1_35f300_extension_v1/calm/b14p02.wav,24000,1,2,407040,16.96
development,dev_extension200,142,b14p02,14,1502014,2,angry,outputs/study1_35f300_extension_v1/angry/b14p02.wav,24000,1,2,337920,14.08
development,dev_extension200,142,b14p02,14,1502014,2,surprise,outputs/study1_35f300_extension_v1/surprise/b14p02.wav,24000,1,2,343680,14.32
development,dev_extension200,143,b14p03,14,1502014,3,normal,outputs/study1_35f300_extension_v1/normal/b14p03.wav,24000,1,2,305280,12.72
development,dev_extension200,143,b14p03,14,1502014,3,happy,outputs/study1_35f300_extension_v1/happy/b14p03.wav,24000,1,2,362880,15.12
development,dev_extension200,143,b14p03,14,1502014,3,sad,outputs/study1_35f300_extension_v1/sad/b14p03.wav,24000,1,2,460800,19.2
development,dev_extension200,143,b14p03,14,1502014,3,calm,outputs/study1_35f300_extension_v1/calm/b14p03.wav,24000,1,2,389760,16.24
development,dev_extension200,143,b14p03,14,1502014,3,angry,outputs/study1_35f300_extension_v1/angry/b14p03.wav,24000,1,2,384000,16.0
development,dev_extension200,143,b14p03,14,1502014,3,surprise,outputs/study1_35f300_extension_v1/surprise/b14p03.wav,24000,1,2,357120,14.88
development,dev_extension200,144,b14p04,14,1502014,4,normal,outputs/study1_35f300_extension_v1/normal/b14p04.wav,24000,1,2,337920,14.08
development,dev_extension200,144,b14p04,14,1502014,4,happy,outputs/study1_35f300_extension_v1/happy/b14p04.wav,24000,1,2,403200,16.8
development,dev_extension200,144,b14p04,14,1502014,4,sad,outputs/study1_35f300_extension_v1/sad/b14p04.wav,24000,1,2,445440,18.56
development,dev_extension200,144,b14p04,14,1502014,4,calm,outputs/study1_35f300_extension_v1/calm/b14p04.wav,24000,1,2,366720,15.28
development,dev_extension200,144,b14p04,14,1502014,4,angry,outputs/study1_35f300_extension_v1/angry/b14p04.wav,24000,1,2,366720,15.28
development,dev_extension200,144,b14p04,14,1502014,4,surprise,outputs/study1_35f300_extension_v1/surprise/b14p04.wav,24000,1,2,330240,13.76
development,dev_extension200,145,b14p05,14,1502014,5,normal,outputs/study1_35f300_extension_v1/normal/b14p05.wav,24000,1,2,401280,16.72
development,dev_extension200,145,b14p05,14,1502014,5,happy,outputs/study1_35f300_extension_v1/happy/b14p05.wav,24000,1,2,347520,14.48
development,dev_extension200,145,b14p05,14,1502014,5,sad,outputs/study1_35f300_extension_v1/sad/b14p05.wav,24000,1,2,483840,20.16
development,dev_extension200,145,b14p05,14,1502014,5,calm,outputs/study1_35f300_extension_v1/calm/b14p05.wav,24000,1,2,307200,12.8
development,dev_extension200,145,b14p05,14,1502014,5,angry,outputs/study1_35f300_extension_v1/angry/b14p05.wav,24000,1,2,334080,13.92
development,dev_extension200,145,b14p05,14,1502014,5,surprise,outputs/study1_35f300_extension_v1/surprise/b14p05.wav,24000,1,2,322560,13.44
development,dev_extension200,146,b14p06,14,1502014,6,normal,outputs/study1_35f300_extension_v1/normal/b14p06.wav,24000,1,2,437760,18.24
development,dev_extension200,146,b14p06,14,1502014,6,happy,outputs/study1_35f300_extension_v1/happy/b14p06.wav,24000,1,2,372480,15.52
development,dev_extension200,146,b14p06,14,1502014,6,sad,outputs/study1_35f300_extension_v1/sad/b14p06.wav,24000,1,2,508800,21.2
development,dev_extension200,146,b14p06,14,1502014,6,calm,outputs/study1_35f300_extension_v1/calm/b14p06.wav,24000,1,2,337920,14.08
development,dev_extension200,146,b14p06,14,1502014,6,angry,outputs/study1_35f300_extension_v1/angry/b14p06.wav,24000,1,2,376320,15.68
development,dev_extension200,146,b14p06,14,1502014,6,surprise,outputs/study1_35f300_extension_v1/surprise/b14p06.wav,24000,1,2,343680,14.32
development,dev_extension200,147,b14p07,14,1502014,7,normal,outputs/study1_35f300_extension_v1/normal/b14p07.wav,24000,1,2,349440,14.56
development,dev_extension200,147,b14p07,14,1502014,7,happy,outputs/study1_35f300_extension_v1/happy/b14p07.wav,24000,1,2,334080,13.92
development,dev_extension200,147,b14p07,14,1502014,7,sad,outputs/study1_35f300_extension_v1/sad/b14p07.wav,24000,1,2,405120,16.88
development,dev_extension200,147,b14p07,14,1502014,7,calm,outputs/study1_35f300_extension_v1/calm/b14p07.wav,24000,1,2,366720,15.28
development,dev_extension200,147,b14p07,14,1502014,7,angry,outputs/study1_35f300_extension_v1/angry/b14p07.wav,24000,1,2,307200,12.8
development,dev_extension200,147,b14p07,14,1502014,7,surprise,outputs/study1_35f300_extension_v1/surprise/b14p07.wav,24000,1,2,407040,16.96
development,dev_extension200,148,b14p08,14,1502014,8,normal,outputs/study1_35f300_extension_v1/normal/b14p08.wav,24000,1,2,397440,16.56
development,dev_extension200,148,b14p08,14,1502014,8,happy,outputs/study1_35f300_extension_v1/happy/b14p08.wav,24000,1,2,366720,15.28
development,dev_extension200,148,b14p08,14,1502014,8,sad,outputs/study1_35f300_extension_v1/sad/b14p08.wav,24000,1,2,528000,22.0
development,dev_extension200,148,b14p08,14,1502014,8,calm,outputs/study1_35f300_extension_v1/calm/b14p08.wav,24000,1,2,359040,14.96
development,dev_extension200,148,b14p08,14,1502014,8,angry,outputs/study1_35f300_extension_v1/angry/b14p08.wav,24000,1,2,324480,13.52
development,dev_extension200,148,b14p08,14,1502014,8,surprise,outputs/study1_35f300_extension_v1/surprise/b14p08.wav,24000,1,2,437760,18.24
development,dev_extension200,149,b14p09,14,1502014,9,normal,outputs/study1_35f300_extension_v1/normal/b14p09.wav,24000,1,2,384000,16.0
development,dev_extension200,149,b14p09,14,1502014,9,happy,outputs/study1_35f300_extension_v1/happy/b14p09.wav,24000,1,2,399360,16.64
development,dev_extension200,149,b14p09,14,1502014,9,sad,outputs/study1_35f300_extension_v1/sad/b14p09.wav,24000,1,2,397440,16.56
development,dev_extension200,149,b14p09,14,1502014,9,calm,outputs/study1_35f300_extension_v1/calm/b14p09.wav,24000,1,2,380160,15.84
development,dev_extension200,149,b14p09,14,1502014,9,angry,outputs/study1_35f300_extension_v1/angry/b14p09.wav,24000,1,2,320640,13.36
development,dev_extension200,149,b14p09,14,1502014,9,surprise,outputs/study1_35f300_extension_v1/surprise/b14p09.wav,24000,1,2,288000,12.0
development,dev_extension200,150,b15p00,15,1502015,0,normal,outputs/study1_35f300_extension_v1/normal/b15p00.wav,24000,1,2,328320,13.68
development,dev_extension200,150,b15p00,15,1502015,0,happy,outputs/study1_35f300_extension_v1/happy/b15p00.wav,24000,1,2,320640,13.36
development,dev_extension200,150,b15p00,15,1502015,0,sad,outputs/study1_35f300_extension_v1/sad/b15p00.wav,24000,1,2,437760,18.24
development,dev_extension200,150,b15p00,15,1502015,0,calm,outputs/study1_35f300_extension_v1/calm/b15p00.wav,24000,1,2,408960,17.04
development,dev_extension200,150,b15p00,15,1502015,0,angry,outputs/study1_35f300_extension_v1/angry/b15p00.wav,24000,1,2,343680,14.32
development,dev_extension200,150,b15p00,15,1502015,0,surprise,outputs/study1_35f300_extension_v1/surprise/b15p00.wav,24000,1,2,351360,14.64
development,dev_extension200,151,b15p01,15,1502015,1,normal,outputs/study1_35f300_extension_v1/normal/b15p01.wav,24000,1,2,337920,14.08
development,dev_extension200,151,b15p01,15,1502015,1,happy,outputs/study1_35f300_extension_v1/happy/b15p01.wav,24000,1,2,337920,14.08
development,dev_extension200,151,b15p01,15,1502015,1,sad,outputs/study1_35f300_extension_v1/sad/b15p01.wav,24000,1,2,391680,16.32
development,dev_extension200,151,b15p01,15,1502015,1,calm,outputs/study1_35f300_extension_v1/calm/b15p01.wav,24000,1,2,389760,16.24
development,dev_extension200,151,b15p01,15,1502015,1,angry,outputs/study1_35f300_extension_v1/angry/b15p01.wav,24000,1,2,337920,14.08
development,dev_extension200,151,b15p01,15,1502015,1,surprise,outputs/study1_35f300_extension_v1/surprise/b15p01.wav,24000,1,2,332160,13.84
development,dev_extension200,152,b15p02,15,1502015,2,normal,outputs/study1_35f300_extension_v1/normal/b15p02.wav,24000,1,2,347520,14.48
development,dev_extension200,152,b15p02,15,1502015,2,happy,outputs/study1_35f300_extension_v1/happy/b15p02.wav,24000,1,2,336000,14.0
development,dev_extension200,152,b15p02,15,1502015,2,sad,outputs/study1_35f300_extension_v1/sad/b15p02.wav,24000,1,2,460800,19.2
development,dev_extension200,152,b15p02,15,1502015,2,calm,outputs/study1_35f300_extension_v1/calm/b15p02.wav,24000,1,2,393600,16.4
development,dev_extension200,152,b15p02,15,1502015,2,angry,outputs/study1_35f300_extension_v1/angry/b15p02.wav,24000,1,2,318720,13.28
development,dev_extension200,152,b15p02,15,1502015,2,surprise,outputs/study1_35f300_extension_v1/surprise/b15p02.wav,24000,1,2,370560,15.44
development,dev_extension200,153,b15p03,15,1502015,3,normal,outputs/study1_35f300_extension_v1/normal/b15p03.wav,24000,1,2,426240,17.76
development,dev_extension200,153,b15p03,15,1502015,3,happy,outputs/study1_35f300_extension_v1/happy/b15p03.wav,24000,1,2,403200,16.8
development,dev_extension200,153,b15p03,15,1502015,3,sad,outputs/study1_35f300_extension_v1/sad/b15p03.wav,24000,1,2,395520,16.48
development,dev_extension200,153,b15p03,15,1502015,3,calm,outputs/study1_35f300_extension_v1/calm/b15p03.wav,24000,1,2,353280,14.72
development,dev_extension200,153,b15p03,15,1502015,3,angry,outputs/study1_35f300_extension_v1/angry/b15p03.wav,24000,1,2,395520,16.48
development,dev_extension200,153,b15p03,15,1502015,3,surprise,outputs/study1_35f300_extension_v1/surprise/b15p03.wav,24000,1,2,418560,17.44
development,dev_extension200,154,b15p04,15,1502015,4,normal,outputs/study1_35f300_extension_v1/normal/b15p04.wav,24000,1,2,334080,13.92
development,dev_extension200,154,b15p04,15,1502015,4,happy,outputs/study1_35f300_extension_v1/happy/b15p04.wav,24000,1,2,353280,14.72
development,dev_extension200,154,b15p04,15,1502015,4,sad,outputs/study1_35f300_extension_v1/sad/b15p04.wav,24000,1,2,414720,17.28
development,dev_extension200,154,b15p04,15,1502015,4,calm,outputs/study1_35f300_extension_v1/calm/b15p04.wav,24000,1,2,439680,18.32
development,dev_extension200,154,b15p04,15,1502015,4,angry,outputs/study1_35f300_extension_v1/angry/b15p04.wav,24000,1,2,307200,12.8
development,dev_extension200,154,b15p04,15,1502015,4,surprise,outputs/study1_35f300_extension_v1/surprise/b15p04.wav,24000,1,2,370560,15.44
development,dev_extension200,155,b15p05,15,1502015,5,normal,outputs/study1_35f300_extension_v1/normal/b15p05.wav,24000,1,2,407040,16.96
development,dev_extension200,155,b15p05,15,1502015,5,happy,outputs/study1_35f300_extension_v1/happy/b15p05.wav,24000,1,2,357120,14.88
development,dev_extension200,155,b15p05,15,1502015,5,sad,outputs/study1_35f300_extension_v1/sad/b15p05.wav,24000,1,2,493440,20.56
development,dev_extension200,155,b15p05,15,1502015,5,calm,outputs/study1_35f300_extension_v1/calm/b15p05.wav,24000,1,2,385920,16.08
development,dev_extension200,155,b15p05,15,1502015,5,angry,outputs/study1_35f300_extension_v1/angry/b15p05.wav,24000,1,2,366720,15.28
development,dev_extension200,155,b15p05,15,1502015,5,surprise,outputs/study1_35f300_extension_v1/surprise/b15p05.wav,24000,1,2,407040,16.96
development,dev_extension200,156,b15p06,15,1502015,6,normal,outputs/study1_35f300_extension_v1/normal/b15p06.wav,24000,1,2,428160,17.84
development,dev_extension200,156,b15p06,15,1502015,6,happy,outputs/study1_35f300_extension_v1/happy/b15p06.wav,24000,1,2,372480,15.52
development,dev_extension200,156,b15p06,15,1502015,6,sad,outputs/study1_35f300_extension_v1/sad/b15p06.wav,24000,1,2,364800,15.2
development,dev_extension200,156,b15p06,15,1502015,6,calm,outputs/study1_35f300_extension_v1/calm/b15p06.wav,24000,1,2,460800,19.2
development,dev_extension200,156,b15p06,15,1502015,6,angry,outputs/study1_35f300_extension_v1/angry/b15p06.wav,24000,1,2,337920,14.08
development,dev_extension200,156,b15p06,15,1502015,6,surprise,outputs/study1_35f300_extension_v1/surprise/b15p06.wav,24000,1,2,412800,17.2
development,dev_extension200,157,b15p07,15,1502015,7,normal,outputs/study1_35f300_extension_v1/normal/b15p07.wav,24000,1,2,332160,13.84
development,dev_extension200,157,b15p07,15,1502015,7,happy,outputs/study1_35f300_extension_v1/happy/b15p07.wav,24000,1,2,320640,13.36
development,dev_extension200,157,b15p07,15,1502015,7,sad,outputs/study1_35f300_extension_v1/sad/b15p07.wav,24000,1,2,408960,17.04
development,dev_extension200,157,b15p07,15,1502015,7,calm,outputs/study1_35f300_extension_v1/calm/b15p07.wav,24000,1,2,372480,15.52
development,dev_extension200,157,b15p07,15,1502015,7,angry,outputs/study1_35f300_extension_v1/angry/b15p07.wav,24000,1,2,332160,13.84
development,dev_extension200,157,b15p07,15,1502015,7,surprise,outputs/study1_35f300_extension_v1/surprise/b15p07.wav,24000,1,2,389760,16.24
development,dev_extension200,158,b15p08,15,1502015,8,normal,outputs/study1_35f300_extension_v1/normal/b15p08.wav,24000,1,2,447360,18.64
development,dev_extension200,158,b15p08,15,1502015,8,happy,outputs/study1_35f300_extension_v1/happy/b15p08.wav,24000,1,2,370560,15.44
development,dev_extension200,158,b15p08,15,1502015,8,sad,outputs/study1_35f300_extension_v1/sad/b15p08.wav,24000,1,2,412800,17.2
development,dev_extension200,158,b15p08,15,1502015,8,calm,outputs/study1_35f300_extension_v1/calm/b15p08.wav,24000,1,2,380160,15.84
development,dev_extension200,158,b15p08,15,1502015,8,angry,outputs/study1_35f300_extension_v1/angry/b15p08.wav,24000,1,2,370560,15.44
development,dev_extension200,158,b15p08,15,1502015,8,surprise,outputs/study1_35f300_extension_v1/surprise/b15p08.wav,24000,1,2,389760,16.24
development,dev_extension200,159,b15p09,15,1502015,9,normal,outputs/study1_35f300_extension_v1/normal/b15p09.wav,24000,1,2,424320,17.68
development,dev_extension200,159,b15p09,15,1502015,9,happy,outputs/study1_35f300_extension_v1/happy/b15p09.wav,24000,1,2,435840,18.16
development,dev_extension200,159,b15p09,15,1502015,9,sad,outputs/study1_35f300_extension_v1/sad/b15p09.wav,24000,1,2,343680,14.32
development,dev_extension200,159,b15p09,15,1502015,9,calm,outputs/study1_35f300_extension_v1/calm/b15p09.wav,24000,1,2,439680,18.32
development,dev_extension200,159,b15p09,15,1502015,9,angry,outputs/study1_35f300_extension_v1/angry/b15p09.wav,24000,1,2,336000,14.0
development,dev_extension200,159,b15p09,15,1502015,9,surprise,outputs/study1_35f300_extension_v1/surprise/b15p09.wav,24000,1,2,337920,14.08
development,dev_extension200,160,b16p00,16,1502016,0,normal,outputs/study1_35f300_extension_v1/normal/b16p00.wav,24000,1,2,353280,14.72
development,dev_extension200,160,b16p00,16,1502016,0,happy,outputs/study1_35f300_extension_v1/happy/b16p00.wav,24000,1,2,378240,15.76
development,dev_extension200,160,b16p00,16,1502016,0,sad,outputs/study1_35f300_extension_v1/sad/b16p00.wav,24000,1,2,422400,17.6
development,dev_extension200,160,b16p00,16,1502016,0,calm,outputs/study1_35f300_extension_v1/calm/b16p00.wav,24000,1,2,410880,17.12
development,dev_extension200,160,b16p00,16,1502016,0,angry,outputs/study1_35f300_extension_v1/angry/b16p00.wav,24000,1,2,303360,12.64
development,dev_extension200,160,b16p00,16,1502016,0,surprise,outputs/study1_35f300_extension_v1/surprise/b16p00.wav,24000,1,2,364800,15.2
development,dev_extension200,161,b16p01,16,1502016,1,normal,outputs/study1_35f300_extension_v1/normal/b16p01.wav,24000,1,2,343680,14.32
development,dev_extension200,161,b16p01,16,1502016,1,happy,outputs/study1_35f300_extension_v1/happy/b16p01.wav,24000,1,2,422400,17.6
development,dev_extension200,161,b16p01,16,1502016,1,sad,outputs/study1_35f300_extension_v1/sad/b16p01.wav,24000,1,2,445440,18.56
development,dev_extension200,161,b16p01,16,1502016,1,calm,outputs/study1_35f300_extension_v1/calm/b16p01.wav,24000,1,2,395520,16.48
development,dev_extension200,161,b16p01,16,1502016,1,angry,outputs/study1_35f300_extension_v1/angry/b16p01.wav,24000,1,2,366720,15.28
development,dev_extension200,161,b16p01,16,1502016,1,surprise,outputs/study1_35f300_extension_v1/surprise/b16p01.wav,24000,1,2,410880,17.12
development,dev_extension200,162,b16p02,16,1502016,2,normal,outputs/study1_35f300_extension_v1/normal/b16p02.wav,24000,1,2,339840,14.16
development,dev_extension200,162,b16p02,16,1502016,2,happy,outputs/study1_35f300_extension_v1/happy/b16p02.wav,24000,1,2,332160,13.84
development,dev_extension200,162,b16p02,16,1502016,2,sad,outputs/study1_35f300_extension_v1/sad/b16p02.wav,24000,1,2,353280,14.72
development,dev_extension200,162,b16p02,16,1502016,2,calm,outputs/study1_35f300_extension_v1/calm/b16p02.wav,24000,1,2,468480,19.52
development,dev_extension200,162,b16p02,16,1502016,2,angry,outputs/study1_35f300_extension_v1/angry/b16p02.wav,24000,1,2,286080,11.92
development,dev_extension200,162,b16p02,16,1502016,2,surprise,outputs/study1_35f300_extension_v1/surprise/b16p02.wav,24000,1,2,339840,14.16
development,dev_extension200,163,b16p03,16,1502016,3,normal,outputs/study1_35f300_extension_v1/normal/b16p03.wav,24000,1,2,345600,14.4
development,dev_extension200,163,b16p03,16,1502016,3,happy,outputs/study1_35f300_extension_v1/happy/b16p03.wav,24000,1,2,387840,16.16
development,dev_extension200,163,b16p03,16,1502016,3,sad,outputs/study1_35f300_extension_v1/sad/b16p03.wav,24000,1,2,516480,21.52
development,dev_extension200,163,b16p03,16,1502016,3,calm,outputs/study1_35f300_extension_v1/calm/b16p03.wav,24000,1,2,522240,21.76
development,dev_extension200,163,b16p03,16,1502016,3,angry,outputs/study1_35f300_extension_v1/angry/b16p03.wav,24000,1,2,397440,16.56
development,dev_extension200,163,b16p03,16,1502016,3,surprise,outputs/study1_35f300_extension_v1/surprise/b16p03.wav,24000,1,2,343680,14.32
development,dev_extension200,164,b16p04,16,1502016,4,normal,outputs/study1_35f300_extension_v1/normal/b16p04.wav,24000,1,2,422400,17.6
development,dev_extension200,164,b16p04,16,1502016,4,happy,outputs/study1_35f300_extension_v1/happy/b16p04.wav,24000,1,2,372480,15.52
development,dev_extension200,164,b16p04,16,1502016,4,sad,outputs/study1_35f300_extension_v1/sad/b16p04.wav,24000,1,2,432000,18.0
development,dev_extension200,164,b16p04,16,1502016,4,calm,outputs/study1_35f300_extension_v1/calm/b16p04.wav,24000,1,2,339840,14.16
development,dev_extension200,164,b16p04,16,1502016,4,angry,outputs/study1_35f300_extension_v1/angry/b16p04.wav,24000,1,2,343680,14.32
development,dev_extension200,164,b16p04,16,1502016,4,surprise,outputs/study1_35f300_extension_v1/surprise/b16p04.wav,24000,1,2,401280,16.72
development,dev_extension200,165,b16p05,16,1502016,5,normal,outputs/study1_35f300_extension_v1/normal/b16p05.wav,24000,1,2,347520,14.48
development,dev_extension200,165,b16p05,16,1502016,5,happy,outputs/study1_35f300_extension_v1/happy/b16p05.wav,24000,1,2,362880,15.12
development,dev_extension200,165,b16p05,16,1502016,5,sad,outputs/study1_35f300_extension_v1/sad/b16p05.wav,24000,1,2,339840,14.16
development,dev_extension200,165,b16p05,16,1502016,5,calm,outputs/study1_35f300_extension_v1/calm/b16p05.wav,24000,1,2,334080,13.92
development,dev_extension200,165,b16p05,16,1502016,5,angry,outputs/study1_35f300_extension_v1/angry/b16p05.wav,24000,1,2,307200,12.8
development,dev_extension200,165,b16p05,16,1502016,5,surprise,outputs/study1_35f300_extension_v1/surprise/b16p05.wav,24000,1,2,372480,15.52
development,dev_extension200,166,b16p06,16,1502016,6,normal,outputs/study1_35f300_extension_v1/normal/b16p06.wav,24000,1,2,380160,15.84
development,dev_extension200,166,b16p06,16,1502016,6,happy,outputs/study1_35f300_extension_v1/happy/b16p06.wav,24000,1,2,474240,19.76
development,dev_extension200,166,b16p06,16,1502016,6,sad,outputs/study1_35f300_extension_v1/sad/b16p06.wav,24000,1,2,426240,17.76
development,dev_extension200,166,b16p06,16,1502016,6,calm,outputs/study1_35f300_extension_v1/calm/b16p06.wav,24000,1,2,508800,21.2
development,dev_extension200,166,b16p06,16,1502016,6,angry,outputs/study1_35f300_extension_v1/angry/b16p06.wav,24000,1,2,353280,14.72
development,dev_extension200,166,b16p06,16,1502016,6,surprise,outputs/study1_35f300_extension_v1/surprise/b16p06.wav,24000,1,2,362880,15.12
development,dev_extension200,167,b16p07,16,1502016,7,normal,outputs/study1_35f300_extension_v1/normal/b16p07.wav,24000,1,2,336000,14.0
development,dev_extension200,167,b16p07,16,1502016,7,happy,outputs/study1_35f300_extension_v1/happy/b16p07.wav,24000,1,2,395520,16.48
development,dev_extension200,167,b16p07,16,1502016,7,sad,outputs/study1_35f300_extension_v1/sad/b16p07.wav,24000,1,2,449280,18.72
development,dev_extension200,167,b16p07,16,1502016,7,calm,outputs/study1_35f300_extension_v1/calm/b16p07.wav,24000,1,2,1228800,51.2
development,dev_extension200,167,b16p07,16,1502016,7,angry,outputs/study1_35f300_extension_v1/angry/b16p07.wav,24000,1,2,360960,15.04
development,dev_extension200,167,b16p07,16,1502016,7,surprise,outputs/study1_35f300_extension_v1/surprise/b16p07.wav,24000,1,2,399360,16.64
development,dev_extension200,168,b16p08,16,1502016,8,normal,outputs/study1_35f300_extension_v1/normal/b16p08.wav,24000,1,2,472320,19.68
development,dev_extension200,168,b16p08,16,1502016,8,happy,outputs/study1_35f300_extension_v1/happy/b16p08.wav,24000,1,2,359040,14.96
development,dev_extension200,168,b16p08,16,1502016,8,sad,outputs/study1_35f300_extension_v1/sad/b16p08.wav,24000,1,2,526080,21.92
development,dev_extension200,168,b16p08,16,1502016,8,calm,outputs/study1_35f300_extension_v1/calm/b16p08.wav,24000,1,2,399360,16.64
development,dev_extension200,168,b16p08,16,1502016,8,angry,outputs/study1_35f300_extension_v1/angry/b16p08.wav,24000,1,2,349440,14.56
development,dev_extension200,168,b16p08,16,1502016,8,surprise,outputs/study1_35f300_extension_v1/surprise/b16p08.wav,24000,1,2,387840,16.16
development,dev_extension200,169,b16p09,16,1502016,9,normal,outputs/study1_35f300_extension_v1/normal/b16p09.wav,24000,1,2,368640,15.36
development,dev_extension200,169,b16p09,16,1502016,9,happy,outputs/study1_35f300_extension_v1/happy/b16p09.wav,24000,1,2,360960,15.04
development,dev_extension200,169,b16p09,16,1502016,9,sad,outputs/study1_35f300_extension_v1/sad/b16p09.wav,24000,1,2,368640,15.36
development,dev_extension200,169,b16p09,16,1502016,9,calm,outputs/study1_35f300_extension_v1/calm/b16p09.wav,24000,1,2,360960,15.04
development,dev_extension200,169,b16p09,16,1502016,9,angry,outputs/study1_35f300_extension_v1/angry/b16p09.wav,24000,1,2,376320,15.68
development,dev_extension200,169,b16p09,16,1502016,9,surprise,outputs/study1_35f300_extension_v1/surprise/b16p09.wav,24000,1,2,512640,21.36
development,dev_extension200,170,b17p00,17,1502017,0,normal,outputs/study1_35f300_extension_v1/normal/b17p00.wav,24000,1,2,359040,14.96
development,dev_extension200,170,b17p00,17,1502017,0,happy,outputs/study1_35f300_extension_v1/happy/b17p00.wav,24000,1,2,334080,13.92
development,dev_extension200,170,b17p00,17,1502017,0,sad,outputs/study1_35f300_extension_v1/sad/b17p00.wav,24000,1,2,397440,16.56
development,dev_extension200,170,b17p00,17,1502017,0,calm,outputs/study1_35f300_extension_v1/calm/b17p00.wav,24000,1,2,420480,17.52
development,dev_extension200,170,b17p00,17,1502017,0,angry,outputs/study1_35f300_extension_v1/angry/b17p00.wav,24000,1,2,320640,13.36
development,dev_extension200,170,b17p00,17,1502017,0,surprise,outputs/study1_35f300_extension_v1/surprise/b17p00.wav,24000,1,2,374400,15.6
development,dev_extension200,171,b17p01,17,1502017,1,normal,outputs/study1_35f300_extension_v1/normal/b17p01.wav,24000,1,2,368640,15.36
development,dev_extension200,171,b17p01,17,1502017,1,happy,outputs/study1_35f300_extension_v1/happy/b17p01.wav,24000,1,2,362880,15.12
development,dev_extension200,171,b17p01,17,1502017,1,sad,outputs/study1_35f300_extension_v1/sad/b17p01.wav,24000,1,2,410880,17.12
development,dev_extension200,171,b17p01,17,1502017,1,calm,outputs/study1_35f300_extension_v1/calm/b17p01.wav,24000,1,2,428160,17.84
development,dev_extension200,171,b17p01,17,1502017,1,angry,outputs/study1_35f300_extension_v1/angry/b17p01.wav,24000,1,2,441600,18.4
development,dev_extension200,171,b17p01,17,1502017,1,surprise,outputs/study1_35f300_extension_v1/surprise/b17p01.wav,24000,1,2,378240,15.76
development,dev_extension200,172,b17p02,17,1502017,2,normal,outputs/study1_35f300_extension_v1/normal/b17p02.wav,24000,1,2,366720,15.28
development,dev_extension200,172,b17p02,17,1502017,2,happy,outputs/study1_35f300_extension_v1/happy/b17p02.wav,24000,1,2,387840,16.16
development,dev_extension200,172,b17p02,17,1502017,2,sad,outputs/study1_35f300_extension_v1/sad/b17p02.wav,24000,1,2,453120,18.88
development,dev_extension200,172,b17p02,17,1502017,2,calm,outputs/study1_35f300_extension_v1/calm/b17p02.wav,24000,1,2,345600,14.4
development,dev_extension200,172,b17p02,17,1502017,2,angry,outputs/study1_35f300_extension_v1/angry/b17p02.wav,24000,1,2,349440,14.56
development,dev_extension200,172,b17p02,17,1502017,2,surprise,outputs/study1_35f300_extension_v1/surprise/b17p02.wav,24000,1,2,428160,17.84
development,dev_extension200,173,b17p03,17,1502017,3,normal,outputs/study1_35f300_extension_v1/normal/b17p03.wav,24000,1,2,337920,14.08
development,dev_extension200,173,b17p03,17,1502017,3,happy,outputs/study1_35f300_extension_v1/happy/b17p03.wav,24000,1,2,368640,15.36
development,dev_extension200,173,b17p03,17,1502017,3,sad,outputs/study1_35f300_extension_v1/sad/b17p03.wav,24000,1,2,455040,18.96
development,dev_extension200,173,b17p03,17,1502017,3,calm,outputs/study1_35f300_extension_v1/calm/b17p03.wav,24000,1,2,554880,23.12
development,dev_extension200,173,b17p03,17,1502017,3,angry,outputs/study1_35f300_extension_v1/angry/b17p03.wav,24000,1,2,318720,13.28
development,dev_extension200,173,b17p03,17,1502017,3,surprise,outputs/study1_35f300_extension_v1/surprise/b17p03.wav,24000,1,2,382080,15.92
development,dev_extension200,174,b17p04,17,1502017,4,normal,outputs/study1_35f300_extension_v1/normal/b17p04.wav,24000,1,2,364800,15.2
development,dev_extension200,174,b17p04,17,1502017,4,happy,outputs/study1_35f300_extension_v1/happy/b17p04.wav,24000,1,2,334080,13.92
development,dev_extension200,174,b17p04,17,1502017,4,sad,outputs/study1_35f300_extension_v1/sad/b17p04.wav,24000,1,2,445440,18.56
development,dev_extension200,174,b17p04,17,1502017,4,calm,outputs/study1_35f300_extension_v1/calm/b17p04.wav,24000,1,2,433920,18.08
development,dev_extension200,174,b17p04,17,1502017,4,angry,outputs/study1_35f300_extension_v1/angry/b17p04.wav,24000,1,2,345600,14.4
development,dev_extension200,174,b17p04,17,1502017,4,surprise,outputs/study1_35f300_extension_v1/surprise/b17p04.wav,24000,1,2,353280,14.72
development,dev_extension200,175,b17p05,17,1502017,5,normal,outputs/study1_35f300_extension_v1/normal/b17p05.wav,24000,1,2,349440,14.56
development,dev_extension200,175,b17p05,17,1502017,5,happy,outputs/study1_35f300_extension_v1/happy/b17p05.wav,24000,1,2,351360,14.64
development,dev_extension200,175,b17p05,17,1502017,5,sad,outputs/study1_35f300_extension_v1/sad/b17p05.wav,24000,1,2,347520,14.48
development,dev_extension200,175,b17p05,17,1502017,5,calm,outputs/study1_35f300_extension_v1/calm/b17p05.wav,24000,1,2,501120,20.88
development,dev_extension200,175,b17p05,17,1502017,5,angry,outputs/study1_35f300_extension_v1/angry/b17p05.wav,24000,1,2,341760,14.24
development,dev_extension200,175,b17p05,17,1502017,5,surprise,outputs/study1_35f300_extension_v1/surprise/b17p05.wav,24000,1,2,362880,15.12
development,dev_extension200,176,b17p06,17,1502017,6,normal,outputs/study1_35f300_extension_v1/normal/b17p06.wav,24000,1,2,347520,14.48
development,dev_extension200,176,b17p06,17,1502017,6,happy,outputs/study1_35f300_extension_v1/happy/b17p06.wav,24000,1,2,430080,17.92
development,dev_extension200,176,b17p06,17,1502017,6,sad,outputs/study1_35f300_extension_v1/sad/b17p06.wav,24000,1,2,430080,17.92
development,dev_extension200,176,b17p06,17,1502017,6,calm,outputs/study1_35f300_extension_v1/calm/b17p06.wav,24000,1,2,405120,16.88
development,dev_extension200,176,b17p06,17,1502017,6,angry,outputs/study1_35f300_extension_v1/angry/b17p06.wav,24000,1,2,357120,14.88
development,dev_extension200,176,b17p06,17,1502017,6,surprise,outputs/study1_35f300_extension_v1/surprise/b17p06.wav,24000,1,2,405120,16.88
development,dev_extension200,177,b17p07,17,1502017,7,normal,outputs/study1_35f300_extension_v1/normal/b17p07.wav,24000,1,2,802560,33.44
development,dev_extension200,177,b17p07,17,1502017,7,happy,outputs/study1_35f300_extension_v1/happy/b17p07.wav,24000,1,2,408960,17.04
development,dev_extension200,177,b17p07,17,1502017,7,sad,outputs/study1_35f300_extension_v1/sad/b17p07.wav,24000,1,2,430080,17.92
development,dev_extension200,177,b17p07,17,1502017,7,calm,outputs/study1_35f300_extension_v1/calm/b17p07.wav,24000,1,2,428160,17.84
development,dev_extension200,177,b17p07,17,1502017,7,angry,outputs/study1_35f300_extension_v1/angry/b17p07.wav,24000,1,2,339840,14.16
development,dev_extension200,177,b17p07,17,1502017,7,surprise,outputs/study1_35f300_extension_v1/surprise/b17p07.wav,24000,1,2,376320,15.68
development,dev_extension200,178,b17p08,17,1502017,8,normal,outputs/study1_35f300_extension_v1/normal/b17p08.wav,24000,1,2,416640,17.36
development,dev_extension200,178,b17p08,17,1502017,8,happy,outputs/study1_35f300_extension_v1/happy/b17p08.wav,24000,1,2,378240,15.76
development,dev_extension200,178,b17p08,17,1502017,8,sad,outputs/study1_35f300_extension_v1/sad/b17p08.wav,24000,1,2,441600,18.4
development,dev_extension200,178,b17p08,17,1502017,8,calm,outputs/study1_35f300_extension_v1/calm/b17p08.wav,24000,1,2,399360,16.64
development,dev_extension200,178,b17p08,17,1502017,8,angry,outputs/study1_35f300_extension_v1/angry/b17p08.wav,24000,1,2,351360,14.64
development,dev_extension200,178,b17p08,17,1502017,8,surprise,outputs/study1_35f300_extension_v1/surprise/b17p08.wav,24000,1,2,385920,16.08
development,dev_extension200,179,b17p09,17,1502017,9,normal,outputs/study1_35f300_extension_v1/normal/b17p09.wav,24000,1,2,339840,14.16
development,dev_extension200,179,b17p09,17,1502017,9,happy,outputs/study1_35f300_extension_v1/happy/b17p09.wav,24000,1,2,314880,13.12
development,dev_extension200,179,b17p09,17,1502017,9,sad,outputs/study1_35f300_extension_v1/sad/b17p09.wav,24000,1,2,493440,20.56
development,dev_extension200,179,b17p09,17,1502017,9,calm,outputs/study1_35f300_extension_v1/calm/b17p09.wav,24000,1,2,441600,18.4
development,dev_extension200,179,b17p09,17,1502017,9,angry,outputs/study1_35f300_extension_v1/angry/b17p09.wav,24000,1,2,472320,19.68
development,dev_extension200,179,b17p09,17,1502017,9,surprise,outputs/study1_35f300_extension_v1/surprise/b17p09.wav,24000,1,2,345600,14.4
development,dev_extension200,180,b18p00,18,1502018,0,normal,outputs/study1_35f300_extension_v1/normal/b18p00.wav,24000,1,2,393600,16.4
development,dev_extension200,180,b18p00,18,1502018,0,happy,outputs/study1_35f300_extension_v1/happy/b18p00.wav,24000,1,2,385920,16.08
development,dev_extension200,180,b18p00,18,1502018,0,sad,outputs/study1_35f300_extension_v1/sad/b18p00.wav,24000,1,2,393600,16.4
development,dev_extension200,180,b18p00,18,1502018,0,calm,outputs/study1_35f300_extension_v1/calm/b18p00.wav,24000,1,2,462720,19.28
development,dev_extension200,180,b18p00,18,1502018,0,angry,outputs/study1_35f300_extension_v1/angry/b18p00.wav,24000,1,2,428160,17.84
development,dev_extension200,180,b18p00,18,1502018,0,surprise,outputs/study1_35f300_extension_v1/surprise/b18p00.wav,24000,1,2,337920,14.08
development,dev_extension200,181,b18p01,18,1502018,1,normal,outputs/study1_35f300_extension_v1/normal/b18p01.wav,24000,1,2,393600,16.4
development,dev_extension200,181,b18p01,18,1502018,1,happy,outputs/study1_35f300_extension_v1/happy/b18p01.wav,24000,1,2,330240,13.76
development,dev_extension200,181,b18p01,18,1502018,1,sad,outputs/study1_35f300_extension_v1/sad/b18p01.wav,24000,1,2,341760,14.24
development,dev_extension200,181,b18p01,18,1502018,1,calm,outputs/study1_35f300_extension_v1/calm/b18p01.wav,24000,1,2,385920,16.08
development,dev_extension200,181,b18p01,18,1502018,1,angry,outputs/study1_35f300_extension_v1/angry/b18p01.wav,24000,1,2,318720,13.28
development,dev_extension200,181,b18p01,18,1502018,1,surprise,outputs/study1_35f300_extension_v1/surprise/b18p01.wav,24000,1,2,451200,18.8
development,dev_extension200,182,b18p02,18,1502018,2,normal,outputs/study1_35f300_extension_v1/normal/b18p02.wav,24000,1,2,424320,17.68
development,dev_extension200,182,b18p02,18,1502018,2,happy,outputs/study1_35f300_extension_v1/happy/b18p02.wav,24000,1,2,391680,16.32
development,dev_extension200,182,b18p02,18,1502018,2,sad,outputs/study1_35f300_extension_v1/sad/b18p02.wav,24000,1,2,453120,18.88
development,dev_extension200,182,b18p02,18,1502018,2,calm,outputs/study1_35f300_extension_v1/calm/b18p02.wav,24000,1,2,368640,15.36
development,dev_extension200,182,b18p02,18,1502018,2,angry,outputs/study1_35f300_extension_v1/angry/b18p02.wav,24000,1,2,359040,14.96
development,dev_extension200,182,b18p02,18,1502018,2,surprise,outputs/study1_35f300_extension_v1/surprise/b18p02.wav,24000,1,2,341760,14.24
development,dev_extension200,183,b18p03,18,1502018,3,normal,outputs/study1_35f300_extension_v1/normal/b18p03.wav,24000,1,2,355200,14.8
development,dev_extension200,183,b18p03,18,1502018,3,happy,outputs/study1_35f300_extension_v1/happy/b18p03.wav,24000,1,2,320640,13.36
development,dev_extension200,183,b18p03,18,1502018,3,sad,outputs/study1_35f300_extension_v1/sad/b18p03.wav,24000,1,2,447360,18.64
development,dev_extension200,183,b18p03,18,1502018,3,calm,outputs/study1_35f300_extension_v1/calm/b18p03.wav,24000,1,2,378240,15.76
development,dev_extension200,183,b18p03,18,1502018,3,angry,outputs/study1_35f300_extension_v1/angry/b18p03.wav,24000,1,2,314880,13.12
development,dev_extension200,183,b18p03,18,1502018,3,surprise,outputs/study1_35f300_extension_v1/surprise/b18p03.wav,24000,1,2,378240,15.76
development,dev_extension200,184,b18p04,18,1502018,4,normal,outputs/study1_35f300_extension_v1/normal/b18p04.wav,24000,1,2,360960,15.04
development,dev_extension200,184,b18p04,18,1502018,4,happy,outputs/study1_35f300_extension_v1/happy/b18p04.wav,24000,1,2,351360,14.64
development,dev_extension200,184,b18p04,18,1502018,4,sad,outputs/study1_35f300_extension_v1/sad/b18p04.wav,24000,1,2,343680,14.32
development,dev_extension200,184,b18p04,18,1502018,4,calm,outputs/study1_35f300_extension_v1/calm/b18p04.wav,24000,1,2,416640,17.36
development,dev_extension200,184,b18p04,18,1502018,4,angry,outputs/study1_35f300_extension_v1/angry/b18p04.wav,24000,1,2,370560,15.44
development,dev_extension200,184,b18p04,18,1502018,4,surprise,outputs/study1_35f300_extension_v1/surprise/b18p04.wav,24000,1,2,349440,14.56
development,dev_extension200,185,b18p05,18,1502018,5,normal,outputs/study1_35f300_extension_v1/normal/b18p05.wav,24000,1,2,355200,14.8
development,dev_extension200,185,b18p05,18,1502018,5,happy,outputs/study1_35f300_extension_v1/happy/b18p05.wav,24000,1,2,403200,16.8
development,dev_extension200,185,b18p05,18,1502018,5,sad,outputs/study1_35f300_extension_v1/sad/b18p05.wav,24000,1,2,441600,18.4
development,dev_extension200,185,b18p05,18,1502018,5,calm,outputs/study1_35f300_extension_v1/calm/b18p05.wav,24000,1,2,376320,15.68
development,dev_extension200,185,b18p05,18,1502018,5,angry,outputs/study1_35f300_extension_v1/angry/b18p05.wav,24000,1,2,349440,14.56
development,dev_extension200,185,b18p05,18,1502018,5,surprise,outputs/study1_35f300_extension_v1/surprise/b18p05.wav,24000,1,2,343680,14.32
development,dev_extension200,186,b18p06,18,1502018,6,normal,outputs/study1_35f300_extension_v1/normal/b18p06.wav,24000,1,2,341760,14.24
development,dev_extension200,186,b18p06,18,1502018,6,happy,outputs/study1_35f300_extension_v1/happy/b18p06.wav,24000,1,2,355200,14.8
development,dev_extension200,186,b18p06,18,1502018,6,sad,outputs/study1_35f300_extension_v1/sad/b18p06.wav,24000,1,2,389760,16.24
development,dev_extension200,186,b18p06,18,1502018,6,calm,outputs/study1_35f300_extension_v1/calm/b18p06.wav,24000,1,2,432000,18.0
development,dev_extension200,186,b18p06,18,1502018,6,angry,outputs/study1_35f300_extension_v1/angry/b18p06.wav,24000,1,2,443520,18.48
development,dev_extension200,186,b18p06,18,1502018,6,surprise,outputs/study1_35f300_extension_v1/surprise/b18p06.wav,24000,1,2,366720,15.28
development,dev_extension200,187,b18p07,18,1502018,7,normal,outputs/study1_35f300_extension_v1/normal/b18p07.wav,24000,1,2,362880,15.12
development,dev_extension200,187,b18p07,18,1502018,7,happy,outputs/study1_35f300_extension_v1/happy/b18p07.wav,24000,1,2,364800,15.2
development,dev_extension200,187,b18p07,18,1502018,7,sad,outputs/study1_35f300_extension_v1/sad/b18p07.wav,24000,1,2,591360,24.64
development,dev_extension200,187,b18p07,18,1502018,7,calm,outputs/study1_35f300_extension_v1/calm/b18p07.wav,24000,1,2,376320,15.68
development,dev_extension200,187,b18p07,18,1502018,7,angry,outputs/study1_35f300_extension_v1/angry/b18p07.wav,24000,1,2,353280,14.72
development,dev_extension200,187,b18p07,18,1502018,7,surprise,outputs/study1_35f300_extension_v1/surprise/b18p07.wav,24000,1,2,347520,14.48
development,dev_extension200,188,b18p08,18,1502018,8,normal,outputs/study1_35f300_extension_v1/normal/b18p08.wav,24000,1,2,364800,15.2
development,dev_extension200,188,b18p08,18,1502018,8,happy,outputs/study1_35f300_extension_v1/happy/b18p08.wav,24000,1,2,324480,13.52
development,dev_extension200,188,b18p08,18,1502018,8,sad,outputs/study1_35f300_extension_v1/sad/b18p08.wav,24000,1,2,433920,18.08
development,dev_extension200,188,b18p08,18,1502018,8,calm,outputs/study1_35f300_extension_v1/calm/b18p08.wav,24000,1,2,433920,18.08
development,dev_extension200,188,b18p08,18,1502018,8,angry,outputs/study1_35f300_extension_v1/angry/b18p08.wav,24000,1,2,385920,16.08
development,dev_extension200,188,b18p08,18,1502018,8,surprise,outputs/study1_35f300_extension_v1/surprise/b18p08.wav,24000,1,2,397440,16.56
development,dev_extension200,189,b18p09,18,1502018,9,normal,outputs/study1_35f300_extension_v1/normal/b18p09.wav,24000,1,2,405120,16.88
development,dev_extension200,189,b18p09,18,1502018,9,happy,outputs/study1_35f300_extension_v1/happy/b18p09.wav,24000,1,2,405120,16.88
development,dev_extension200,189,b18p09,18,1502018,9,sad,outputs/study1_35f300_extension_v1/sad/b18p09.wav,24000,1,2,428160,17.84
development,dev_extension200,189,b18p09,18,1502018,9,calm,outputs/study1_35f300_extension_v1/calm/b18p09.wav,24000,1,2,414720,17.28
development,dev_extension200,189,b18p09,18,1502018,9,angry,outputs/study1_35f300_extension_v1/angry/b18p09.wav,24000,1,2,339840,14.16
development,dev_extension200,189,b18p09,18,1502018,9,surprise,outputs/study1_35f300_extension_v1/surprise/b18p09.wav,24000,1,2,353280,14.72
development,dev_extension200,190,b19p00,19,1502019,0,normal,outputs/study1_35f300_extension_v1/normal/b19p00.wav,24000,1,2,422400,17.6
development,dev_extension200,190,b19p00,19,1502019,0,happy,outputs/study1_35f300_extension_v1/happy/b19p00.wav,24000,1,2,412800,17.2
development,dev_extension200,190,b19p00,19,1502019,0,sad,outputs/study1_35f300_extension_v1/sad/b19p00.wav,24000,1,2,587520,24.48
development,dev_extension200,190,b19p00,19,1502019,0,calm,outputs/study1_35f300_extension_v1/calm/b19p00.wav,24000,1,2,531840,22.16
development,dev_extension200,190,b19p00,19,1502019,0,angry,outputs/study1_35f300_extension_v1/angry/b19p00.wav,24000,1,2,311040,12.96
development,dev_extension200,190,b19p00,19,1502019,0,surprise,outputs/study1_35f300_extension_v1/surprise/b19p00.wav,24000,1,2,341760,14.24
development,dev_extension200,191,b19p01,19,1502019,1,normal,outputs/study1_35f300_extension_v1/normal/b19p01.wav,24000,1,2,366720,15.28
development,dev_extension200,191,b19p01,19,1502019,1,happy,outputs/study1_35f300_extension_v1/happy/b19p01.wav,24000,1,2,428160,17.84
development,dev_extension200,191,b19p01,19,1502019,1,sad,outputs/study1_35f300_extension_v1/sad/b19p01.wav,24000,1,2,334080,13.92
development,dev_extension200,191,b19p01,19,1502019,1,calm,outputs/study1_35f300_extension_v1/calm/b19p01.wav,24000,1,2,418560,17.44
development,dev_extension200,191,b19p01,19,1502019,1,angry,outputs/study1_35f300_extension_v1/angry/b19p01.wav,24000,1,2,345600,14.4
development,dev_extension200,191,b19p01,19,1502019,1,surprise,outputs/study1_35f300_extension_v1/surprise/b19p01.wav,24000,1,2,378240,15.76
development,dev_extension200,192,b19p02,19,1502019,2,normal,outputs/study1_35f300_extension_v1/normal/b19p02.wav,24000,1,2,378240,15.76
development,dev_extension200,192,b19p02,19,1502019,2,happy,outputs/study1_35f300_extension_v1/happy/b19p02.wav,24000,1,2,378240,15.76
development,dev_extension200,192,b19p02,19,1502019,2,sad,outputs/study1_35f300_extension_v1/sad/b19p02.wav,24000,1,2,399360,16.64
development,dev_extension200,192,b19p02,19,1502019,2,calm,outputs/study1_35f300_extension_v1/calm/b19p02.wav,24000,1,2,389760,16.24
development,dev_extension200,192,b19p02,19,1502019,2,angry,outputs/study1_35f300_extension_v1/angry/b19p02.wav,24000,1,2,353280,14.72
development,dev_extension200,192,b19p02,19,1502019,2,surprise,outputs/study1_35f300_extension_v1/surprise/b19p02.wav,24000,1,2,345600,14.4
development,dev_extension200,193,b19p03,19,1502019,3,normal,outputs/study1_35f300_extension_v1/normal/b19p03.wav,24000,1,2,359040,14.96
development,dev_extension200,193,b19p03,19,1502019,3,happy,outputs/study1_35f300_extension_v1/happy/b19p03.wav,24000,1,2,451200,18.8
development,dev_extension200,193,b19p03,19,1502019,3,sad,outputs/study1_35f300_extension_v1/sad/b19p03.wav,24000,1,2,441600,18.4
development,dev_extension200,193,b19p03,19,1502019,3,calm,outputs/study1_35f300_extension_v1/calm/b19p03.wav,24000,1,2,456960,19.04
development,dev_extension200,193,b19p03,19,1502019,3,angry,outputs/study1_35f300_extension_v1/angry/b19p03.wav,24000,1,2,332160,13.84
development,dev_extension200,193,b19p03,19,1502019,3,surprise,outputs/study1_35f300_extension_v1/surprise/b19p03.wav,24000,1,2,351360,14.64
development,dev_extension200,194,b19p04,19,1502019,4,normal,outputs/study1_35f300_extension_v1/normal/b19p04.wav,24000,1,2,460800,19.2
development,dev_extension200,194,b19p04,19,1502019,4,happy,outputs/study1_35f300_extension_v1/happy/b19p04.wav,24000,1,2,397440,16.56
development,dev_extension200,194,b19p04,19,1502019,4,sad,outputs/study1_35f300_extension_v1/sad/b19p04.wav,24000,1,2,397440,16.56
development,dev_extension200,194,b19p04,19,1502019,4,calm,outputs/study1_35f300_extension_v1/calm/b19p04.wav,24000,1,2,420480,17.52
development,dev_extension200,194,b19p04,19,1502019,4,angry,outputs/study1_35f300_extension_v1/angry/b19p04.wav,24000,1,2,347520,14.48
development,dev_extension200,194,b19p04,19,1502019,4,surprise,outputs/study1_35f300_extension_v1/surprise/b19p04.wav,24000,1,2,384000,16.0
development,dev_extension200,195,b19p05,19,1502019,5,normal,outputs/study1_35f300_extension_v1/normal/b19p05.wav,24000,1,2,347520,14.48
development,dev_extension200,195,b19p05,19,1502019,5,happy,outputs/study1_35f300_extension_v1/happy/b19p05.wav,24000,1,2,339840,14.16
development,dev_extension200,195,b19p05,19,1502019,5,sad,outputs/study1_35f300_extension_v1/sad/b19p05.wav,24000,1,2,456960,19.04
development,dev_extension200,195,b19p05,19,1502019,5,calm,outputs/study1_35f300_extension_v1/calm/b19p05.wav,24000,1,2,387840,16.16
development,dev_extension200,195,b19p05,19,1502019,5,angry,outputs/study1_35f300_extension_v1/angry/b19p05.wav,24000,1,2,360960,15.04
development,dev_extension200,195,b19p05,19,1502019,5,surprise,outputs/study1_35f300_extension_v1/surprise/b19p05.wav,24000,1,2,347520,14.48
development,dev_extension200,196,b19p06,19,1502019,6,normal,outputs/study1_35f300_extension_v1/normal/b19p06.wav,24000,1,2,343680,14.32
development,dev_extension200,196,b19p06,19,1502019,6,happy,outputs/study1_35f300_extension_v1/happy/b19p06.wav,24000,1,2,397440,16.56
development,dev_extension200,196,b19p06,19,1502019,6,sad,outputs/study1_35f300_extension_v1/sad/b19p06.wav,24000,1,2,462720,19.28
development,dev_extension200,196,b19p06,19,1502019,6,calm,outputs/study1_35f300_extension_v1/calm/b19p06.wav,24000,1,2,464640,19.36
development,dev_extension200,196,b19p06,19,1502019,6,angry,outputs/study1_35f300_extension_v1/angry/b19p06.wav,24000,1,2,351360,14.64
development,dev_extension200,196,b19p06,19,1502019,6,surprise,outputs/study1_35f300_extension_v1/surprise/b19p06.wav,24000,1,2,360960,15.04
development,dev_extension200,197,b19p07,19,1502019,7,normal,outputs/study1_35f300_extension_v1/normal/b19p07.wav,24000,1,2,337920,14.08
development,dev_extension200,197,b19p07,19,1502019,7,happy,outputs/study1_35f300_extension_v1/happy/b19p07.wav,24000,1,2,372480,15.52
development,dev_extension200,197,b19p07,19,1502019,7,sad,outputs/study1_35f300_extension_v1/sad/b19p07.wav,24000,1,2,395520,16.48
development,dev_extension200,197,b19p07,19,1502019,7,calm,outputs/study1_35f300_extension_v1/calm/b19p07.wav,24000,1,2,357120,14.88
development,dev_extension200,197,b19p07,19,1502019,7,angry,outputs/study1_35f300_extension_v1/angry/b19p07.wav,24000,1,2,324480,13.52
development,dev_extension200,197,b19p07,19,1502019,7,surprise,outputs/study1_35f300_extension_v1/surprise/b19p07.wav,24000,1,2,297600,12.4
development,dev_extension200,198,b19p08,19,1502019,8,normal,outputs/study1_35f300_extension_v1/normal/b19p08.wav,24000,1,2,447360,18.64
development,dev_extension200,198,b19p08,19,1502019,8,happy,outputs/study1_35f300_extension_v1/happy/b19p08.wav,24000,1,2,357120,14.88
development,dev_extension200,198,b19p08,19,1502019,8,sad,outputs/study1_35f300_extension_v1/sad/b19p08.wav,24000,1,2,468480,19.52
development,dev_extension200,198,b19p08,19,1502019,8,calm,outputs/study1_35f300_extension_v1/calm/b19p08.wav,24000,1,2,380160,15.84
development,dev_extension200,198,b19p08,19,1502019,8,angry,outputs/study1_35f300_extension_v1/angry/b19p08.wav,24000,1,2,418560,17.44
development,dev_extension200,198,b19p08,19,1502019,8,surprise,outputs/study1_35f300_extension_v1/surprise/b19p08.wav,24000,1,2,374400,15.6
development,dev_extension200,199,b19p09,19,1502019,9,normal,outputs/study1_35f300_extension_v1/normal/b19p09.wav,24000,1,2,380160,15.84
development,dev_extension200,199,b19p09,19,1502019,9,happy,outputs/study1_35f300_extension_v1/happy/b19p09.wav,24000,1,2,360960,15.04
development,dev_extension200,199,b19p09,19,1502019,9,sad,outputs/study1_35f300_extension_v1/sad/b19p09.wav,24000,1,2,405120,16.88
development,dev_extension200,199,b19p09,19,1502019,9,calm,outputs/study1_35f300_extension_v1/calm/b19p09.wav,24000,1,2,339840,14.16
development,dev_extension200,199,b19p09,19,1502019,9,angry,outputs/study1_35f300_extension_v1/angry/b19p09.wav,24000,1,2,322560,13.44
development,dev_extension200,199,b19p09,19,1502019,9,surprise,outputs/study1_35f300_extension_v1/surprise/b19p09.wav,24000,1,2,360960,15.04
development,dev_extension200,200,b20p00,20,1502020,0,normal,outputs/study1_35f300_extension_v1/normal/b20p00.wav,24000,1,2,399360,16.64
development,dev_extension200,200,b20p00,20,1502020,0,happy,outputs/study1_35f300_extension_v1/happy/b20p00.wav,24000,1,2,345600,14.4
development,dev_extension200,200,b20p00,20,1502020,0,sad,outputs/study1_35f300_extension_v1/sad/b20p00.wav,24000,1,2,399360,16.64
development,dev_extension200,200,b20p00,20,1502020,0,calm,outputs/study1_35f300_extension_v1/calm/b20p00.wav,24000,1,2,416640,17.36
development,dev_extension200,200,b20p00,20,1502020,0,angry,outputs/study1_35f300_extension_v1/angry/b20p00.wav,24000,1,2,297600,12.4
development,dev_extension200,200,b20p00,20,1502020,0,surprise,outputs/study1_35f300_extension_v1/surprise/b20p00.wav,24000,1,2,320640,13.36
development,dev_extension200,201,b20p01,20,1502020,1,normal,outputs/study1_35f300_extension_v1/normal/b20p01.wav,24000,1,2,432000,18.0
development,dev_extension200,201,b20p01,20,1502020,1,happy,outputs/study1_35f300_extension_v1/happy/b20p01.wav,24000,1,2,410880,17.12
development,dev_extension200,201,b20p01,20,1502020,1,sad,outputs/study1_35f300_extension_v1/sad/b20p01.wav,24000,1,2,418560,17.44
development,dev_extension200,201,b20p01,20,1502020,1,calm,outputs/study1_35f300_extension_v1/calm/b20p01.wav,24000,1,2,437760,18.24
development,dev_extension200,201,b20p01,20,1502020,1,angry,outputs/study1_35f300_extension_v1/angry/b20p01.wav,24000,1,2,362880,15.12
development,dev_extension200,201,b20p01,20,1502020,1,surprise,outputs/study1_35f300_extension_v1/surprise/b20p01.wav,24000,1,2,422400,17.6
development,dev_extension200,202,b20p02,20,1502020,2,normal,outputs/study1_35f300_extension_v1/normal/b20p02.wav,24000,1,2,345600,14.4
development,dev_extension200,202,b20p02,20,1502020,2,happy,outputs/study1_35f300_extension_v1/happy/b20p02.wav,24000,1,2,334080,13.92
development,dev_extension200,202,b20p02,20,1502020,2,sad,outputs/study1_35f300_extension_v1/sad/b20p02.wav,24000,1,2,474240,19.76
development,dev_extension200,202,b20p02,20,1502020,2,calm,outputs/study1_35f300_extension_v1/calm/b20p02.wav,24000,1,2,351360,14.64
development,dev_extension200,202,b20p02,20,1502020,2,angry,outputs/study1_35f300_extension_v1/angry/b20p02.wav,24000,1,2,353280,14.72
development,dev_extension200,202,b20p02,20,1502020,2,surprise,outputs/study1_35f300_extension_v1/surprise/b20p02.wav,24000,1,2,389760,16.24
development,dev_extension200,203,b20p03,20,1502020,3,normal,outputs/study1_35f300_extension_v1/normal/b20p03.wav,24000,1,2,366720,15.28
development,dev_extension200,203,b20p03,20,1502020,3,happy,outputs/study1_35f300_extension_v1/happy/b20p03.wav,24000,1,2,347520,14.48
development,dev_extension200,203,b20p03,20,1502020,3,sad,outputs/study1_35f300_extension_v1/sad/b20p03.wav,24000,1,2,405120,16.88
development,dev_extension200,203,b20p03,20,1502020,3,calm,outputs/study1_35f300_extension_v1/calm/b20p03.wav,24000,1,2,401280,16.72
development,dev_extension200,203,b20p03,20,1502020,3,angry,outputs/study1_35f300_extension_v1/angry/b20p03.wav,24000,1,2,359040,14.96
development,dev_extension200,203,b20p03,20,1502020,3,surprise,outputs/study1_35f300_extension_v1/surprise/b20p03.wav,24000,1,2,337920,14.08
development,dev_extension200,204,b20p04,20,1502020,4,normal,outputs/study1_35f300_extension_v1/normal/b20p04.wav,24000,1,2,403200,16.8
development,dev_extension200,204,b20p04,20,1502020,4,happy,outputs/study1_35f300_extension_v1/happy/b20p04.wav,24000,1,2,426240,17.76
development,dev_extension200,204,b20p04,20,1502020,4,sad,outputs/study1_35f300_extension_v1/sad/b20p04.wav,24000,1,2,407040,16.96
development,dev_extension200,204,b20p04,20,1502020,4,calm,outputs/study1_35f300_extension_v1/calm/b20p04.wav,24000,1,2,366720,15.28
development,dev_extension200,204,b20p04,20,1502020,4,angry,outputs/study1_35f300_extension_v1/angry/b20p04.wav,24000,1,2,349440,14.56
development,dev_extension200,204,b20p04,20,1502020,4,surprise,outputs/study1_35f300_extension_v1/surprise/b20p04.wav,24000,1,2,385920,16.08
development,dev_extension200,205,b20p05,20,1502020,5,normal,outputs/study1_35f300_extension_v1/normal/b20p05.wav,24000,1,2,399360,16.64
development,dev_extension200,205,b20p05,20,1502020,5,happy,outputs/study1_35f300_extension_v1/happy/b20p05.wav,24000,1,2,399360,16.64
development,dev_extension200,205,b20p05,20,1502020,5,sad,outputs/study1_35f300_extension_v1/sad/b20p05.wav,24000,1,2,447360,18.64
development,dev_extension200,205,b20p05,20,1502020,5,calm,outputs/study1_35f300_extension_v1/calm/b20p05.wav,24000,1,2,380160,15.84
development,dev_extension200,205,b20p05,20,1502020,5,angry,outputs/study1_35f300_extension_v1/angry/b20p05.wav,24000,1,2,351360,14.64
development,dev_extension200,205,b20p05,20,1502020,5,surprise,outputs/study1_35f300_extension_v1/surprise/b20p05.wav,24000,1,2,401280,16.72
development,dev_extension200,206,b20p06,20,1502020,6,normal,outputs/study1_35f300_extension_v1/normal/b20p06.wav,24000,1,2,336000,14.0
development,dev_extension200,206,b20p06,20,1502020,6,happy,outputs/study1_35f300_extension_v1/happy/b20p06.wav,24000,1,2,372480,15.52
development,dev_extension200,206,b20p06,20,1502020,6,sad,outputs/study1_35f300_extension_v1/sad/b20p06.wav,24000,1,2,418560,17.44
development,dev_extension200,206,b20p06,20,1502020,6,calm,outputs/study1_35f300_extension_v1/calm/b20p06.wav,24000,1,2,389760,16.24
development,dev_extension200,206,b20p06,20,1502020,6,angry,outputs/study1_35f300_extension_v1/angry/b20p06.wav,24000,1,2,374400,15.6
development,dev_extension200,206,b20p06,20,1502020,6,surprise,outputs/study1_35f300_extension_v1/surprise/b20p06.wav,24000,1,2,312960,13.04
development,dev_extension200,207,b20p07,20,1502020,7,normal,outputs/study1_35f300_extension_v1/normal/b20p07.wav,24000,1,2,355200,14.8
development,dev_extension200,207,b20p07,20,1502020,7,happy,outputs/study1_35f300_extension_v1/happy/b20p07.wav,24000,1,2,343680,14.32
development,dev_extension200,207,b20p07,20,1502020,7,sad,outputs/study1_35f300_extension_v1/sad/b20p07.wav,24000,1,2,487680,20.32
development,dev_extension200,207,b20p07,20,1502020,7,calm,outputs/study1_35f300_extension_v1/calm/b20p07.wav,24000,1,2,433920,18.08
development,dev_extension200,207,b20p07,20,1502020,7,angry,outputs/study1_35f300_extension_v1/angry/b20p07.wav,24000,1,2,326400,13.6
development,dev_extension200,207,b20p07,20,1502020,7,surprise,outputs/study1_35f300_extension_v1/surprise/b20p07.wav,24000,1,2,355200,14.8
development,dev_extension200,208,b20p08,20,1502020,8,normal,outputs/study1_35f300_extension_v1/normal/b20p08.wav,24000,1,2,357120,14.88
development,dev_extension200,208,b20p08,20,1502020,8,happy,outputs/study1_35f300_extension_v1/happy/b20p08.wav,24000,1,2,351360,14.64
development,dev_extension200,208,b20p08,20,1502020,8,sad,outputs/study1_35f300_extension_v1/sad/b20p08.wav,24000,1,2,362880,15.12
development,dev_extension200,208,b20p08,20,1502020,8,calm,outputs/study1_35f300_extension_v1/calm/b20p08.wav,24000,1,2,437760,18.24
development,dev_extension200,208,b20p08,20,1502020,8,angry,outputs/study1_35f300_extension_v1/angry/b20p08.wav,24000,1,2,380160,15.84
development,dev_extension200,208,b20p08,20,1502020,8,surprise,outputs/study1_35f300_extension_v1/surprise/b20p08.wav,24000,1,2,341760,14.24
development,dev_extension200,209,b20p09,20,1502020,9,normal,outputs/study1_35f300_extension_v1/normal/b20p09.wav,24000,1,2,405120,16.88
development,dev_extension200,209,b20p09,20,1502020,9,happy,outputs/study1_35f300_extension_v1/happy/b20p09.wav,24000,1,2,405120,16.88
development,dev_extension200,209,b20p09,20,1502020,9,sad,outputs/study1_35f300_extension_v1/sad/b20p09.wav,24000,1,2,345600,14.4
development,dev_extension200,209,b20p09,20,1502020,9,calm,outputs/study1_35f300_extension_v1/calm/b20p09.wav,24000,1,2,408960,17.04
development,dev_extension200,209,b20p09,20,1502020,9,angry,outputs/study1_35f300_extension_v1/angry/b20p09.wav,24000,1,2,305280,12.72
development,dev_extension200,209,b20p09,20,1502020,9,surprise,outputs/study1_35f300_extension_v1/surprise/b20p09.wav,24000,1,2,368640,15.36
development,dev_extension200,210,b21p00,21,1502021,0,normal,outputs/study1_35f300_extension_v1/normal/b21p00.wav,24000,1,2,483840,20.16
development,dev_extension200,210,b21p00,21,1502021,0,happy,outputs/study1_35f300_extension_v1/happy/b21p00.wav,24000,1,2,330240,13.76
development,dev_extension200,210,b21p00,21,1502021,0,sad,outputs/study1_35f300_extension_v1/sad/b21p00.wav,24000,1,2,380160,15.84
development,dev_extension200,210,b21p00,21,1502021,0,calm,outputs/study1_35f300_extension_v1/calm/b21p00.wav,24000,1,2,401280,16.72
development,dev_extension200,210,b21p00,21,1502021,0,angry,outputs/study1_35f300_extension_v1/angry/b21p00.wav,24000,1,2,326400,13.6
development,dev_extension200,210,b21p00,21,1502021,0,surprise,outputs/study1_35f300_extension_v1/surprise/b21p00.wav,24000,1,2,397440,16.56
development,dev_extension200,211,b21p01,21,1502021,1,normal,outputs/study1_35f300_extension_v1/normal/b21p01.wav,24000,1,2,399360,16.64
development,dev_extension200,211,b21p01,21,1502021,1,happy,outputs/study1_35f300_extension_v1/happy/b21p01.wav,24000,1,2,347520,14.48
development,dev_extension200,211,b21p01,21,1502021,1,sad,outputs/study1_35f300_extension_v1/sad/b21p01.wav,24000,1,2,460800,19.2
development,dev_extension200,211,b21p01,21,1502021,1,calm,outputs/study1_35f300_extension_v1/calm/b21p01.wav,24000,1,2,439680,18.32
development,dev_extension200,211,b21p01,21,1502021,1,angry,outputs/study1_35f300_extension_v1/angry/b21p01.wav,24000,1,2,334080,13.92
development,dev_extension200,211,b21p01,21,1502021,1,surprise,outputs/study1_35f300_extension_v1/surprise/b21p01.wav,24000,1,2,357120,14.88
development,dev_extension200,212,b21p02,21,1502021,2,normal,outputs/study1_35f300_extension_v1/normal/b21p02.wav,24000,1,2,374400,15.6
development,dev_extension200,212,b21p02,21,1502021,2,happy,outputs/study1_35f300_extension_v1/happy/b21p02.wav,24000,1,2,366720,15.28
development,dev_extension200,212,b21p02,21,1502021,2,sad,outputs/study1_35f300_extension_v1/sad/b21p02.wav,24000,1,2,384000,16.0
development,dev_extension200,212,b21p02,21,1502021,2,calm,outputs/study1_35f300_extension_v1/calm/b21p02.wav,24000,1,2,483840,20.16
development,dev_extension200,212,b21p02,21,1502021,2,angry,outputs/study1_35f300_extension_v1/angry/b21p02.wav,24000,1,2,337920,14.08
development,dev_extension200,212,b21p02,21,1502021,2,surprise,outputs/study1_35f300_extension_v1/surprise/b21p02.wav,24000,1,2,360960,15.04
development,dev_extension200,213,b21p03,21,1502021,3,normal,outputs/study1_35f300_extension_v1/normal/b21p03.wav,24000,1,2,420480,17.52
development,dev_extension200,213,b21p03,21,1502021,3,happy,outputs/study1_35f300_extension_v1/happy/b21p03.wav,24000,1,2,339840,14.16
development,dev_extension200,213,b21p03,21,1502021,3,sad,outputs/study1_35f300_extension_v1/sad/b21p03.wav,24000,1,2,387840,16.16
development,dev_extension200,213,b21p03,21,1502021,3,calm,outputs/study1_35f300_extension_v1/calm/b21p03.wav,24000,1,2,537600,22.4
development,dev_extension200,213,b21p03,21,1502021,3,angry,outputs/study1_35f300_extension_v1/angry/b21p03.wav,24000,1,2,318720,13.28
development,dev_extension200,213,b21p03,21,1502021,3,surprise,outputs/study1_35f300_extension_v1/surprise/b21p03.wav,24000,1,2,353280,14.72
development,dev_extension200,214,b21p04,21,1502021,4,normal,outputs/study1_35f300_extension_v1/normal/b21p04.wav,24000,1,2,366720,15.28
development,dev_extension200,214,b21p04,21,1502021,4,happy,outputs/study1_35f300_extension_v1/happy/b21p04.wav,24000,1,2,370560,15.44
development,dev_extension200,214,b21p04,21,1502021,4,sad,outputs/study1_35f300_extension_v1/sad/b21p04.wav,24000,1,2,437760,18.24
development,dev_extension200,214,b21p04,21,1502021,4,calm,outputs/study1_35f300_extension_v1/calm/b21p04.wav,24000,1,2,416640,17.36
development,dev_extension200,214,b21p04,21,1502021,4,angry,outputs/study1_35f300_extension_v1/angry/b21p04.wav,24000,1,2,403200,16.8
development,dev_extension200,214,b21p04,21,1502021,4,surprise,outputs/study1_35f300_extension_v1/surprise/b21p04.wav,24000,1,2,364800,15.2
development,dev_extension200,215,b21p05,21,1502021,5,normal,outputs/study1_35f300_extension_v1/normal/b21p05.wav,24000,1,2,382080,15.92
development,dev_extension200,215,b21p05,21,1502021,5,happy,outputs/study1_35f300_extension_v1/happy/b21p05.wav,24000,1,2,357120,14.88
development,dev_extension200,215,b21p05,21,1502021,5,sad,outputs/study1_35f300_extension_v1/sad/b21p05.wav,24000,1,2,374400,15.6
development,dev_extension200,215,b21p05,21,1502021,5,calm,outputs/study1_35f300_extension_v1/calm/b21p05.wav,24000,1,2,466560,19.44
development,dev_extension200,215,b21p05,21,1502021,5,angry,outputs/study1_35f300_extension_v1/angry/b21p05.wav,24000,1,2,384000,16.0
development,dev_extension200,215,b21p05,21,1502021,5,surprise,outputs/study1_35f300_extension_v1/surprise/b21p05.wav,24000,1,2,320640,13.36
development,dev_extension200,216,b21p06,21,1502021,6,normal,outputs/study1_35f300_extension_v1/normal/b21p06.wav,24000,1,2,399360,16.64
development,dev_extension200,216,b21p06,21,1502021,6,happy,outputs/study1_35f300_extension_v1/happy/b21p06.wav,24000,1,2,366720,15.28
development,dev_extension200,216,b21p06,21,1502021,6,sad,outputs/study1_35f300_extension_v1/sad/b21p06.wav,24000,1,2,389760,16.24
development,dev_extension200,216,b21p06,21,1502021,6,calm,outputs/study1_35f300_extension_v1/calm/b21p06.wav,24000,1,2,430080,17.92
development,dev_extension200,216,b21p06,21,1502021,6,angry,outputs/study1_35f300_extension_v1/angry/b21p06.wav,24000,1,2,364800,15.2
development,dev_extension200,216,b21p06,21,1502021,6,surprise,outputs/study1_35f300_extension_v1/surprise/b21p06.wav,24000,1,2,360960,15.04
development,dev_extension200,217,b21p07,21,1502021,7,normal,outputs/study1_35f300_extension_v1/normal/b21p07.wav,24000,1,2,322560,13.44
development,dev_extension200,217,b21p07,21,1502021,7,happy,outputs/study1_35f300_extension_v1/happy/b21p07.wav,24000,1,2,341760,14.24
development,dev_extension200,217,b21p07,21,1502021,7,sad,outputs/study1_35f300_extension_v1/sad/b21p07.wav,24000,1,2,359040,14.96
development,dev_extension200,217,b21p07,21,1502021,7,calm,outputs/study1_35f300_extension_v1/calm/b21p07.wav,24000,1,2,393600,16.4
development,dev_extension200,217,b21p07,21,1502021,7,angry,outputs/study1_35f300_extension_v1/angry/b21p07.wav,24000,1,2,322560,13.44
development,dev_extension200,217,b21p07,21,1502021,7,surprise,outputs/study1_35f300_extension_v1/surprise/b21p07.wav,24000,1,2,424320,17.68
development,dev_extension200,218,b21p08,21,1502021,8,normal,outputs/study1_35f300_extension_v1/normal/b21p08.wav,24000,1,2,418560,17.44
development,dev_extension200,218,b21p08,21,1502021,8,happy,outputs/study1_35f300_extension_v1/happy/b21p08.wav,24000,1,2,353280,14.72
development,dev_extension200,218,b21p08,21,1502021,8,sad,outputs/study1_35f300_extension_v1/sad/b21p08.wav,24000,1,2,443520,18.48
development,dev_extension200,218,b21p08,21,1502021,8,calm,outputs/study1_35f300_extension_v1/calm/b21p08.wav,24000,1,2,360960,15.04
development,dev_extension200,218,b21p08,21,1502021,8,angry,outputs/study1_35f300_extension_v1/angry/b21p08.wav,24000,1,2,320640,13.36
development,dev_extension200,218,b21p08,21,1502021,8,surprise,outputs/study1_35f300_extension_v1/surprise/b21p08.wav,24000,1,2,403200,16.8
development,dev_extension200,219,b21p09,21,1502021,9,normal,outputs/study1_35f300_extension_v1/normal/b21p09.wav,24000,1,2,314880,13.12
development,dev_extension200,219,b21p09,21,1502021,9,happy,outputs/study1_35f300_extension_v1/happy/b21p09.wav,24000,1,2,349440,14.56
development,dev_extension200,219,b21p09,21,1502021,9,sad,outputs/study1_35f300_extension_v1/sad/b21p09.wav,24000,1,2,470400,19.6
development,dev_extension200,219,b21p09,21,1502021,9,calm,outputs/study1_35f300_extension_v1/calm/b21p09.wav,24000,1,2,368640,15.36
development,dev_extension200,219,b21p09,21,1502021,9,angry,outputs/study1_35f300_extension_v1/angry/b21p09.wav,24000,1,2,362880,15.12
development,dev_extension200,219,b21p09,21,1502021,9,surprise,outputs/study1_35f300_extension_v1/surprise/b21p09.wav,24000,1,2,405120,16.88
development,dev_extension200,220,b22p00,22,1502022,0,normal,outputs/study1_35f300_extension_v1/normal/b22p00.wav,24000,1,2,424320,17.68
development,dev_extension200,220,b22p00,22,1502022,0,happy,outputs/study1_35f300_extension_v1/happy/b22p00.wav,24000,1,2,337920,14.08
development,dev_extension200,220,b22p00,22,1502022,0,sad,outputs/study1_35f300_extension_v1/sad/b22p00.wav,24000,1,2,368640,15.36
development,dev_extension200,220,b22p00,22,1502022,0,calm,outputs/study1_35f300_extension_v1/calm/b22p00.wav,24000,1,2,399360,16.64
development,dev_extension200,220,b22p00,22,1502022,0,angry,outputs/study1_35f300_extension_v1/angry/b22p00.wav,24000,1,2,376320,15.68
development,dev_extension200,220,b22p00,22,1502022,0,surprise,outputs/study1_35f300_extension_v1/surprise/b22p00.wav,24000,1,2,391680,16.32
development,dev_extension200,221,b22p01,22,1502022,1,normal,outputs/study1_35f300_extension_v1/normal/b22p01.wav,24000,1,2,299520,12.48
development,dev_extension200,221,b22p01,22,1502022,1,happy,outputs/study1_35f300_extension_v1/happy/b22p01.wav,24000,1,2,339840,14.16
development,dev_extension200,221,b22p01,22,1502022,1,sad,outputs/study1_35f300_extension_v1/sad/b22p01.wav,24000,1,2,668160,27.84
development,dev_extension200,221,b22p01,22,1502022,1,calm,outputs/study1_35f300_extension_v1/calm/b22p01.wav,24000,1,2,389760,16.24
development,dev_extension200,221,b22p01,22,1502022,1,angry,outputs/study1_35f300_extension_v1/angry/b22p01.wav,24000,1,2,347520,14.48
development,dev_extension200,221,b22p01,22,1502022,1,surprise,outputs/study1_35f300_extension_v1/surprise/b22p01.wav,24000,1,2,339840,14.16
development,dev_extension200,222,b22p02,22,1502022,2,normal,outputs/study1_35f300_extension_v1/normal/b22p02.wav,24000,1,2,397440,16.56
development,dev_extension200,222,b22p02,22,1502022,2,happy,outputs/study1_35f300_extension_v1/happy/b22p02.wav,24000,1,2,364800,15.2
development,dev_extension200,222,b22p02,22,1502022,2,sad,outputs/study1_35f300_extension_v1/sad/b22p02.wav,24000,1,2,443520,18.48
development,dev_extension200,222,b22p02,22,1502022,2,calm,outputs/study1_35f300_extension_v1/calm/b22p02.wav,24000,1,2,412800,17.2
development,dev_extension200,222,b22p02,22,1502022,2,angry,outputs/study1_35f300_extension_v1/angry/b22p02.wav,24000,1,2,351360,14.64
development,dev_extension200,222,b22p02,22,1502022,2,surprise,outputs/study1_35f300_extension_v1/surprise/b22p02.wav,24000,1,2,401280,16.72
development,dev_extension200,223,b22p03,22,1502022,3,normal,outputs/study1_35f300_extension_v1/normal/b22p03.wav,24000,1,2,359040,14.96
development,dev_extension200,223,b22p03,22,1502022,3,happy,outputs/study1_35f300_extension_v1/happy/b22p03.wav,24000,1,2,382080,15.92
development,dev_extension200,223,b22p03,22,1502022,3,sad,outputs/study1_35f300_extension_v1/sad/b22p03.wav,24000,1,2,449280,18.72
development,dev_extension200,223,b22p03,22,1502022,3,calm,outputs/study1_35f300_extension_v1/calm/b22p03.wav,24000,1,2,393600,16.4
development,dev_extension200,223,b22p03,22,1502022,3,angry,outputs/study1_35f300_extension_v1/angry/b22p03.wav,24000,1,2,353280,14.72
development,dev_extension200,223,b22p03,22,1502022,3,surprise,outputs/study1_35f300_extension_v1/surprise/b22p03.wav,24000,1,2,341760,14.24
development,dev_extension200,224,b22p04,22,1502022,4,normal,outputs/study1_35f300_extension_v1/normal/b22p04.wav,24000,1,2,445440,18.56
development,dev_extension200,224,b22p04,22,1502022,4,happy,outputs/study1_35f300_extension_v1/happy/b22p04.wav,24000,1,2,362880,15.12
development,dev_extension200,224,b22p04,22,1502022,4,sad,outputs/study1_35f300_extension_v1/sad/b22p04.wav,24000,1,2,529920,22.08
development,dev_extension200,224,b22p04,22,1502022,4,calm,outputs/study1_35f300_extension_v1/calm/b22p04.wav,24000,1,2,376320,15.68
development,dev_extension200,224,b22p04,22,1502022,4,angry,outputs/study1_35f300_extension_v1/angry/b22p04.wav,24000,1,2,437760,18.24
development,dev_extension200,224,b22p04,22,1502022,4,surprise,outputs/study1_35f300_extension_v1/surprise/b22p04.wav,24000,1,2,410880,17.12
development,dev_extension200,225,b22p05,22,1502022,5,normal,outputs/study1_35f300_extension_v1/normal/b22p05.wav,24000,1,2,318720,13.28
development,dev_extension200,225,b22p05,22,1502022,5,happy,outputs/study1_35f300_extension_v1/happy/b22p05.wav,24000,1,2,353280,14.72
development,dev_extension200,225,b22p05,22,1502022,5,sad,outputs/study1_35f300_extension_v1/sad/b22p05.wav,24000,1,2,368640,15.36
development,dev_extension200,225,b22p05,22,1502022,5,calm,outputs/study1_35f300_extension_v1/calm/b22p05.wav,24000,1,2,343680,14.32
development,dev_extension200,225,b22p05,22,1502022,5,angry,outputs/study1_35f300_extension_v1/angry/b22p05.wav,24000,1,2,345600,14.4
development,dev_extension200,225,b22p05,22,1502022,5,surprise,outputs/study1_35f300_extension_v1/surprise/b22p05.wav,24000,1,2,318720,13.28
development,dev_extension200,226,b22p06,22,1502022,6,normal,outputs/study1_35f300_extension_v1/normal/b22p06.wav,24000,1,2,347520,14.48
development,dev_extension200,226,b22p06,22,1502022,6,happy,outputs/study1_35f300_extension_v1/happy/b22p06.wav,24000,1,2,334080,13.92
development,dev_extension200,226,b22p06,22,1502022,6,sad,outputs/study1_35f300_extension_v1/sad/b22p06.wav,24000,1,2,376320,15.68
development,dev_extension200,226,b22p06,22,1502022,6,calm,outputs/study1_35f300_extension_v1/calm/b22p06.wav,24000,1,2,370560,15.44
development,dev_extension200,226,b22p06,22,1502022,6,angry,outputs/study1_35f300_extension_v1/angry/b22p06.wav,24000,1,2,380160,15.84
development,dev_extension200,226,b22p06,22,1502022,6,surprise,outputs/study1_35f300_extension_v1/surprise/b22p06.wav,24000,1,2,370560,15.44
development,dev_extension200,227,b22p07,22,1502022,7,normal,outputs/study1_35f300_extension_v1/normal/b22p07.wav,24000,1,2,339840,14.16
development,dev_extension200,227,b22p07,22,1502022,7,happy,outputs/study1_35f300_extension_v1/happy/b22p07.wav,24000,1,2,397440,16.56
development,dev_extension200,227,b22p07,22,1502022,7,sad,outputs/study1_35f300_extension_v1/sad/b22p07.wav,24000,1,2,374400,15.6
development,dev_extension200,227,b22p07,22,1502022,7,calm,outputs/study1_35f300_extension_v1/calm/b22p07.wav,24000,1,2,470400,19.6
development,dev_extension200,227,b22p07,22,1502022,7,angry,outputs/study1_35f300_extension_v1/angry/b22p07.wav,24000,1,2,337920,14.08
development,dev_extension200,227,b22p07,22,1502022,7,surprise,outputs/study1_35f300_extension_v1/surprise/b22p07.wav,24000,1,2,360960,15.04
development,dev_extension200,228,b22p08,22,1502022,8,normal,outputs/study1_35f300_extension_v1/normal/b22p08.wav,24000,1,2,362880,15.12
development,dev_extension200,228,b22p08,22,1502022,8,happy,outputs/study1_35f300_extension_v1/happy/b22p08.wav,24000,1,2,349440,14.56
development,dev_extension200,228,b22p08,22,1502022,8,sad,outputs/study1_35f300_extension_v1/sad/b22p08.wav,24000,1,2,380160,15.84
development,dev_extension200,228,b22p08,22,1502022,8,calm,outputs/study1_35f300_extension_v1/calm/b22p08.wav,24000,1,2,416640,17.36
development,dev_extension200,228,b22p08,22,1502022,8,angry,outputs/study1_35f300_extension_v1/angry/b22p08.wav,24000,1,2,330240,13.76
development,dev_extension200,228,b22p08,22,1502022,8,surprise,outputs/study1_35f300_extension_v1/surprise/b22p08.wav,24000,1,2,349440,14.56
development,dev_extension200,229,b22p09,22,1502022,9,normal,outputs/study1_35f300_extension_v1/normal/b22p09.wav,24000,1,2,491520,20.48
development,dev_extension200,229,b22p09,22,1502022,9,happy,outputs/study1_35f300_extension_v1/happy/b22p09.wav,24000,1,2,401280,16.72
development,dev_extension200,229,b22p09,22,1502022,9,sad,outputs/study1_35f300_extension_v1/sad/b22p09.wav,24000,1,2,353280,14.72
development,dev_extension200,229,b22p09,22,1502022,9,calm,outputs/study1_35f300_extension_v1/calm/b22p09.wav,24000,1,2,408960,17.04
development,dev_extension200,229,b22p09,22,1502022,9,angry,outputs/study1_35f300_extension_v1/angry/b22p09.wav,24000,1,2,330240,13.76
development,dev_extension200,229,b22p09,22,1502022,9,surprise,outputs/study1_35f300_extension_v1/surprise/b22p09.wav,24000,1,2,341760,14.24
development,dev_extension200,230,b23p00,23,1502023,0,normal,outputs/study1_35f300_extension_v1/normal/b23p00.wav,24000,1,2,412800,17.2
development,dev_extension200,230,b23p00,23,1502023,0,happy,outputs/study1_35f300_extension_v1/happy/b23p00.wav,24000,1,2,326400,13.6
development,dev_extension200,230,b23p00,23,1502023,0,sad,outputs/study1_35f300_extension_v1/sad/b23p00.wav,24000,1,2,391680,16.32
development,dev_extension200,230,b23p00,23,1502023,0,calm,outputs/study1_35f300_extension_v1/calm/b23p00.wav,24000,1,2,382080,15.92
development,dev_extension200,230,b23p00,23,1502023,0,angry,outputs/study1_35f300_extension_v1/angry/b23p00.wav,24000,1,2,322560,13.44
development,dev_extension200,230,b23p00,23,1502023,0,surprise,outputs/study1_35f300_extension_v1/surprise/b23p00.wav,24000,1,2,337920,14.08
development,dev_extension200,231,b23p01,23,1502023,1,normal,outputs/study1_35f300_extension_v1/normal/b23p01.wav,24000,1,2,353280,14.72
development,dev_extension200,231,b23p01,23,1502023,1,happy,outputs/study1_35f300_extension_v1/happy/b23p01.wav,24000,1,2,322560,13.44
development,dev_extension200,231,b23p01,23,1502023,1,sad,outputs/study1_35f300_extension_v1/sad/b23p01.wav,24000,1,2,355200,14.8
development,dev_extension200,231,b23p01,23,1502023,1,calm,outputs/study1_35f300_extension_v1/calm/b23p01.wav,24000,1,2,382080,15.92
development,dev_extension200,231,b23p01,23,1502023,1,angry,outputs/study1_35f300_extension_v1/angry/b23p01.wav,24000,1,2,374400,15.6
development,dev_extension200,231,b23p01,23,1502023,1,surprise,outputs/study1_35f300_extension_v1/surprise/b23p01.wav,24000,1,2,359040,14.96
development,dev_extension200,232,b23p02,23,1502023,2,normal,outputs/study1_35f300_extension_v1/normal/b23p02.wav,24000,1,2,418560,17.44
development,dev_extension200,232,b23p02,23,1502023,2,happy,outputs/study1_35f300_extension_v1/happy/b23p02.wav,24000,1,2,378240,15.76
development,dev_extension200,232,b23p02,23,1502023,2,sad,outputs/study1_35f300_extension_v1/sad/b23p02.wav,24000,1,2,551040,22.96
development,dev_extension200,232,b23p02,23,1502023,2,calm,outputs/study1_35f300_extension_v1/calm/b23p02.wav,24000,1,2,470400,19.6
development,dev_extension200,232,b23p02,23,1502023,2,angry,outputs/study1_35f300_extension_v1/angry/b23p02.wav,24000,1,2,324480,13.52
development,dev_extension200,232,b23p02,23,1502023,2,surprise,outputs/study1_35f300_extension_v1/surprise/b23p02.wav,24000,1,2,497280,20.72
development,dev_extension200,233,b23p03,23,1502023,3,normal,outputs/study1_35f300_extension_v1/normal/b23p03.wav,24000,1,2,359040,14.96
development,dev_extension200,233,b23p03,23,1502023,3,happy,outputs/study1_35f300_extension_v1/happy/b23p03.wav,24000,1,2,353280,14.72
development,dev_extension200,233,b23p03,23,1502023,3,sad,outputs/study1_35f300_extension_v1/sad/b23p03.wav,24000,1,2,412800,17.2
development,dev_extension200,233,b23p03,23,1502023,3,calm,outputs/study1_35f300_extension_v1/calm/b23p03.wav,24000,1,2,387840,16.16
development,dev_extension200,233,b23p03,23,1502023,3,angry,outputs/study1_35f300_extension_v1/angry/b23p03.wav,24000,1,2,324480,13.52
development,dev_extension200,233,b23p03,23,1502023,3,surprise,outputs/study1_35f300_extension_v1/surprise/b23p03.wav,24000,1,2,389760,16.24
development,dev_extension200,234,b23p04,23,1502023,4,normal,outputs/study1_35f300_extension_v1/normal/b23p04.wav,24000,1,2,357120,14.88
development,dev_extension200,234,b23p04,23,1502023,4,happy,outputs/study1_35f300_extension_v1/happy/b23p04.wav,24000,1,2,384000,16.0
development,dev_extension200,234,b23p04,23,1502023,4,sad,outputs/study1_35f300_extension_v1/sad/b23p04.wav,24000,1,2,474240,19.76
development,dev_extension200,234,b23p04,23,1502023,4,calm,outputs/study1_35f300_extension_v1/calm/b23p04.wav,24000,1,2,376320,15.68
development,dev_extension200,234,b23p04,23,1502023,4,angry,outputs/study1_35f300_extension_v1/angry/b23p04.wav,24000,1,2,360960,15.04
development,dev_extension200,234,b23p04,23,1502023,4,surprise,outputs/study1_35f300_extension_v1/surprise/b23p04.wav,24000,1,2,362880,15.12
development,dev_extension200,235,b23p05,23,1502023,5,normal,outputs/study1_35f300_extension_v1/normal/b23p05.wav,24000,1,2,374400,15.6
development,dev_extension200,235,b23p05,23,1502023,5,happy,outputs/study1_35f300_extension_v1/happy/b23p05.wav,24000,1,2,374400,15.6
development,dev_extension200,235,b23p05,23,1502023,5,sad,outputs/study1_35f300_extension_v1/sad/b23p05.wav,24000,1,2,439680,18.32
development,dev_extension200,235,b23p05,23,1502023,5,calm,outputs/study1_35f300_extension_v1/calm/b23p05.wav,24000,1,2,391680,16.32
development,dev_extension200,235,b23p05,23,1502023,5,angry,outputs/study1_35f300_extension_v1/angry/b23p05.wav,24000,1,2,324480,13.52
development,dev_extension200,235,b23p05,23,1502023,5,surprise,outputs/study1_35f300_extension_v1/surprise/b23p05.wav,24000,1,2,414720,17.28
development,dev_extension200,236,b23p06,23,1502023,6,normal,outputs/study1_35f300_extension_v1/normal/b23p06.wav,24000,1,2,337920,14.08
development,dev_extension200,236,b23p06,23,1502023,6,happy,outputs/study1_35f300_extension_v1/happy/b23p06.wav,24000,1,2,372480,15.52
development,dev_extension200,236,b23p06,23,1502023,6,sad,outputs/study1_35f300_extension_v1/sad/b23p06.wav,24000,1,2,374400,15.6
development,dev_extension200,236,b23p06,23,1502023,6,calm,outputs/study1_35f300_extension_v1/calm/b23p06.wav,24000,1,2,378240,15.76
development,dev_extension200,236,b23p06,23,1502023,6,angry,outputs/study1_35f300_extension_v1/angry/b23p06.wav,24000,1,2,328320,13.68
development,dev_extension200,236,b23p06,23,1502023,6,surprise,outputs/study1_35f300_extension_v1/surprise/b23p06.wav,24000,1,2,324480,13.52
development,dev_extension200,237,b23p07,23,1502023,7,normal,outputs/study1_35f300_extension_v1/normal/b23p07.wav,24000,1,2,324480,13.52
development,dev_extension200,237,b23p07,23,1502023,7,happy,outputs/study1_35f300_extension_v1/happy/b23p07.wav,24000,1,2,426240,17.76
development,dev_extension200,237,b23p07,23,1502023,7,sad,outputs/study1_35f300_extension_v1/sad/b23p07.wav,24000,1,2,347520,14.48
development,dev_extension200,237,b23p07,23,1502023,7,calm,outputs/study1_35f300_extension_v1/calm/b23p07.wav,24000,1,2,372480,15.52
development,dev_extension200,237,b23p07,23,1502023,7,angry,outputs/study1_35f300_extension_v1/angry/b23p07.wav,24000,1,2,311040,12.96
development,dev_extension200,237,b23p07,23,1502023,7,surprise,outputs/study1_35f300_extension_v1/surprise/b23p07.wav,24000,1,2,387840,16.16
development,dev_extension200,238,b23p08,23,1502023,8,normal,outputs/study1_35f300_extension_v1/normal/b23p08.wav,24000,1,2,441600,18.4
development,dev_extension200,238,b23p08,23,1502023,8,happy,outputs/study1_35f300_extension_v1/happy/b23p08.wav,24000,1,2,368640,15.36
development,dev_extension200,238,b23p08,23,1502023,8,sad,outputs/study1_35f300_extension_v1/sad/b23p08.wav,24000,1,2,378240,15.76
development,dev_extension200,238,b23p08,23,1502023,8,calm,outputs/study1_35f300_extension_v1/calm/b23p08.wav,24000,1,2,499200,20.8
development,dev_extension200,238,b23p08,23,1502023,8,angry,outputs/study1_35f300_extension_v1/angry/b23p08.wav,24000,1,2,345600,14.4
development,dev_extension200,238,b23p08,23,1502023,8,surprise,outputs/study1_35f300_extension_v1/surprise/b23p08.wav,24000,1,2,432000,18.0
development,dev_extension200,239,b23p09,23,1502023,9,normal,outputs/study1_35f300_extension_v1/normal/b23p09.wav,24000,1,2,349440,14.56
development,dev_extension200,239,b23p09,23,1502023,9,happy,outputs/study1_35f300_extension_v1/happy/b23p09.wav,24000,1,2,349440,14.56
development,dev_extension200,239,b23p09,23,1502023,9,sad,outputs/study1_35f300_extension_v1/sad/b23p09.wav,24000,1,2,385920,16.08
development,dev_extension200,239,b23p09,23,1502023,9,calm,outputs/study1_35f300_extension_v1/calm/b23p09.wav,24000,1,2,385920,16.08
development,dev_extension200,239,b23p09,23,1502023,9,angry,outputs/study1_35f300_extension_v1/angry/b23p09.wav,24000,1,2,318720,13.28
development,dev_extension200,239,b23p09,23,1502023,9,surprise,outputs/study1_35f300_extension_v1/surprise/b23p09.wav,24000,1,2,349440,14.56
development,dev_extension200,240,b24p00,24,1502024,0,normal,outputs/study1_35f300_extension_v1/normal/b24p00.wav,24000,1,2,374400,15.6
development,dev_extension200,240,b24p00,24,1502024,0,happy,outputs/study1_35f300_extension_v1/happy/b24p00.wav,24000,1,2,374400,15.6
development,dev_extension200,240,b24p00,24,1502024,0,sad,outputs/study1_35f300_extension_v1/sad/b24p00.wav,24000,1,2,470400,19.6
development,dev_extension200,240,b24p00,24,1502024,0,calm,outputs/study1_35f300_extension_v1/calm/b24p00.wav,24000,1,2,393600,16.4
development,dev_extension200,240,b24p00,24,1502024,0,angry,outputs/study1_35f300_extension_v1/angry/b24p00.wav,24000,1,2,393600,16.4
development,dev_extension200,240,b24p00,24,1502024,0,surprise,outputs/study1_35f300_extension_v1/surprise/b24p00.wav,24000,1,2,393600,16.4
development,dev_extension200,241,b24p01,24,1502024,1,normal,outputs/study1_35f300_extension_v1/normal/b24p01.wav,24000,1,2,428160,17.84
development,dev_extension200,241,b24p01,24,1502024,1,happy,outputs/study1_35f300_extension_v1/happy/b24p01.wav,24000,1,2,343680,14.32
development,dev_extension200,241,b24p01,24,1502024,1,sad,outputs/study1_35f300_extension_v1/sad/b24p01.wav,24000,1,2,389760,16.24
development,dev_extension200,241,b24p01,24,1502024,1,calm,outputs/study1_35f300_extension_v1/calm/b24p01.wav,24000,1,2,422400,17.6
development,dev_extension200,241,b24p01,24,1502024,1,angry,outputs/study1_35f300_extension_v1/angry/b24p01.wav,24000,1,2,320640,13.36
development,dev_extension200,241,b24p01,24,1502024,1,surprise,outputs/study1_35f300_extension_v1/surprise/b24p01.wav,24000,1,2,433920,18.08
development,dev_extension200,242,b24p02,24,1502024,2,normal,outputs/study1_35f300_extension_v1/normal/b24p02.wav,24000,1,2,328320,13.68
development,dev_extension200,242,b24p02,24,1502024,2,happy,outputs/study1_35f300_extension_v1/happy/b24p02.wav,24000,1,2,353280,14.72
development,dev_extension200,242,b24p02,24,1502024,2,sad,outputs/study1_35f300_extension_v1/sad/b24p02.wav,24000,1,2,395520,16.48
development,dev_extension200,242,b24p02,24,1502024,2,calm,outputs/study1_35f300_extension_v1/calm/b24p02.wav,24000,1,2,359040,14.96
development,dev_extension200,242,b24p02,24,1502024,2,angry,outputs/study1_35f300_extension_v1/angry/b24p02.wav,24000,1,2,320640,13.36
development,dev_extension200,242,b24p02,24,1502024,2,surprise,outputs/study1_35f300_extension_v1/surprise/b24p02.wav,24000,1,2,355200,14.8
development,dev_extension200,243,b24p03,24,1502024,3,normal,outputs/study1_35f300_extension_v1/normal/b24p03.wav,24000,1,2,401280,16.72
development,dev_extension200,243,b24p03,24,1502024,3,happy,outputs/study1_35f300_extension_v1/happy/b24p03.wav,24000,1,2,328320,13.68
development,dev_extension200,243,b24p03,24,1502024,3,sad,outputs/study1_35f300_extension_v1/sad/b24p03.wav,24000,1,2,485760,20.24
development,dev_extension200,243,b24p03,24,1502024,3,calm,outputs/study1_35f300_extension_v1/calm/b24p03.wav,24000,1,2,303360,12.64
development,dev_extension200,243,b24p03,24,1502024,3,angry,outputs/study1_35f300_extension_v1/angry/b24p03.wav,24000,1,2,351360,14.64
development,dev_extension200,243,b24p03,24,1502024,3,surprise,outputs/study1_35f300_extension_v1/surprise/b24p03.wav,24000,1,2,389760,16.24
development,dev_extension200,244,b24p04,24,1502024,4,normal,outputs/study1_35f300_extension_v1/normal/b24p04.wav,24000,1,2,389760,16.24
development,dev_extension200,244,b24p04,24,1502024,4,happy,outputs/study1_35f300_extension_v1/happy/b24p04.wav,24000,1,2,393600,16.4
development,dev_extension200,244,b24p04,24,1502024,4,sad,outputs/study1_35f300_extension_v1/sad/b24p04.wav,24000,1,2,376320,15.68
development,dev_extension200,244,b24p04,24,1502024,4,calm,outputs/study1_35f300_extension_v1/calm/b24p04.wav,24000,1,2,380160,15.84
development,dev_extension200,244,b24p04,24,1502024,4,angry,outputs/study1_35f300_extension_v1/angry/b24p04.wav,24000,1,2,311040,12.96
development,dev_extension200,244,b24p04,24,1502024,4,surprise,outputs/study1_35f300_extension_v1/surprise/b24p04.wav,24000,1,2,345600,14.4
development,dev_extension200,245,b24p05,24,1502024,5,normal,outputs/study1_35f300_extension_v1/normal/b24p05.wav,24000,1,2,414720,17.28
development,dev_extension200,245,b24p05,24,1502024,5,happy,outputs/study1_35f300_extension_v1/happy/b24p05.wav,24000,1,2,453120,18.88
development,dev_extension200,245,b24p05,24,1502024,5,sad,outputs/study1_35f300_extension_v1/sad/b24p05.wav,24000,1,2,501120,20.88
development,dev_extension200,245,b24p05,24,1502024,5,calm,outputs/study1_35f300_extension_v1/calm/b24p05.wav,24000,1,2,357120,14.88
development,dev_extension200,245,b24p05,24,1502024,5,angry,outputs/study1_35f300_extension_v1/angry/b24p05.wav,24000,1,2,326400,13.6
development,dev_extension200,245,b24p05,24,1502024,5,surprise,outputs/study1_35f300_extension_v1/surprise/b24p05.wav,24000,1,2,339840,14.16
development,dev_extension200,246,b24p06,24,1502024,6,normal,outputs/study1_35f300_extension_v1/normal/b24p06.wav,24000,1,2,399360,16.64
development,dev_extension200,246,b24p06,24,1502024,6,happy,outputs/study1_35f300_extension_v1/happy/b24p06.wav,24000,1,2,347520,14.48
development,dev_extension200,246,b24p06,24,1502024,6,sad,outputs/study1_35f300_extension_v1/sad/b24p06.wav,24000,1,2,382080,15.92
development,dev_extension200,246,b24p06,24,1502024,6,calm,outputs/study1_35f300_extension_v1/calm/b24p06.wav,24000,1,2,422400,17.6
development,dev_extension200,246,b24p06,24,1502024,6,angry,outputs/study1_35f300_extension_v1/angry/b24p06.wav,24000,1,2,330240,13.76
development,dev_extension200,246,b24p06,24,1502024,6,surprise,outputs/study1_35f300_extension_v1/surprise/b24p06.wav,24000,1,2,288000,12.0
development,dev_extension200,247,b24p07,24,1502024,7,normal,outputs/study1_35f300_extension_v1/normal/b24p07.wav,24000,1,2,345600,14.4
development,dev_extension200,247,b24p07,24,1502024,7,happy,outputs/study1_35f300_extension_v1/happy/b24p07.wav,24000,1,2,380160,15.84
development,dev_extension200,247,b24p07,24,1502024,7,sad,outputs/study1_35f300_extension_v1/sad/b24p07.wav,24000,1,2,485760,20.24
development,dev_extension200,247,b24p07,24,1502024,7,calm,outputs/study1_35f300_extension_v1/calm/b24p07.wav,24000,1,2,456960,19.04
development,dev_extension200,247,b24p07,24,1502024,7,angry,outputs/study1_35f300_extension_v1/angry/b24p07.wav,24000,1,2,366720,15.28
development,dev_extension200,247,b24p07,24,1502024,7,surprise,outputs/study1_35f300_extension_v1/surprise/b24p07.wav,24000,1,2,385920,16.08
development,dev_extension200,248,b24p08,24,1502024,8,normal,outputs/study1_35f300_extension_v1/normal/b24p08.wav,24000,1,2,347520,14.48
development,dev_extension200,248,b24p08,24,1502024,8,happy,outputs/study1_35f300_extension_v1/happy/b24p08.wav,24000,1,2,359040,14.96
development,dev_extension200,248,b24p08,24,1502024,8,sad,outputs/study1_35f300_extension_v1/sad/b24p08.wav,24000,1,2,453120,18.88
development,dev_extension200,248,b24p08,24,1502024,8,calm,outputs/study1_35f300_extension_v1/calm/b24p08.wav,24000,1,2,372480,15.52
development,dev_extension200,248,b24p08,24,1502024,8,angry,outputs/study1_35f300_extension_v1/angry/b24p08.wav,24000,1,2,351360,14.64
development,dev_extension200,248,b24p08,24,1502024,8,surprise,outputs/study1_35f300_extension_v1/surprise/b24p08.wav,24000,1,2,376320,15.68
development,dev_extension200,249,b24p09,24,1502024,9,normal,outputs/study1_35f300_extension_v1/normal/b24p09.wav,24000,1,2,408960,17.04
development,dev_extension200,249,b24p09,24,1502024,9,happy,outputs/study1_35f300_extension_v1/happy/b24p09.wav,24000,1,2,418560,17.44
development,dev_extension200,249,b24p09,24,1502024,9,sad,outputs/study1_35f300_extension_v1/sad/b24p09.wav,24000,1,2,481920,20.08
development,dev_extension200,249,b24p09,24,1502024,9,calm,outputs/study1_35f300_extension_v1/calm/b24p09.wav,24000,1,2,533760,22.24
development,dev_extension200,249,b24p09,24,1502024,9,angry,outputs/study1_35f300_extension_v1/angry/b24p09.wav,24000,1,2,370560,15.44
development,dev_extension200,249,b24p09,24,1502024,9,surprise,outputs/study1_35f300_extension_v1/surprise/b24p09.wav,24000,1,2,418560,17.44
development,dev_extension200,250,b25p00,25,1502025,0,normal,outputs/study1_35f300_extension_v1/normal/b25p00.wav,24000,1,2,480000,20.0
development,dev_extension200,250,b25p00,25,1502025,0,happy,outputs/study1_35f300_extension_v1/happy/b25p00.wav,24000,1,2,387840,16.16
development,dev_extension200,250,b25p00,25,1502025,0,sad,outputs/study1_35f300_extension_v1/sad/b25p00.wav,24000,1,2,433920,18.08
development,dev_extension200,250,b25p00,25,1502025,0,calm,outputs/study1_35f300_extension_v1/calm/b25p00.wav,24000,1,2,372480,15.52
development,dev_extension200,250,b25p00,25,1502025,0,angry,outputs/study1_35f300_extension_v1/angry/b25p00.wav,24000,1,2,359040,14.96
development,dev_extension200,250,b25p00,25,1502025,0,surprise,outputs/study1_35f300_extension_v1/surprise/b25p00.wav,24000,1,2,378240,15.76
development,dev_extension200,251,b25p01,25,1502025,1,normal,outputs/study1_35f300_extension_v1/normal/b25p01.wav,24000,1,2,312960,13.04
development,dev_extension200,251,b25p01,25,1502025,1,happy,outputs/study1_35f300_extension_v1/happy/b25p01.wav,24000,1,2,368640,15.36
development,dev_extension200,251,b25p01,25,1502025,1,sad,outputs/study1_35f300_extension_v1/sad/b25p01.wav,24000,1,2,349440,14.56
development,dev_extension200,251,b25p01,25,1502025,1,calm,outputs/study1_35f300_extension_v1/calm/b25p01.wav,24000,1,2,362880,15.12
development,dev_extension200,251,b25p01,25,1502025,1,angry,outputs/study1_35f300_extension_v1/angry/b25p01.wav,24000,1,2,303360,12.64
development,dev_extension200,251,b25p01,25,1502025,1,surprise,outputs/study1_35f300_extension_v1/surprise/b25p01.wav,24000,1,2,322560,13.44
development,dev_extension200,252,b25p02,25,1502025,2,normal,outputs/study1_35f300_extension_v1/normal/b25p02.wav,24000,1,2,324480,13.52
development,dev_extension200,252,b25p02,25,1502025,2,happy,outputs/study1_35f300_extension_v1/happy/b25p02.wav,24000,1,2,401280,16.72
development,dev_extension200,252,b25p02,25,1502025,2,sad,outputs/study1_35f300_extension_v1/sad/b25p02.wav,24000,1,2,401280,16.72
development,dev_extension200,252,b25p02,25,1502025,2,calm,outputs/study1_35f300_extension_v1/calm/b25p02.wav,24000,1,2,474240,19.76
development,dev_extension200,252,b25p02,25,1502025,2,angry,outputs/study1_35f300_extension_v1/angry/b25p02.wav,24000,1,2,405120,16.88
development,dev_extension200,252,b25p02,25,1502025,2,surprise,outputs/study1_35f300_extension_v1/surprise/b25p02.wav,24000,1,2,362880,15.12
development,dev_extension200,253,b25p03,25,1502025,3,normal,outputs/study1_35f300_extension_v1/normal/b25p03.wav,24000,1,2,349440,14.56
development,dev_extension200,253,b25p03,25,1502025,3,happy,outputs/study1_35f300_extension_v1/happy/b25p03.wav,24000,1,2,395520,16.48
development,dev_extension200,253,b25p03,25,1502025,3,sad,outputs/study1_35f300_extension_v1/sad/b25p03.wav,24000,1,2,416640,17.36
development,dev_extension200,253,b25p03,25,1502025,3,calm,outputs/study1_35f300_extension_v1/calm/b25p03.wav,24000,1,2,393600,16.4
development,dev_extension200,253,b25p03,25,1502025,3,angry,outputs/study1_35f300_extension_v1/angry/b25p03.wav,24000,1,2,318720,13.28
development,dev_extension200,253,b25p03,25,1502025,3,surprise,outputs/study1_35f300_extension_v1/surprise/b25p03.wav,24000,1,2,324480,13.52
development,dev_extension200,254,b25p04,25,1502025,4,normal,outputs/study1_35f300_extension_v1/normal/b25p04.wav,24000,1,2,360960,15.04
development,dev_extension200,254,b25p04,25,1502025,4,happy,outputs/study1_35f300_extension_v1/happy/b25p04.wav,24000,1,2,370560,15.44
development,dev_extension200,254,b25p04,25,1502025,4,sad,outputs/study1_35f300_extension_v1/sad/b25p04.wav,24000,1,2,414720,17.28
development,dev_extension200,254,b25p04,25,1502025,4,calm,outputs/study1_35f300_extension_v1/calm/b25p04.wav,24000,1,2,395520,16.48
development,dev_extension200,254,b25p04,25,1502025,4,angry,outputs/study1_35f300_extension_v1/angry/b25p04.wav,24000,1,2,330240,13.76
development,dev_extension200,254,b25p04,25,1502025,4,surprise,outputs/study1_35f300_extension_v1/surprise/b25p04.wav,24000,1,2,407040,16.96
development,dev_extension200,255,b25p05,25,1502025,5,normal,outputs/study1_35f300_extension_v1/normal/b25p05.wav,24000,1,2,399360,16.64
development,dev_extension200,255,b25p05,25,1502025,5,happy,outputs/study1_35f300_extension_v1/happy/b25p05.wav,24000,1,2,330240,13.76
development,dev_extension200,255,b25p05,25,1502025,5,sad,outputs/study1_35f300_extension_v1/sad/b25p05.wav,24000,1,2,410880,17.12
development,dev_extension200,255,b25p05,25,1502025,5,calm,outputs/study1_35f300_extension_v1/calm/b25p05.wav,24000,1,2,328320,13.68
development,dev_extension200,255,b25p05,25,1502025,5,angry,outputs/study1_35f300_extension_v1/angry/b25p05.wav,24000,1,2,378240,15.76
development,dev_extension200,255,b25p05,25,1502025,5,surprise,outputs/study1_35f300_extension_v1/surprise/b25p05.wav,24000,1,2,389760,16.24
development,dev_extension200,256,b25p06,25,1502025,6,normal,outputs/study1_35f300_extension_v1/normal/b25p06.wav,24000,1,2,382080,15.92
development,dev_extension200,256,b25p06,25,1502025,6,happy,outputs/study1_35f300_extension_v1/happy/b25p06.wav,24000,1,2,368640,15.36
development,dev_extension200,256,b25p06,25,1502025,6,sad,outputs/study1_35f300_extension_v1/sad/b25p06.wav,24000,1,2,397440,16.56
development,dev_extension200,256,b25p06,25,1502025,6,calm,outputs/study1_35f300_extension_v1/calm/b25p06.wav,24000,1,2,491520,20.48
development,dev_extension200,256,b25p06,25,1502025,6,angry,outputs/study1_35f300_extension_v1/angry/b25p06.wav,24000,1,2,330240,13.76
development,dev_extension200,256,b25p06,25,1502025,6,surprise,outputs/study1_35f300_extension_v1/surprise/b25p06.wav,24000,1,2,412800,17.2
development,dev_extension200,257,b25p07,25,1502025,7,normal,outputs/study1_35f300_extension_v1/normal/b25p07.wav,24000,1,2,362880,15.12
development,dev_extension200,257,b25p07,25,1502025,7,happy,outputs/study1_35f300_extension_v1/happy/b25p07.wav,24000,1,2,366720,15.28
development,dev_extension200,257,b25p07,25,1502025,7,sad,outputs/study1_35f300_extension_v1/sad/b25p07.wav,24000,1,2,430080,17.92
development,dev_extension200,257,b25p07,25,1502025,7,calm,outputs/study1_35f300_extension_v1/calm/b25p07.wav,24000,1,2,368640,15.36
development,dev_extension200,257,b25p07,25,1502025,7,angry,outputs/study1_35f300_extension_v1/angry/b25p07.wav,24000,1,2,322560,13.44
development,dev_extension200,257,b25p07,25,1502025,7,surprise,outputs/study1_35f300_extension_v1/surprise/b25p07.wav,24000,1,2,359040,14.96
development,dev_extension200,258,b25p08,25,1502025,8,normal,outputs/study1_35f300_extension_v1/normal/b25p08.wav,24000,1,2,347520,14.48
development,dev_extension200,258,b25p08,25,1502025,8,happy,outputs/study1_35f300_extension_v1/happy/b25p08.wav,24000,1,2,347520,14.48
development,dev_extension200,258,b25p08,25,1502025,8,sad,outputs/study1_35f300_extension_v1/sad/b25p08.wav,24000,1,2,378240,15.76
development,dev_extension200,258,b25p08,25,1502025,8,calm,outputs/study1_35f300_extension_v1/calm/b25p08.wav,24000,1,2,395520,16.48
development,dev_extension200,258,b25p08,25,1502025,8,angry,outputs/study1_35f300_extension_v1/angry/b25p08.wav,24000,1,2,343680,14.32
development,dev_extension200,258,b25p08,25,1502025,8,surprise,outputs/study1_35f300_extension_v1/surprise/b25p08.wav,24000,1,2,382080,15.92
development,dev_extension200,259,b25p09,25,1502025,9,normal,outputs/study1_35f300_extension_v1/normal/b25p09.wav,24000,1,2,353280,14.72
development,dev_extension200,259,b25p09,25,1502025,9,happy,outputs/study1_35f300_extension_v1/happy/b25p09.wav,24000,1,2,382080,15.92
development,dev_extension200,259,b25p09,25,1502025,9,sad,outputs/study1_35f300_extension_v1/sad/b25p09.wav,24000,1,2,405120,16.88
development,dev_extension200,259,b25p09,25,1502025,9,calm,outputs/study1_35f300_extension_v1/calm/b25p09.wav,24000,1,2,424320,17.68
development,dev_extension200,259,b25p09,25,1502025,9,angry,outputs/study1_35f300_extension_v1/angry/b25p09.wav,24000,1,2,362880,15.12
development,dev_extension200,259,b25p09,25,1502025,9,surprise,outputs/study1_35f300_extension_v1/surprise/b25p09.wav,24000,1,2,359040,14.96
development,dev_extension200,260,b26p00,26,1502026,0,normal,outputs/study1_35f300_extension_v1/normal/b26p00.wav,24000,1,2,362880,15.12
development,dev_extension200,260,b26p00,26,1502026,0,happy,outputs/study1_35f300_extension_v1/happy/b26p00.wav,24000,1,2,359040,14.96
development,dev_extension200,260,b26p00,26,1502026,0,sad,outputs/study1_35f300_extension_v1/sad/b26p00.wav,24000,1,2,447360,18.64
development,dev_extension200,260,b26p00,26,1502026,0,calm,outputs/study1_35f300_extension_v1/calm/b26p00.wav,24000,1,2,357120,14.88
development,dev_extension200,260,b26p00,26,1502026,0,angry,outputs/study1_35f300_extension_v1/angry/b26p00.wav,24000,1,2,347520,14.48
development,dev_extension200,260,b26p00,26,1502026,0,surprise,outputs/study1_35f300_extension_v1/surprise/b26p00.wav,24000,1,2,414720,17.28
development,dev_extension200,261,b26p01,26,1502026,1,normal,outputs/study1_35f300_extension_v1/normal/b26p01.wav,24000,1,2,435840,18.16
development,dev_extension200,261,b26p01,26,1502026,1,happy,outputs/study1_35f300_extension_v1/happy/b26p01.wav,24000,1,2,364800,15.2
development,dev_extension200,261,b26p01,26,1502026,1,sad,outputs/study1_35f300_extension_v1/sad/b26p01.wav,24000,1,2,464640,19.36
development,dev_extension200,261,b26p01,26,1502026,1,calm,outputs/study1_35f300_extension_v1/calm/b26p01.wav,24000,1,2,466560,19.44
development,dev_extension200,261,b26p01,26,1502026,1,angry,outputs/study1_35f300_extension_v1/angry/b26p01.wav,24000,1,2,330240,13.76
development,dev_extension200,261,b26p01,26,1502026,1,surprise,outputs/study1_35f300_extension_v1/surprise/b26p01.wav,24000,1,2,372480,15.52
development,dev_extension200,262,b26p02,26,1502026,2,normal,outputs/study1_35f300_extension_v1/normal/b26p02.wav,24000,1,2,345600,14.4
development,dev_extension200,262,b26p02,26,1502026,2,happy,outputs/study1_35f300_extension_v1/happy/b26p02.wav,24000,1,2,355200,14.8
development,dev_extension200,262,b26p02,26,1502026,2,sad,outputs/study1_35f300_extension_v1/sad/b26p02.wav,24000,1,2,368640,15.36
development,dev_extension200,262,b26p02,26,1502026,2,calm,outputs/study1_35f300_extension_v1/calm/b26p02.wav,24000,1,2,380160,15.84
development,dev_extension200,262,b26p02,26,1502026,2,angry,outputs/study1_35f300_extension_v1/angry/b26p02.wav,24000,1,2,314880,13.12
development,dev_extension200,262,b26p02,26,1502026,2,surprise,outputs/study1_35f300_extension_v1/surprise/b26p02.wav,24000,1,2,312960,13.04
development,dev_extension200,263,b26p03,26,1502026,3,normal,outputs/study1_35f300_extension_v1/normal/b26p03.wav,24000,1,2,485760,20.24
development,dev_extension200,263,b26p03,26,1502026,3,happy,outputs/study1_35f300_extension_v1/happy/b26p03.wav,24000,1,2,345600,14.4
development,dev_extension200,263,b26p03,26,1502026,3,sad,outputs/study1_35f300_extension_v1/sad/b26p03.wav,24000,1,2,447360,18.64
development,dev_extension200,263,b26p03,26,1502026,3,calm,outputs/study1_35f300_extension_v1/calm/b26p03.wav,24000,1,2,485760,20.24
development,dev_extension200,263,b26p03,26,1502026,3,angry,outputs/study1_35f300_extension_v1/angry/b26p03.wav,24000,1,2,384000,16.0
development,dev_extension200,263,b26p03,26,1502026,3,surprise,outputs/study1_35f300_extension_v1/surprise/b26p03.wav,24000,1,2,349440,14.56
development,dev_extension200,264,b26p04,26,1502026,4,normal,outputs/study1_35f300_extension_v1/normal/b26p04.wav,24000,1,2,376320,15.68
development,dev_extension200,264,b26p04,26,1502026,4,happy,outputs/study1_35f300_extension_v1/happy/b26p04.wav,24000,1,2,330240,13.76
development,dev_extension200,264,b26p04,26,1502026,4,sad,outputs/study1_35f300_extension_v1/sad/b26p04.wav,24000,1,2,385920,16.08
development,dev_extension200,264,b26p04,26,1502026,4,calm,outputs/study1_35f300_extension_v1/calm/b26p04.wav,24000,1,2,330240,13.76
development,dev_extension200,264,b26p04,26,1502026,4,angry,outputs/study1_35f300_extension_v1/angry/b26p04.wav,24000,1,2,364800,15.2
development,dev_extension200,264,b26p04,26,1502026,4,surprise,outputs/study1_35f300_extension_v1/surprise/b26p04.wav,24000,1,2,385920,16.08
development,dev_extension200,265,b26p05,26,1502026,5,normal,outputs/study1_35f300_extension_v1/normal/b26p05.wav,24000,1,2,366720,15.28
development,dev_extension200,265,b26p05,26,1502026,5,happy,outputs/study1_35f300_extension_v1/happy/b26p05.wav,24000,1,2,372480,15.52
development,dev_extension200,265,b26p05,26,1502026,5,sad,outputs/study1_35f300_extension_v1/sad/b26p05.wav,24000,1,2,357120,14.88
development,dev_extension200,265,b26p05,26,1502026,5,calm,outputs/study1_35f300_extension_v1/calm/b26p05.wav,24000,1,2,424320,17.68
development,dev_extension200,265,b26p05,26,1502026,5,angry,outputs/study1_35f300_extension_v1/angry/b26p05.wav,24000,1,2,326400,13.6
development,dev_extension200,265,b26p05,26,1502026,5,surprise,outputs/study1_35f300_extension_v1/surprise/b26p05.wav,24000,1,2,389760,16.24
development,dev_extension200,266,b26p06,26,1502026,6,normal,outputs/study1_35f300_extension_v1/normal/b26p06.wav,24000,1,2,339840,14.16
development,dev_extension200,266,b26p06,26,1502026,6,happy,outputs/study1_35f300_extension_v1/happy/b26p06.wav,24000,1,2,378240,15.76
development,dev_extension200,266,b26p06,26,1502026,6,sad,outputs/study1_35f300_extension_v1/sad/b26p06.wav,24000,1,2,432000,18.0
development,dev_extension200,266,b26p06,26,1502026,6,calm,outputs/study1_35f300_extension_v1/calm/b26p06.wav,24000,1,2,393600,16.4
development,dev_extension200,266,b26p06,26,1502026,6,angry,outputs/study1_35f300_extension_v1/angry/b26p06.wav,24000,1,2,322560,13.44
development,dev_extension200,266,b26p06,26,1502026,6,surprise,outputs/study1_35f300_extension_v1/surprise/b26p06.wav,24000,1,2,324480,13.52
development,dev_extension200,267,b26p07,26,1502026,7,normal,outputs/study1_35f300_extension_v1/normal/b26p07.wav,24000,1,2,480000,20.0
development,dev_extension200,267,b26p07,26,1502026,7,happy,outputs/study1_35f300_extension_v1/happy/b26p07.wav,24000,1,2,347520,14.48
development,dev_extension200,267,b26p07,26,1502026,7,sad,outputs/study1_35f300_extension_v1/sad/b26p07.wav,24000,1,2,485760,20.24
development,dev_extension200,267,b26p07,26,1502026,7,calm,outputs/study1_35f300_extension_v1/calm/b26p07.wav,24000,1,2,412800,17.2
development,dev_extension200,267,b26p07,26,1502026,7,angry,outputs/study1_35f300_extension_v1/angry/b26p07.wav,24000,1,2,414720,17.28
development,dev_extension200,267,b26p07,26,1502026,7,surprise,outputs/study1_35f300_extension_v1/surprise/b26p07.wav,24000,1,2,512640,21.36
development,dev_extension200,268,b26p08,26,1502026,8,normal,outputs/study1_35f300_extension_v1/normal/b26p08.wav,24000,1,2,366720,15.28
development,dev_extension200,268,b26p08,26,1502026,8,happy,outputs/study1_35f300_extension_v1/happy/b26p08.wav,24000,1,2,343680,14.32
development,dev_extension200,268,b26p08,26,1502026,8,sad,outputs/study1_35f300_extension_v1/sad/b26p08.wav,24000,1,2,393600,16.4
development,dev_extension200,268,b26p08,26,1502026,8,calm,outputs/study1_35f300_extension_v1/calm/b26p08.wav,24000,1,2,418560,17.44
development,dev_extension200,268,b26p08,26,1502026,8,angry,outputs/study1_35f300_extension_v1/angry/b26p08.wav,24000,1,2,341760,14.24
development,dev_extension200,268,b26p08,26,1502026,8,surprise,outputs/study1_35f300_extension_v1/surprise/b26p08.wav,24000,1,2,401280,16.72
development,dev_extension200,269,b26p09,26,1502026,9,normal,outputs/study1_35f300_extension_v1/normal/b26p09.wav,24000,1,2,311040,12.96
development,dev_extension200,269,b26p09,26,1502026,9,happy,outputs/study1_35f300_extension_v1/happy/b26p09.wav,24000,1,2,353280,14.72
development,dev_extension200,269,b26p09,26,1502026,9,sad,outputs/study1_35f300_extension_v1/sad/b26p09.wav,24000,1,2,432000,18.0
development,dev_extension200,269,b26p09,26,1502026,9,calm,outputs/study1_35f300_extension_v1/calm/b26p09.wav,24000,1,2,351360,14.64
development,dev_extension200,269,b26p09,26,1502026,9,angry,outputs/study1_35f300_extension_v1/angry/b26p09.wav,24000,1,2,328320,13.68
development,dev_extension200,269,b26p09,26,1502026,9,surprise,outputs/study1_35f300_extension_v1/surprise/b26p09.wav,24000,1,2,407040,16.96
development,dev_extension200,270,b27p00,27,1502027,0,normal,outputs/study1_35f300_extension_v1/normal/b27p00.wav,24000,1,2,460800,19.2
development,dev_extension200,270,b27p00,27,1502027,0,happy,outputs/study1_35f300_extension_v1/happy/b27p00.wav,24000,1,2,324480,13.52
development,dev_extension200,270,b27p00,27,1502027,0,sad,outputs/study1_35f300_extension_v1/sad/b27p00.wav,24000,1,2,549120,22.88
development,dev_extension200,270,b27p00,27,1502027,0,calm,outputs/study1_35f300_extension_v1/calm/b27p00.wav,24000,1,2,399360,16.64
development,dev_extension200,270,b27p00,27,1502027,0,angry,outputs/study1_35f300_extension_v1/angry/b27p00.wav,24000,1,2,307200,12.8
development,dev_extension200,270,b27p00,27,1502027,0,surprise,outputs/study1_35f300_extension_v1/surprise/b27p00.wav,24000,1,2,347520,14.48
development,dev_extension200,271,b27p01,27,1502027,1,normal,outputs/study1_35f300_extension_v1/normal/b27p01.wav,24000,1,2,359040,14.96
development,dev_extension200,271,b27p01,27,1502027,1,happy,outputs/study1_35f300_extension_v1/happy/b27p01.wav,24000,1,2,397440,16.56
development,dev_extension200,271,b27p01,27,1502027,1,sad,outputs/study1_35f300_extension_v1/sad/b27p01.wav,24000,1,2,437760,18.24
development,dev_extension200,271,b27p01,27,1502027,1,calm,outputs/study1_35f300_extension_v1/calm/b27p01.wav,24000,1,2,384000,16.0
development,dev_extension200,271,b27p01,27,1502027,1,angry,outputs/study1_35f300_extension_v1/angry/b27p01.wav,24000,1,2,355200,14.8
development,dev_extension200,271,b27p01,27,1502027,1,surprise,outputs/study1_35f300_extension_v1/surprise/b27p01.wav,24000,1,2,353280,14.72
development,dev_extension200,272,b27p02,27,1502027,2,normal,outputs/study1_35f300_extension_v1/normal/b27p02.wav,24000,1,2,430080,17.92
development,dev_extension200,272,b27p02,27,1502027,2,happy,outputs/study1_35f300_extension_v1/happy/b27p02.wav,24000,1,2,351360,14.64
development,dev_extension200,272,b27p02,27,1502027,2,sad,outputs/study1_35f300_extension_v1/sad/b27p02.wav,24000,1,2,401280,16.72
development,dev_extension200,272,b27p02,27,1502027,2,calm,outputs/study1_35f300_extension_v1/calm/b27p02.wav,24000,1,2,387840,16.16
development,dev_extension200,272,b27p02,27,1502027,2,angry,outputs/study1_35f300_extension_v1/angry/b27p02.wav,24000,1,2,337920,14.08
development,dev_extension200,272,b27p02,27,1502027,2,surprise,outputs/study1_35f300_extension_v1/surprise/b27p02.wav,24000,1,2,407040,16.96
development,dev_extension200,273,b27p03,27,1502027,3,normal,outputs/study1_35f300_extension_v1/normal/b27p03.wav,24000,1,2,353280,14.72
development,dev_extension200,273,b27p03,27,1502027,3,happy,outputs/study1_35f300_extension_v1/happy/b27p03.wav,24000,1,2,307200,12.8
development,dev_extension200,273,b27p03,27,1502027,3,sad,outputs/study1_35f300_extension_v1/sad/b27p03.wav,24000,1,2,353280,14.72
development,dev_extension200,273,b27p03,27,1502027,3,calm,outputs/study1_35f300_extension_v1/calm/b27p03.wav,24000,1,2,360960,15.04
development,dev_extension200,273,b27p03,27,1502027,3,angry,outputs/study1_35f300_extension_v1/angry/b27p03.wav,24000,1,2,355200,14.8
development,dev_extension200,273,b27p03,27,1502027,3,surprise,outputs/study1_35f300_extension_v1/surprise/b27p03.wav,24000,1,2,430080,17.92
development,dev_extension200,274,b27p04,27,1502027,4,normal,outputs/study1_35f300_extension_v1/normal/b27p04.wav,24000,1,2,399360,16.64
development,dev_extension200,274,b27p04,27,1502027,4,happy,outputs/study1_35f300_extension_v1/happy/b27p04.wav,24000,1,2,424320,17.68
development,dev_extension200,274,b27p04,27,1502027,4,sad,outputs/study1_35f300_extension_v1/sad/b27p04.wav,24000,1,2,466560,19.44
development,dev_extension200,274,b27p04,27,1502027,4,calm,outputs/study1_35f300_extension_v1/calm/b27p04.wav,24000,1,2,391680,16.32
development,dev_extension200,274,b27p04,27,1502027,4,angry,outputs/study1_35f300_extension_v1/angry/b27p04.wav,24000,1,2,334080,13.92
development,dev_extension200,274,b27p04,27,1502027,4,surprise,outputs/study1_35f300_extension_v1/surprise/b27p04.wav,24000,1,2,357120,14.88
development,dev_extension200,275,b27p05,27,1502027,5,normal,outputs/study1_35f300_extension_v1/normal/b27p05.wav,24000,1,2,424320,17.68
development,dev_extension200,275,b27p05,27,1502027,5,happy,outputs/study1_35f300_extension_v1/happy/b27p05.wav,24000,1,2,414720,17.28
development,dev_extension200,275,b27p05,27,1502027,5,sad,outputs/study1_35f300_extension_v1/sad/b27p05.wav,24000,1,2,437760,18.24
development,dev_extension200,275,b27p05,27,1502027,5,calm,outputs/study1_35f300_extension_v1/calm/b27p05.wav,24000,1,2,458880,19.12
development,dev_extension200,275,b27p05,27,1502027,5,angry,outputs/study1_35f300_extension_v1/angry/b27p05.wav,24000,1,2,305280,12.72
development,dev_extension200,275,b27p05,27,1502027,5,surprise,outputs/study1_35f300_extension_v1/surprise/b27p05.wav,24000,1,2,355200,14.8
development,dev_extension200,276,b27p06,27,1502027,6,normal,outputs/study1_35f300_extension_v1/normal/b27p06.wav,24000,1,2,380160,15.84
development,dev_extension200,276,b27p06,27,1502027,6,happy,outputs/study1_35f300_extension_v1/happy/b27p06.wav,24000,1,2,364800,15.2
development,dev_extension200,276,b27p06,27,1502027,6,sad,outputs/study1_35f300_extension_v1/sad/b27p06.wav,24000,1,2,334080,13.92
development,dev_extension200,276,b27p06,27,1502027,6,calm,outputs/study1_35f300_extension_v1/calm/b27p06.wav,24000,1,2,378240,15.76
development,dev_extension200,276,b27p06,27,1502027,6,angry,outputs/study1_35f300_extension_v1/angry/b27p06.wav,24000,1,2,360960,15.04
development,dev_extension200,276,b27p06,27,1502027,6,surprise,outputs/study1_35f300_extension_v1/surprise/b27p06.wav,24000,1,2,337920,14.08
development,dev_extension200,277,b27p07,27,1502027,7,normal,outputs/study1_35f300_extension_v1/normal/b27p07.wav,24000,1,2,341760,14.24
development,dev_extension200,277,b27p07,27,1502027,7,happy,outputs/study1_35f300_extension_v1/happy/b27p07.wav,24000,1,2,339840,14.16
development,dev_extension200,277,b27p07,27,1502027,7,sad,outputs/study1_35f300_extension_v1/sad/b27p07.wav,24000,1,2,412800,17.2
development,dev_extension200,277,b27p07,27,1502027,7,calm,outputs/study1_35f300_extension_v1/calm/b27p07.wav,24000,1,2,445440,18.56
development,dev_extension200,277,b27p07,27,1502027,7,angry,outputs/study1_35f300_extension_v1/angry/b27p07.wav,24000,1,2,332160,13.84
development,dev_extension200,277,b27p07,27,1502027,7,surprise,outputs/study1_35f300_extension_v1/surprise/b27p07.wav,24000,1,2,334080,13.92
development,dev_extension200,278,b27p08,27,1502027,8,normal,outputs/study1_35f300_extension_v1/normal/b27p08.wav,24000,1,2,339840,14.16
development,dev_extension200,278,b27p08,27,1502027,8,happy,outputs/study1_35f300_extension_v1/happy/b27p08.wav,24000,1,2,366720,15.28
development,dev_extension200,278,b27p08,27,1502027,8,sad,outputs/study1_35f300_extension_v1/sad/b27p08.wav,24000,1,2,428160,17.84
development,dev_extension200,278,b27p08,27,1502027,8,calm,outputs/study1_35f300_extension_v1/calm/b27p08.wav,24000,1,2,391680,16.32
development,dev_extension200,278,b27p08,27,1502027,8,angry,outputs/study1_35f300_extension_v1/angry/b27p08.wav,24000,1,2,384000,16.0
development,dev_extension200,278,b27p08,27,1502027,8,surprise,outputs/study1_35f300_extension_v1/surprise/b27p08.wav,24000,1,2,368640,15.36
development,dev_extension200,279,b27p09,27,1502027,9,normal,outputs/study1_35f300_extension_v1/normal/b27p09.wav,24000,1,2,384000,16.0
development,dev_extension200,279,b27p09,27,1502027,9,happy,outputs/study1_35f300_extension_v1/happy/b27p09.wav,24000,1,2,359040,14.96
development,dev_extension200,279,b27p09,27,1502027,9,sad,outputs/study1_35f300_extension_v1/sad/b27p09.wav,24000,1,2,416640,17.36
development,dev_extension200,279,b27p09,27,1502027,9,calm,outputs/study1_35f300_extension_v1/calm/b27p09.wav,24000,1,2,357120,14.88
development,dev_extension200,279,b27p09,27,1502027,9,angry,outputs/study1_35f300_extension_v1/angry/b27p09.wav,24000,1,2,397440,16.56
development,dev_extension200,279,b27p09,27,1502027,9,surprise,outputs/study1_35f300_extension_v1/surprise/b27p09.wav,24000,1,2,414720,17.28
development,dev_extension200,280,b28p00,28,1502028,0,normal,outputs/study1_35f300_extension_v1/normal/b28p00.wav,24000,1,2,366720,15.28
development,dev_extension200,280,b28p00,28,1502028,0,happy,outputs/study1_35f300_extension_v1/happy/b28p00.wav,24000,1,2,337920,14.08
development,dev_extension200,280,b28p00,28,1502028,0,sad,outputs/study1_35f300_extension_v1/sad/b28p00.wav,24000,1,2,330240,13.76
development,dev_extension200,280,b28p00,28,1502028,0,calm,outputs/study1_35f300_extension_v1/calm/b28p00.wav,24000,1,2,516480,21.52
development,dev_extension200,280,b28p00,28,1502028,0,angry,outputs/study1_35f300_extension_v1/angry/b28p00.wav,24000,1,2,339840,14.16
development,dev_extension200,280,b28p00,28,1502028,0,surprise,outputs/study1_35f300_extension_v1/surprise/b28p00.wav,24000,1,2,347520,14.48
development,dev_extension200,281,b28p01,28,1502028,1,normal,outputs/study1_35f300_extension_v1/normal/b28p01.wav,24000,1,2,360960,15.04
development,dev_extension200,281,b28p01,28,1502028,1,happy,outputs/study1_35f300_extension_v1/happy/b28p01.wav,24000,1,2,351360,14.64
development,dev_extension200,281,b28p01,28,1502028,1,sad,outputs/study1_35f300_extension_v1/sad/b28p01.wav,24000,1,2,408960,17.04
development,dev_extension200,281,b28p01,28,1502028,1,calm,outputs/study1_35f300_extension_v1/calm/b28p01.wav,24000,1,2,410880,17.12
development,dev_extension200,281,b28p01,28,1502028,1,angry,outputs/study1_35f300_extension_v1/angry/b28p01.wav,24000,1,2,339840,14.16
development,dev_extension200,281,b28p01,28,1502028,1,surprise,outputs/study1_35f300_extension_v1/surprise/b28p01.wav,24000,1,2,336000,14.0
development,dev_extension200,282,b28p02,28,1502028,2,normal,outputs/study1_35f300_extension_v1/normal/b28p02.wav,24000,1,2,397440,16.56
development,dev_extension200,282,b28p02,28,1502028,2,happy,outputs/study1_35f300_extension_v1/happy/b28p02.wav,24000,1,2,420480,17.52
development,dev_extension200,282,b28p02,28,1502028,2,sad,outputs/study1_35f300_extension_v1/sad/b28p02.wav,24000,1,2,401280,16.72
development,dev_extension200,282,b28p02,28,1502028,2,calm,outputs/study1_35f300_extension_v1/calm/b28p02.wav,24000,1,2,414720,17.28
development,dev_extension200,282,b28p02,28,1502028,2,angry,outputs/study1_35f300_extension_v1/angry/b28p02.wav,24000,1,2,449280,18.72
development,dev_extension200,282,b28p02,28,1502028,2,surprise,outputs/study1_35f300_extension_v1/surprise/b28p02.wav,24000,1,2,385920,16.08
development,dev_extension200,283,b28p03,28,1502028,3,normal,outputs/study1_35f300_extension_v1/normal/b28p03.wav,24000,1,2,343680,14.32
development,dev_extension200,283,b28p03,28,1502028,3,happy,outputs/study1_35f300_extension_v1/happy/b28p03.wav,24000,1,2,355200,14.8
development,dev_extension200,283,b28p03,28,1502028,3,sad,outputs/study1_35f300_extension_v1/sad/b28p03.wav,24000,1,2,412800,17.2
development,dev_extension200,283,b28p03,28,1502028,3,calm,outputs/study1_35f300_extension_v1/calm/b28p03.wav,24000,1,2,366720,15.28
development,dev_extension200,283,b28p03,28,1502028,3,angry,outputs/study1_35f300_extension_v1/angry/b28p03.wav,24000,1,2,332160,13.84
development,dev_extension200,283,b28p03,28,1502028,3,surprise,outputs/study1_35f300_extension_v1/surprise/b28p03.wav,24000,1,2,355200,14.8
development,dev_extension200,284,b28p04,28,1502028,4,normal,outputs/study1_35f300_extension_v1/normal/b28p04.wav,24000,1,2,374400,15.6
development,dev_extension200,284,b28p04,28,1502028,4,happy,outputs/study1_35f300_extension_v1/happy/b28p04.wav,24000,1,2,426240,17.76
development,dev_extension200,284,b28p04,28,1502028,4,sad,outputs/study1_35f300_extension_v1/sad/b28p04.wav,24000,1,2,362880,15.12
development,dev_extension200,284,b28p04,28,1502028,4,calm,outputs/study1_35f300_extension_v1/calm/b28p04.wav,24000,1,2,403200,16.8
development,dev_extension200,284,b28p04,28,1502028,4,angry,outputs/study1_35f300_extension_v1/angry/b28p04.wav,24000,1,2,408960,17.04
development,dev_extension200,284,b28p04,28,1502028,4,surprise,outputs/study1_35f300_extension_v1/surprise/b28p04.wav,24000,1,2,374400,15.6
development,dev_extension200,285,b28p05,28,1502028,5,normal,outputs/study1_35f300_extension_v1/normal/b28p05.wav,24000,1,2,326400,13.6
development,dev_extension200,285,b28p05,28,1502028,5,happy,outputs/study1_35f300_extension_v1/happy/b28p05.wav,24000,1,2,372480,15.52
development,dev_extension200,285,b28p05,28,1502028,5,sad,outputs/study1_35f300_extension_v1/sad/b28p05.wav,24000,1,2,395520,16.48
development,dev_extension200,285,b28p05,28,1502028,5,calm,outputs/study1_35f300_extension_v1/calm/b28p05.wav,24000,1,2,408960,17.04
development,dev_extension200,285,b28p05,28,1502028,5,angry,outputs/study1_35f300_extension_v1/angry/b28p05.wav,24000,1,2,341760,14.24
development,dev_extension200,285,b28p05,28,1502028,5,surprise,outputs/study1_35f300_extension_v1/surprise/b28p05.wav,24000,1,2,422400,17.6
development,dev_extension200,286,b28p06,28,1502028,6,normal,outputs/study1_35f300_extension_v1/normal/b28p06.wav,24000,1,2,374400,15.6
development,dev_extension200,286,b28p06,28,1502028,6,happy,outputs/study1_35f300_extension_v1/happy/b28p06.wav,24000,1,2,374400,15.6
development,dev_extension200,286,b28p06,28,1502028,6,sad,outputs/study1_35f300_extension_v1/sad/b28p06.wav,24000,1,2,385920,16.08
development,dev_extension200,286,b28p06,28,1502028,6,calm,outputs/study1_35f300_extension_v1/calm/b28p06.wav,24000,1,2,455040,18.96
development,dev_extension200,286,b28p06,28,1502028,6,angry,outputs/study1_35f300_extension_v1/angry/b28p06.wav,24000,1,2,324480,13.52
development,dev_extension200,286,b28p06,28,1502028,6,surprise,outputs/study1_35f300_extension_v1/surprise/b28p06.wav,24000,1,2,378240,15.76
development,dev_extension200,287,b28p07,28,1502028,7,normal,outputs/study1_35f300_extension_v1/normal/b28p07.wav,24000,1,2,341760,14.24
development,dev_extension200,287,b28p07,28,1502028,7,happy,outputs/study1_35f300_extension_v1/happy/b28p07.wav,24000,1,2,355200,14.8
development,dev_extension200,287,b28p07,28,1502028,7,sad,outputs/study1_35f300_extension_v1/sad/b28p07.wav,24000,1,2,412800,17.2
development,dev_extension200,287,b28p07,28,1502028,7,calm,outputs/study1_35f300_extension_v1/calm/b28p07.wav,24000,1,2,395520,16.48
development,dev_extension200,287,b28p07,28,1502028,7,angry,outputs/study1_35f300_extension_v1/angry/b28p07.wav,24000,1,2,366720,15.28
development,dev_extension200,287,b28p07,28,1502028,7,surprise,outputs/study1_35f300_extension_v1/surprise/b28p07.wav,24000,1,2,389760,16.24
development,dev_extension200,288,b28p08,28,1502028,8,normal,outputs/study1_35f300_extension_v1/normal/b28p08.wav,24000,1,2,445440,18.56
development,dev_extension200,288,b28p08,28,1502028,8,happy,outputs/study1_35f300_extension_v1/happy/b28p08.wav,24000,1,2,364800,15.2
development,dev_extension200,288,b28p08,28,1502028,8,sad,outputs/study1_35f300_extension_v1/sad/b28p08.wav,24000,1,2,439680,18.32
development,dev_extension200,288,b28p08,28,1502028,8,calm,outputs/study1_35f300_extension_v1/calm/b28p08.wav,24000,1,2,389760,16.24
development,dev_extension200,288,b28p08,28,1502028,8,angry,outputs/study1_35f300_extension_v1/angry/b28p08.wav,24000,1,2,355200,14.8
development,dev_extension200,288,b28p08,28,1502028,8,surprise,outputs/study1_35f300_extension_v1/surprise/b28p08.wav,24000,1,2,376320,15.68
development,dev_extension200,289,b28p09,28,1502028,9,normal,outputs/study1_35f300_extension_v1/normal/b28p09.wav,24000,1,2,351360,14.64
development,dev_extension200,289,b28p09,28,1502028,9,happy,outputs/study1_35f300_extension_v1/happy/b28p09.wav,24000,1,2,445440,18.56
development,dev_extension200,289,b28p09,28,1502028,9,sad,outputs/study1_35f300_extension_v1/sad/b28p09.wav,24000,1,2,408960,17.04
development,dev_extension200,289,b28p09,28,1502028,9,calm,outputs/study1_35f300_extension_v1/calm/b28p09.wav,24000,1,2,408960,17.04
development,dev_extension200,289,b28p09,28,1502028,9,angry,outputs/study1_35f300_extension_v1/angry/b28p09.wav,24000,1,2,336000,14.0
development,dev_extension200,289,b28p09,28,1502028,9,surprise,outputs/study1_35f300_extension_v1/surprise/b28p09.wav,24000,1,2,372480,15.52
development,dev_extension200,290,b29p00,29,1502029,0,normal,outputs/study1_35f300_extension_v1/normal/b29p00.wav,24000,1,2,374400,15.6
development,dev_extension200,290,b29p00,29,1502029,0,happy,outputs/study1_35f300_extension_v1/happy/b29p00.wav,24000,1,2,380160,15.84
development,dev_extension200,290,b29p00,29,1502029,0,sad,outputs/study1_35f300_extension_v1/sad/b29p00.wav,24000,1,2,449280,18.72
development,dev_extension200,290,b29p00,29,1502029,0,calm,outputs/study1_35f300_extension_v1/calm/b29p00.wav,24000,1,2,408960,17.04
development,dev_extension200,290,b29p00,29,1502029,0,angry,outputs/study1_35f300_extension_v1/angry/b29p00.wav,24000,1,2,424320,17.68
development,dev_extension200,290,b29p00,29,1502029,0,surprise,outputs/study1_35f300_extension_v1/surprise/b29p00.wav,24000,1,2,326400,13.6
development,dev_extension200,291,b29p01,29,1502029,1,normal,outputs/study1_35f300_extension_v1/normal/b29p01.wav,24000,1,2,387840,16.16
development,dev_extension200,291,b29p01,29,1502029,1,happy,outputs/study1_35f300_extension_v1/happy/b29p01.wav,24000,1,2,336000,14.0
development,dev_extension200,291,b29p01,29,1502029,1,sad,outputs/study1_35f300_extension_v1/sad/b29p01.wav,24000,1,2,401280,16.72
development,dev_extension200,291,b29p01,29,1502029,1,calm,outputs/study1_35f300_extension_v1/calm/b29p01.wav,24000,1,2,395520,16.48
development,dev_extension200,291,b29p01,29,1502029,1,angry,outputs/study1_35f300_extension_v1/angry/b29p01.wav,24000,1,2,353280,14.72
development,dev_extension200,291,b29p01,29,1502029,1,surprise,outputs/study1_35f300_extension_v1/surprise/b29p01.wav,24000,1,2,378240,15.76
development,dev_extension200,292,b29p02,29,1502029,2,normal,outputs/study1_35f300_extension_v1/normal/b29p02.wav,24000,1,2,384000,16.0
development,dev_extension200,292,b29p02,29,1502029,2,happy,outputs/study1_35f300_extension_v1/happy/b29p02.wav,24000,1,2,389760,16.24
development,dev_extension200,292,b29p02,29,1502029,2,sad,outputs/study1_35f300_extension_v1/sad/b29p02.wav,24000,1,2,460800,19.2
development,dev_extension200,292,b29p02,29,1502029,2,calm,outputs/study1_35f300_extension_v1/calm/b29p02.wav,24000,1,2,514560,21.44
development,dev_extension200,292,b29p02,29,1502029,2,angry,outputs/study1_35f300_extension_v1/angry/b29p02.wav,24000,1,2,389760,16.24
development,dev_extension200,292,b29p02,29,1502029,2,surprise,outputs/study1_35f300_extension_v1/surprise/b29p02.wav,24000,1,2,364800,15.2
development,dev_extension200,293,b29p03,29,1502029,3,normal,outputs/study1_35f300_extension_v1/normal/b29p03.wav,24000,1,2,343680,14.32
development,dev_extension200,293,b29p03,29,1502029,3,happy,outputs/study1_35f300_extension_v1/happy/b29p03.wav,24000,1,2,391680,16.32
development,dev_extension200,293,b29p03,29,1502029,3,sad,outputs/study1_35f300_extension_v1/sad/b29p03.wav,24000,1,2,408960,17.04
development,dev_extension200,293,b29p03,29,1502029,3,calm,outputs/study1_35f300_extension_v1/calm/b29p03.wav,24000,1,2,414720,17.28
development,dev_extension200,293,b29p03,29,1502029,3,angry,outputs/study1_35f300_extension_v1/angry/b29p03.wav,24000,1,2,384000,16.0
development,dev_extension200,293,b29p03,29,1502029,3,surprise,outputs/study1_35f300_extension_v1/surprise/b29p03.wav,24000,1,2,476160,19.84
development,dev_extension200,294,b29p04,29,1502029,4,normal,outputs/study1_35f300_extension_v1/normal/b29p04.wav,24000,1,2,385920,16.08
development,dev_extension200,294,b29p04,29,1502029,4,happy,outputs/study1_35f300_extension_v1/happy/b29p04.wav,24000,1,2,412800,17.2
development,dev_extension200,294,b29p04,29,1502029,4,sad,outputs/study1_35f300_extension_v1/sad/b29p04.wav,24000,1,2,428160,17.84
development,dev_extension200,294,b29p04,29,1502029,4,calm,outputs/study1_35f300_extension_v1/calm/b29p04.wav,24000,1,2,368640,15.36
development,dev_extension200,294,b29p04,29,1502029,4,angry,outputs/study1_35f300_extension_v1/angry/b29p04.wav,24000,1,2,299520,12.48
development,dev_extension200,294,b29p04,29,1502029,4,surprise,outputs/study1_35f300_extension_v1/surprise/b29p04.wav,24000,1,2,368640,15.36
development,dev_extension200,295,b29p05,29,1502029,5,normal,outputs/study1_35f300_extension_v1/normal/b29p05.wav,24000,1,2,376320,15.68
development,dev_extension200,295,b29p05,29,1502029,5,happy,outputs/study1_35f300_extension_v1/happy/b29p05.wav,24000,1,2,366720,15.28
development,dev_extension200,295,b29p05,29,1502029,5,sad,outputs/study1_35f300_extension_v1/sad/b29p05.wav,24000,1,2,395520,16.48
development,dev_extension200,295,b29p05,29,1502029,5,calm,outputs/study1_35f300_extension_v1/calm/b29p05.wav,24000,1,2,357120,14.88
development,dev_extension200,295,b29p05,29,1502029,5,angry,outputs/study1_35f300_extension_v1/angry/b29p05.wav,24000,1,2,316800,13.2
development,dev_extension200,295,b29p05,29,1502029,5,surprise,outputs/study1_35f300_extension_v1/surprise/b29p05.wav,24000,1,2,332160,13.84
development,dev_extension200,296,b29p06,29,1502029,6,normal,outputs/study1_35f300_extension_v1/normal/b29p06.wav,24000,1,2,420480,17.52
development,dev_extension200,296,b29p06,29,1502029,6,happy,outputs/study1_35f300_extension_v1/happy/b29p06.wav,24000,1,2,374400,15.6
development,dev_extension200,296,b29p06,29,1502029,6,sad,outputs/study1_35f300_extension_v1/sad/b29p06.wav,24000,1,2,443520,18.48
development,dev_extension200,296,b29p06,29,1502029,6,calm,outputs/study1_35f300_extension_v1/calm/b29p06.wav,24000,1,2,395520,16.48
development,dev_extension200,296,b29p06,29,1502029,6,angry,outputs/study1_35f300_extension_v1/angry/b29p06.wav,24000,1,2,395520,16.48
development,dev_extension200,296,b29p06,29,1502029,6,surprise,outputs/study1_35f300_extension_v1/surprise/b29p06.wav,24000,1,2,551040,22.96
development,dev_extension200,297,b29p07,29,1502029,7,normal,outputs/study1_35f300_extension_v1/normal/b29p07.wav,24000,1,2,362880,15.12
development,dev_extension200,297,b29p07,29,1502029,7,happy,outputs/study1_35f300_extension_v1/happy/b29p07.wav,24000,1,2,341760,14.24
development,dev_extension200,297,b29p07,29,1502029,7,sad,outputs/study1_35f300_extension_v1/sad/b29p07.wav,24000,1,2,370560,15.44
development,dev_extension200,297,b29p07,29,1502029,7,calm,outputs/study1_35f300_extension_v1/calm/b29p07.wav,24000,1,2,412800,17.2
development,dev_extension200,297,b29p07,29,1502029,7,angry,outputs/study1_35f300_extension_v1/angry/b29p07.wav,24000,1,2,309120,12.88
development,dev_extension200,297,b29p07,29,1502029,7,surprise,outputs/study1_35f300_extension_v1/surprise/b29p07.wav,24000,1,2,380160,15.84
development,dev_extension200,298,b29p08,29,1502029,8,normal,outputs/study1_35f300_extension_v1/normal/b29p08.wav,24000,1,2,403200,16.8
development,dev_extension200,298,b29p08,29,1502029,8,happy,outputs/study1_35f300_extension_v1/happy/b29p08.wav,24000,1,2,359040,14.96
development,dev_extension200,298,b29p08,29,1502029,8,sad,outputs/study1_35f300_extension_v1/sad/b29p08.wav,24000,1,2,357120,14.88
development,dev_extension200,298,b29p08,29,1502029,8,calm,outputs/study1_35f300_extension_v1/calm/b29p08.wav,24000,1,2,351360,14.64
development,dev_extension200,298,b29p08,29,1502029,8,angry,outputs/study1_35f300_extension_v1/angry/b29p08.wav,24000,1,2,364800,15.2
development,dev_extension200,298,b29p08,29,1502029,8,surprise,outputs/study1_35f300_extension_v1/surprise/b29p08.wav,24000,1,2,366720,15.28
development,dev_extension200,299,b29p09,29,1502029,9,normal,outputs/study1_35f300_extension_v1/normal/b29p09.wav,24000,1,2,320640,13.36
development,dev_extension200,299,b29p09,29,1502029,9,happy,outputs/study1_35f300_extension_v1/happy/b29p09.wav,24000,1,2,368640,15.36
development,dev_extension200,299,b29p09,29,1502029,9,sad,outputs/study1_35f300_extension_v1/sad/b29p09.wav,24000,1,2,393600,16.4
development,dev_extension200,299,b29p09,29,1502029,9,calm,outputs/study1_35f300_extension_v1/calm/b29p09.wav,24000,1,2,449280,18.72
development,dev_extension200,299,b29p09,29,1502029,9,angry,outputs/study1_35f300_extension_v1/angry/b29p09.wav,24000,1,2,312960,13.04
development,dev_extension200,299,b29p09,29,1502029,9,surprise,outputs/study1_35f300_extension_v1/surprise/b29p09.wav,24000,1,2,355200,14.8
external,external100,300,b30p00,30,1502030,0,normal,outputs/study1_35f100_external_v1/normal/b30p00.wav,24000,1,2,385920,16.08
external,external100,300,b30p00,30,1502030,0,happy,outputs/study1_35f100_external_v1/happy/b30p00.wav,24000,1,2,345600,14.4
external,external100,300,b30p00,30,1502030,0,sad,outputs/study1_35f100_external_v1/sad/b30p00.wav,24000,1,2,360960,15.04
external,external100,300,b30p00,30,1502030,0,calm,outputs/study1_35f100_external_v1/calm/b30p00.wav,24000,1,2,397440,16.56
external,external100,300,b30p00,30,1502030,0,angry,outputs/study1_35f100_external_v1/angry/b30p00.wav,24000,1,2,312960,13.04
external,external100,300,b30p00,30,1502030,0,surprise,outputs/study1_35f100_external_v1/surprise/b30p00.wav,24000,1,2,370560,15.44
external,external100,301,b30p01,30,1502030,1,normal,outputs/study1_35f100_external_v1/normal/b30p01.wav,24000,1,2,349440,14.56
external,external100,301,b30p01,30,1502030,1,happy,outputs/study1_35f100_external_v1/happy/b30p01.wav,24000,1,2,359040,14.96
external,external100,301,b30p01,30,1502030,1,sad,outputs/study1_35f100_external_v1/sad/b30p01.wav,24000,1,2,359040,14.96
external,external100,301,b30p01,30,1502030,1,calm,outputs/study1_35f100_external_v1/calm/b30p01.wav,24000,1,2,309120,12.88
external,external100,301,b30p01,30,1502030,1,angry,outputs/study1_35f100_external_v1/angry/b30p01.wav,24000,1,2,389760,16.24
external,external100,301,b30p01,30,1502030,1,surprise,outputs/study1_35f100_external_v1/surprise/b30p01.wav,24000,1,2,359040,14.96
external,external100,302,b30p02,30,1502030,2,normal,outputs/study1_35f100_external_v1/normal/b30p02.wav,24000,1,2,376320,15.68
external,external100,302,b30p02,30,1502030,2,happy,outputs/study1_35f100_external_v1/happy/b30p02.wav,24000,1,2,433920,18.08
external,external100,302,b30p02,30,1502030,2,sad,outputs/study1_35f100_external_v1/sad/b30p02.wav,24000,1,2,499200,20.8
external,external100,302,b30p02,30,1502030,2,calm,outputs/study1_35f100_external_v1/calm/b30p02.wav,24000,1,2,449280,18.72
external,external100,302,b30p02,30,1502030,2,angry,outputs/study1_35f100_external_v1/angry/b30p02.wav,24000,1,2,336000,14.0
external,external100,302,b30p02,30,1502030,2,surprise,outputs/study1_35f100_external_v1/surprise/b30p02.wav,24000,1,2,382080,15.92
external,external100,303,b30p03,30,1502030,3,normal,outputs/study1_35f100_external_v1/normal/b30p03.wav,24000,1,2,351360,14.64
external,external100,303,b30p03,30,1502030,3,happy,outputs/study1_35f100_external_v1/happy/b30p03.wav,24000,1,2,405120,16.88
external,external100,303,b30p03,30,1502030,3,sad,outputs/study1_35f100_external_v1/sad/b30p03.wav,24000,1,2,362880,15.12
external,external100,303,b30p03,30,1502030,3,calm,outputs/study1_35f100_external_v1/calm/b30p03.wav,24000,1,2,353280,14.72
external,external100,303,b30p03,30,1502030,3,angry,outputs/study1_35f100_external_v1/angry/b30p03.wav,24000,1,2,343680,14.32
external,external100,303,b30p03,30,1502030,3,surprise,outputs/study1_35f100_external_v1/surprise/b30p03.wav,24000,1,2,345600,14.4
external,external100,304,b30p04,30,1502030,4,normal,outputs/study1_35f100_external_v1/normal/b30p04.wav,24000,1,2,401280,16.72
external,external100,304,b30p04,30,1502030,4,happy,outputs/study1_35f100_external_v1/happy/b30p04.wav,24000,1,2,468480,19.52
external,external100,304,b30p04,30,1502030,4,sad,outputs/study1_35f100_external_v1/sad/b30p04.wav,24000,1,2,437760,18.24
external,external100,304,b30p04,30,1502030,4,calm,outputs/study1_35f100_external_v1/calm/b30p04.wav,24000,1,2,368640,15.36
external,external100,304,b30p04,30,1502030,4,angry,outputs/study1_35f100_external_v1/angry/b30p04.wav,24000,1,2,414720,17.28
external,external100,304,b30p04,30,1502030,4,surprise,outputs/study1_35f100_external_v1/surprise/b30p04.wav,24000,1,2,345600,14.4
external,external100,305,b30p05,30,1502030,5,normal,outputs/study1_35f100_external_v1/normal/b30p05.wav,24000,1,2,433920,18.08
external,external100,305,b30p05,30,1502030,5,happy,outputs/study1_35f100_external_v1/happy/b30p05.wav,24000,1,2,332160,13.84
external,external100,305,b30p05,30,1502030,5,sad,outputs/study1_35f100_external_v1/sad/b30p05.wav,24000,1,2,416640,17.36
external,external100,305,b30p05,30,1502030,5,calm,outputs/study1_35f100_external_v1/calm/b30p05.wav,24000,1,2,443520,18.48
external,external100,305,b30p05,30,1502030,5,angry,outputs/study1_35f100_external_v1/angry/b30p05.wav,24000,1,2,312960,13.04
external,external100,305,b30p05,30,1502030,5,surprise,outputs/study1_35f100_external_v1/surprise/b30p05.wav,24000,1,2,359040,14.96
external,external100,306,b30p06,30,1502030,6,normal,outputs/study1_35f100_external_v1/normal/b30p06.wav,24000,1,2,349440,14.56
external,external100,306,b30p06,30,1502030,6,happy,outputs/study1_35f100_external_v1/happy/b30p06.wav,24000,1,2,349440,14.56
external,external100,306,b30p06,30,1502030,6,sad,outputs/study1_35f100_external_v1/sad/b30p06.wav,24000,1,2,476160,19.84
external,external100,306,b30p06,30,1502030,6,calm,outputs/study1_35f100_external_v1/calm/b30p06.wav,24000,1,2,447360,18.64
external,external100,306,b30p06,30,1502030,6,angry,outputs/study1_35f100_external_v1/angry/b30p06.wav,24000,1,2,312960,13.04
external,external100,306,b30p06,30,1502030,6,surprise,outputs/study1_35f100_external_v1/surprise/b30p06.wav,24000,1,2,359040,14.96
external,external100,307,b30p07,30,1502030,7,normal,outputs/study1_35f100_external_v1/normal/b30p07.wav,24000,1,2,391680,16.32
external,external100,307,b30p07,30,1502030,7,happy,outputs/study1_35f100_external_v1/happy/b30p07.wav,24000,1,2,360960,15.04
external,external100,307,b30p07,30,1502030,7,sad,outputs/study1_35f100_external_v1/sad/b30p07.wav,24000,1,2,387840,16.16
external,external100,307,b30p07,30,1502030,7,calm,outputs/study1_35f100_external_v1/calm/b30p07.wav,24000,1,2,345600,14.4
external,external100,307,b30p07,30,1502030,7,angry,outputs/study1_35f100_external_v1/angry/b30p07.wav,24000,1,2,343680,14.32
external,external100,307,b30p07,30,1502030,7,surprise,outputs/study1_35f100_external_v1/surprise/b30p07.wav,24000,1,2,387840,16.16
external,external100,308,b30p08,30,1502030,8,normal,outputs/study1_35f100_external_v1/normal/b30p08.wav,24000,1,2,320640,13.36
external,external100,308,b30p08,30,1502030,8,happy,outputs/study1_35f100_external_v1/happy/b30p08.wav,24000,1,2,374400,15.6
external,external100,308,b30p08,30,1502030,8,sad,outputs/study1_35f100_external_v1/sad/b30p08.wav,24000,1,2,410880,17.12
external,external100,308,b30p08,30,1502030,8,calm,outputs/study1_35f100_external_v1/calm/b30p08.wav,24000,1,2,466560,19.44
external,external100,308,b30p08,30,1502030,8,angry,outputs/study1_35f100_external_v1/angry/b30p08.wav,24000,1,2,326400,13.6
external,external100,308,b30p08,30,1502030,8,surprise,outputs/study1_35f100_external_v1/surprise/b30p08.wav,24000,1,2,412800,17.2
external,external100,309,b30p09,30,1502030,9,normal,outputs/study1_35f100_external_v1/normal/b30p09.wav,24000,1,2,368640,15.36
external,external100,309,b30p09,30,1502030,9,happy,outputs/study1_35f100_external_v1/happy/b30p09.wav,24000,1,2,337920,14.08
external,external100,309,b30p09,30,1502030,9,sad,outputs/study1_35f100_external_v1/sad/b30p09.wav,24000,1,2,393600,16.4
external,external100,309,b30p09,30,1502030,9,calm,outputs/study1_35f100_external_v1/calm/b30p09.wav,24000,1,2,412800,17.2
external,external100,309,b30p09,30,1502030,9,angry,outputs/study1_35f100_external_v1/angry/b30p09.wav,24000,1,2,341760,14.24
external,external100,309,b30p09,30,1502030,9,surprise,outputs/study1_35f100_external_v1/surprise/b30p09.wav,24000,1,2,347520,14.48
external,external100,310,b31p00,31,1502031,0,normal,outputs/study1_35f100_external_v1/normal/b31p00.wav,24000,1,2,430080,17.92
external,external100,310,b31p00,31,1502031,0,happy,outputs/study1_35f100_external_v1/happy/b31p00.wav,24000,1,2,376320,15.68
external,external100,310,b31p00,31,1502031,0,sad,outputs/study1_35f100_external_v1/sad/b31p00.wav,24000,1,2,378240,15.76
external,external100,310,b31p00,31,1502031,0,calm,outputs/study1_35f100_external_v1/calm/b31p00.wav,24000,1,2,385920,16.08
external,external100,310,b31p00,31,1502031,0,angry,outputs/study1_35f100_external_v1/angry/b31p00.wav,24000,1,2,332160,13.84
external,external100,310,b31p00,31,1502031,0,surprise,outputs/study1_35f100_external_v1/surprise/b31p00.wav,24000,1,2,403200,16.8
external,external100,311,b31p01,31,1502031,1,normal,outputs/study1_35f100_external_v1/normal/b31p01.wav,24000,1,2,385920,16.08
external,external100,311,b31p01,31,1502031,1,happy,outputs/study1_35f100_external_v1/happy/b31p01.wav,24000,1,2,405120,16.88
external,external100,311,b31p01,31,1502031,1,sad,outputs/study1_35f100_external_v1/sad/b31p01.wav,24000,1,2,357120,14.88
external,external100,311,b31p01,31,1502031,1,calm,outputs/study1_35f100_external_v1/calm/b31p01.wav,24000,1,2,376320,15.68
external,external100,311,b31p01,31,1502031,1,angry,outputs/study1_35f100_external_v1/angry/b31p01.wav,24000,1,2,374400,15.6
external,external100,311,b31p01,31,1502031,1,surprise,outputs/study1_35f100_external_v1/surprise/b31p01.wav,24000,1,2,416640,17.36
external,external100,312,b31p02,31,1502031,2,normal,outputs/study1_35f100_external_v1/normal/b31p02.wav,24000,1,2,360960,15.04
external,external100,312,b31p02,31,1502031,2,happy,outputs/study1_35f100_external_v1/happy/b31p02.wav,24000,1,2,370560,15.44
external,external100,312,b31p02,31,1502031,2,sad,outputs/study1_35f100_external_v1/sad/b31p02.wav,24000,1,2,374400,15.6
external,external100,312,b31p02,31,1502031,2,calm,outputs/study1_35f100_external_v1/calm/b31p02.wav,24000,1,2,395520,16.48
external,external100,312,b31p02,31,1502031,2,angry,outputs/study1_35f100_external_v1/angry/b31p02.wav,24000,1,2,360960,15.04
external,external100,312,b31p02,31,1502031,2,surprise,outputs/study1_35f100_external_v1/surprise/b31p02.wav,24000,1,2,410880,17.12
external,external100,313,b31p03,31,1502031,3,normal,outputs/study1_35f100_external_v1/normal/b31p03.wav,24000,1,2,403200,16.8
external,external100,313,b31p03,31,1502031,3,happy,outputs/study1_35f100_external_v1/happy/b31p03.wav,24000,1,2,351360,14.64
external,external100,313,b31p03,31,1502031,3,sad,outputs/study1_35f100_external_v1/sad/b31p03.wav,24000,1,2,385920,16.08
external,external100,313,b31p03,31,1502031,3,calm,outputs/study1_35f100_external_v1/calm/b31p03.wav,24000,1,2,355200,14.8
external,external100,313,b31p03,31,1502031,3,angry,outputs/study1_35f100_external_v1/angry/b31p03.wav,24000,1,2,403200,16.8
external,external100,313,b31p03,31,1502031,3,surprise,outputs/study1_35f100_external_v1/surprise/b31p03.wav,24000,1,2,539520,22.48
external,external100,314,b31p04,31,1502031,4,normal,outputs/study1_35f100_external_v1/normal/b31p04.wav,24000,1,2,326400,13.6
external,external100,314,b31p04,31,1502031,4,happy,outputs/study1_35f100_external_v1/happy/b31p04.wav,24000,1,2,384000,16.0
external,external100,314,b31p04,31,1502031,4,sad,outputs/study1_35f100_external_v1/sad/b31p04.wav,24000,1,2,405120,16.88
external,external100,314,b31p04,31,1502031,4,calm,outputs/study1_35f100_external_v1/calm/b31p04.wav,24000,1,2,391680,16.32
external,external100,314,b31p04,31,1502031,4,angry,outputs/study1_35f100_external_v1/angry/b31p04.wav,24000,1,2,355200,14.8
external,external100,314,b31p04,31,1502031,4,surprise,outputs/study1_35f100_external_v1/surprise/b31p04.wav,24000,1,2,384000,16.0
external,external100,315,b31p05,31,1502031,5,normal,outputs/study1_35f100_external_v1/normal/b31p05.wav,24000,1,2,405120,16.88
external,external100,315,b31p05,31,1502031,5,happy,outputs/study1_35f100_external_v1/happy/b31p05.wav,24000,1,2,368640,15.36
external,external100,315,b31p05,31,1502031,5,sad,outputs/study1_35f100_external_v1/sad/b31p05.wav,24000,1,2,420480,17.52
external,external100,315,b31p05,31,1502031,5,calm,outputs/study1_35f100_external_v1/calm/b31p05.wav,24000,1,2,405120,16.88
external,external100,315,b31p05,31,1502031,5,angry,outputs/study1_35f100_external_v1/angry/b31p05.wav,24000,1,2,322560,13.44
external,external100,315,b31p05,31,1502031,5,surprise,outputs/study1_35f100_external_v1/surprise/b31p05.wav,24000,1,2,353280,14.72
external,external100,316,b31p06,31,1502031,6,normal,outputs/study1_35f100_external_v1/normal/b31p06.wav,24000,1,2,336000,14.0
external,external100,316,b31p06,31,1502031,6,happy,outputs/study1_35f100_external_v1/happy/b31p06.wav,24000,1,2,336000,14.0
external,external100,316,b31p06,31,1502031,6,sad,outputs/study1_35f100_external_v1/sad/b31p06.wav,24000,1,2,410880,17.12
external,external100,316,b31p06,31,1502031,6,calm,outputs/study1_35f100_external_v1/calm/b31p06.wav,24000,1,2,451200,18.8
external,external100,316,b31p06,31,1502031,6,angry,outputs/study1_35f100_external_v1/angry/b31p06.wav,24000,1,2,376320,15.68
external,external100,316,b31p06,31,1502031,6,surprise,outputs/study1_35f100_external_v1/surprise/b31p06.wav,24000,1,2,330240,13.76
external,external100,317,b31p07,31,1502031,7,normal,outputs/study1_35f100_external_v1/normal/b31p07.wav,24000,1,2,558720,23.28
external,external100,317,b31p07,31,1502031,7,happy,outputs/study1_35f100_external_v1/happy/b31p07.wav,24000,1,2,347520,14.48
external,external100,317,b31p07,31,1502031,7,sad,outputs/study1_35f100_external_v1/sad/b31p07.wav,24000,1,2,487680,20.32
external,external100,317,b31p07,31,1502031,7,calm,outputs/study1_35f100_external_v1/calm/b31p07.wav,24000,1,2,366720,15.28
external,external100,317,b31p07,31,1502031,7,angry,outputs/study1_35f100_external_v1/angry/b31p07.wav,24000,1,2,347520,14.48
external,external100,317,b31p07,31,1502031,7,surprise,outputs/study1_35f100_external_v1/surprise/b31p07.wav,24000,1,2,337920,14.08
external,external100,318,b31p08,31,1502031,8,normal,outputs/study1_35f100_external_v1/normal/b31p08.wav,24000,1,2,380160,15.84
external,external100,318,b31p08,31,1502031,8,happy,outputs/study1_35f100_external_v1/happy/b31p08.wav,24000,1,2,397440,16.56
external,external100,318,b31p08,31,1502031,8,sad,outputs/study1_35f100_external_v1/sad/b31p08.wav,24000,1,2,403200,16.8
external,external100,318,b31p08,31,1502031,8,calm,outputs/study1_35f100_external_v1/calm/b31p08.wav,24000,1,2,501120,20.88
external,external100,318,b31p08,31,1502031,8,angry,outputs/study1_35f100_external_v1/angry/b31p08.wav,24000,1,2,345600,14.4
external,external100,318,b31p08,31,1502031,8,surprise,outputs/study1_35f100_external_v1/surprise/b31p08.wav,24000,1,2,410880,17.12
external,external100,319,b31p09,31,1502031,9,normal,outputs/study1_35f100_external_v1/normal/b31p09.wav,24000,1,2,401280,16.72
external,external100,319,b31p09,31,1502031,9,happy,outputs/study1_35f100_external_v1/happy/b31p09.wav,24000,1,2,345600,14.4
external,external100,319,b31p09,31,1502031,9,sad,outputs/study1_35f100_external_v1/sad/b31p09.wav,24000,1,2,456960,19.04
external,external100,319,b31p09,31,1502031,9,calm,outputs/study1_35f100_external_v1/calm/b31p09.wav,24000,1,2,334080,13.92
external,external100,319,b31p09,31,1502031,9,angry,outputs/study1_35f100_external_v1/angry/b31p09.wav,24000,1,2,353280,14.72
external,external100,319,b31p09,31,1502031,9,surprise,outputs/study1_35f100_external_v1/surprise/b31p09.wav,24000,1,2,330240,13.76
external,external100,320,b32p00,32,1502032,0,normal,outputs/study1_35f100_external_v1/normal/b32p00.wav,24000,1,2,368640,15.36
external,external100,320,b32p00,32,1502032,0,happy,outputs/study1_35f100_external_v1/happy/b32p00.wav,24000,1,2,428160,17.84
external,external100,320,b32p00,32,1502032,0,sad,outputs/study1_35f100_external_v1/sad/b32p00.wav,24000,1,2,418560,17.44
external,external100,320,b32p00,32,1502032,0,calm,outputs/study1_35f100_external_v1/calm/b32p00.wav,24000,1,2,366720,15.28
external,external100,320,b32p00,32,1502032,0,angry,outputs/study1_35f100_external_v1/angry/b32p00.wav,24000,1,2,347520,14.48
external,external100,320,b32p00,32,1502032,0,surprise,outputs/study1_35f100_external_v1/surprise/b32p00.wav,24000,1,2,357120,14.88
external,external100,321,b32p01,32,1502032,1,normal,outputs/study1_35f100_external_v1/normal/b32p01.wav,24000,1,2,376320,15.68
external,external100,321,b32p01,32,1502032,1,happy,outputs/study1_35f100_external_v1/happy/b32p01.wav,24000,1,2,349440,14.56
external,external100,321,b32p01,32,1502032,1,sad,outputs/study1_35f100_external_v1/sad/b32p01.wav,24000,1,2,366720,15.28
external,external100,321,b32p01,32,1502032,1,calm,outputs/study1_35f100_external_v1/calm/b32p01.wav,24000,1,2,424320,17.68
external,external100,321,b32p01,32,1502032,1,angry,outputs/study1_35f100_external_v1/angry/b32p01.wav,24000,1,2,307200,12.8
external,external100,321,b32p01,32,1502032,1,surprise,outputs/study1_35f100_external_v1/surprise/b32p01.wav,24000,1,2,303360,12.64
external,external100,322,b32p02,32,1502032,2,normal,outputs/study1_35f100_external_v1/normal/b32p02.wav,24000,1,2,412800,17.2
external,external100,322,b32p02,32,1502032,2,happy,outputs/study1_35f100_external_v1/happy/b32p02.wav,24000,1,2,378240,15.76
external,external100,322,b32p02,32,1502032,2,sad,outputs/study1_35f100_external_v1/sad/b32p02.wav,24000,1,2,385920,16.08
external,external100,322,b32p02,32,1502032,2,calm,outputs/study1_35f100_external_v1/calm/b32p02.wav,24000,1,2,384000,16.0
external,external100,322,b32p02,32,1502032,2,angry,outputs/study1_35f100_external_v1/angry/b32p02.wav,24000,1,2,332160,13.84
external,external100,322,b32p02,32,1502032,2,surprise,outputs/study1_35f100_external_v1/surprise/b32p02.wav,24000,1,2,341760,14.24
external,external100,323,b32p03,32,1502032,3,normal,outputs/study1_35f100_external_v1/normal/b32p03.wav,24000,1,2,334080,13.92
external,external100,323,b32p03,32,1502032,3,happy,outputs/study1_35f100_external_v1/happy/b32p03.wav,24000,1,2,385920,16.08
external,external100,323,b32p03,32,1502032,3,sad,outputs/study1_35f100_external_v1/sad/b32p03.wav,24000,1,2,395520,16.48
external,external100,323,b32p03,32,1502032,3,calm,outputs/study1_35f100_external_v1/calm/b32p03.wav,24000,1,2,359040,14.96
external,external100,323,b32p03,32,1502032,3,angry,outputs/study1_35f100_external_v1/angry/b32p03.wav,24000,1,2,349440,14.56
external,external100,323,b32p03,32,1502032,3,surprise,outputs/study1_35f100_external_v1/surprise/b32p03.wav,24000,1,2,314880,13.12
external,external100,324,b32p04,32,1502032,4,normal,outputs/study1_35f100_external_v1/normal/b32p04.wav,24000,1,2,312960,13.04
external,external100,324,b32p04,32,1502032,4,happy,outputs/study1_35f100_external_v1/happy/b32p04.wav,24000,1,2,376320,15.68
external,external100,324,b32p04,32,1502032,4,sad,outputs/study1_35f100_external_v1/sad/b32p04.wav,24000,1,2,412800,17.2
external,external100,324,b32p04,32,1502032,4,calm,outputs/study1_35f100_external_v1/calm/b32p04.wav,24000,1,2,412800,17.2
external,external100,324,b32p04,32,1502032,4,angry,outputs/study1_35f100_external_v1/angry/b32p04.wav,24000,1,2,332160,13.84
external,external100,324,b32p04,32,1502032,4,surprise,outputs/study1_35f100_external_v1/surprise/b32p04.wav,24000,1,2,362880,15.12
external,external100,325,b32p05,32,1502032,5,normal,outputs/study1_35f100_external_v1/normal/b32p05.wav,24000,1,2,393600,16.4
external,external100,325,b32p05,32,1502032,5,happy,outputs/study1_35f100_external_v1/happy/b32p05.wav,24000,1,2,339840,14.16
external,external100,325,b32p05,32,1502032,5,sad,outputs/study1_35f100_external_v1/sad/b32p05.wav,24000,1,2,566400,23.6
external,external100,325,b32p05,32,1502032,5,calm,outputs/study1_35f100_external_v1/calm/b32p05.wav,24000,1,2,464640,19.36
external,external100,325,b32p05,32,1502032,5,angry,outputs/study1_35f100_external_v1/angry/b32p05.wav,24000,1,2,366720,15.28
external,external100,325,b32p05,32,1502032,5,surprise,outputs/study1_35f100_external_v1/surprise/b32p05.wav,24000,1,2,395520,16.48
external,external100,326,b32p06,32,1502032,6,normal,outputs/study1_35f100_external_v1/normal/b32p06.wav,24000,1,2,372480,15.52
external,external100,326,b32p06,32,1502032,6,happy,outputs/study1_35f100_external_v1/happy/b32p06.wav,24000,1,2,405120,16.88
external,external100,326,b32p06,32,1502032,6,sad,outputs/study1_35f100_external_v1/sad/b32p06.wav,24000,1,2,420480,17.52
external,external100,326,b32p06,32,1502032,6,calm,outputs/study1_35f100_external_v1/calm/b32p06.wav,24000,1,2,405120,16.88
external,external100,326,b32p06,32,1502032,6,angry,outputs/study1_35f100_external_v1/angry/b32p06.wav,24000,1,2,412800,17.2
external,external100,326,b32p06,32,1502032,6,surprise,outputs/study1_35f100_external_v1/surprise/b32p06.wav,24000,1,2,468480,19.52
external,external100,327,b32p07,32,1502032,7,normal,outputs/study1_35f100_external_v1/normal/b32p07.wav,24000,1,2,418560,17.44
external,external100,327,b32p07,32,1502032,7,happy,outputs/study1_35f100_external_v1/happy/b32p07.wav,24000,1,2,397440,16.56
external,external100,327,b32p07,32,1502032,7,sad,outputs/study1_35f100_external_v1/sad/b32p07.wav,24000,1,2,382080,15.92
external,external100,327,b32p07,32,1502032,7,calm,outputs/study1_35f100_external_v1/calm/b32p07.wav,24000,1,2,389760,16.24
external,external100,327,b32p07,32,1502032,7,angry,outputs/study1_35f100_external_v1/angry/b32p07.wav,24000,1,2,328320,13.68
external,external100,327,b32p07,32,1502032,7,surprise,outputs/study1_35f100_external_v1/surprise/b32p07.wav,24000,1,2,382080,15.92
external,external100,328,b32p08,32,1502032,8,normal,outputs/study1_35f100_external_v1/normal/b32p08.wav,24000,1,2,364800,15.2
external,external100,328,b32p08,32,1502032,8,happy,outputs/study1_35f100_external_v1/happy/b32p08.wav,24000,1,2,372480,15.52
external,external100,328,b32p08,32,1502032,8,sad,outputs/study1_35f100_external_v1/sad/b32p08.wav,24000,1,2,420480,17.52
external,external100,328,b32p08,32,1502032,8,calm,outputs/study1_35f100_external_v1/calm/b32p08.wav,24000,1,2,405120,16.88
external,external100,328,b32p08,32,1502032,8,angry,outputs/study1_35f100_external_v1/angry/b32p08.wav,24000,1,2,322560,13.44
external,external100,328,b32p08,32,1502032,8,surprise,outputs/study1_35f100_external_v1/surprise/b32p08.wav,24000,1,2,376320,15.68
external,external100,329,b32p09,32,1502032,9,normal,outputs/study1_35f100_external_v1/normal/b32p09.wav,24000,1,2,312960,13.04
external,external100,329,b32p09,32,1502032,9,happy,outputs/study1_35f100_external_v1/happy/b32p09.wav,24000,1,2,401280,16.72
external,external100,329,b32p09,32,1502032,9,sad,outputs/study1_35f100_external_v1/sad/b32p09.wav,24000,1,2,387840,16.16
external,external100,329,b32p09,32,1502032,9,calm,outputs/study1_35f100_external_v1/calm/b32p09.wav,24000,1,2,412800,17.2
external,external100,329,b32p09,32,1502032,9,angry,outputs/study1_35f100_external_v1/angry/b32p09.wav,24000,1,2,387840,16.16
external,external100,329,b32p09,32,1502032,9,surprise,outputs/study1_35f100_external_v1/surprise/b32p09.wav,24000,1,2,318720,13.28
external,external100,330,b33p00,33,1502033,0,normal,outputs/study1_35f100_external_v1/normal/b33p00.wav,24000,1,2,397440,16.56
external,external100,330,b33p00,33,1502033,0,happy,outputs/study1_35f100_external_v1/happy/b33p00.wav,24000,1,2,374400,15.6
external,external100,330,b33p00,33,1502033,0,sad,outputs/study1_35f100_external_v1/sad/b33p00.wav,24000,1,2,403200,16.8
external,external100,330,b33p00,33,1502033,0,calm,outputs/study1_35f100_external_v1/calm/b33p00.wav,24000,1,2,374400,15.6
external,external100,330,b33p00,33,1502033,0,angry,outputs/study1_35f100_external_v1/angry/b33p00.wav,24000,1,2,387840,16.16
external,external100,330,b33p00,33,1502033,0,surprise,outputs/study1_35f100_external_v1/surprise/b33p00.wav,24000,1,2,403200,16.8
external,external100,331,b33p01,33,1502033,1,normal,outputs/study1_35f100_external_v1/normal/b33p01.wav,24000,1,2,355200,14.8
external,external100,331,b33p01,33,1502033,1,happy,outputs/study1_35f100_external_v1/happy/b33p01.wav,24000,1,2,405120,16.88
external,external100,331,b33p01,33,1502033,1,sad,outputs/study1_35f100_external_v1/sad/b33p01.wav,24000,1,2,403200,16.8
external,external100,331,b33p01,33,1502033,1,calm,outputs/study1_35f100_external_v1/calm/b33p01.wav,24000,1,2,460800,19.2
external,external100,331,b33p01,33,1502033,1,angry,outputs/study1_35f100_external_v1/angry/b33p01.wav,24000,1,2,353280,14.72
external,external100,331,b33p01,33,1502033,1,surprise,outputs/study1_35f100_external_v1/surprise/b33p01.wav,24000,1,2,347520,14.48
external,external100,332,b33p02,33,1502033,2,normal,outputs/study1_35f100_external_v1/normal/b33p02.wav,24000,1,2,378240,15.76
external,external100,332,b33p02,33,1502033,2,happy,outputs/study1_35f100_external_v1/happy/b33p02.wav,24000,1,2,370560,15.44
external,external100,332,b33p02,33,1502033,2,sad,outputs/study1_35f100_external_v1/sad/b33p02.wav,24000,1,2,455040,18.96
external,external100,332,b33p02,33,1502033,2,calm,outputs/study1_35f100_external_v1/calm/b33p02.wav,24000,1,2,351360,14.64
external,external100,332,b33p02,33,1502033,2,angry,outputs/study1_35f100_external_v1/angry/b33p02.wav,24000,1,2,351360,14.64
external,external100,332,b33p02,33,1502033,2,surprise,outputs/study1_35f100_external_v1/surprise/b33p02.wav,24000,1,2,426240,17.76
external,external100,333,b33p03,33,1502033,3,normal,outputs/study1_35f100_external_v1/normal/b33p03.wav,24000,1,2,337920,14.08
external,external100,333,b33p03,33,1502033,3,happy,outputs/study1_35f100_external_v1/happy/b33p03.wav,24000,1,2,385920,16.08
external,external100,333,b33p03,33,1502033,3,sad,outputs/study1_35f100_external_v1/sad/b33p03.wav,24000,1,2,360960,15.04
external,external100,333,b33p03,33,1502033,3,calm,outputs/study1_35f100_external_v1/calm/b33p03.wav,24000,1,2,489600,20.4
external,external100,333,b33p03,33,1502033,3,angry,outputs/study1_35f100_external_v1/angry/b33p03.wav,24000,1,2,378240,15.76
external,external100,333,b33p03,33,1502033,3,surprise,outputs/study1_35f100_external_v1/surprise/b33p03.wav,24000,1,2,380160,15.84
external,external100,334,b33p04,33,1502033,4,normal,outputs/study1_35f100_external_v1/normal/b33p04.wav,24000,1,2,397440,16.56
external,external100,334,b33p04,33,1502033,4,happy,outputs/study1_35f100_external_v1/happy/b33p04.wav,24000,1,2,401280,16.72
external,external100,334,b33p04,33,1502033,4,sad,outputs/study1_35f100_external_v1/sad/b33p04.wav,24000,1,2,410880,17.12
external,external100,334,b33p04,33,1502033,4,calm,outputs/study1_35f100_external_v1/calm/b33p04.wav,24000,1,2,407040,16.96
external,external100,334,b33p04,33,1502033,4,angry,outputs/study1_35f100_external_v1/angry/b33p04.wav,24000,1,2,326400,13.6
external,external100,334,b33p04,33,1502033,4,surprise,outputs/study1_35f100_external_v1/surprise/b33p04.wav,24000,1,2,368640,15.36
external,external100,335,b33p05,33,1502033,5,normal,outputs/study1_35f100_external_v1/normal/b33p05.wav,24000,1,2,360960,15.04
external,external100,335,b33p05,33,1502033,5,happy,outputs/study1_35f100_external_v1/happy/b33p05.wav,24000,1,2,468480,19.52
external,external100,335,b33p05,33,1502033,5,sad,outputs/study1_35f100_external_v1/sad/b33p05.wav,24000,1,2,357120,14.88
external,external100,335,b33p05,33,1502033,5,calm,outputs/study1_35f100_external_v1/calm/b33p05.wav,24000,1,2,351360,14.64
external,external100,335,b33p05,33,1502033,5,angry,outputs/study1_35f100_external_v1/angry/b33p05.wav,24000,1,2,416640,17.36
external,external100,335,b33p05,33,1502033,5,surprise,outputs/study1_35f100_external_v1/surprise/b33p05.wav,24000,1,2,387840,16.16
external,external100,336,b33p06,33,1502033,6,normal,outputs/study1_35f100_external_v1/normal/b33p06.wav,24000,1,2,362880,15.12
external,external100,336,b33p06,33,1502033,6,happy,outputs/study1_35f100_external_v1/happy/b33p06.wav,24000,1,2,322560,13.44
external,external100,336,b33p06,33,1502033,6,sad,outputs/study1_35f100_external_v1/sad/b33p06.wav,24000,1,2,426240,17.76
external,external100,336,b33p06,33,1502033,6,calm,outputs/study1_35f100_external_v1/calm/b33p06.wav,24000,1,2,385920,16.08
external,external100,336,b33p06,33,1502033,6,angry,outputs/study1_35f100_external_v1/angry/b33p06.wav,24000,1,2,554880,23.12
external,external100,336,b33p06,33,1502033,6,surprise,outputs/study1_35f100_external_v1/surprise/b33p06.wav,24000,1,2,349440,14.56
external,external100,337,b33p07,33,1502033,7,normal,outputs/study1_35f100_external_v1/normal/b33p07.wav,24000,1,2,395520,16.48
external,external100,337,b33p07,33,1502033,7,happy,outputs/study1_35f100_external_v1/happy/b33p07.wav,24000,1,2,341760,14.24
external,external100,337,b33p07,33,1502033,7,sad,outputs/study1_35f100_external_v1/sad/b33p07.wav,24000,1,2,443520,18.48
external,external100,337,b33p07,33,1502033,7,calm,outputs/study1_35f100_external_v1/calm/b33p07.wav,24000,1,2,389760,16.24
external,external100,337,b33p07,33,1502033,7,angry,outputs/study1_35f100_external_v1/angry/b33p07.wav,24000,1,2,326400,13.6
external,external100,337,b33p07,33,1502033,7,surprise,outputs/study1_35f100_external_v1/surprise/b33p07.wav,24000,1,2,357120,14.88
external,external100,338,b33p08,33,1502033,8,normal,outputs/study1_35f100_external_v1/normal/b33p08.wav,24000,1,2,368640,15.36
external,external100,338,b33p08,33,1502033,8,happy,outputs/study1_35f100_external_v1/happy/b33p08.wav,24000,1,2,322560,13.44
external,external100,338,b33p08,33,1502033,8,sad,outputs/study1_35f100_external_v1/sad/b33p08.wav,24000,1,2,430080,17.92
external,external100,338,b33p08,33,1502033,8,calm,outputs/study1_35f100_external_v1/calm/b33p08.wav,24000,1,2,389760,16.24
external,external100,338,b33p08,33,1502033,8,angry,outputs/study1_35f100_external_v1/angry/b33p08.wav,24000,1,2,362880,15.12
external,external100,338,b33p08,33,1502033,8,surprise,outputs/study1_35f100_external_v1/surprise/b33p08.wav,24000,1,2,408960,17.04
external,external100,339,b33p09,33,1502033,9,normal,outputs/study1_35f100_external_v1/normal/b33p09.wav,24000,1,2,378240,15.76
external,external100,339,b33p09,33,1502033,9,happy,outputs/study1_35f100_external_v1/happy/b33p09.wav,24000,1,2,347520,14.48
external,external100,339,b33p09,33,1502033,9,sad,outputs/study1_35f100_external_v1/sad/b33p09.wav,24000,1,2,397440,16.56
external,external100,339,b33p09,33,1502033,9,calm,outputs/study1_35f100_external_v1/calm/b33p09.wav,24000,1,2,384000,16.0
external,external100,339,b33p09,33,1502033,9,angry,outputs/study1_35f100_external_v1/angry/b33p09.wav,24000,1,2,332160,13.84
external,external100,339,b33p09,33,1502033,9,surprise,outputs/study1_35f100_external_v1/surprise/b33p09.wav,24000,1,2,362880,15.12
external,external100,340,b34p00,34,1502034,0,normal,outputs/study1_35f100_external_v1/normal/b34p00.wav,24000,1,2,366720,15.28
external,external100,340,b34p00,34,1502034,0,happy,outputs/study1_35f100_external_v1/happy/b34p00.wav,24000,1,2,378240,15.76
external,external100,340,b34p00,34,1502034,0,sad,outputs/study1_35f100_external_v1/sad/b34p00.wav,24000,1,2,395520,16.48
external,external100,340,b34p00,34,1502034,0,calm,outputs/study1_35f100_external_v1/calm/b34p00.wav,24000,1,2,378240,15.76
external,external100,340,b34p00,34,1502034,0,angry,outputs/study1_35f100_external_v1/angry/b34p00.wav,24000,1,2,389760,16.24
external,external100,340,b34p00,34,1502034,0,surprise,outputs/study1_35f100_external_v1/surprise/b34p00.wav,24000,1,2,349440,14.56
external,external100,341,b34p01,34,1502034,1,normal,outputs/study1_35f100_external_v1/normal/b34p01.wav,24000,1,2,395520,16.48
external,external100,341,b34p01,34,1502034,1,happy,outputs/study1_35f100_external_v1/happy/b34p01.wav,24000,1,2,405120,16.88
external,external100,341,b34p01,34,1502034,1,sad,outputs/study1_35f100_external_v1/sad/b34p01.wav,24000,1,2,441600,18.4
external,external100,341,b34p01,34,1502034,1,calm,outputs/study1_35f100_external_v1/calm/b34p01.wav,24000,1,2,395520,16.48
external,external100,341,b34p01,34,1502034,1,angry,outputs/study1_35f100_external_v1/angry/b34p01.wav,24000,1,2,374400,15.6
external,external100,341,b34p01,34,1502034,1,surprise,outputs/study1_35f100_external_v1/surprise/b34p01.wav,24000,1,2,495360,20.64
external,external100,342,b34p02,34,1502034,2,normal,outputs/study1_35f100_external_v1/normal/b34p02.wav,24000,1,2,504960,21.04
external,external100,342,b34p02,34,1502034,2,happy,outputs/study1_35f100_external_v1/happy/b34p02.wav,24000,1,2,401280,16.72
external,external100,342,b34p02,34,1502034,2,sad,outputs/study1_35f100_external_v1/sad/b34p02.wav,24000,1,2,364800,15.2
external,external100,342,b34p02,34,1502034,2,calm,outputs/study1_35f100_external_v1/calm/b34p02.wav,24000,1,2,349440,14.56
external,external100,342,b34p02,34,1502034,2,angry,outputs/study1_35f100_external_v1/angry/b34p02.wav,24000,1,2,343680,14.32
external,external100,342,b34p02,34,1502034,2,surprise,outputs/study1_35f100_external_v1/surprise/b34p02.wav,24000,1,2,470400,19.6
external,external100,343,b34p03,34,1502034,3,normal,outputs/study1_35f100_external_v1/normal/b34p03.wav,24000,1,2,382080,15.92
external,external100,343,b34p03,34,1502034,3,happy,outputs/study1_35f100_external_v1/happy/b34p03.wav,24000,1,2,418560,17.44
external,external100,343,b34p03,34,1502034,3,sad,outputs/study1_35f100_external_v1/sad/b34p03.wav,24000,1,2,357120,14.88
external,external100,343,b34p03,34,1502034,3,calm,outputs/study1_35f100_external_v1/calm/b34p03.wav,24000,1,2,510720,21.28
external,external100,343,b34p03,34,1502034,3,angry,outputs/study1_35f100_external_v1/angry/b34p03.wav,24000,1,2,355200,14.8
external,external100,343,b34p03,34,1502034,3,surprise,outputs/study1_35f100_external_v1/surprise/b34p03.wav,24000,1,2,351360,14.64
external,external100,344,b34p04,34,1502034,4,normal,outputs/study1_35f100_external_v1/normal/b34p04.wav,24000,1,2,332160,13.84
external,external100,344,b34p04,34,1502034,4,happy,outputs/study1_35f100_external_v1/happy/b34p04.wav,24000,1,2,370560,15.44
external,external100,344,b34p04,34,1502034,4,sad,outputs/study1_35f100_external_v1/sad/b34p04.wav,24000,1,2,414720,17.28
external,external100,344,b34p04,34,1502034,4,calm,outputs/study1_35f100_external_v1/calm/b34p04.wav,24000,1,2,395520,16.48
external,external100,344,b34p04,34,1502034,4,angry,outputs/study1_35f100_external_v1/angry/b34p04.wav,24000,1,2,385920,16.08
external,external100,344,b34p04,34,1502034,4,surprise,outputs/study1_35f100_external_v1/surprise/b34p04.wav,24000,1,2,357120,14.88
external,external100,345,b34p05,34,1502034,5,normal,outputs/study1_35f100_external_v1/normal/b34p05.wav,24000,1,2,437760,18.24
external,external100,345,b34p05,34,1502034,5,happy,outputs/study1_35f100_external_v1/happy/b34p05.wav,24000,1,2,316800,13.2
external,external100,345,b34p05,34,1502034,5,sad,outputs/study1_35f100_external_v1/sad/b34p05.wav,24000,1,2,389760,16.24
external,external100,345,b34p05,34,1502034,5,calm,outputs/study1_35f100_external_v1/calm/b34p05.wav,24000,1,2,360960,15.04
external,external100,345,b34p05,34,1502034,5,angry,outputs/study1_35f100_external_v1/angry/b34p05.wav,24000,1,2,330240,13.76
external,external100,345,b34p05,34,1502034,5,surprise,outputs/study1_35f100_external_v1/surprise/b34p05.wav,24000,1,2,320640,13.36
external,external100,346,b34p06,34,1502034,6,normal,outputs/study1_35f100_external_v1/normal/b34p06.wav,24000,1,2,343680,14.32
external,external100,346,b34p06,34,1502034,6,happy,outputs/study1_35f100_external_v1/happy/b34p06.wav,24000,1,2,357120,14.88
external,external100,346,b34p06,34,1502034,6,sad,outputs/study1_35f100_external_v1/sad/b34p06.wav,24000,1,2,393600,16.4
external,external100,346,b34p06,34,1502034,6,calm,outputs/study1_35f100_external_v1/calm/b34p06.wav,24000,1,2,410880,17.12
external,external100,346,b34p06,34,1502034,6,angry,outputs/study1_35f100_external_v1/angry/b34p06.wav,24000,1,2,345600,14.4
external,external100,346,b34p06,34,1502034,6,surprise,outputs/study1_35f100_external_v1/surprise/b34p06.wav,24000,1,2,345600,14.4
external,external100,347,b34p07,34,1502034,7,normal,outputs/study1_35f100_external_v1/normal/b34p07.wav,24000,1,2,349440,14.56
external,external100,347,b34p07,34,1502034,7,happy,outputs/study1_35f100_external_v1/happy/b34p07.wav,24000,1,2,376320,15.68
external,external100,347,b34p07,34,1502034,7,sad,outputs/study1_35f100_external_v1/sad/b34p07.wav,24000,1,2,485760,20.24
external,external100,347,b34p07,34,1502034,7,calm,outputs/study1_35f100_external_v1/calm/b34p07.wav,24000,1,2,360960,15.04
external,external100,347,b34p07,34,1502034,7,angry,outputs/study1_35f100_external_v1/angry/b34p07.wav,24000,1,2,372480,15.52
external,external100,347,b34p07,34,1502034,7,surprise,outputs/study1_35f100_external_v1/surprise/b34p07.wav,24000,1,2,322560,13.44
external,external100,348,b34p08,34,1502034,8,normal,outputs/study1_35f100_external_v1/normal/b34p08.wav,24000,1,2,341760,14.24
external,external100,348,b34p08,34,1502034,8,happy,outputs/study1_35f100_external_v1/happy/b34p08.wav,24000,1,2,364800,15.2
external,external100,348,b34p08,34,1502034,8,sad,outputs/study1_35f100_external_v1/sad/b34p08.wav,24000,1,2,483840,20.16
external,external100,348,b34p08,34,1502034,8,calm,outputs/study1_35f100_external_v1/calm/b34p08.wav,24000,1,2,380160,15.84
external,external100,348,b34p08,34,1502034,8,angry,outputs/study1_35f100_external_v1/angry/b34p08.wav,24000,1,2,399360,16.64
external,external100,348,b34p08,34,1502034,8,surprise,outputs/study1_35f100_external_v1/surprise/b34p08.wav,24000,1,2,355200,14.8
external,external100,349,b34p09,34,1502034,9,normal,outputs/study1_35f100_external_v1/normal/b34p09.wav,24000,1,2,445440,18.56
external,external100,349,b34p09,34,1502034,9,happy,outputs/study1_35f100_external_v1/happy/b34p09.wav,24000,1,2,347520,14.48
external,external100,349,b34p09,34,1502034,9,sad,outputs/study1_35f100_external_v1/sad/b34p09.wav,24000,1,2,399360,16.64
external,external100,349,b34p09,34,1502034,9,calm,outputs/study1_35f100_external_v1/calm/b34p09.wav,24000,1,2,420480,17.52
external,external100,349,b34p09,34,1502034,9,angry,outputs/study1_35f100_external_v1/angry/b34p09.wav,24000,1,2,339840,14.16
external,external100,349,b34p09,34,1502034,9,surprise,outputs/study1_35f100_external_v1/surprise/b34p09.wav,24000,1,2,422400,17.6
external,external100,350,b35p00,35,1502035,0,normal,outputs/study1_35f100_external_v1/normal/b35p00.wav,24000,1,2,351360,14.64
external,external100,350,b35p00,35,1502035,0,happy,outputs/study1_35f100_external_v1/happy/b35p00.wav,24000,1,2,336000,14.0
external,external100,350,b35p00,35,1502035,0,sad,outputs/study1_35f100_external_v1/sad/b35p00.wav,24000,1,2,334080,13.92
external,external100,350,b35p00,35,1502035,0,calm,outputs/study1_35f100_external_v1/calm/b35p00.wav,24000,1,2,416640,17.36
external,external100,350,b35p00,35,1502035,0,angry,outputs/study1_35f100_external_v1/angry/b35p00.wav,24000,1,2,334080,13.92
external,external100,350,b35p00,35,1502035,0,surprise,outputs/study1_35f100_external_v1/surprise/b35p00.wav,24000,1,2,403200,16.8
external,external100,351,b35p01,35,1502035,1,normal,outputs/study1_35f100_external_v1/normal/b35p01.wav,24000,1,2,368640,15.36
external,external100,351,b35p01,35,1502035,1,happy,outputs/study1_35f100_external_v1/happy/b35p01.wav,24000,1,2,345600,14.4
external,external100,351,b35p01,35,1502035,1,sad,outputs/study1_35f100_external_v1/sad/b35p01.wav,24000,1,2,395520,16.48
external,external100,351,b35p01,35,1502035,1,calm,outputs/study1_35f100_external_v1/calm/b35p01.wav,24000,1,2,447360,18.64
external,external100,351,b35p01,35,1502035,1,angry,outputs/study1_35f100_external_v1/angry/b35p01.wav,24000,1,2,314880,13.12
external,external100,351,b35p01,35,1502035,1,surprise,outputs/study1_35f100_external_v1/surprise/b35p01.wav,24000,1,2,353280,14.72
external,external100,352,b35p02,35,1502035,2,normal,outputs/study1_35f100_external_v1/normal/b35p02.wav,24000,1,2,403200,16.8
external,external100,352,b35p02,35,1502035,2,happy,outputs/study1_35f100_external_v1/happy/b35p02.wav,24000,1,2,357120,14.88
external,external100,352,b35p02,35,1502035,2,sad,outputs/study1_35f100_external_v1/sad/b35p02.wav,24000,1,2,391680,16.32
external,external100,352,b35p02,35,1502035,2,calm,outputs/study1_35f100_external_v1/calm/b35p02.wav,24000,1,2,378240,15.76
external,external100,352,b35p02,35,1502035,2,angry,outputs/study1_35f100_external_v1/angry/b35p02.wav,24000,1,2,360960,15.04
external,external100,352,b35p02,35,1502035,2,surprise,outputs/study1_35f100_external_v1/surprise/b35p02.wav,24000,1,2,384000,16.0
external,external100,353,b35p03,35,1502035,3,normal,outputs/study1_35f100_external_v1/normal/b35p03.wav,24000,1,2,441600,18.4
external,external100,353,b35p03,35,1502035,3,happy,outputs/study1_35f100_external_v1/happy/b35p03.wav,24000,1,2,337920,14.08
external,external100,353,b35p03,35,1502035,3,sad,outputs/study1_35f100_external_v1/sad/b35p03.wav,24000,1,2,437760,18.24
external,external100,353,b35p03,35,1502035,3,calm,outputs/study1_35f100_external_v1/calm/b35p03.wav,24000,1,2,453120,18.88
external,external100,353,b35p03,35,1502035,3,angry,outputs/study1_35f100_external_v1/angry/b35p03.wav,24000,1,2,341760,14.24
external,external100,353,b35p03,35,1502035,3,surprise,outputs/study1_35f100_external_v1/surprise/b35p03.wav,24000,1,2,345600,14.4
external,external100,354,b35p04,35,1502035,4,normal,outputs/study1_35f100_external_v1/normal/b35p04.wav,24000,1,2,410880,17.12
external,external100,354,b35p04,35,1502035,4,happy,outputs/study1_35f100_external_v1/happy/b35p04.wav,24000,1,2,382080,15.92
external,external100,354,b35p04,35,1502035,4,sad,outputs/study1_35f100_external_v1/sad/b35p04.wav,24000,1,2,572160,23.84
external,external100,354,b35p04,35,1502035,4,calm,outputs/study1_35f100_external_v1/calm/b35p04.wav,24000,1,2,341760,14.24
external,external100,354,b35p04,35,1502035,4,angry,outputs/study1_35f100_external_v1/angry/b35p04.wav,24000,1,2,353280,14.72
external,external100,354,b35p04,35,1502035,4,surprise,outputs/study1_35f100_external_v1/surprise/b35p04.wav,24000,1,2,433920,18.08
external,external100,355,b35p05,35,1502035,5,normal,outputs/study1_35f100_external_v1/normal/b35p05.wav,24000,1,2,357120,14.88
external,external100,355,b35p05,35,1502035,5,happy,outputs/study1_35f100_external_v1/happy/b35p05.wav,24000,1,2,395520,16.48
external,external100,355,b35p05,35,1502035,5,sad,outputs/study1_35f100_external_v1/sad/b35p05.wav,24000,1,2,364800,15.2
external,external100,355,b35p05,35,1502035,5,calm,outputs/study1_35f100_external_v1/calm/b35p05.wav,24000,1,2,368640,15.36
external,external100,355,b35p05,35,1502035,5,angry,outputs/study1_35f100_external_v1/angry/b35p05.wav,24000,1,2,347520,14.48
external,external100,355,b35p05,35,1502035,5,surprise,outputs/study1_35f100_external_v1/surprise/b35p05.wav,24000,1,2,334080,13.92
external,external100,356,b35p06,35,1502035,6,normal,outputs/study1_35f100_external_v1/normal/b35p06.wav,24000,1,2,337920,14.08
external,external100,356,b35p06,35,1502035,6,happy,outputs/study1_35f100_external_v1/happy/b35p06.wav,24000,1,2,318720,13.28
external,external100,356,b35p06,35,1502035,6,sad,outputs/study1_35f100_external_v1/sad/b35p06.wav,24000,1,2,422400,17.6
external,external100,356,b35p06,35,1502035,6,calm,outputs/study1_35f100_external_v1/calm/b35p06.wav,24000,1,2,382080,15.92
external,external100,356,b35p06,35,1502035,6,angry,outputs/study1_35f100_external_v1/angry/b35p06.wav,24000,1,2,337920,14.08
external,external100,356,b35p06,35,1502035,6,surprise,outputs/study1_35f100_external_v1/surprise/b35p06.wav,24000,1,2,353280,14.72
external,external100,357,b35p07,35,1502035,7,normal,outputs/study1_35f100_external_v1/normal/b35p07.wav,24000,1,2,384000,16.0
external,external100,357,b35p07,35,1502035,7,happy,outputs/study1_35f100_external_v1/happy/b35p07.wav,24000,1,2,368640,15.36
external,external100,357,b35p07,35,1502035,7,sad,outputs/study1_35f100_external_v1/sad/b35p07.wav,24000,1,2,433920,18.08
external,external100,357,b35p07,35,1502035,7,calm,outputs/study1_35f100_external_v1/calm/b35p07.wav,24000,1,2,481920,20.08
external,external100,357,b35p07,35,1502035,7,angry,outputs/study1_35f100_external_v1/angry/b35p07.wav,24000,1,2,297600,12.4
external,external100,357,b35p07,35,1502035,7,surprise,outputs/study1_35f100_external_v1/surprise/b35p07.wav,24000,1,2,391680,16.32
external,external100,358,b35p08,35,1502035,8,normal,outputs/study1_35f100_external_v1/normal/b35p08.wav,24000,1,2,414720,17.28
external,external100,358,b35p08,35,1502035,8,happy,outputs/study1_35f100_external_v1/happy/b35p08.wav,24000,1,2,437760,18.24
external,external100,358,b35p08,35,1502035,8,sad,outputs/study1_35f100_external_v1/sad/b35p08.wav,24000,1,2,351360,14.64
external,external100,358,b35p08,35,1502035,8,calm,outputs/study1_35f100_external_v1/calm/b35p08.wav,24000,1,2,387840,16.16
external,external100,358,b35p08,35,1502035,8,angry,outputs/study1_35f100_external_v1/angry/b35p08.wav,24000,1,2,384000,16.0
external,external100,358,b35p08,35,1502035,8,surprise,outputs/study1_35f100_external_v1/surprise/b35p08.wav,24000,1,2,418560,17.44
external,external100,359,b35p09,35,1502035,9,normal,outputs/study1_35f100_external_v1/normal/b35p09.wav,24000,1,2,341760,14.24
external,external100,359,b35p09,35,1502035,9,happy,outputs/study1_35f100_external_v1/happy/b35p09.wav,24000,1,2,364800,15.2
external,external100,359,b35p09,35,1502035,9,sad,outputs/study1_35f100_external_v1/sad/b35p09.wav,24000,1,2,445440,18.56
external,external100,359,b35p09,35,1502035,9,calm,outputs/study1_35f100_external_v1/calm/b35p09.wav,24000,1,2,366720,15.28
external,external100,359,b35p09,35,1502035,9,angry,outputs/study1_35f100_external_v1/angry/b35p09.wav,24000,1,2,299520,12.48
external,external100,359,b35p09,35,1502035,9,surprise,outputs/study1_35f100_external_v1/surprise/b35p09.wav,24000,1,2,447360,18.64
external,external100,360,b36p00,36,1502036,0,normal,outputs/study1_35f100_external_v1/normal/b36p00.wav,24000,1,2,351360,14.64
external,external100,360,b36p00,36,1502036,0,happy,outputs/study1_35f100_external_v1/happy/b36p00.wav,24000,1,2,351360,14.64
external,external100,360,b36p00,36,1502036,0,sad,outputs/study1_35f100_external_v1/sad/b36p00.wav,24000,1,2,389760,16.24
external,external100,360,b36p00,36,1502036,0,calm,outputs/study1_35f100_external_v1/calm/b36p00.wav,24000,1,2,387840,16.16
external,external100,360,b36p00,36,1502036,0,angry,outputs/study1_35f100_external_v1/angry/b36p00.wav,24000,1,2,312960,13.04
external,external100,360,b36p00,36,1502036,0,surprise,outputs/study1_35f100_external_v1/surprise/b36p00.wav,24000,1,2,445440,18.56
external,external100,361,b36p01,36,1502036,1,normal,outputs/study1_35f100_external_v1/normal/b36p01.wav,24000,1,2,380160,15.84
external,external100,361,b36p01,36,1502036,1,happy,outputs/study1_35f100_external_v1/happy/b36p01.wav,24000,1,2,370560,15.44
external,external100,361,b36p01,36,1502036,1,sad,outputs/study1_35f100_external_v1/sad/b36p01.wav,24000,1,2,397440,16.56
external,external100,361,b36p01,36,1502036,1,calm,outputs/study1_35f100_external_v1/calm/b36p01.wav,24000,1,2,397440,16.56
external,external100,361,b36p01,36,1502036,1,angry,outputs/study1_35f100_external_v1/angry/b36p01.wav,24000,1,2,328320,13.68
external,external100,361,b36p01,36,1502036,1,surprise,outputs/study1_35f100_external_v1/surprise/b36p01.wav,24000,1,2,353280,14.72
external,external100,362,b36p02,36,1502036,2,normal,outputs/study1_35f100_external_v1/normal/b36p02.wav,24000,1,2,312960,13.04
external,external100,362,b36p02,36,1502036,2,happy,outputs/study1_35f100_external_v1/happy/b36p02.wav,24000,1,2,359040,14.96
external,external100,362,b36p02,36,1502036,2,sad,outputs/study1_35f100_external_v1/sad/b36p02.wav,24000,1,2,422400,17.6
external,external100,362,b36p02,36,1502036,2,calm,outputs/study1_35f100_external_v1/calm/b36p02.wav,24000,1,2,416640,17.36
external,external100,362,b36p02,36,1502036,2,angry,outputs/study1_35f100_external_v1/angry/b36p02.wav,24000,1,2,336000,14.0
external,external100,362,b36p02,36,1502036,2,surprise,outputs/study1_35f100_external_v1/surprise/b36p02.wav,24000,1,2,339840,14.16
external,external100,363,b36p03,36,1502036,3,normal,outputs/study1_35f100_external_v1/normal/b36p03.wav,24000,1,2,341760,14.24
external,external100,363,b36p03,36,1502036,3,happy,outputs/study1_35f100_external_v1/happy/b36p03.wav,24000,1,2,345600,14.4
external,external100,363,b36p03,36,1502036,3,sad,outputs/study1_35f100_external_v1/sad/b36p03.wav,24000,1,2,472320,19.68
external,external100,363,b36p03,36,1502036,3,calm,outputs/study1_35f100_external_v1/calm/b36p03.wav,24000,1,2,397440,16.56
external,external100,363,b36p03,36,1502036,3,angry,outputs/study1_35f100_external_v1/angry/b36p03.wav,24000,1,2,349440,14.56
external,external100,363,b36p03,36,1502036,3,surprise,outputs/study1_35f100_external_v1/surprise/b36p03.wav,24000,1,2,395520,16.48
external,external100,364,b36p04,36,1502036,4,normal,outputs/study1_35f100_external_v1/normal/b36p04.wav,24000,1,2,330240,13.76
external,external100,364,b36p04,36,1502036,4,happy,outputs/study1_35f100_external_v1/happy/b36p04.wav,24000,1,2,366720,15.28
external,external100,364,b36p04,36,1502036,4,sad,outputs/study1_35f100_external_v1/sad/b36p04.wav,24000,1,2,382080,15.92
external,external100,364,b36p04,36,1502036,4,calm,outputs/study1_35f100_external_v1/calm/b36p04.wav,24000,1,2,387840,16.16
external,external100,364,b36p04,36,1502036,4,angry,outputs/study1_35f100_external_v1/angry/b36p04.wav,24000,1,2,374400,15.6
external,external100,364,b36p04,36,1502036,4,surprise,outputs/study1_35f100_external_v1/surprise/b36p04.wav,24000,1,2,410880,17.12
external,external100,365,b36p05,36,1502036,5,normal,outputs/study1_35f100_external_v1/normal/b36p05.wav,24000,1,2,426240,17.76
external,external100,365,b36p05,36,1502036,5,happy,outputs/study1_35f100_external_v1/happy/b36p05.wav,24000,1,2,368640,15.36
external,external100,365,b36p05,36,1502036,5,sad,outputs/study1_35f100_external_v1/sad/b36p05.wav,24000,1,2,408960,17.04
external,external100,365,b36p05,36,1502036,5,calm,outputs/study1_35f100_external_v1/calm/b36p05.wav,24000,1,2,360960,15.04
external,external100,365,b36p05,36,1502036,5,angry,outputs/study1_35f100_external_v1/angry/b36p05.wav,24000,1,2,328320,13.68
external,external100,365,b36p05,36,1502036,5,surprise,outputs/study1_35f100_external_v1/surprise/b36p05.wav,24000,1,2,405120,16.88
external,external100,366,b36p06,36,1502036,6,normal,outputs/study1_35f100_external_v1/normal/b36p06.wav,24000,1,2,382080,15.92
external,external100,366,b36p06,36,1502036,6,happy,outputs/study1_35f100_external_v1/happy/b36p06.wav,24000,1,2,387840,16.16
external,external100,366,b36p06,36,1502036,6,sad,outputs/study1_35f100_external_v1/sad/b36p06.wav,24000,1,2,518400,21.6
external,external100,366,b36p06,36,1502036,6,calm,outputs/study1_35f100_external_v1/calm/b36p06.wav,24000,1,2,384000,16.0
external,external100,366,b36p06,36,1502036,6,angry,outputs/study1_35f100_external_v1/angry/b36p06.wav,24000,1,2,288000,12.0
external,external100,366,b36p06,36,1502036,6,surprise,outputs/study1_35f100_external_v1/surprise/b36p06.wav,24000,1,2,372480,15.52
external,external100,367,b36p07,36,1502036,7,normal,outputs/study1_35f100_external_v1/normal/b36p07.wav,24000,1,2,489600,20.4
external,external100,367,b36p07,36,1502036,7,happy,outputs/study1_35f100_external_v1/happy/b36p07.wav,24000,1,2,334080,13.92
external,external100,367,b36p07,36,1502036,7,sad,outputs/study1_35f100_external_v1/sad/b36p07.wav,24000,1,2,407040,16.96
external,external100,367,b36p07,36,1502036,7,calm,outputs/study1_35f100_external_v1/calm/b36p07.wav,24000,1,2,556800,23.2
external,external100,367,b36p07,36,1502036,7,angry,outputs/study1_35f100_external_v1/angry/b36p07.wav,24000,1,2,345600,14.4
external,external100,367,b36p07,36,1502036,7,surprise,outputs/study1_35f100_external_v1/surprise/b36p07.wav,24000,1,2,357120,14.88
external,external100,368,b36p08,36,1502036,8,normal,outputs/study1_35f100_external_v1/normal/b36p08.wav,24000,1,2,397440,16.56
external,external100,368,b36p08,36,1502036,8,happy,outputs/study1_35f100_external_v1/happy/b36p08.wav,24000,1,2,466560,19.44
external,external100,368,b36p08,36,1502036,8,sad,outputs/study1_35f100_external_v1/sad/b36p08.wav,24000,1,2,412800,17.2
external,external100,368,b36p08,36,1502036,8,calm,outputs/study1_35f100_external_v1/calm/b36p08.wav,24000,1,2,422400,17.6
external,external100,368,b36p08,36,1502036,8,angry,outputs/study1_35f100_external_v1/angry/b36p08.wav,24000,1,2,353280,14.72
external,external100,368,b36p08,36,1502036,8,surprise,outputs/study1_35f100_external_v1/surprise/b36p08.wav,24000,1,2,370560,15.44
external,external100,369,b36p09,36,1502036,9,normal,outputs/study1_35f100_external_v1/normal/b36p09.wav,24000,1,2,362880,15.12
external,external100,369,b36p09,36,1502036,9,happy,outputs/study1_35f100_external_v1/happy/b36p09.wav,24000,1,2,372480,15.52
external,external100,369,b36p09,36,1502036,9,sad,outputs/study1_35f100_external_v1/sad/b36p09.wav,24000,1,2,382080,15.92
external,external100,369,b36p09,36,1502036,9,calm,outputs/study1_35f100_external_v1/calm/b36p09.wav,24000,1,2,337920,14.08
external,external100,369,b36p09,36,1502036,9,angry,outputs/study1_35f100_external_v1/angry/b36p09.wav,24000,1,2,366720,15.28
external,external100,369,b36p09,36,1502036,9,surprise,outputs/study1_35f100_external_v1/surprise/b36p09.wav,24000,1,2,312960,13.04
external,external100,370,b37p00,37,1502037,0,normal,outputs/study1_35f100_external_v1/normal/b37p00.wav,24000,1,2,349440,14.56
external,external100,370,b37p00,37,1502037,0,happy,outputs/study1_35f100_external_v1/happy/b37p00.wav,24000,1,2,435840,18.16
external,external100,370,b37p00,37,1502037,0,sad,outputs/study1_35f100_external_v1/sad/b37p00.wav,24000,1,2,441600,18.4
external,external100,370,b37p00,37,1502037,0,calm,outputs/study1_35f100_external_v1/calm/b37p00.wav,24000,1,2,387840,16.16
external,external100,370,b37p00,37,1502037,0,angry,outputs/study1_35f100_external_v1/angry/b37p00.wav,24000,1,2,326400,13.6
external,external100,370,b37p00,37,1502037,0,surprise,outputs/study1_35f100_external_v1/surprise/b37p00.wav,24000,1,2,385920,16.08
external,external100,371,b37p01,37,1502037,1,normal,outputs/study1_35f100_external_v1/normal/b37p01.wav,24000,1,2,416640,17.36
external,external100,371,b37p01,37,1502037,1,happy,outputs/study1_35f100_external_v1/happy/b37p01.wav,24000,1,2,334080,13.92
external,external100,371,b37p01,37,1502037,1,sad,outputs/study1_35f100_external_v1/sad/b37p01.wav,24000,1,2,403200,16.8
external,external100,371,b37p01,37,1502037,1,calm,outputs/study1_35f100_external_v1/calm/b37p01.wav,24000,1,2,403200,16.8
external,external100,371,b37p01,37,1502037,1,angry,outputs/study1_35f100_external_v1/angry/b37p01.wav,24000,1,2,366720,15.28
external,external100,371,b37p01,37,1502037,1,surprise,outputs/study1_35f100_external_v1/surprise/b37p01.wav,24000,1,2,326400,13.6
external,external100,372,b37p02,37,1502037,2,normal,outputs/study1_35f100_external_v1/normal/b37p02.wav,24000,1,2,424320,17.68
external,external100,372,b37p02,37,1502037,2,happy,outputs/study1_35f100_external_v1/happy/b37p02.wav,24000,1,2,351360,14.64
external,external100,372,b37p02,37,1502037,2,sad,outputs/study1_35f100_external_v1/sad/b37p02.wav,24000,1,2,437760,18.24
external,external100,372,b37p02,37,1502037,2,calm,outputs/study1_35f100_external_v1/calm/b37p02.wav,24000,1,2,432000,18.0
external,external100,372,b37p02,37,1502037,2,angry,outputs/study1_35f100_external_v1/angry/b37p02.wav,24000,1,2,355200,14.8
external,external100,372,b37p02,37,1502037,2,surprise,outputs/study1_35f100_external_v1/surprise/b37p02.wav,24000,1,2,307200,12.8
external,external100,373,b37p03,37,1502037,3,normal,outputs/study1_35f100_external_v1/normal/b37p03.wav,24000,1,2,391680,16.32
external,external100,373,b37p03,37,1502037,3,happy,outputs/study1_35f100_external_v1/happy/b37p03.wav,24000,1,2,372480,15.52
external,external100,373,b37p03,37,1502037,3,sad,outputs/study1_35f100_external_v1/sad/b37p03.wav,24000,1,2,399360,16.64
external,external100,373,b37p03,37,1502037,3,calm,outputs/study1_35f100_external_v1/calm/b37p03.wav,24000,1,2,378240,15.76
external,external100,373,b37p03,37,1502037,3,angry,outputs/study1_35f100_external_v1/angry/b37p03.wav,24000,1,2,355200,14.8
external,external100,373,b37p03,37,1502037,3,surprise,outputs/study1_35f100_external_v1/surprise/b37p03.wav,24000,1,2,382080,15.92
external,external100,374,b37p04,37,1502037,4,normal,outputs/study1_35f100_external_v1/normal/b37p04.wav,24000,1,2,410880,17.12
external,external100,374,b37p04,37,1502037,4,happy,outputs/study1_35f100_external_v1/happy/b37p04.wav,24000,1,2,326400,13.6
external,external100,374,b37p04,37,1502037,4,sad,outputs/study1_35f100_external_v1/sad/b37p04.wav,24000,1,2,385920,16.08
external,external100,374,b37p04,37,1502037,4,calm,outputs/study1_35f100_external_v1/calm/b37p04.wav,24000,1,2,439680,18.32
external,external100,374,b37p04,37,1502037,4,angry,outputs/study1_35f100_external_v1/angry/b37p04.wav,24000,1,2,326400,13.6
external,external100,374,b37p04,37,1502037,4,surprise,outputs/study1_35f100_external_v1/surprise/b37p04.wav,24000,1,2,345600,14.4
external,external100,375,b37p05,37,1502037,5,normal,outputs/study1_35f100_external_v1/normal/b37p05.wav,24000,1,2,376320,15.68
external,external100,375,b37p05,37,1502037,5,happy,outputs/study1_35f100_external_v1/happy/b37p05.wav,24000,1,2,374400,15.6
external,external100,375,b37p05,37,1502037,5,sad,outputs/study1_35f100_external_v1/sad/b37p05.wav,24000,1,2,368640,15.36
external,external100,375,b37p05,37,1502037,5,calm,outputs/study1_35f100_external_v1/calm/b37p05.wav,24000,1,2,380160,15.84
external,external100,375,b37p05,37,1502037,5,angry,outputs/study1_35f100_external_v1/angry/b37p05.wav,24000,1,2,326400,13.6
external,external100,375,b37p05,37,1502037,5,surprise,outputs/study1_35f100_external_v1/surprise/b37p05.wav,24000,1,2,347520,14.48
external,external100,376,b37p06,37,1502037,6,normal,outputs/study1_35f100_external_v1/normal/b37p06.wav,24000,1,2,384000,16.0
external,external100,376,b37p06,37,1502037,6,happy,outputs/study1_35f100_external_v1/happy/b37p06.wav,24000,1,2,364800,15.2
external,external100,376,b37p06,37,1502037,6,sad,outputs/study1_35f100_external_v1/sad/b37p06.wav,24000,1,2,420480,17.52
external,external100,376,b37p06,37,1502037,6,calm,outputs/study1_35f100_external_v1/calm/b37p06.wav,24000,1,2,422400,17.6
external,external100,376,b37p06,37,1502037,6,angry,outputs/study1_35f100_external_v1/angry/b37p06.wav,24000,1,2,288000,12.0
external,external100,376,b37p06,37,1502037,6,surprise,outputs/study1_35f100_external_v1/surprise/b37p06.wav,24000,1,2,420480,17.52
external,external100,377,b37p07,37,1502037,7,normal,outputs/study1_35f100_external_v1/normal/b37p07.wav,24000,1,2,322560,13.44
external,external100,377,b37p07,37,1502037,7,happy,outputs/study1_35f100_external_v1/happy/b37p07.wav,24000,1,2,416640,17.36
external,external100,377,b37p07,37,1502037,7,sad,outputs/study1_35f100_external_v1/sad/b37p07.wav,24000,1,2,433920,18.08
external,external100,377,b37p07,37,1502037,7,calm,outputs/study1_35f100_external_v1/calm/b37p07.wav,24000,1,2,366720,15.28
external,external100,377,b37p07,37,1502037,7,angry,outputs/study1_35f100_external_v1/angry/b37p07.wav,24000,1,2,366720,15.28
external,external100,377,b37p07,37,1502037,7,surprise,outputs/study1_35f100_external_v1/surprise/b37p07.wav,24000,1,2,408960,17.04
external,external100,378,b37p08,37,1502037,8,normal,outputs/study1_35f100_external_v1/normal/b37p08.wav,24000,1,2,426240,17.76
external,external100,378,b37p08,37,1502037,8,happy,outputs/study1_35f100_external_v1/happy/b37p08.wav,24000,1,2,382080,15.92
external,external100,378,b37p08,37,1502037,8,sad,outputs/study1_35f100_external_v1/sad/b37p08.wav,24000,1,2,376320,15.68
external,external100,378,b37p08,37,1502037,8,calm,outputs/study1_35f100_external_v1/calm/b37p08.wav,24000,1,2,399360,16.64
external,external100,378,b37p08,37,1502037,8,angry,outputs/study1_35f100_external_v1/angry/b37p08.wav,24000,1,2,357120,14.88
external,external100,378,b37p08,37,1502037,8,surprise,outputs/study1_35f100_external_v1/surprise/b37p08.wav,24000,1,2,320640,13.36
external,external100,379,b37p09,37,1502037,9,normal,outputs/study1_35f100_external_v1/normal/b37p09.wav,24000,1,2,359040,14.96
external,external100,379,b37p09,37,1502037,9,happy,outputs/study1_35f100_external_v1/happy/b37p09.wav,24000,1,2,320640,13.36
external,external100,379,b37p09,37,1502037,9,sad,outputs/study1_35f100_external_v1/sad/b37p09.wav,24000,1,2,506880,21.12
external,external100,379,b37p09,37,1502037,9,calm,outputs/study1_35f100_external_v1/calm/b37p09.wav,24000,1,2,382080,15.92
external,external100,379,b37p09,37,1502037,9,angry,outputs/study1_35f100_external_v1/angry/b37p09.wav,24000,1,2,343680,14.32
external,external100,379,b37p09,37,1502037,9,surprise,outputs/study1_35f100_external_v1/surprise/b37p09.wav,24000,1,2,418560,17.44
external,external100,380,b38p00,38,1502038,0,normal,outputs/study1_35f100_external_v1/normal/b38p00.wav,24000,1,2,370560,15.44
external,external100,380,b38p00,38,1502038,0,happy,outputs/study1_35f100_external_v1/happy/b38p00.wav,24000,1,2,345600,14.4
external,external100,380,b38p00,38,1502038,0,sad,outputs/study1_35f100_external_v1/sad/b38p00.wav,24000,1,2,460800,19.2
external,external100,380,b38p00,38,1502038,0,calm,outputs/study1_35f100_external_v1/calm/b38p00.wav,24000,1,2,407040,16.96
external,external100,380,b38p00,38,1502038,0,angry,outputs/study1_35f100_external_v1/angry/b38p00.wav,24000,1,2,316800,13.2
external,external100,380,b38p00,38,1502038,0,surprise,outputs/study1_35f100_external_v1/surprise/b38p00.wav,24000,1,2,368640,15.36
external,external100,381,b38p01,38,1502038,1,normal,outputs/study1_35f100_external_v1/normal/b38p01.wav,24000,1,2,359040,14.96
external,external100,381,b38p01,38,1502038,1,happy,outputs/study1_35f100_external_v1/happy/b38p01.wav,24000,1,2,407040,16.96
external,external100,381,b38p01,38,1502038,1,sad,outputs/study1_35f100_external_v1/sad/b38p01.wav,24000,1,2,443520,18.48
external,external100,381,b38p01,38,1502038,1,calm,outputs/study1_35f100_external_v1/calm/b38p01.wav,24000,1,2,432000,18.0
external,external100,381,b38p01,38,1502038,1,angry,outputs/study1_35f100_external_v1/angry/b38p01.wav,24000,1,2,351360,14.64
external,external100,381,b38p01,38,1502038,1,surprise,outputs/study1_35f100_external_v1/surprise/b38p01.wav,24000,1,2,472320,19.68
external,external100,382,b38p02,38,1502038,2,normal,outputs/study1_35f100_external_v1/normal/b38p02.wav,24000,1,2,372480,15.52
external,external100,382,b38p02,38,1502038,2,happy,outputs/study1_35f100_external_v1/happy/b38p02.wav,24000,1,2,339840,14.16
external,external100,382,b38p02,38,1502038,2,sad,outputs/study1_35f100_external_v1/sad/b38p02.wav,24000,1,2,412800,17.2
external,external100,382,b38p02,38,1502038,2,calm,outputs/study1_35f100_external_v1/calm/b38p02.wav,24000,1,2,372480,15.52
external,external100,382,b38p02,38,1502038,2,angry,outputs/study1_35f100_external_v1/angry/b38p02.wav,24000,1,2,391680,16.32
external,external100,382,b38p02,38,1502038,2,surprise,outputs/study1_35f100_external_v1/surprise/b38p02.wav,24000,1,2,351360,14.64
external,external100,383,b38p03,38,1502038,3,normal,outputs/study1_35f100_external_v1/normal/b38p03.wav,24000,1,2,368640,15.36
external,external100,383,b38p03,38,1502038,3,happy,outputs/study1_35f100_external_v1/happy/b38p03.wav,24000,1,2,339840,14.16
external,external100,383,b38p03,38,1502038,3,sad,outputs/study1_35f100_external_v1/sad/b38p03.wav,24000,1,2,466560,19.44
external,external100,383,b38p03,38,1502038,3,calm,outputs/study1_35f100_external_v1/calm/b38p03.wav,24000,1,2,372480,15.52
external,external100,383,b38p03,38,1502038,3,angry,outputs/study1_35f100_external_v1/angry/b38p03.wav,24000,1,2,330240,13.76
external,external100,383,b38p03,38,1502038,3,surprise,outputs/study1_35f100_external_v1/surprise/b38p03.wav,24000,1,2,328320,13.68
external,external100,384,b38p04,38,1502038,4,normal,outputs/study1_35f100_external_v1/normal/b38p04.wav,24000,1,2,360960,15.04
external,external100,384,b38p04,38,1502038,4,happy,outputs/study1_35f100_external_v1/happy/b38p04.wav,24000,1,2,399360,16.64
external,external100,384,b38p04,38,1502038,4,sad,outputs/study1_35f100_external_v1/sad/b38p04.wav,24000,1,2,449280,18.72
external,external100,384,b38p04,38,1502038,4,calm,outputs/study1_35f100_external_v1/calm/b38p04.wav,24000,1,2,362880,15.12
external,external100,384,b38p04,38,1502038,4,angry,outputs/study1_35f100_external_v1/angry/b38p04.wav,24000,1,2,322560,13.44
external,external100,384,b38p04,38,1502038,4,surprise,outputs/study1_35f100_external_v1/surprise/b38p04.wav,24000,1,2,384000,16.0
external,external100,385,b38p05,38,1502038,5,normal,outputs/study1_35f100_external_v1/normal/b38p05.wav,24000,1,2,401280,16.72
external,external100,385,b38p05,38,1502038,5,happy,outputs/study1_35f100_external_v1/happy/b38p05.wav,24000,1,2,385920,16.08
external,external100,385,b38p05,38,1502038,5,sad,outputs/study1_35f100_external_v1/sad/b38p05.wav,24000,1,2,418560,17.44
external,external100,385,b38p05,38,1502038,5,calm,outputs/study1_35f100_external_v1/calm/b38p05.wav,24000,1,2,422400,17.6
external,external100,385,b38p05,38,1502038,5,angry,outputs/study1_35f100_external_v1/angry/b38p05.wav,24000,1,2,395520,16.48
external,external100,385,b38p05,38,1502038,5,surprise,outputs/study1_35f100_external_v1/surprise/b38p05.wav,24000,1,2,385920,16.08
external,external100,386,b38p06,38,1502038,6,normal,outputs/study1_35f100_external_v1/normal/b38p06.wav,24000,1,2,359040,14.96
external,external100,386,b38p06,38,1502038,6,happy,outputs/study1_35f100_external_v1/happy/b38p06.wav,24000,1,2,395520,16.48
external,external100,386,b38p06,38,1502038,6,sad,outputs/study1_35f100_external_v1/sad/b38p06.wav,24000,1,2,410880,17.12
external,external100,386,b38p06,38,1502038,6,calm,outputs/study1_35f100_external_v1/calm/b38p06.wav,24000,1,2,451200,18.8
external,external100,386,b38p06,38,1502038,6,angry,outputs/study1_35f100_external_v1/angry/b38p06.wav,24000,1,2,349440,14.56
external,external100,386,b38p06,38,1502038,6,surprise,outputs/study1_35f100_external_v1/surprise/b38p06.wav,24000,1,2,455040,18.96
external,external100,387,b38p07,38,1502038,7,normal,outputs/study1_35f100_external_v1/normal/b38p07.wav,24000,1,2,384000,16.0
external,external100,387,b38p07,38,1502038,7,happy,outputs/study1_35f100_external_v1/happy/b38p07.wav,24000,1,2,380160,15.84
external,external100,387,b38p07,38,1502038,7,sad,outputs/study1_35f100_external_v1/sad/b38p07.wav,24000,1,2,472320,19.68
external,external100,387,b38p07,38,1502038,7,calm,outputs/study1_35f100_external_v1/calm/b38p07.wav,24000,1,2,435840,18.16
external,external100,387,b38p07,38,1502038,7,angry,outputs/study1_35f100_external_v1/angry/b38p07.wav,24000,1,2,297600,12.4
external,external100,387,b38p07,38,1502038,7,surprise,outputs/study1_35f100_external_v1/surprise/b38p07.wav,24000,1,2,355200,14.8
external,external100,388,b38p08,38,1502038,8,normal,outputs/study1_35f100_external_v1/normal/b38p08.wav,24000,1,2,393600,16.4
external,external100,388,b38p08,38,1502038,8,happy,outputs/study1_35f100_external_v1/happy/b38p08.wav,24000,1,2,393600,16.4
external,external100,388,b38p08,38,1502038,8,sad,outputs/study1_35f100_external_v1/sad/b38p08.wav,24000,1,2,533760,22.24
external,external100,388,b38p08,38,1502038,8,calm,outputs/study1_35f100_external_v1/calm/b38p08.wav,24000,1,2,458880,19.12
external,external100,388,b38p08,38,1502038,8,angry,outputs/study1_35f100_external_v1/angry/b38p08.wav,24000,1,2,364800,15.2
external,external100,388,b38p08,38,1502038,8,surprise,outputs/study1_35f100_external_v1/surprise/b38p08.wav,24000,1,2,357120,14.88
external,external100,389,b38p09,38,1502038,9,normal,outputs/study1_35f100_external_v1/normal/b38p09.wav,24000,1,2,362880,15.12
external,external100,389,b38p09,38,1502038,9,happy,outputs/study1_35f100_external_v1/happy/b38p09.wav,24000,1,2,376320,15.68
external,external100,389,b38p09,38,1502038,9,sad,outputs/study1_35f100_external_v1/sad/b38p09.wav,24000,1,2,391680,16.32
external,external100,389,b38p09,38,1502038,9,calm,outputs/study1_35f100_external_v1/calm/b38p09.wav,24000,1,2,393600,16.4
external,external100,389,b38p09,38,1502038,9,angry,outputs/study1_35f100_external_v1/angry/b38p09.wav,24000,1,2,330240,13.76
external,external100,389,b38p09,38,1502038,9,surprise,outputs/study1_35f100_external_v1/surprise/b38p09.wav,24000,1,2,405120,16.88
external,external100,390,b39p00,39,1502039,0,normal,outputs/study1_35f100_external_v1/normal/b39p00.wav,24000,1,2,456960,19.04
external,external100,390,b39p00,39,1502039,0,happy,outputs/study1_35f100_external_v1/happy/b39p00.wav,24000,1,2,362880,15.12
external,external100,390,b39p00,39,1502039,0,sad,outputs/study1_35f100_external_v1/sad/b39p00.wav,24000,1,2,410880,17.12
external,external100,390,b39p00,39,1502039,0,calm,outputs/study1_35f100_external_v1/calm/b39p00.wav,24000,1,2,399360,16.64
external,external100,390,b39p00,39,1502039,0,angry,outputs/study1_35f100_external_v1/angry/b39p00.wav,24000,1,2,355200,14.8
external,external100,390,b39p00,39,1502039,0,surprise,outputs/study1_35f100_external_v1/surprise/b39p00.wav,24000,1,2,364800,15.2
external,external100,391,b39p01,39,1502039,1,normal,outputs/study1_35f100_external_v1/normal/b39p01.wav,24000,1,2,430080,17.92
external,external100,391,b39p01,39,1502039,1,happy,outputs/study1_35f100_external_v1/happy/b39p01.wav,24000,1,2,318720,13.28
external,external100,391,b39p01,39,1502039,1,sad,outputs/study1_35f100_external_v1/sad/b39p01.wav,24000,1,2,382080,15.92
external,external100,391,b39p01,39,1502039,1,calm,outputs/study1_35f100_external_v1/calm/b39p01.wav,24000,1,2,449280,18.72
external,external100,391,b39p01,39,1502039,1,angry,outputs/study1_35f100_external_v1/angry/b39p01.wav,24000,1,2,412800,17.2
external,external100,391,b39p01,39,1502039,1,surprise,outputs/study1_35f100_external_v1/surprise/b39p01.wav,24000,1,2,408960,17.04
external,external100,392,b39p02,39,1502039,2,normal,outputs/study1_35f100_external_v1/normal/b39p02.wav,24000,1,2,347520,14.48
external,external100,392,b39p02,39,1502039,2,happy,outputs/study1_35f100_external_v1/happy/b39p02.wav,24000,1,2,347520,14.48
external,external100,392,b39p02,39,1502039,2,sad,outputs/study1_35f100_external_v1/sad/b39p02.wav,24000,1,2,441600,18.4
external,external100,392,b39p02,39,1502039,2,calm,outputs/study1_35f100_external_v1/calm/b39p02.wav,24000,1,2,466560,19.44
external,external100,392,b39p02,39,1502039,2,angry,outputs/study1_35f100_external_v1/angry/b39p02.wav,24000,1,2,332160,13.84
external,external100,392,b39p02,39,1502039,2,surprise,outputs/study1_35f100_external_v1/surprise/b39p02.wav,24000,1,2,393600,16.4
external,external100,393,b39p03,39,1502039,3,normal,outputs/study1_35f100_external_v1/normal/b39p03.wav,24000,1,2,387840,16.16
external,external100,393,b39p03,39,1502039,3,happy,outputs/study1_35f100_external_v1/happy/b39p03.wav,24000,1,2,412800,17.2
external,external100,393,b39p03,39,1502039,3,sad,outputs/study1_35f100_external_v1/sad/b39p03.wav,24000,1,2,393600,16.4
external,external100,393,b39p03,39,1502039,3,calm,outputs/study1_35f100_external_v1/calm/b39p03.wav,24000,1,2,428160,17.84
external,external100,393,b39p03,39,1502039,3,angry,outputs/study1_35f100_external_v1/angry/b39p03.wav,24000,1,2,284160,11.84
external,external100,393,b39p03,39,1502039,3,surprise,outputs/study1_35f100_external_v1/surprise/b39p03.wav,24000,1,2,403200,16.8
external,external100,394,b39p04,39,1502039,4,normal,outputs/study1_35f100_external_v1/normal/b39p04.wav,24000,1,2,541440,22.56
external,external100,394,b39p04,39,1502039,4,happy,outputs/study1_35f100_external_v1/happy/b39p04.wav,24000,1,2,334080,13.92
external,external100,394,b39p04,39,1502039,4,sad,outputs/study1_35f100_external_v1/sad/b39p04.wav,24000,1,2,412800,17.2
external,external100,394,b39p04,39,1502039,4,calm,outputs/study1_35f100_external_v1/calm/b39p04.wav,24000,1,2,347520,14.48
external,external100,394,b39p04,39,1502039,4,angry,outputs/study1_35f100_external_v1/angry/b39p04.wav,24000,1,2,362880,15.12
external,external100,394,b39p04,39,1502039,4,surprise,outputs/study1_35f100_external_v1/surprise/b39p04.wav,24000,1,2,380160,15.84
external,external100,395,b39p05,39,1502039,5,normal,outputs/study1_35f100_external_v1/normal/b39p05.wav,24000,1,2,366720,15.28
external,external100,395,b39p05,39,1502039,5,happy,outputs/study1_35f100_external_v1/happy/b39p05.wav,24000,1,2,384000,16.0
external,external100,395,b39p05,39,1502039,5,sad,outputs/study1_35f100_external_v1/sad/b39p05.wav,24000,1,2,366720,15.28
external,external100,395,b39p05,39,1502039,5,calm,outputs/study1_35f100_external_v1/calm/b39p05.wav,24000,1,2,376320,15.68
external,external100,395,b39p05,39,1502039,5,angry,outputs/study1_35f100_external_v1/angry/b39p05.wav,24000,1,2,341760,14.24
external,external100,395,b39p05,39,1502039,5,surprise,outputs/study1_35f100_external_v1/surprise/b39p05.wav,24000,1,2,366720,15.28
external,external100,396,b39p06,39,1502039,6,normal,outputs/study1_35f100_external_v1/normal/b39p06.wav,24000,1,2,412800,17.2
external,external100,396,b39p06,39,1502039,6,happy,outputs/study1_35f100_external_v1/happy/b39p06.wav,24000,1,2,307200,12.8
external,external100,396,b39p06,39,1502039,6,sad,outputs/study1_35f100_external_v1/sad/b39p06.wav,24000,1,2,380160,15.84
external,external100,396,b39p06,39,1502039,6,calm,outputs/study1_35f100_external_v1/calm/b39p06.wav,24000,1,2,408960,17.04
external,external100,396,b39p06,39,1502039,6,angry,outputs/study1_35f100_external_v1/angry/b39p06.wav,24000,1,2,336000,14.0
external,external100,396,b39p06,39,1502039,6,surprise,outputs/study1_35f100_external_v1/surprise/b39p06.wav,24000,1,2,347520,14.48
external,external100,397,b39p07,39,1502039,7,normal,outputs/study1_35f100_external_v1/normal/b39p07.wav,24000,1,2,412800,17.2
external,external100,397,b39p07,39,1502039,7,happy,outputs/study1_35f100_external_v1/happy/b39p07.wav,24000,1,2,380160,15.84
external,external100,397,b39p07,39,1502039,7,sad,outputs/study1_35f100_external_v1/sad/b39p07.wav,24000,1,2,416640,17.36
external,external100,397,b39p07,39,1502039,7,calm,outputs/study1_35f100_external_v1/calm/b39p07.wav,24000,1,2,382080,15.92
external,external100,397,b39p07,39,1502039,7,angry,outputs/study1_35f100_external_v1/angry/b39p07.wav,24000,1,2,351360,14.64
external,external100,397,b39p07,39,1502039,7,surprise,outputs/study1_35f100_external_v1/surprise/b39p07.wav,24000,1,2,351360,14.64
external,external100,398,b39p08,39,1502039,8,normal,outputs/study1_35f100_external_v1/normal/b39p08.wav,24000,1,2,366720,15.28
external,external100,398,b39p08,39,1502039,8,happy,outputs/study1_35f100_external_v1/happy/b39p08.wav,24000,1,2,384000,16.0
external,external100,398,b39p08,39,1502039,8,sad,outputs/study1_35f100_external_v1/sad/b39p08.wav,24000,1,2,410880,17.12
external,external100,398,b39p08,39,1502039,8,calm,outputs/study1_35f100_external_v1/calm/b39p08.wav,24000,1,2,384000,16.0
external,external100,398,b39p08,39,1502039,8,angry,outputs/study1_35f100_external_v1/angry/b39p08.wav,24000,1,2,341760,14.24
external,external100,398,b39p08,39,1502039,8,surprise,outputs/study1_35f100_external_v1/surprise/b39p08.wav,24000,1,2,382080,15.92
external,external100,399,b39p09,39,1502039,9,normal,outputs/study1_35f100_external_v1/normal/b39p09.wav,24000,1,2,337920,14.08
external,external100,399,b39p09,39,1502039,9,happy,outputs/study1_35f100_external_v1/happy/b39p09.wav,24000,1,2,353280,14.72
external,external100,399,b39p09,39,1502039,9,sad,outputs/study1_35f100_external_v1/sad/b39p09.wav,24000,1,2,391680,16.32
external,external100,399,b39p09,39,1502039,9,calm,outputs/study1_35f100_external_v1/calm/b39p09.wav,24000,1,2,458880,19.12
external,external100,399,b39p09,39,1502039,9,angry,outputs/study1_35f100_external_v1/angry/b39p09.wav,24000,1,2,355200,14.8
external,external100,399,b39p09,39,1502039,9,surprise,outputs/study1_35f100_external_v1/surprise/b39p09.wav,24000,1,2,332160,13.84
